{
  "scores": [
    {
      "name": "AbigailK",
      "stroke": "Butterfly",
      "age": "11-12",
      "gender": "Girls",
      "date": "2014-06-007",
      "time": "49.93",
      "place": "14",
      "team": "Otters",
      "yards": 0,
      "meet": "095",
      "opponent": "Shadowbrook"
    },
    {
      "name": "AbigailK",
      "stroke": "Breast",
      "age": "11-12",
      "gender": "Girls",
      "date": "2014-06-007",
      "time": "59.04",
      "place": "20",
      "team": "Otters",
      "yards": 0,
      "meet": "095",
      "opponent": "Shadowbrook"
    },
    {
      "name": "AbigailK",
      "stroke": "Freestyle",
      "age": "11-12",
      "gender": "Girls",
      "date": "2014-06-007",
      "time": "43.41",
      "place": "26",
      "team": "Otters",
      "yards": 0,
      "meet": "095",
      "opponent": "Shadowbrook"
    },
    {
      "name": "AbigailK",
      "stroke": "Butterfly",
      "age": "11-12",
      "gender": "Girls",
      "date": "2014-06-14",
      "time": "50.75",
      "place": "13",
      "team": "Otters",
      "yards": 0,
      "meet": "096",
      "opponent": "Pinehurst"
    },
    {
      "name": "AbigailK",
      "stroke": "Breast",
      "age": "11-12",
      "gender": "Girls",
      "date": "2014-06-14",
      "time": "55.81",
      "place": "13",
      "team": "Otters",
      "yards": 0,
      "meet": "096",
      "opponent": "Pinehurst"
    },
    {
      "name": "AbigailK",
      "stroke": "Freestyle",
      "age": "11-12",
      "gender": "Girls",
      "date": "2014-06-14",
      "time": "41.91",
      "place": "20",
      "team": "Otters",
      "yards": 0,
      "meet": "096",
      "opponent": "Pinehurst"
    },
    {
      "name": "AbigailK",
      "stroke": "Butterfly",
      "age": "11-12",
      "gender": "Girls",
      "date": "2014-06-21",
      "time": "48.59",
      "place": "20",
      "team": "Otters",
      "yards": 0,
      "meet": "097",
      "opponent": "Crossgates"
    },
    {
      "name": "AbigailK",
      "stroke": "Back",
      "age": "11-12",
      "gender": "Girls",
      "date": "2014-06-21",
      "time": "49.03",
      "place": "22",
      "team": "Otters",
      "yards": 0,
      "meet": "097",
      "opponent": "Crossgates"
    },
    {
      "name": "AbigailK",
      "stroke": "Breast",
      "age": "11-12",
      "gender": "Girls",
      "date": "2014-06-21",
      "time": "51.15",
      "place": "22",
      "team": "Otters",
      "yards": 0,
      "meet": "097",
      "opponent": "Crossgates"
    },
    {
      "name": "AbigailK",
      "stroke": "Butterfly",
      "age": "11-12",
      "gender": "Girls",
      "date": "2014-07-12",
      "time": "48.37",
      "place": "49",
      "team": "Otters",
      "yards": 0,
      "meet": "099",
      "opponent": "Champs"
    },
    {
      "name": "AbigailK",
      "stroke": "Back",
      "age": "11-12",
      "gender": "Girls",
      "date": "2014-07-12",
      "time": "49.63",
      "place": "59",
      "team": "Otters",
      "yards": 0,
      "meet": "099",
      "opponent": "Champs"
    },
    {
      "name": "AbigailK",
      "stroke": "Freestyle",
      "age": "11-12",
      "gender": "Girls",
      "date": "2014-07-12",
      "time": "39.83",
      "place": "84",
      "team": "Otters",
      "yards": 0,
      "meet": "099",
      "opponent": "Champs"
    },
    {
      "name": "AbigailK",
      "stroke": "Butterfly",
      "age": "11-12",
      "gender": "Girls",
      "date": "2015-05-31",
      "time": "43.79",
      "place": "16",
      "team": "Otters",
      "yards": 0,
      "meet": "100",
      "opponent": "Trials"
    },
    {
      "name": "AbigailK",
      "stroke": "Back",
      "age": "11-12",
      "gender": "Girls",
      "date": "2015-05-31",
      "time": "49.38",
      "place": "17",
      "team": "Otters",
      "yards": 0,
      "meet": "100",
      "opponent": "Trials"
    },
    {
      "name": "AbigailK",
      "stroke": "Breast",
      "age": "11-12",
      "gender": "Girls",
      "date": "2015-05-31",
      "time": "52.34",
      "place": "17",
      "team": "Otters",
      "yards": 0,
      "meet": "100",
      "opponent": "Trials"
    },
    {
      "name": "AbigailK",
      "stroke": "Freestyle",
      "age": "11-12",
      "gender": "Girls",
      "date": "2015-05-31",
      "time": "39.47",
      "place": "18",
      "team": "Otters",
      "yards": 0,
      "meet": "100",
      "opponent": "Trials"
    },
    {
      "name": "AbigailK",
      "stroke": "Butterfly",
      "age": "11-12",
      "gender": "Girls",
      "date": "2015-06-006",
      "time": "44.63",
      "place": "19",
      "team": "Otters",
      "yards": 0,
      "meet": "102",
      "opponent": "Creekside"
    },
    {
      "name": "AbigailK",
      "stroke": "Breast",
      "age": "11-12",
      "gender": "Girls",
      "date": "2015-06-006",
      "time": "50.21",
      "place": "14",
      "team": "Otters",
      "yards": 0,
      "meet": "102",
      "opponent": "Creekside"
    },
    {
      "name": "AbigailK",
      "stroke": "Freestyle",
      "age": "11-12",
      "gender": "Girls",
      "date": "2015-06-006",
      "time": "36.44",
      "place": "18",
      "team": "Otters",
      "yards": 0,
      "meet": "102",
      "opponent": "Creekside"
    },
    {
      "name": "AbigailK",
      "stroke": "Butterfly",
      "age": "11-12",
      "gender": "Girls",
      "date": "2015-06-13",
      "time": "47.73",
      "place": "19",
      "team": "Otters",
      "yards": 0,
      "meet": "103",
      "opponent": "Shadowbrook"
    },
    {
      "name": "AbigailK",
      "stroke": "Freestyle",
      "age": "11-12",
      "gender": "Girls",
      "date": "2015-06-13",
      "time": "37.00",
      "place": "21",
      "team": "Otters",
      "yards": 0,
      "meet": "103",
      "opponent": "Shadowbrook"
    },
    {
      "name": "AbigailK",
      "stroke": "Butterfly",
      "age": "11-12",
      "gender": "Girls",
      "date": "2015-06-20",
      "time": "44.37",
      "place": "18",
      "team": "Otters",
      "yards": 0,
      "meet": "104",
      "opponent": "Pinehurst"
    },
    {
      "name": "AbigailK",
      "stroke": "Breast",
      "age": "11-12",
      "gender": "Girls",
      "date": "2015-06-20",
      "time": "47.73",
      "place": "9",
      "team": "Otters",
      "yards": 0,
      "meet": "104",
      "opponent": "Pinehurst"
    },
    {
      "name": "AbigailK",
      "stroke": "Freestyle",
      "age": "11-12",
      "gender": "Girls",
      "date": "2015-06-20",
      "time": "37.56",
      "place": "19",
      "team": "Otters",
      "yards": 0,
      "meet": "104",
      "opponent": "Pinehurst"
    },
    {
      "name": "AbigailK",
      "stroke": "Butterfly",
      "age": "11-12",
      "gender": "Girls",
      "date": "2015-06-27",
      "time": "44.92",
      "place": "15",
      "team": "Otters",
      "yards": 0,
      "meet": "105",
      "opponent": "Crossgates"
    },
    {
      "name": "AbigailK",
      "stroke": "Breast",
      "age": "11-12",
      "gender": "Girls",
      "date": "2015-06-27",
      "time": "50.99",
      "place": "10",
      "team": "Otters",
      "yards": 0,
      "meet": "105",
      "opponent": "Crossgates"
    },
    {
      "name": "AbigailK",
      "stroke": "Freestyle",
      "age": "11-12",
      "gender": "Girls",
      "date": "2015-06-27",
      "time": "38.54",
      "place": "18",
      "team": "Otters",
      "yards": 0,
      "meet": "105",
      "opponent": "Crossgates"
    },
    {
      "name": "AbigailK",
      "stroke": "Butterfly",
      "age": "11-12",
      "gender": "Girls",
      "date": "2015-07-11",
      "time": "44.20",
      "place": "45",
      "team": "Otters",
      "yards": 0,
      "meet": "106",
      "opponent": "Champs"
    },
    {
      "name": "AbigailK",
      "stroke": "Breast",
      "age": "11-12",
      "gender": "Girls",
      "date": "2015-07-11",
      "time": "47.65",
      "place": "39",
      "team": "Otters",
      "yards": 0,
      "meet": "106",
      "opponent": "Champs"
    }
  ]
}