{
  "scores": [
    {
      "name": "AdamA",
      "stroke": "Back",
      "age": "15-18",
      "gender": "Boys",
      "date": "2012-06-002",
      "time": "37.16",
      "place": "8",
      "team": "Otters",
      "yards": 0,
      "meet": "080",
      "opponent": "Pinehurst"
    },
    {
      "name": "AdamA",
      "stroke": "Breast",
      "age": "15-18",
      "gender": "Boys",
      "date": "2012-06-002",
      "time": "DQ",
      "place": "--",
      "team": "Otters",
      "yards": 0,
      "meet": "080",
      "opponent": "Pinehurst"
    },
    {
      "name": "AdamA",
      "stroke": "Freestyle",
      "age": "15-18",
      "gender": "Boys",
      "date": "2012-06-002",
      "time": "27.74",
      "place": "7",
      "team": "Otters",
      "yards": 0,
      "meet": "080",
      "opponent": "Pinehurst"
    },
    {
      "name": "AdamA",
      "stroke": "Back",
      "age": "15-18",
      "gender": "Boys",
      "date": "2012-06-009",
      "time": "36.13",
      "place": "10",
      "team": "Otters",
      "yards": 0,
      "meet": "081",
      "opponent": "Crossgates"
    },
    {
      "name": "AdamA",
      "stroke": "Breast",
      "age": "15-18",
      "gender": "Boys",
      "date": "2012-06-009",
      "time": "DQ",
      "place": "--",
      "team": "Otters",
      "yards": 0,
      "meet": "081",
      "opponent": "Crossgates"
    },
    {
      "name": "AdamA",
      "stroke": "Freestyle",
      "age": "15-18",
      "gender": "Boys",
      "date": "2012-06-009",
      "time": "27.62",
      "place": "11",
      "team": "Otters",
      "yards": 0,
      "meet": "081",
      "opponent": "Crossgates"
    },
    {
      "name": "AdamA",
      "stroke": "Back",
      "age": "15-18",
      "gender": "Boys",
      "date": "2012-06-16",
      "time": "DQ",
      "place": "--",
      "team": "Otters",
      "yards": 0,
      "meet": "082",
      "opponent": "Almaden"
    },
    {
      "name": "AdamA",
      "stroke": "Breast",
      "age": "15-18",
      "gender": "Boys",
      "date": "2012-06-16",
      "time": "35.97",
      "place": "5",
      "team": "Otters",
      "yards": 0,
      "meet": "082",
      "opponent": "Almaden"
    },
    {
      "name": "AdamA",
      "stroke": "Freestyle",
      "age": "15-18",
      "gender": "Boys",
      "date": "2012-06-16",
      "time": "27.61",
      "place": "13",
      "team": "Otters",
      "yards": 0,
      "meet": "082",
      "opponent": "Almaden"
    },
    {
      "name": "AdamA",
      "stroke": "Back",
      "age": "15-18",
      "gender": "Boys",
      "date": "2012-06-23",
      "time": "36.69",
      "place": "12",
      "team": "Otters",
      "yards": 0,
      "meet": "083",
      "opponent": "Creekside"
    },
    {
      "name": "AdamA",
      "stroke": "Breast",
      "age": "15-18",
      "gender": "Boys",
      "date": "2012-06-23",
      "time": "36.47",
      "place": "6",
      "team": "Otters",
      "yards": 0,
      "meet": "083",
      "opponent": "Creekside"
    },
    {
      "name": "AdamA",
      "stroke": "Freestyle",
      "age": "15-18",
      "gender": "Boys",
      "date": "2012-06-23",
      "time": "28.54",
      "place": "15",
      "team": "Otters",
      "yards": 0,
      "meet": "083",
      "opponent": "Creekside"
    },
    {
      "name": "AdamA",
      "stroke": "Back",
      "age": "15-18",
      "gender": "Boys",
      "date": "2012-06-30",
      "time": "36.11",
      "place": "11",
      "team": "Otters",
      "yards": 0,
      "meet": "084",
      "opponent": "Shadowbrook"
    },
    {
      "name": "AdamA",
      "stroke": "Breast",
      "age": "15-18",
      "gender": "Boys",
      "date": "2012-06-30",
      "time": "35.56",
      "place": "8",
      "team": "Otters",
      "yards": 0,
      "meet": "084",
      "opponent": "Shadowbrook"
    },
    {
      "name": "AdamA",
      "stroke": "Freestyle",
      "age": "15-18",
      "gender": "Boys",
      "date": "2012-06-30",
      "time": "27.09",
      "place": "14",
      "team": "Otters",
      "yards": 0,
      "meet": "084",
      "opponent": "Shadowbrook"
    },
    {
      "name": "AdamA",
      "stroke": "Back",
      "age": "15-18",
      "gender": "Boys",
      "date": "2012-07-14",
      "time": "34.84",
      "place": "30",
      "team": "Otters",
      "yards": 0,
      "meet": "085",
      "opponent": "Champs"
    },
    {
      "name": "AdamA",
      "stroke": "Freestyle",
      "age": "15-18",
      "gender": "Boys",
      "date": "2012-07-14",
      "time": "26.60",
      "place": "30",
      "team": "Otters",
      "yards": 0,
      "meet": "085",
      "opponent": "Champs"
    }
  ]
}