{
  "scores": [
    {
      "name": "AdamB",
      "stroke": "Butterfly",
      "age": "8 & Under",
      "gender": "Boys",
      "date": "2011-05-21",
      "time": "53.61",
      "place": "16",
      "team": "Otters",
      "yards": 0,
      "meet": "072",
      "opponent": "Trials"
    },
    {
      "name": "AdamB",
      "stroke": "Back",
      "age": "7-8",
      "gender": "Boys",
      "date": "2011-05-21",
      "time": "54.76",
      "place": "10",
      "team": "Otters",
      "yards": 0,
      "meet": "072",
      "opponent": "Trials"
    },
    {
      "name": "AdamB",
      "stroke": "Breast",
      "age": "8 & Under",
      "gender": "Boys",
      "date": "2011-05-21",
      "time": "1:00.04",
      "place": "18",
      "team": "Otters",
      "yards": 0,
      "meet": "072",
      "opponent": "Trials"
    },
    {
      "name": "AdamB",
      "stroke": "Freestyle",
      "age": "7-8",
      "gender": "Boys",
      "date": "2011-05-21",
      "time": "37.09",
      "place": "10",
      "team": "Otters",
      "yards": 0,
      "meet": "072",
      "opponent": "Trials"
    },
    {
      "name": "AdamB",
      "stroke": "Back",
      "age": "7-8",
      "gender": "Boys",
      "date": "2011-06-004",
      "time": "DQ",
      "place": "--",
      "team": "Otters",
      "yards": 0,
      "meet": "073",
      "opponent": "Crossgates"
    },
    {
      "name": "AdamB",
      "stroke": "Breast",
      "age": "8 & Under",
      "gender": "Boys",
      "date": "2011-06-004",
      "time": "DQ",
      "place": "--",
      "team": "Otters",
      "yards": 0,
      "meet": "073",
      "opponent": "Crossgates"
    },
    {
      "name": "AdamB",
      "stroke": "Freestyle",
      "age": "7-8",
      "gender": "Boys",
      "date": "2011-06-004",
      "time": "39.78",
      "place": "19",
      "team": "Otters",
      "yards": 0,
      "meet": "073",
      "opponent": "Crossgates"
    },
    {
      "name": "AdamB",
      "stroke": "Butterfly",
      "age": "8 & Under",
      "gender": "Boys",
      "date": "2011-06-11",
      "time": "DQ",
      "place": "--",
      "team": "Otters",
      "yards": 0,
      "meet": "074",
      "opponent": "Almaden"
    },
    {
      "name": "AdamB",
      "stroke": "Freestyle",
      "age": "7-8",
      "gender": "Boys",
      "date": "2011-06-11",
      "time": "34.37",
      "place": "17",
      "team": "Otters",
      "yards": 0,
      "meet": "074",
      "opponent": "Almaden"
    },
    {
      "name": "AdamB",
      "stroke": "Back",
      "age": "7-8",
      "gender": "Boys",
      "date": "2011-06-18",
      "time": "39.88",
      "place": "12",
      "team": "Otters",
      "yards": 0,
      "meet": "075",
      "opponent": "Creekside"
    },
    {
      "name": "AdamB",
      "stroke": "Breast",
      "age": "8 & Under",
      "gender": "Boys",
      "date": "2011-06-18",
      "time": "DQ",
      "place": "--",
      "team": "Otters",
      "yards": 0,
      "meet": "075",
      "opponent": "Creekside"
    },
    {
      "name": "AdamB",
      "stroke": "Freestyle",
      "age": "7-8",
      "gender": "Boys",
      "date": "2011-06-18",
      "time": "34.25",
      "place": "17",
      "team": "Otters",
      "yards": 0,
      "meet": "075",
      "opponent": "Creekside"
    },
    {
      "name": "AdamB",
      "stroke": "Back",
      "age": "7-8",
      "gender": "Boys",
      "date": "2011-06-25",
      "time": "49.52",
      "place": "18",
      "team": "Otters",
      "yards": 0,
      "meet": "076",
      "opponent": "Shadowbrook"
    },
    {
      "name": "AdamB",
      "stroke": "Breast",
      "age": "8 & Under",
      "gender": "Boys",
      "date": "2011-06-25",
      "time": "DQ",
      "place": "--",
      "team": "Otters",
      "yards": 0,
      "meet": "076",
      "opponent": "Shadowbrook"
    },
    {
      "name": "AdamB",
      "stroke": "Freestyle",
      "age": "7-8",
      "gender": "Boys",
      "date": "2011-06-25",
      "time": "29.58",
      "place": "15",
      "team": "Otters",
      "yards": 0,
      "meet": "076",
      "opponent": "Shadowbrook"
    },
    {
      "name": "AdamB",
      "stroke": "Butterfly",
      "age": "8 & Under",
      "gender": "Boys",
      "date": "2011-07-009",
      "time": "27.87",
      "place": "2",
      "team": "Otters",
      "yards": 0,
      "meet": "077",
      "opponent": "Pinehurst"
    },
    {
      "name": "AdamB",
      "stroke": "Back",
      "age": "7-8",
      "gender": "Boys",
      "date": "2011-07-009",
      "time": "40.65",
      "place": "16",
      "team": "Otters",
      "yards": 0,
      "meet": "077",
      "opponent": "Pinehurst"
    },
    {
      "name": "AdamB",
      "stroke": "Breast",
      "age": "8 & Under",
      "gender": "Boys",
      "date": "2011-07-009",
      "time": "DQ",
      "place": "--",
      "team": "Otters",
      "yards": 0,
      "meet": "077",
      "opponent": "Pinehurst"
    },
    {
      "name": "AdamB",
      "stroke": "Freestyle",
      "age": "7-8",
      "gender": "Boys",
      "date": "2011-07-009",
      "time": "33.02",
      "place": "14",
      "team": "Otters",
      "yards": 0,
      "meet": "077",
      "opponent": "Pinehurst"
    }
  ]
}