{
  "scores": [
    {
      "name": "AinsleeH",
      "stroke": "Butterfly",
      "age": "8 & Under",
      "gender": "Girls",
      "date": "2002-05-11",
      "time": "32.24",
      "place": "3",
      "team": "Otters",
      "yards": 0,
      "meet": "007",
      "opponent": "Trials"
    },
    {
      "name": "AinsleeH",
      "stroke": "Back",
      "age": "7-8",
      "gender": "Girls",
      "date": "2002-05-11",
      "time": "29.73",
      "place": "2",
      "team": "Otters",
      "yards": 0,
      "meet": "007",
      "opponent": "Trials"
    },
    {
      "name": "AinsleeH",
      "stroke": "Breast",
      "age": "8 & Under",
      "gender": "Girls",
      "date": "2002-05-11",
      "time": "38.23",
      "place": "3",
      "team": "Otters",
      "yards": 0,
      "meet": "007",
      "opponent": "Trials"
    },
    {
      "name": "AinsleeH",
      "stroke": "Freestyle",
      "age": "7-8",
      "gender": "Girls",
      "date": "2002-05-11",
      "time": "29.18",
      "place": "3",
      "team": "Otters",
      "yards": 0,
      "meet": "007",
      "opponent": "Trials"
    },
    {
      "name": "AinsleeH",
      "stroke": "Butterfly",
      "age": "8 & Under",
      "gender": "Girls",
      "date": "2002-05-31",
      "time": "38.68",
      "place": "3",
      "team": "Otters",
      "yards": 0,
      "meet": "008",
      "opponent": "Trials"
    },
    {
      "name": "AinsleeH",
      "stroke": "Back",
      "age": "7-8",
      "gender": "Girls",
      "date": "2002-05-31",
      "time": "33.43",
      "place": "3",
      "team": "Otters",
      "yards": 0,
      "meet": "008",
      "opponent": "Trials"
    },
    {
      "name": "AinsleeH",
      "stroke": "Breast",
      "age": "8 & Under",
      "gender": "Girls",
      "date": "2002-05-31",
      "time": "41.32",
      "place": "4",
      "team": "Otters",
      "yards": 0,
      "meet": "008",
      "opponent": "Trials"
    },
    {
      "name": "AinsleeH",
      "stroke": "Freestyle",
      "age": "7-8",
      "gender": "Girls",
      "date": "2002-05-31",
      "time": "29.02",
      "place": "4",
      "team": "Otters",
      "yards": 0,
      "meet": "008",
      "opponent": "Trials"
    },
    {
      "name": "AinsleeH",
      "stroke": "Back",
      "age": "7-8",
      "gender": "Girls",
      "date": "2002-06-15",
      "time": "30.52",
      "place": "8",
      "team": "Otters",
      "yards": 0,
      "meet": "010",
      "opponent": "Crossgates"
    },
    {
      "name": "AinsleeH",
      "stroke": "Freestyle",
      "age": "7-8",
      "gender": "Girls",
      "date": "2002-06-15",
      "time": "27.90",
      "place": "9",
      "team": "Otters",
      "yards": 0,
      "meet": "010",
      "opponent": "Crossgates"
    },
    {
      "name": "AinsleeH",
      "stroke": "Butterfly",
      "age": "13-14",
      "gender": "Girls",
      "date": "2008-05-31",
      "time": "39.90",
      "place": "8",
      "team": "Otters",
      "yards": 0,
      "meet": "051",
      "opponent": "Trials"
    },
    {
      "name": "AinsleeH",
      "stroke": "Back",
      "age": "13-14",
      "gender": "Girls",
      "date": "2008-05-31",
      "time": "40.34",
      "place": "3",
      "team": "Otters",
      "yards": 0,
      "meet": "051",
      "opponent": "Trials"
    },
    {
      "name": "AinsleeH",
      "stroke": "Breast",
      "age": "13-14",
      "gender": "Girls",
      "date": "2008-05-31",
      "time": "45.22",
      "place": "8",
      "team": "Otters",
      "yards": 0,
      "meet": "051",
      "opponent": "Trials"
    },
    {
      "name": "AinsleeH",
      "stroke": "Back",
      "age": "13-14",
      "gender": "Girls",
      "date": "2008-06-007",
      "time": "39.60",
      "place": "3",
      "team": "Otters",
      "yards": 0,
      "meet": "052",
      "opponent": "Shadowbrook"
    },
    {
      "name": "AinsleeH",
      "stroke": "Breast",
      "age": "13-14",
      "gender": "Girls",
      "date": "2008-06-007",
      "time": "45.61",
      "place": "9",
      "team": "Otters",
      "yards": 0,
      "meet": "052",
      "opponent": "Shadowbrook"
    },
    {
      "name": "AinsleeH",
      "stroke": "Freestyle",
      "age": "13-14",
      "gender": "Girls",
      "date": "2008-06-007",
      "time": "33.05",
      "place": "6",
      "team": "Otters",
      "yards": 0,
      "meet": "052",
      "opponent": "Shadowbrook"
    },
    {
      "name": "AinsleeH",
      "stroke": "Butterfly",
      "age": "13-14",
      "gender": "Girls",
      "date": "2008-06-14",
      "time": "40.07",
      "place": "13",
      "team": "Otters",
      "yards": 0,
      "meet": "053",
      "opponent": "Pinehurst"
    },
    {
      "name": "AinsleeH",
      "stroke": "Back",
      "age": "13-14",
      "gender": "Girls",
      "date": "2008-06-14",
      "time": "41.67",
      "place": "6",
      "team": "Otters",
      "yards": 0,
      "meet": "053",
      "opponent": "Pinehurst"
    },
    {
      "name": "AinsleeH",
      "stroke": "Breast",
      "age": "13-14",
      "gender": "Girls",
      "date": "2008-06-14",
      "time": "45.47",
      "place": "14",
      "team": "Otters",
      "yards": 0,
      "meet": "053",
      "opponent": "Pinehurst"
    },
    {
      "name": "AinsleeH",
      "stroke": "Butterfly",
      "age": "13-14",
      "gender": "Girls",
      "date": "2008-06-21",
      "time": "36.59",
      "place": "2",
      "team": "Otters",
      "yards": 0,
      "meet": "054",
      "opponent": "Crossgates"
    },
    {
      "name": "AinsleeH",
      "stroke": "Back",
      "age": "13-14",
      "gender": "Girls",
      "date": "2008-06-21",
      "time": "40.60",
      "place": "6",
      "team": "Otters",
      "yards": 0,
      "meet": "054",
      "opponent": "Crossgates"
    },
    {
      "name": "AinsleeH",
      "stroke": "Freestyle",
      "age": "13-14",
      "gender": "Girls",
      "date": "2008-06-21",
      "time": "31.35",
      "place": "3",
      "team": "Otters",
      "yards": 0,
      "meet": "054",
      "opponent": "Crossgates"
    },
    {
      "name": "AinsleeH",
      "stroke": "Back",
      "age": "13-14",
      "gender": "Girls",
      "date": "2008-06-28",
      "time": "40.53",
      "place": "5",
      "team": "Otters",
      "yards": 0,
      "meet": "055",
      "opponent": "Almaden"
    },
    {
      "name": "AinsleeH",
      "stroke": "Breast",
      "age": "13-14",
      "gender": "Girls",
      "date": "2008-06-28",
      "time": "44.27",
      "place": "11",
      "team": "Otters",
      "yards": 0,
      "meet": "055",
      "opponent": "Almaden"
    },
    {
      "name": "AinsleeH",
      "stroke": "Freestyle",
      "age": "13-14",
      "gender": "Girls",
      "date": "2008-06-28",
      "time": "30.87",
      "place": "5",
      "team": "Otters",
      "yards": 0,
      "meet": "055",
      "opponent": "Almaden"
    },
    {
      "name": "AinsleeH",
      "stroke": "Back",
      "age": "13-14",
      "gender": "Girls",
      "date": "2008-07-12",
      "time": "40.00",
      "place": "5",
      "team": "Otters",
      "yards": 0,
      "meet": "056",
      "opponent": "Creekside"
    },
    {
      "name": "AinsleeH",
      "stroke": "Breast",
      "age": "13-14",
      "gender": "Girls",
      "date": "2008-07-12",
      "time": "43.02",
      "place": "6",
      "team": "Otters",
      "yards": 0,
      "meet": "056",
      "opponent": "Creekside"
    },
    {
      "name": "AinsleeH",
      "stroke": "Freestyle",
      "age": "13-14",
      "gender": "Girls",
      "date": "2008-07-12",
      "time": "30.84",
      "place": "5",
      "team": "Otters",
      "yards": 0,
      "meet": "056",
      "opponent": "Creekside"
    },
    {
      "name": "AinsleeH",
      "stroke": "Back",
      "age": "13-14",
      "gender": "Girls",
      "date": "2008-07-19",
      "time": "39.42",
      "place": "21",
      "team": "Otters",
      "yards": 0,
      "meet": "057",
      "opponent": "Champs"
    },
    {
      "name": "AinsleeH",
      "stroke": "Breast",
      "age": "13-14",
      "gender": "Girls",
      "date": "2008-07-19",
      "time": "41.78",
      "place": "20",
      "team": "Otters",
      "yards": 0,
      "meet": "057",
      "opponent": "Champs"
    },
    {
      "name": "AinsleeH",
      "stroke": "Freestyle",
      "age": "13-14",
      "gender": "Girls",
      "date": "2008-07-19",
      "time": "31.21",
      "place": "24",
      "team": "Otters",
      "yards": 0,
      "meet": "057",
      "opponent": "Champs"
    },
    {
      "name": "AinsleeH",
      "stroke": "Butterfly",
      "age": "13-14",
      "gender": "Girls",
      "date": "2009-05-30",
      "time": "39.75",
      "place": "5",
      "team": "Otters",
      "yards": 0,
      "meet": "058",
      "opponent": "Trials"
    },
    {
      "name": "AinsleeH",
      "stroke": "Back",
      "age": "13-14",
      "gender": "Girls",
      "date": "2009-05-30",
      "time": "43.67",
      "place": "5",
      "team": "Otters",
      "yards": 0,
      "meet": "058",
      "opponent": "Trials"
    },
    {
      "name": "AinsleeH",
      "stroke": "Breast",
      "age": "13-14",
      "gender": "Girls",
      "date": "2009-05-30",
      "time": "43.13",
      "place": "2",
      "team": "Otters",
      "yards": 0,
      "meet": "058",
      "opponent": "Trials"
    },
    {
      "name": "AinsleeH",
      "stroke": "Freestyle",
      "age": "13-14",
      "gender": "Girls",
      "date": "2009-05-30",
      "time": "32.35",
      "place": "1",
      "team": "Otters",
      "yards": 0,
      "meet": "058",
      "opponent": "Trials"
    },
    {
      "name": "AinsleeH",
      "stroke": "Back",
      "age": "13-14",
      "gender": "Girls",
      "date": "2009-06-006",
      "time": "40.67",
      "place": "13",
      "team": "Otters",
      "yards": 0,
      "meet": "059",
      "opponent": "Creekside"
    },
    {
      "name": "AinsleeH",
      "stroke": "Breast",
      "age": "13-14",
      "gender": "Girls",
      "date": "2009-06-006",
      "time": "40.91",
      "place": "4",
      "team": "Otters",
      "yards": 0,
      "meet": "059",
      "opponent": "Creekside"
    },
    {
      "name": "AinsleeH",
      "stroke": "Freestyle",
      "age": "13-14",
      "gender": "Girls",
      "date": "2009-06-006",
      "time": "29.29",
      "place": "2",
      "team": "Otters",
      "yards": 0,
      "meet": "059",
      "opponent": "Creekside"
    },
    {
      "name": "AinsleeH",
      "stroke": "Butterfly",
      "age": "13-14",
      "gender": "Girls",
      "date": "2009-06-13",
      "time": "34.72",
      "place": "3",
      "team": "Otters",
      "yards": 0,
      "meet": "060",
      "opponent": "Shadowbrook"
    },
    {
      "name": "AinsleeH",
      "stroke": "Breast",
      "age": "13-14",
      "gender": "Girls",
      "date": "2009-06-13",
      "time": "40.69",
      "place": "3",
      "team": "Otters",
      "yards": 0,
      "meet": "060",
      "opponent": "Shadowbrook"
    },
    {
      "name": "AinsleeH",
      "stroke": "Freestyle",
      "age": "13-14",
      "gender": "Girls",
      "date": "2009-06-13",
      "time": "29.67",
      "place": "2",
      "team": "Otters",
      "yards": 0,
      "meet": "060",
      "opponent": "Shadowbrook"
    },
    {
      "name": "AinsleeH",
      "stroke": "Butterfly",
      "age": "13-14",
      "gender": "Girls",
      "date": "2009-06-20",
      "time": "36.17",
      "place": "3",
      "team": "Otters",
      "yards": 0,
      "meet": "061",
      "opponent": "Pinehurst"
    },
    {
      "name": "AinsleeH",
      "stroke": "Back",
      "age": "13-14",
      "gender": "Girls",
      "date": "2009-06-20",
      "time": "39.94",
      "place": "3",
      "team": "Otters",
      "yards": 0,
      "meet": "061",
      "opponent": "Pinehurst"
    },
    {
      "name": "AinsleeH",
      "stroke": "Freestyle",
      "age": "13-14",
      "gender": "Girls",
      "date": "2009-06-20",
      "time": "29.81",
      "place": "2",
      "team": "Otters",
      "yards": 0,
      "meet": "061",
      "opponent": "Pinehurst"
    },
    {
      "name": "AinsleeH",
      "stroke": "Butterfly",
      "age": "13-14",
      "gender": "Girls",
      "date": "2009-06-27",
      "time": "35.47",
      "place": "4",
      "team": "Otters",
      "yards": 0,
      "meet": "062",
      "opponent": "Crossgates"
    },
    {
      "name": "AinsleeH",
      "stroke": "Breast",
      "age": "13-14",
      "gender": "Girls",
      "date": "2009-06-27",
      "time": "40.06",
      "place": "2",
      "team": "Otters",
      "yards": 0,
      "meet": "062",
      "opponent": "Crossgates"
    },
    {
      "name": "AinsleeH",
      "stroke": "Freestyle",
      "age": "13-14",
      "gender": "Girls",
      "date": "2009-06-27",
      "time": "29.72",
      "place": "2",
      "team": "Otters",
      "yards": 0,
      "meet": "062",
      "opponent": "Crossgates"
    },
    {
      "name": "AinsleeH",
      "stroke": "Back",
      "age": "13-14",
      "gender": "Girls",
      "date": "2009-07-11",
      "time": "37.61",
      "place": "4",
      "team": "Otters",
      "yards": 0,
      "meet": "063",
      "opponent": "Almaden"
    },
    {
      "name": "AinsleeH",
      "stroke": "Breast",
      "age": "13-14",
      "gender": "Girls",
      "date": "2009-07-11",
      "time": "40.85",
      "place": "3",
      "team": "Otters",
      "yards": 0,
      "meet": "063",
      "opponent": "Almaden"
    },
    {
      "name": "AinsleeH",
      "stroke": "Freestyle",
      "age": "13-14",
      "gender": "Girls",
      "date": "2009-07-11",
      "time": "29.40",
      "place": "4",
      "team": "Otters",
      "yards": 0,
      "meet": "063",
      "opponent": "Almaden"
    },
    {
      "name": "AinsleeH",
      "stroke": "Back",
      "age": "13-14",
      "gender": "Girls",
      "date": "2009-07-18",
      "time": "37.03",
      "place": "13",
      "team": "Otters",
      "yards": 0,
      "meet": "064",
      "opponent": "Champs"
    },
    {
      "name": "AinsleeH",
      "stroke": "Breast",
      "age": "13-14",
      "gender": "Girls",
      "date": "2009-07-18",
      "time": "40.51",
      "place": "14",
      "team": "Otters",
      "yards": 0,
      "meet": "064",
      "opponent": "Champs"
    },
    {
      "name": "AinsleeH",
      "stroke": "Freestyle",
      "age": "13-14",
      "gender": "Girls",
      "date": "2009-07-18",
      "time": "28.96",
      "place": "10",
      "team": "Otters",
      "yards": 0,
      "meet": "064",
      "opponent": "Champs"
    },
    {
      "name": "AinsleeH",
      "stroke": "Butterfly",
      "age": "15-18",
      "gender": "Girls",
      "date": "2011-05-21",
      "time": "34.56",
      "place": "3",
      "team": "Otters",
      "yards": 0,
      "meet": "072",
      "opponent": "Trials"
    },
    {
      "name": "AinsleeH",
      "stroke": "Back",
      "age": "15-18",
      "gender": "Girls",
      "date": "2011-05-21",
      "time": "36.29",
      "place": "3",
      "team": "Otters",
      "yards": 0,
      "meet": "072",
      "opponent": "Trials"
    },
    {
      "name": "AinsleeH",
      "stroke": "Breast",
      "age": "15-18",
      "gender": "Girls",
      "date": "2011-05-21",
      "time": "41.52",
      "place": "5",
      "team": "Otters",
      "yards": 0,
      "meet": "072",
      "opponent": "Trials"
    },
    {
      "name": "AinsleeH",
      "stroke": "Freestyle",
      "age": "15-18",
      "gender": "Girls",
      "date": "2011-05-21",
      "time": "29.91",
      "place": "3",
      "team": "Otters",
      "yards": 0,
      "meet": "072",
      "opponent": "Trials"
    },
    {
      "name": "AinsleeH",
      "stroke": "Butterfly",
      "age": "15-18",
      "gender": "Girls",
      "date": "2011-06-004",
      "time": "34.71",
      "place": "10",
      "team": "Otters",
      "yards": 0,
      "meet": "073",
      "opponent": "Crossgates"
    },
    {
      "name": "AinsleeH",
      "stroke": "Back",
      "age": "15-18",
      "gender": "Girls",
      "date": "2011-06-004",
      "time": "35.91",
      "place": "6",
      "team": "Otters",
      "yards": 0,
      "meet": "073",
      "opponent": "Crossgates"
    },
    {
      "name": "AinsleeH",
      "stroke": "Freestyle",
      "age": "15-18",
      "gender": "Girls",
      "date": "2011-06-004",
      "time": "29.26",
      "place": "5",
      "team": "Otters",
      "yards": 0,
      "meet": "073",
      "opponent": "Crossgates"
    },
    {
      "name": "AinsleeH",
      "stroke": "Butterfly",
      "age": "15-18",
      "gender": "Girls",
      "date": "2011-06-11",
      "time": "35.03",
      "place": "11",
      "team": "Otters",
      "yards": 0,
      "meet": "074",
      "opponent": "Almaden"
    },
    {
      "name": "AinsleeH",
      "stroke": "Back",
      "age": "15-18",
      "gender": "Girls",
      "date": "2011-06-11",
      "time": "36.24",
      "place": "6",
      "team": "Otters",
      "yards": 0,
      "meet": "074",
      "opponent": "Almaden"
    },
    {
      "name": "AinsleeH",
      "stroke": "Freestyle",
      "age": "15-18",
      "gender": "Girls",
      "date": "2011-06-11",
      "time": "29.00",
      "place": "9",
      "team": "Otters",
      "yards": 0,
      "meet": "074",
      "opponent": "Almaden"
    },
    {
      "name": "AinsleeH",
      "stroke": "Butterfly",
      "age": "15-18",
      "gender": "Girls",
      "date": "2011-06-18",
      "time": "35.13",
      "place": "14",
      "team": "Otters",
      "yards": 0,
      "meet": "075",
      "opponent": "Creekside"
    },
    {
      "name": "AinsleeH",
      "stroke": "Back",
      "age": "15-18",
      "gender": "Girls",
      "date": "2011-06-18",
      "time": "37.71",
      "place": "13",
      "team": "Otters",
      "yards": 0,
      "meet": "075",
      "opponent": "Creekside"
    },
    {
      "name": "AinsleeH",
      "stroke": "Freestyle",
      "age": "15-18",
      "gender": "Girls",
      "date": "2011-06-18",
      "time": "29.48",
      "place": "14",
      "team": "Otters",
      "yards": 0,
      "meet": "075",
      "opponent": "Creekside"
    },
    {
      "name": "AinsleeH",
      "stroke": "Butterfly",
      "age": "15-18",
      "gender": "Girls",
      "date": "2011-06-25",
      "time": "34.54",
      "place": "12",
      "team": "Otters",
      "yards": 0,
      "meet": "076",
      "opponent": "Shadowbrook"
    },
    {
      "name": "AinsleeH",
      "stroke": "Back",
      "age": "15-18",
      "gender": "Girls",
      "date": "2011-06-25",
      "time": "37.95",
      "place": "7",
      "team": "Otters",
      "yards": 0,
      "meet": "076",
      "opponent": "Shadowbrook"
    },
    {
      "name": "AinsleeH",
      "stroke": "Freestyle",
      "age": "15-18",
      "gender": "Girls",
      "date": "2011-06-25",
      "time": "29.22",
      "place": "6",
      "team": "Otters",
      "yards": 0,
      "meet": "076",
      "opponent": "Shadowbrook"
    },
    {
      "name": "AinsleeH",
      "stroke": "Butterfly",
      "age": "15-18",
      "gender": "Girls",
      "date": "2011-07-009",
      "time": "34.52",
      "place": "8",
      "team": "Otters",
      "yards": 0,
      "meet": "077",
      "opponent": "Pinehurst"
    },
    {
      "name": "AinsleeH",
      "stroke": "Back",
      "age": "15-18",
      "gender": "Girls",
      "date": "2011-07-009",
      "time": "36.73",
      "place": "6",
      "team": "Otters",
      "yards": 0,
      "meet": "077",
      "opponent": "Pinehurst"
    },
    {
      "name": "AinsleeH",
      "stroke": "Freestyle",
      "age": "15-18",
      "gender": "Girls",
      "date": "2011-07-009",
      "time": "29.29",
      "place": "7",
      "team": "Otters",
      "yards": 0,
      "meet": "077",
      "opponent": "Pinehurst"
    },
    {
      "name": "AinsleeH",
      "stroke": "Butterfly",
      "age": "15-18",
      "gender": "Girls",
      "date": "2011-07-16",
      "time": "34.02",
      "place": "32",
      "team": "Otters",
      "yards": 0,
      "meet": "078",
      "opponent": "Champs"
    },
    {
      "name": "AinsleeH",
      "stroke": "Back",
      "age": "15-18",
      "gender": "Girls",
      "date": "2011-07-16",
      "time": "37.90",
      "place": "32",
      "team": "Otters",
      "yards": 0,
      "meet": "078",
      "opponent": "Champs"
    },
    {
      "name": "AinsleeH",
      "stroke": "Freestyle",
      "age": "15-18",
      "gender": "Girls",
      "date": "2011-07-16",
      "time": "28.53",
      "place": "22",
      "team": "Otters",
      "yards": 0,
      "meet": "078",
      "opponent": "Champs"
    }
  ]
}