{
  "scores": [
    {
      "name": "AleenaC",
      "stroke": "Butterfly",
      "age": "9-10",
      "gender": "Girls",
      "date": "2014-05-17",
      "time": "44.11",
      "place": "20",
      "team": "Otters",
      "yards": 0,
      "meet": "093",
      "opponent": "Trials"
    },
    {
      "name": "AleenaC",
      "stroke": "Back",
      "age": "9-10",
      "gender": "Girls",
      "date": "2014-05-17",
      "time": "35.37",
      "place": "20",
      "team": "Otters",
      "yards": 0,
      "meet": "093",
      "opponent": "Trials"
    },
    {
      "name": "AleenaC",
      "stroke": "Breast",
      "age": "9-10",
      "gender": "Girls",
      "date": "2014-05-17",
      "time": "41.69",
      "place": "18",
      "team": "Otters",
      "yards": 0,
      "meet": "093",
      "opponent": "Trials"
    },
    {
      "name": "AleenaC",
      "stroke": "Freestyle",
      "age": "9-10",
      "gender": "Girls",
      "date": "2014-05-17",
      "time": "33.47",
      "place": "21",
      "team": "Otters",
      "yards": 0,
      "meet": "093",
      "opponent": "Trials"
    },
    {
      "name": "AleenaC",
      "stroke": "Back",
      "age": "9-10",
      "gender": "Girls",
      "date": "2014-06-14",
      "time": "32.57",
      "place": "23",
      "team": "Otters",
      "yards": 0,
      "meet": "096",
      "opponent": "Pinehurst"
    },
    {
      "name": "AleenaC",
      "stroke": "Breast",
      "age": "9-10",
      "gender": "Girls",
      "date": "2014-06-14",
      "time": "DQ",
      "place": "--",
      "team": "Otters",
      "yards": 0,
      "meet": "096",
      "opponent": "Pinehurst"
    },
    {
      "name": "AleenaC",
      "stroke": "Freestyle",
      "age": "9-10",
      "gender": "Girls",
      "date": "2014-06-14",
      "time": "23.75",
      "place": "26",
      "team": "Otters",
      "yards": 0,
      "meet": "096",
      "opponent": "Pinehurst"
    },
    {
      "name": "AleenaC",
      "stroke": "Back",
      "age": "9-10",
      "gender": "Girls",
      "date": "2014-06-21",
      "time": "31.85",
      "place": "20",
      "team": "Otters",
      "yards": 0,
      "meet": "097",
      "opponent": "Crossgates"
    },
    {
      "name": "AleenaC",
      "stroke": "Breast",
      "age": "9-10",
      "gender": "Girls",
      "date": "2014-06-21",
      "time": "DQ",
      "place": "--",
      "team": "Otters",
      "yards": 0,
      "meet": "097",
      "opponent": "Crossgates"
    },
    {
      "name": "AleenaC",
      "stroke": "Freestyle",
      "age": "9-10",
      "gender": "Girls",
      "date": "2014-06-21",
      "time": "21.22",
      "place": "15",
      "team": "Otters",
      "yards": 0,
      "meet": "097",
      "opponent": "Crossgates"
    },
    {
      "name": "AleenaC",
      "stroke": "Back",
      "age": "9-10",
      "gender": "Girls",
      "date": "2014-06-28",
      "time": "30.35",
      "place": "29",
      "team": "Otters",
      "yards": 0,
      "meet": "098",
      "opponent": "Almaden"
    },
    {
      "name": "AleenaC",
      "stroke": "Breast",
      "age": "9-10",
      "gender": "Girls",
      "date": "2014-06-28",
      "time": "DQ",
      "place": "--",
      "team": "Otters",
      "yards": 0,
      "meet": "098",
      "opponent": "Almaden"
    },
    {
      "name": "AleenaC",
      "stroke": "Freestyle",
      "age": "9-10",
      "gender": "Girls",
      "date": "2014-06-28",
      "time": "21.08",
      "place": "29",
      "team": "Otters",
      "yards": 0,
      "meet": "098",
      "opponent": "Almaden"
    },
    {
      "name": "AleenaC",
      "stroke": "Back",
      "age": "9-10",
      "gender": "Girls",
      "date": "2014-07-12",
      "time": "30.94",
      "place": "64",
      "team": "Otters",
      "yards": 0,
      "meet": "099",
      "opponent": "Champs"
    },
    {
      "name": "AleenaC",
      "stroke": "Breast",
      "age": "9-10",
      "gender": "Girls",
      "date": "2014-07-12",
      "time": "31.90",
      "place": "47",
      "team": "Otters",
      "yards": 0,
      "meet": "099",
      "opponent": "Champs"
    },
    {
      "name": "AleenaC",
      "stroke": "Freestyle",
      "age": "9-10",
      "gender": "Girls",
      "date": "2014-07-12",
      "time": "21.96",
      "place": "65",
      "team": "Otters",
      "yards": 0,
      "meet": "099",
      "opponent": "Champs"
    },
    {
      "name": "AleenaC",
      "stroke": "Butterfly",
      "age": "11-12",
      "gender": "Girls",
      "date": "2015-05-31",
      "time": "55.37",
      "place": "19",
      "team": "Otters",
      "yards": 0,
      "meet": "100",
      "opponent": "Trials"
    },
    {
      "name": "AleenaC",
      "stroke": "Back",
      "age": "11-12",
      "gender": "Girls",
      "date": "2015-05-31",
      "time": "59.33",
      "place": "20",
      "team": "Otters",
      "yards": 0,
      "meet": "100",
      "opponent": "Trials"
    },
    {
      "name": "AleenaC",
      "stroke": "Breast",
      "age": "11-12",
      "gender": "Girls",
      "date": "2015-05-31",
      "time": "52.93",
      "place": "18",
      "team": "Otters",
      "yards": 0,
      "meet": "100",
      "opponent": "Trials"
    },
    {
      "name": "AleenaC",
      "stroke": "Freestyle",
      "age": "11-12",
      "gender": "Girls",
      "date": "2015-05-31",
      "time": "40.72",
      "place": "19",
      "team": "Otters",
      "yards": 0,
      "meet": "100",
      "opponent": "Trials"
    },
    {
      "name": "AleenaC",
      "stroke": "Back",
      "age": "11-12",
      "gender": "Girls",
      "date": "2015-05-30",
      "time": "DQ",
      "place": "--",
      "team": "Otters",
      "yards": 0,
      "meet": "101",
      "opponent": "Almaden"
    },
    {
      "name": "AleenaC",
      "stroke": "Breast",
      "age": "11-12",
      "gender": "Girls",
      "date": "2015-05-30",
      "time": "DQ",
      "place": "--",
      "team": "Otters",
      "yards": 0,
      "meet": "101",
      "opponent": "Almaden"
    },
    {
      "name": "AleenaC",
      "stroke": "Freestyle",
      "age": "11-12",
      "gender": "Girls",
      "date": "2015-05-30",
      "time": "37.34",
      "place": "31",
      "team": "Otters",
      "yards": 0,
      "meet": "101",
      "opponent": "Almaden"
    },
    {
      "name": "AleenaC",
      "stroke": "Freestyle",
      "age": "11-12",
      "gender": "Girls",
      "date": "2015-06-006",
      "time": "38.17",
      "place": "24",
      "team": "Otters",
      "yards": 0,
      "meet": "102",
      "opponent": "Creekside"
    },
    {
      "name": "AleenaC",
      "stroke": "Back",
      "age": "11-12",
      "gender": "Girls",
      "date": "2015-06-20",
      "time": "DQ",
      "place": "--",
      "team": "Otters",
      "yards": 0,
      "meet": "104",
      "opponent": "Pinehurst"
    },
    {
      "name": "AleenaC",
      "stroke": "Breast",
      "age": "11-12",
      "gender": "Girls",
      "date": "2015-06-20",
      "time": "50.18",
      "place": "11",
      "team": "Otters",
      "yards": 0,
      "meet": "104",
      "opponent": "Pinehurst"
    },
    {
      "name": "AleenaC",
      "stroke": "Freestyle",
      "age": "11-12",
      "gender": "Girls",
      "date": "2015-06-20",
      "time": "39.51",
      "place": "25",
      "team": "Otters",
      "yards": 0,
      "meet": "104",
      "opponent": "Pinehurst"
    },
    {
      "name": "AleenaC",
      "stroke": "Back",
      "age": "11-12",
      "gender": "Girls",
      "date": "2015-06-27",
      "time": "52.80",
      "place": "13",
      "team": "Otters",
      "yards": 0,
      "meet": "105",
      "opponent": "Crossgates"
    },
    {
      "name": "AleenaC",
      "stroke": "Breast",
      "age": "11-12",
      "gender": "Girls",
      "date": "2015-06-27",
      "time": "48.15",
      "place": "9",
      "team": "Otters",
      "yards": 0,
      "meet": "105",
      "opponent": "Crossgates"
    },
    {
      "name": "AleenaC",
      "stroke": "Freestyle",
      "age": "11-12",
      "gender": "Girls",
      "date": "2015-06-27",
      "time": "37.47",
      "place": "16",
      "team": "Otters",
      "yards": 0,
      "meet": "105",
      "opponent": "Crossgates"
    },
    {
      "name": "AleenaC",
      "stroke": "Breast",
      "age": "11-12",
      "gender": "Girls",
      "date": "2015-07-11",
      "time": "46.33",
      "place": "32",
      "team": "Otters",
      "yards": 0,
      "meet": "106",
      "opponent": "Champs"
    },
    {
      "name": "AleenaC",
      "stroke": "Butterfly",
      "age": "11-12",
      "gender": "Girls",
      "date": "2016-05-20",
      "time": "51.95",
      "place": "18",
      "team": "Otters",
      "yards": 0,
      "meet": "107",
      "opponent": "Trials"
    },
    {
      "name": "AleenaC",
      "stroke": "Back",
      "age": "11-12",
      "gender": "Girls",
      "date": "2016-05-20",
      "time": "51.34",
      "place": "16",
      "team": "Otters",
      "yards": 0,
      "meet": "107",
      "opponent": "Trials"
    },
    {
      "name": "AleenaC",
      "stroke": "Breast",
      "age": "11-12",
      "gender": "Girls",
      "date": "2016-05-20",
      "time": "48.35",
      "place": "10",
      "team": "Otters",
      "yards": 0,
      "meet": "107",
      "opponent": "Trials"
    },
    {
      "name": "AleenaC",
      "stroke": "Freestyle",
      "age": "11-12",
      "gender": "Girls",
      "date": "2016-05-20",
      "time": "37.27",
      "place": "10",
      "team": "Otters",
      "yards": 0,
      "meet": "107",
      "opponent": "Trials"
    }
  ]
}