{
  "scores": [
    {
      "name": "AlexaB",
      "stroke": "Butterfly",
      "age": "8 & Under",
      "gender": "Girls",
      "date": "2011-05-21",
      "time": "31.02",
      "place": "8",
      "team": "Otters",
      "yards": 0,
      "meet": "072",
      "opponent": "Trials"
    },
    {
      "name": "AlexaB",
      "stroke": "Back",
      "age": "7-8",
      "gender": "Girls",
      "date": "2011-05-21",
      "time": "32.92",
      "place": "15",
      "team": "Otters",
      "yards": 0,
      "meet": "072",
      "opponent": "Trials"
    },
    {
      "name": "AlexaB",
      "stroke": "Breast",
      "age": "8 & Under",
      "gender": "Girls",
      "date": "2011-05-21",
      "time": "39.14",
      "place": "18",
      "team": "Otters",
      "yards": 0,
      "meet": "072",
      "opponent": "Trials"
    },
    {
      "name": "AlexaB",
      "stroke": "Freestyle",
      "age": "7-8",
      "gender": "Girls",
      "date": "2011-05-21",
      "time": "30.11",
      "place": "17",
      "team": "Otters",
      "yards": 0,
      "meet": "072",
      "opponent": "Trials"
    },
    {
      "name": "AlexaB",
      "stroke": "Butterfly",
      "age": "8 & Under",
      "gender": "Girls",
      "date": "2011-06-004",
      "time": "DQ",
      "place": "--",
      "team": "Otters",
      "yards": 0,
      "meet": "073",
      "opponent": "Crossgates"
    },
    {
      "name": "AlexaB",
      "stroke": "Back",
      "age": "7-8",
      "gender": "Girls",
      "date": "2011-06-004",
      "time": "28.05",
      "place": "8",
      "team": "Otters",
      "yards": 0,
      "meet": "073",
      "opponent": "Crossgates"
    },
    {
      "name": "AlexaB",
      "stroke": "Freestyle",
      "age": "7-8",
      "gender": "Girls",
      "date": "2011-06-004",
      "time": "30.43",
      "place": "11",
      "team": "Otters",
      "yards": 0,
      "meet": "073",
      "opponent": "Crossgates"
    },
    {
      "name": "AlexaB",
      "stroke": "Butterfly",
      "age": "8 & Under",
      "gender": "Girls",
      "date": "2011-06-11",
      "time": "26.43",
      "place": "10",
      "team": "Otters",
      "yards": 0,
      "meet": "074",
      "opponent": "Almaden"
    },
    {
      "name": "AlexaB",
      "stroke": "Back",
      "age": "7-8",
      "gender": "Girls",
      "date": "2011-06-11",
      "time": "29.00",
      "place": "23",
      "team": "Otters",
      "yards": 0,
      "meet": "074",
      "opponent": "Almaden"
    },
    {
      "name": "AlexaB",
      "stroke": "Freestyle",
      "age": "7-8",
      "gender": "Girls",
      "date": "2011-06-11",
      "time": "27.88",
      "place": "32",
      "team": "Otters",
      "yards": 0,
      "meet": "074",
      "opponent": "Almaden"
    },
    {
      "name": "AlexaB",
      "stroke": "Back",
      "age": "7-8",
      "gender": "Girls",
      "date": "2011-06-18",
      "time": "29.30",
      "place": "16",
      "team": "Otters",
      "yards": 0,
      "meet": "075",
      "opponent": "Creekside"
    },
    {
      "name": "AlexaB",
      "stroke": "Breast",
      "age": "8 & Under",
      "gender": "Girls",
      "date": "2011-06-18",
      "time": "DQ",
      "place": "--",
      "team": "Otters",
      "yards": 0,
      "meet": "075",
      "opponent": "Creekside"
    },
    {
      "name": "AlexaB",
      "stroke": "Freestyle",
      "age": "7-8",
      "gender": "Girls",
      "date": "2011-06-18",
      "time": "24.94",
      "place": "19",
      "team": "Otters",
      "yards": 0,
      "meet": "075",
      "opponent": "Creekside"
    },
    {
      "name": "AlexaB",
      "stroke": "Butterfly",
      "age": "8 & Under",
      "gender": "Girls",
      "date": "2011-06-25",
      "time": "32.06",
      "place": "13",
      "team": "Otters",
      "yards": 0,
      "meet": "076",
      "opponent": "Shadowbrook"
    },
    {
      "name": "AlexaB",
      "stroke": "Back",
      "age": "7-8",
      "gender": "Girls",
      "date": "2011-06-25",
      "time": "28.76",
      "place": "17",
      "team": "Otters",
      "yards": 0,
      "meet": "076",
      "opponent": "Shadowbrook"
    },
    {
      "name": "AlexaB",
      "stroke": "Freestyle",
      "age": "7-8",
      "gender": "Girls",
      "date": "2011-06-25",
      "time": "27.39",
      "place": "22",
      "team": "Otters",
      "yards": 0,
      "meet": "076",
      "opponent": "Shadowbrook"
    },
    {
      "name": "AlexaB",
      "stroke": "Butterfly",
      "age": "8 & Under",
      "gender": "Girls",
      "date": "2011-07-16",
      "time": "30.30",
      "place": "28",
      "team": "Otters",
      "yards": 0,
      "meet": "078",
      "opponent": "Champs"
    },
    {
      "name": "AlexaB",
      "stroke": "Back",
      "age": "7-8",
      "gender": "Girls",
      "date": "2011-07-16",
      "time": "29.36",
      "place": "47",
      "team": "Otters",
      "yards": 0,
      "meet": "078",
      "opponent": "Champs"
    },
    {
      "name": "AlexaB",
      "stroke": "Freestyle",
      "age": "7-8",
      "gender": "Girls",
      "date": "2011-07-16",
      "time": "23.77",
      "place": "51",
      "team": "Otters",
      "yards": 0,
      "meet": "078",
      "opponent": "Champs"
    },
    {
      "name": "AlexaB",
      "stroke": "Butterfly",
      "age": "9-10",
      "gender": "Girls",
      "date": "2012-05-19",
      "time": "22.75",
      "place": "15",
      "team": "Otters",
      "yards": 0,
      "meet": "079",
      "opponent": "Trials"
    },
    {
      "name": "AlexaB",
      "stroke": "Back",
      "age": "9-10",
      "gender": "Girls",
      "date": "2012-05-19",
      "time": "23.33",
      "place": "12",
      "team": "Otters",
      "yards": 0,
      "meet": "079",
      "opponent": "Trials"
    },
    {
      "name": "AlexaB",
      "stroke": "Breast",
      "age": "9-10",
      "gender": "Girls",
      "date": "2012-05-19",
      "time": "29.13",
      "place": "16",
      "team": "Otters",
      "yards": 0,
      "meet": "079",
      "opponent": "Trials"
    },
    {
      "name": "AlexaB",
      "stroke": "Freestyle",
      "age": "9-10",
      "gender": "Girls",
      "date": "2012-05-19",
      "time": "20.08",
      "place": "14",
      "team": "Otters",
      "yards": 0,
      "meet": "079",
      "opponent": "Trials"
    },
    {
      "name": "AlexaB",
      "stroke": "Back",
      "age": "9-10",
      "gender": "Girls",
      "date": "2012-06-002",
      "time": "22.22",
      "place": "8",
      "team": "Otters",
      "yards": 0,
      "meet": "080",
      "opponent": "Pinehurst"
    },
    {
      "name": "AlexaB",
      "stroke": "Breast",
      "age": "9-10",
      "gender": "Girls",
      "date": "2012-06-002",
      "time": "28.73",
      "place": "13",
      "team": "Otters",
      "yards": 0,
      "meet": "080",
      "opponent": "Pinehurst"
    },
    {
      "name": "AlexaB",
      "stroke": "Freestyle",
      "age": "9-10",
      "gender": "Girls",
      "date": "2012-06-002",
      "time": "19.77",
      "place": "18",
      "team": "Otters",
      "yards": 0,
      "meet": "080",
      "opponent": "Pinehurst"
    },
    {
      "name": "AlexaB",
      "stroke": "Back",
      "age": "9-10",
      "gender": "Girls",
      "date": "2012-06-23",
      "time": "23.93",
      "place": "14",
      "team": "Otters",
      "yards": 0,
      "meet": "083",
      "opponent": "Creekside"
    },
    {
      "name": "AlexaB",
      "stroke": "Freestyle",
      "age": "9-10",
      "gender": "Girls",
      "date": "2012-06-23",
      "time": "18.80",
      "place": "18",
      "team": "Otters",
      "yards": 0,
      "meet": "083",
      "opponent": "Creekside"
    },
    {
      "name": "AlexaB",
      "stroke": "Back",
      "age": "9-10",
      "gender": "Girls",
      "date": "2012-06-30",
      "time": "21.67",
      "place": "9",
      "team": "Otters",
      "yards": 0,
      "meet": "084",
      "opponent": "Shadowbrook"
    },
    {
      "name": "AlexaB",
      "stroke": "Breast",
      "age": "9-10",
      "gender": "Girls",
      "date": "2012-06-30",
      "time": "DQ",
      "place": "--",
      "team": "Otters",
      "yards": 0,
      "meet": "084",
      "opponent": "Shadowbrook"
    },
    {
      "name": "AlexaB",
      "stroke": "Freestyle",
      "age": "9-10",
      "gender": "Girls",
      "date": "2012-06-30",
      "time": "18.07",
      "place": "14",
      "team": "Otters",
      "yards": 0,
      "meet": "084",
      "opponent": "Shadowbrook"
    },
    {
      "name": "AlexaB",
      "stroke": "Back",
      "age": "9-10",
      "gender": "Girls",
      "date": "2012-07-14",
      "time": "22.53",
      "place": "28",
      "team": "Otters",
      "yards": 0,
      "meet": "085",
      "opponent": "Champs"
    },
    {
      "name": "AlexaB",
      "stroke": "Breast",
      "age": "9-10",
      "gender": "Girls",
      "date": "2012-07-14",
      "time": "DQ",
      "place": "--",
      "team": "Otters",
      "yards": 0,
      "meet": "085",
      "opponent": "Champs"
    },
    {
      "name": "AlexaB",
      "stroke": "Freestyle",
      "age": "9-10",
      "gender": "Girls",
      "date": "2012-07-14",
      "time": "18.73",
      "place": "69",
      "team": "Otters",
      "yards": 0,
      "meet": "085",
      "opponent": "Champs"
    },
    {
      "name": "AlexaB",
      "stroke": "Butterfly",
      "age": "9-10",
      "gender": "Girls",
      "date": "2013-05-18",
      "time": "19.81",
      "place": "8",
      "team": "Otters",
      "yards": 0,
      "meet": "086",
      "opponent": "Trials"
    },
    {
      "name": "AlexaB",
      "stroke": "Back",
      "age": "9-10",
      "gender": "Girls",
      "date": "2013-05-18",
      "time": "20.86",
      "place": "3",
      "team": "Otters",
      "yards": 0,
      "meet": "086",
      "opponent": "Trials"
    },
    {
      "name": "AlexaB",
      "stroke": "Breast",
      "age": "9-10",
      "gender": "Girls",
      "date": "2013-05-18",
      "time": "25.99",
      "place": "12",
      "team": "Otters",
      "yards": 0,
      "meet": "086",
      "opponent": "Trials"
    },
    {
      "name": "AlexaB",
      "stroke": "Freestyle",
      "age": "9-10",
      "gender": "Girls",
      "date": "2013-05-18",
      "time": "16.67",
      "place": "8",
      "team": "Otters",
      "yards": 0,
      "meet": "086",
      "opponent": "Trials"
    },
    {
      "name": "AlexaB",
      "stroke": "Butterfly",
      "age": "9-10",
      "gender": "Girls",
      "date": "2013-06-001",
      "time": "19.02",
      "place": "10",
      "team": "Otters",
      "yards": 0,
      "meet": "087",
      "opponent": "Shadowbrook"
    },
    {
      "name": "AlexaB",
      "stroke": "Back",
      "age": "9-10",
      "gender": "Girls",
      "date": "2013-06-001",
      "time": "20.21",
      "place": "4",
      "team": "Otters",
      "yards": 0,
      "meet": "087",
      "opponent": "Shadowbrook"
    },
    {
      "name": "AlexaB",
      "stroke": "Freestyle",
      "age": "9-10",
      "gender": "Girls",
      "date": "2013-06-001",
      "time": "17.12",
      "place": "14",
      "team": "Otters",
      "yards": 0,
      "meet": "087",
      "opponent": "Shadowbrook"
    },
    {
      "name": "AlexaB",
      "stroke": "Butterfly",
      "age": "9-10",
      "gender": "Girls",
      "date": "2013-06-008",
      "time": "19.57",
      "place": "8",
      "team": "Otters",
      "yards": 0,
      "meet": "088",
      "opponent": "Pinehurst"
    },
    {
      "name": "AlexaB",
      "stroke": "Back",
      "age": "9-10",
      "gender": "Girls",
      "date": "2013-06-008",
      "time": "20.87",
      "place": "6",
      "team": "Otters",
      "yards": 0,
      "meet": "088",
      "opponent": "Pinehurst"
    },
    {
      "name": "AlexaB",
      "stroke": "Freestyle",
      "age": "9-10",
      "gender": "Girls",
      "date": "2013-06-008",
      "time": "17.34",
      "place": "13",
      "team": "Otters",
      "yards": 0,
      "meet": "088",
      "opponent": "Pinehurst"
    },
    {
      "name": "AlexaB",
      "stroke": "Back",
      "age": "9-10",
      "gender": "Girls",
      "date": "2013-06-15",
      "time": "20.74",
      "place": "4",
      "team": "Otters",
      "yards": 0,
      "meet": "089",
      "opponent": "Crossgates"
    },
    {
      "name": "AlexaB",
      "stroke": "Breast",
      "age": "9-10",
      "gender": "Girls",
      "date": "2013-06-15",
      "time": "24.49",
      "place": "8",
      "team": "Otters",
      "yards": 0,
      "meet": "089",
      "opponent": "Crossgates"
    },
    {
      "name": "AlexaB",
      "stroke": "Freestyle",
      "age": "9-10",
      "gender": "Girls",
      "date": "2013-06-15",
      "time": "17.47",
      "place": "13",
      "team": "Otters",
      "yards": 0,
      "meet": "089",
      "opponent": "Crossgates"
    },
    {
      "name": "AlexaB",
      "stroke": "Butterfly",
      "age": "9-10",
      "gender": "Girls",
      "date": "2013-06-22",
      "time": "20.37",
      "place": "20",
      "team": "Otters",
      "yards": 0,
      "meet": "090",
      "opponent": "Almaden"
    },
    {
      "name": "AlexaB",
      "stroke": "Back",
      "age": "9-10",
      "gender": "Girls",
      "date": "2013-06-22",
      "time": "20.44",
      "place": "7",
      "team": "Otters",
      "yards": 0,
      "meet": "090",
      "opponent": "Almaden"
    },
    {
      "name": "AlexaB",
      "stroke": "Freestyle",
      "age": "9-10",
      "gender": "Girls",
      "date": "2013-06-22",
      "time": "17.63",
      "place": "25",
      "team": "Otters",
      "yards": 0,
      "meet": "090",
      "opponent": "Almaden"
    },
    {
      "name": "AlexaB",
      "stroke": "Butterfly",
      "age": "9-10",
      "gender": "Girls",
      "date": "2013-06-29",
      "time": "20.96",
      "place": "13",
      "team": "Otters",
      "yards": 0,
      "meet": "091",
      "opponent": "Creekside"
    },
    {
      "name": "AlexaB",
      "stroke": "Back",
      "age": "9-10",
      "gender": "Girls",
      "date": "2013-06-29",
      "time": "20.38",
      "place": "5",
      "team": "Otters",
      "yards": 0,
      "meet": "091",
      "opponent": "Creekside"
    },
    {
      "name": "AlexaB",
      "stroke": "Freestyle",
      "age": "9-10",
      "gender": "Girls",
      "date": "2013-06-29",
      "time": "17.17",
      "place": "15",
      "team": "Otters",
      "yards": 0,
      "meet": "091",
      "opponent": "Creekside"
    },
    {
      "name": "AlexaB",
      "stroke": "Butterfly",
      "age": "9-10",
      "gender": "Girls",
      "date": "2013-07-13",
      "time": "19.79",
      "place": "30",
      "team": "Otters",
      "yards": 0,
      "meet": "092",
      "opponent": "Almaden"
    },
    {
      "name": "AlexaB",
      "stroke": "Back",
      "age": "9-10",
      "gender": "Girls",
      "date": "2013-07-13",
      "time": "19.91",
      "place": "14",
      "team": "Otters",
      "yards": 0,
      "meet": "092",
      "opponent": "Almaden"
    },
    {
      "name": "AlexaB",
      "stroke": "Freestyle",
      "age": "9-10",
      "gender": "Girls",
      "date": "2013-07-13",
      "time": "16.61",
      "place": "38",
      "team": "Otters",
      "yards": 0,
      "meet": "092",
      "opponent": "Almaden"
    },
    {
      "name": "AlexaB",
      "stroke": "Butterfly",
      "age": "11-12",
      "gender": "Girls",
      "date": "2014-05-17",
      "time": "41.13",
      "place": "13",
      "team": "Otters",
      "yards": 0,
      "meet": "093",
      "opponent": "Trials"
    },
    {
      "name": "AlexaB",
      "stroke": "Back",
      "age": "11-12",
      "gender": "Girls",
      "date": "2014-05-17",
      "time": "41.34",
      "place": "12",
      "team": "Otters",
      "yards": 0,
      "meet": "093",
      "opponent": "Trials"
    },
    {
      "name": "AlexaB",
      "stroke": "Breast",
      "age": "11-12",
      "gender": "Girls",
      "date": "2014-05-17",
      "time": "46.82",
      "place": "11",
      "team": "Otters",
      "yards": 0,
      "meet": "093",
      "opponent": "Trials"
    },
    {
      "name": "AlexaB",
      "stroke": "Freestyle",
      "age": "11-12",
      "gender": "Girls",
      "date": "2014-05-17",
      "time": "35.78",
      "place": "12",
      "team": "Otters",
      "yards": 0,
      "meet": "093",
      "opponent": "Trials"
    },
    {
      "name": "AlexaB",
      "stroke": "Butterfly",
      "age": "11-12",
      "gender": "Girls",
      "date": "2014-06-007",
      "time": "40.90",
      "place": "9",
      "team": "Otters",
      "yards": 0,
      "meet": "095",
      "opponent": "Shadowbrook"
    },
    {
      "name": "AlexaB",
      "stroke": "Back",
      "age": "11-12",
      "gender": "Girls",
      "date": "2014-06-007",
      "time": "40.28",
      "place": "6",
      "team": "Otters",
      "yards": 0,
      "meet": "095",
      "opponent": "Shadowbrook"
    },
    {
      "name": "AlexaB",
      "stroke": "Freestyle",
      "age": "11-12",
      "gender": "Girls",
      "date": "2014-06-007",
      "time": "36.08",
      "place": "17",
      "team": "Otters",
      "yards": 0,
      "meet": "095",
      "opponent": "Shadowbrook"
    },
    {
      "name": "AlexaB",
      "stroke": "Back",
      "age": "11-12",
      "gender": "Girls",
      "date": "2014-06-14",
      "time": "39.53",
      "place": "5",
      "team": "Otters",
      "yards": 0,
      "meet": "096",
      "opponent": "Pinehurst"
    },
    {
      "name": "AlexaB",
      "stroke": "Breast",
      "age": "11-12",
      "gender": "Girls",
      "date": "2014-06-14",
      "time": "46.72",
      "place": "9",
      "team": "Otters",
      "yards": 0,
      "meet": "096",
      "opponent": "Pinehurst"
    },
    {
      "name": "AlexaB",
      "stroke": "Freestyle",
      "age": "11-12",
      "gender": "Girls",
      "date": "2014-06-14",
      "time": "34.78",
      "place": "14",
      "team": "Otters",
      "yards": 0,
      "meet": "096",
      "opponent": "Pinehurst"
    },
    {
      "name": "AlexaB",
      "stroke": "Butterfly",
      "age": "11-12",
      "gender": "Girls",
      "date": "2014-06-21",
      "time": "40.47",
      "place": "14",
      "team": "Otters",
      "yards": 0,
      "meet": "097",
      "opponent": "Crossgates"
    },
    {
      "name": "AlexaB",
      "stroke": "Back",
      "age": "11-12",
      "gender": "Girls",
      "date": "2014-06-21",
      "time": "41.62",
      "place": "17",
      "team": "Otters",
      "yards": 0,
      "meet": "097",
      "opponent": "Crossgates"
    },
    {
      "name": "AlexaB",
      "stroke": "Freestyle",
      "age": "11-12",
      "gender": "Girls",
      "date": "2014-06-21",
      "time": "35.19",
      "place": "24",
      "team": "Otters",
      "yards": 0,
      "meet": "097",
      "opponent": "Crossgates"
    },
    {
      "name": "AlexaB",
      "stroke": "Butterfly",
      "age": "11-12",
      "gender": "Girls",
      "date": "2014-06-28",
      "time": "39.72",
      "place": "15",
      "team": "Otters",
      "yards": 0,
      "meet": "098",
      "opponent": "Almaden"
    },
    {
      "name": "AlexaB",
      "stroke": "Back",
      "age": "11-12",
      "gender": "Girls",
      "date": "2014-06-28",
      "time": "40.04",
      "place": "9",
      "team": "Otters",
      "yards": 0,
      "meet": "098",
      "opponent": "Almaden"
    },
    {
      "name": "AlexaB",
      "stroke": "Freestyle",
      "age": "11-12",
      "gender": "Girls",
      "date": "2014-06-28",
      "time": "34.60",
      "place": "27",
      "team": "Otters",
      "yards": 0,
      "meet": "098",
      "opponent": "Almaden"
    },
    {
      "name": "AlexaB",
      "stroke": "Butterfly",
      "age": "11-12",
      "gender": "Girls",
      "date": "2014-07-12",
      "time": "41.00",
      "place": "38",
      "team": "Otters",
      "yards": 0,
      "meet": "099",
      "opponent": "Champs"
    },
    {
      "name": "AlexaB",
      "stroke": "Back",
      "age": "11-12",
      "gender": "Girls",
      "date": "2014-07-12",
      "time": "39.68",
      "place": "19",
      "team": "Otters",
      "yards": 0,
      "meet": "099",
      "opponent": "Champs"
    },
    {
      "name": "AlexaB",
      "stroke": "Freestyle",
      "age": "11-12",
      "gender": "Girls",
      "date": "2014-07-12",
      "time": "34.39",
      "place": "52",
      "team": "Otters",
      "yards": 0,
      "meet": "099",
      "opponent": "Champs"
    },
    {
      "name": "AlexaB",
      "stroke": "Butterfly",
      "age": "11-12",
      "gender": "Girls",
      "date": "2015-05-31",
      "time": "38.02",
      "place": "10",
      "team": "Otters",
      "yards": 0,
      "meet": "100",
      "opponent": "Trials"
    },
    {
      "name": "AlexaB",
      "stroke": "Back",
      "age": "11-12",
      "gender": "Girls",
      "date": "2015-05-31",
      "time": "39.43",
      "place": "10",
      "team": "Otters",
      "yards": 0,
      "meet": "100",
      "opponent": "Trials"
    },
    {
      "name": "AlexaB",
      "stroke": "Breast",
      "age": "11-12",
      "gender": "Girls",
      "date": "2015-05-31",
      "time": "43.62",
      "place": "9",
      "team": "Otters",
      "yards": 0,
      "meet": "100",
      "opponent": "Trials"
    },
    {
      "name": "AlexaB",
      "stroke": "Freestyle",
      "age": "11-12",
      "gender": "Girls",
      "date": "2015-05-31",
      "time": "34.49",
      "place": "13",
      "team": "Otters",
      "yards": 0,
      "meet": "100",
      "opponent": "Trials"
    },
    {
      "name": "AlexaB",
      "stroke": "Back",
      "age": "11-12",
      "gender": "Girls",
      "date": "2015-05-30",
      "time": "DQ",
      "place": "--",
      "team": "Otters",
      "yards": 0,
      "meet": "101",
      "opponent": "Almaden"
    },
    {
      "name": "AlexaB",
      "stroke": "Breast",
      "age": "11-12",
      "gender": "Girls",
      "date": "2015-05-30",
      "time": "43.50",
      "place": "10",
      "team": "Otters",
      "yards": 0,
      "meet": "101",
      "opponent": "Almaden"
    },
    {
      "name": "AlexaB",
      "stroke": "Freestyle",
      "age": "11-12",
      "gender": "Girls",
      "date": "2015-05-30",
      "time": "33.50",
      "place": "22",
      "team": "Otters",
      "yards": 0,
      "meet": "101",
      "opponent": "Almaden"
    },
    {
      "name": "AlexaB",
      "stroke": "Back",
      "age": "11-12",
      "gender": "Girls",
      "date": "2015-06-006",
      "time": "36.73",
      "place": "5",
      "team": "Otters",
      "yards": 0,
      "meet": "102",
      "opponent": "Creekside"
    },
    {
      "name": "AlexaB",
      "stroke": "Breast",
      "age": "11-12",
      "gender": "Girls",
      "date": "2015-06-006",
      "time": "43.26",
      "place": "7",
      "team": "Otters",
      "yards": 0,
      "meet": "102",
      "opponent": "Creekside"
    },
    {
      "name": "AlexaB",
      "stroke": "Back",
      "age": "11-12",
      "gender": "Girls",
      "date": "2015-06-20",
      "time": "37.78",
      "place": "5",
      "team": "Otters",
      "yards": 0,
      "meet": "104",
      "opponent": "Pinehurst"
    },
    {
      "name": "AlexaB",
      "stroke": "Breast",
      "age": "11-12",
      "gender": "Girls",
      "date": "2015-06-20",
      "time": "42.63",
      "place": "7",
      "team": "Otters",
      "yards": 0,
      "meet": "104",
      "opponent": "Pinehurst"
    },
    {
      "name": "AlexaB",
      "stroke": "Freestyle",
      "age": "11-12",
      "gender": "Girls",
      "date": "2015-06-20",
      "time": "33.06",
      "place": "13",
      "team": "Otters",
      "yards": 0,
      "meet": "104",
      "opponent": "Pinehurst"
    },
    {
      "name": "AlexaB",
      "stroke": "Back",
      "age": "11-12",
      "gender": "Girls",
      "date": "2015-06-27",
      "time": "38.90",
      "place": "7",
      "team": "Otters",
      "yards": 0,
      "meet": "105",
      "opponent": "Crossgates"
    },
    {
      "name": "AlexaB",
      "stroke": "Breast",
      "age": "11-12",
      "gender": "Girls",
      "date": "2015-06-27",
      "time": "43.73",
      "place": "6",
      "team": "Otters",
      "yards": 0,
      "meet": "105",
      "opponent": "Crossgates"
    },
    {
      "name": "AlexaB",
      "stroke": "Freestyle",
      "age": "11-12",
      "gender": "Girls",
      "date": "2015-06-27",
      "time": "35.69",
      "place": "15",
      "team": "Otters",
      "yards": 0,
      "meet": "105",
      "opponent": "Crossgates"
    },
    {
      "name": "AlexaB",
      "stroke": "Back",
      "age": "11-12",
      "gender": "Girls",
      "date": "2015-07-11",
      "time": "37.72",
      "place": "15",
      "team": "Otters",
      "yards": 0,
      "meet": "106",
      "opponent": "Champs"
    },
    {
      "name": "AlexaB",
      "stroke": "Breast",
      "age": "11-12",
      "gender": "Girls",
      "date": "2015-07-11",
      "time": "41.55",
      "place": "12",
      "team": "Otters",
      "yards": 0,
      "meet": "106",
      "opponent": "Champs"
    },
    {
      "name": "AlexaB",
      "stroke": "Freestyle",
      "age": "11-12",
      "gender": "Girls",
      "date": "2015-07-11",
      "time": "33.14",
      "place": "36",
      "team": "Otters",
      "yards": 0,
      "meet": "106",
      "opponent": "Champs"
    },
    {
      "name": "AlexaB",
      "stroke": "Butterfly",
      "age": "13-14",
      "gender": "Girls",
      "date": "2016-05-20",
      "time": "34.05",
      "place": "8",
      "team": "Otters",
      "yards": 0,
      "meet": "107",
      "opponent": "Trials"
    },
    {
      "name": "AlexaB",
      "stroke": "Back",
      "age": "13-14",
      "gender": "Girls",
      "date": "2016-05-20",
      "time": "34.45",
      "place": "5",
      "team": "Otters",
      "yards": 0,
      "meet": "107",
      "opponent": "Trials"
    },
    {
      "name": "AlexaB",
      "stroke": "Breast",
      "age": "13-14",
      "gender": "Girls",
      "date": "2016-05-20",
      "time": "39.28",
      "place": "7",
      "team": "Otters",
      "yards": 0,
      "meet": "107",
      "opponent": "Trials"
    },
    {
      "name": "AlexaB",
      "stroke": "Freestyle",
      "age": "13-14",
      "gender": "Girls",
      "date": "2016-05-20",
      "time": "31.18",
      "place": "11",
      "team": "Otters",
      "yards": 0,
      "meet": "107",
      "opponent": "Trials"
    }
  ]
}