{
  "scores": [
    {
      "name": "AlexV",
      "stroke": "Back",
      "age": "6 & Under",
      "gender": "Boys",
      "date": "2001-06-09",
      "time": "45.94",
      "place": "4",
      "team": "Otters",
      "yards": 0,
      "meet": "001",
      "opponent": "Crossgates"
    },
    {
      "name": "AlexV",
      "stroke": "Freestyle",
      "age": "6 & Under",
      "gender": "Boys",
      "date": "2001-06-09",
      "time": "38.45",
      "place": "5",
      "team": "Otters",
      "yards": 0,
      "meet": "001",
      "opponent": "Crossgates"
    },
    {
      "name": "AlexV",
      "stroke": "Back",
      "age": "6 & Under",
      "gender": "Boys",
      "date": "2001-06-16",
      "time": "46.40",
      "place": "8",
      "team": "Otters",
      "yards": 0,
      "meet": "002",
      "opponent": "Almaden"
    },
    {
      "name": "AlexV",
      "stroke": "Freestyle",
      "age": "6 & Under",
      "gender": "Boys",
      "date": "2001-06-16",
      "time": "39.46",
      "place": "8",
      "team": "Otters",
      "yards": 0,
      "meet": "002",
      "opponent": "Almaden"
    },
    {
      "name": "AlexV",
      "stroke": "Back",
      "age": "6 & Under",
      "gender": "Boys",
      "date": "2001-06-23",
      "time": "44.20",
      "place": "6",
      "team": "Otters",
      "yards": 0,
      "meet": "003",
      "opponent": "Creekside"
    },
    {
      "name": "AlexV",
      "stroke": "Freestyle",
      "age": "6 & Under",
      "gender": "Boys",
      "date": "2001-06-23",
      "time": "41.02",
      "place": "7",
      "team": "Otters",
      "yards": 0,
      "meet": "003",
      "opponent": "Creekside"
    },
    {
      "name": "AlexV",
      "stroke": "Back",
      "age": "6 & Under",
      "gender": "Boys",
      "date": "2001-06-30",
      "time": "45.79",
      "place": "8",
      "team": "Otters",
      "yards": 0,
      "meet": "004",
      "opponent": "Shadowbrook"
    },
    {
      "name": "AlexV",
      "stroke": "Freestyle",
      "age": "6 & Under",
      "gender": "Boys",
      "date": "2001-06-30",
      "time": "38.50",
      "place": "9",
      "team": "Otters",
      "yards": 0,
      "meet": "004",
      "opponent": "Shadowbrook"
    },
    {
      "name": "AlexV",
      "stroke": "Back",
      "age": "6 & Under",
      "gender": "Boys",
      "date": "2001-07-14",
      "time": "41.47",
      "place": "6",
      "team": "Otters",
      "yards": 0,
      "meet": "005",
      "opponent": "Pinehurst"
    },
    {
      "name": "AlexV",
      "stroke": "Freestyle",
      "age": "6 & Under",
      "gender": "Boys",
      "date": "2001-07-14",
      "time": "36.32",
      "place": "7",
      "team": "Otters",
      "yards": 0,
      "meet": "005",
      "opponent": "Pinehurst"
    },
    {
      "name": "AlexV",
      "stroke": "Back",
      "age": "6 & Under",
      "gender": "Boys",
      "date": "2001-07-21",
      "time": "50.19",
      "place": "21",
      "team": "Otters",
      "yards": 0,
      "meet": "006",
      "opponent": "Champs"
    },
    {
      "name": "AlexV",
      "stroke": "Freestyle",
      "age": "6 & Under",
      "gender": "Boys",
      "date": "2001-07-21",
      "time": "35.67",
      "place": "18",
      "team": "Otters",
      "yards": 0,
      "meet": "006",
      "opponent": "Champs"
    },
    {
      "name": "AlexV",
      "stroke": "Back",
      "age": "6 & Under",
      "gender": "Boys",
      "date": "2002-05-11",
      "time": "46.26",
      "place": "2",
      "team": "Otters",
      "yards": 0,
      "meet": "007",
      "opponent": "Trials"
    },
    {
      "name": "AlexV",
      "stroke": "Freestyle",
      "age": "6 & Under",
      "gender": "Boys",
      "date": "2002-05-11",
      "time": "31.16",
      "place": "2",
      "team": "Otters",
      "yards": 0,
      "meet": "007",
      "opponent": "Trials"
    },
    {
      "name": "AlexV",
      "stroke": "Back",
      "age": "6 & Under",
      "gender": "Boys",
      "date": "2002-05-31",
      "time": "44.62",
      "place": "3",
      "team": "Otters",
      "yards": 0,
      "meet": "008",
      "opponent": "Trials"
    },
    {
      "name": "AlexV",
      "stroke": "Freestyle",
      "age": "6 & Under",
      "gender": "Boys",
      "date": "2002-05-31",
      "time": "27.38",
      "place": "3",
      "team": "Otters",
      "yards": 0,
      "meet": "008",
      "opponent": "Trials"
    },
    {
      "name": "AlexV",
      "stroke": "Back",
      "age": "6 & Under",
      "gender": "Boys",
      "date": "2002-06-008",
      "time": "DQ",
      "place": "--",
      "team": "Otters",
      "yards": 0,
      "meet": "009",
      "opponent": "Pinehurst"
    },
    {
      "name": "AlexV",
      "stroke": "Freestyle",
      "age": "6 & Under",
      "gender": "Boys",
      "date": "2002-06-008",
      "time": "26.17",
      "place": "2",
      "team": "Otters",
      "yards": 0,
      "meet": "009",
      "opponent": "Pinehurst"
    },
    {
      "name": "AlexV",
      "stroke": "Back",
      "age": "6 & Under",
      "gender": "Boys",
      "date": "2002-06-15",
      "time": "42.95",
      "place": "7",
      "team": "Otters",
      "yards": 0,
      "meet": "010",
      "opponent": "Crossgates"
    },
    {
      "name": "AlexV",
      "stroke": "Freestyle",
      "age": "6 & Under",
      "gender": "Boys",
      "date": "2002-06-15",
      "time": "27.47",
      "place": "3",
      "team": "Otters",
      "yards": 0,
      "meet": "010",
      "opponent": "Crossgates"
    },
    {
      "name": "AlexV",
      "stroke": "Back",
      "age": "6 & Under",
      "gender": "Boys",
      "date": "2002-06-22",
      "time": "43.96",
      "place": "8",
      "team": "Otters",
      "yards": 0,
      "meet": "011",
      "opponent": "Almaden"
    },
    {
      "name": "AlexV",
      "stroke": "Freestyle",
      "age": "6 & Under",
      "gender": "Boys",
      "date": "2002-06-22",
      "time": "25.27",
      "place": "3",
      "team": "Otters",
      "yards": 0,
      "meet": "011",
      "opponent": "Almaden"
    },
    {
      "name": "AlexV",
      "stroke": "Back",
      "age": "6 & Under",
      "gender": "Boys",
      "date": "2002-06-29",
      "time": "35.93",
      "place": "6",
      "team": "Otters",
      "yards": 0,
      "meet": "012",
      "opponent": "Creekside"
    },
    {
      "name": "AlexV",
      "stroke": "Freestyle",
      "age": "6 & Under",
      "gender": "Boys",
      "date": "2002-06-29",
      "time": "24.09",
      "place": "4",
      "team": "Otters",
      "yards": 0,
      "meet": "012",
      "opponent": "Creekside"
    },
    {
      "name": "AlexV",
      "stroke": "Back",
      "age": "6 & Under",
      "gender": "Boys",
      "date": "2002-07-13",
      "time": "29.22",
      "place": "3",
      "team": "Otters",
      "yards": 0,
      "meet": "013",
      "opponent": "Shadowbrook"
    },
    {
      "name": "AlexV",
      "stroke": "Freestyle",
      "age": "6 & Under",
      "gender": "Boys",
      "date": "2002-07-13",
      "time": "24.10",
      "place": "2",
      "team": "Otters",
      "yards": 0,
      "meet": "013",
      "opponent": "Shadowbrook"
    },
    {
      "name": "AlexV",
      "stroke": "Back",
      "age": "6 & Under",
      "gender": "Boys",
      "date": "2002-07-20",
      "time": "30.22",
      "place": "8",
      "team": "Otters",
      "yards": 0,
      "meet": "014",
      "opponent": "Champs"
    },
    {
      "name": "AlexV",
      "stroke": "Freestyle",
      "age": "6 & Under",
      "gender": "Boys",
      "date": "2002-07-20",
      "time": "23.76",
      "place": "6",
      "team": "Otters",
      "yards": 0,
      "meet": "014",
      "opponent": "Champs"
    },
    {
      "name": "AlexV",
      "stroke": "Butterfly",
      "age": "8 & Under",
      "gender": "Boys",
      "date": "2003-05-10",
      "time": "27.35",
      "place": "2",
      "team": "Otters",
      "yards": 0,
      "meet": "015",
      "opponent": "Trials"
    },
    {
      "name": "AlexV",
      "stroke": "Back",
      "age": "7-8",
      "gender": "Boys",
      "date": "2003-05-10",
      "time": "28.52",
      "place": "1",
      "team": "Otters",
      "yards": 0,
      "meet": "015",
      "opponent": "Trials"
    },
    {
      "name": "AlexV",
      "stroke": "Breast",
      "age": "8 & Under",
      "gender": "Boys",
      "date": "2003-05-10",
      "time": "36.20",
      "place": "2",
      "team": "Otters",
      "yards": 0,
      "meet": "015",
      "opponent": "Trials"
    },
    {
      "name": "AlexV",
      "stroke": "Freestyle",
      "age": "7-8",
      "gender": "Boys",
      "date": "2003-05-10",
      "time": "21.92",
      "place": "1",
      "team": "Otters",
      "yards": 0,
      "meet": "015",
      "opponent": "Trials"
    },
    {
      "name": "AlexV",
      "stroke": "Butterfly",
      "age": "8 & Under",
      "gender": "Boys",
      "date": "2003-05-31",
      "time": "25.69",
      "place": "2",
      "team": "Otters",
      "yards": 0,
      "meet": "016",
      "opponent": "Pinehurst"
    },
    {
      "name": "AlexV",
      "stroke": "Back",
      "age": "7-8",
      "gender": "Boys",
      "date": "2003-05-31",
      "time": "27.50",
      "place": "2",
      "team": "Otters",
      "yards": 0,
      "meet": "016",
      "opponent": "Pinehurst"
    },
    {
      "name": "AlexV",
      "stroke": "Breast",
      "age": "8 & Under",
      "gender": "Boys",
      "date": "2003-05-31",
      "time": "31.37",
      "place": "2",
      "team": "Otters",
      "yards": 0,
      "meet": "016",
      "opponent": "Pinehurst"
    },
    {
      "name": "AlexV",
      "stroke": "Freestyle",
      "age": "7-8",
      "gender": "Boys",
      "date": "2003-05-31",
      "time": "21.97",
      "place": "2",
      "team": "Otters",
      "yards": 0,
      "meet": "016",
      "opponent": "Pinehurst"
    },
    {
      "name": "AlexV",
      "stroke": "Butterfly",
      "age": "8 & Under",
      "gender": "Boys",
      "date": "2003-06-009",
      "time": "28.36",
      "place": "2",
      "team": "Otters",
      "yards": 0,
      "meet": "017",
      "opponent": "Shadowbrook"
    },
    {
      "name": "AlexV",
      "stroke": "Back",
      "age": "7-8",
      "gender": "Boys",
      "date": "2003-06-009",
      "time": "29.49",
      "place": "5",
      "team": "Otters",
      "yards": 0,
      "meet": "017",
      "opponent": "Shadowbrook"
    },
    {
      "name": "AlexV",
      "stroke": "Freestyle",
      "age": "7-8",
      "gender": "Boys",
      "date": "2003-06-009",
      "time": "20.47",
      "place": "2",
      "team": "Otters",
      "yards": 0,
      "meet": "017",
      "opponent": "Shadowbrook"
    },
    {
      "name": "AlexV",
      "stroke": "Butterfly",
      "age": "8 & Under",
      "gender": "Boys",
      "date": "2003-06-14",
      "time": "27.06",
      "place": "3",
      "team": "Otters",
      "yards": 0,
      "meet": "018",
      "opponent": "Pinehurst"
    },
    {
      "name": "AlexV",
      "stroke": "Back",
      "age": "7-8",
      "gender": "Boys",
      "date": "2003-06-14",
      "time": "26.72",
      "place": "2",
      "team": "Otters",
      "yards": 0,
      "meet": "018",
      "opponent": "Pinehurst"
    },
    {
      "name": "AlexV",
      "stroke": "Freestyle",
      "age": "7-8",
      "gender": "Boys",
      "date": "2003-06-14",
      "time": "19.77",
      "place": "3",
      "team": "Otters",
      "yards": 0,
      "meet": "018",
      "opponent": "Pinehurst"
    },
    {
      "name": "AlexV",
      "stroke": "Butterfly",
      "age": "8 & Under",
      "gender": "Boys",
      "date": "2003-06-21",
      "time": "26.57",
      "place": "4",
      "team": "Otters",
      "yards": 0,
      "meet": "019",
      "opponent": "Crossgates"
    },
    {
      "name": "AlexV",
      "stroke": "Back",
      "age": "7-8",
      "gender": "Boys",
      "date": "2003-06-21",
      "time": "24.93",
      "place": "2",
      "team": "Otters",
      "yards": 0,
      "meet": "019",
      "opponent": "Crossgates"
    },
    {
      "name": "AlexV",
      "stroke": "Freestyle",
      "age": "7-8",
      "gender": "Boys",
      "date": "2003-06-21",
      "time": "18.64",
      "place": "2",
      "team": "Otters",
      "yards": 0,
      "meet": "019",
      "opponent": "Crossgates"
    },
    {
      "name": "AlexV",
      "stroke": "Butterfly",
      "age": "8 & Under",
      "gender": "Boys",
      "date": "2003-06-28",
      "time": "24.35",
      "place": "3",
      "team": "Otters",
      "yards": 0,
      "meet": "020",
      "opponent": "Almaden"
    },
    {
      "name": "AlexV",
      "stroke": "Back",
      "age": "7-8",
      "gender": "Boys",
      "date": "2003-06-28",
      "time": "24.47",
      "place": "2",
      "team": "Otters",
      "yards": 0,
      "meet": "020",
      "opponent": "Almaden"
    },
    {
      "name": "AlexV",
      "stroke": "Freestyle",
      "age": "7-8",
      "gender": "Boys",
      "date": "2003-06-28",
      "time": "18.80",
      "place": "3",
      "team": "Otters",
      "yards": 0,
      "meet": "020",
      "opponent": "Almaden"
    },
    {
      "name": "AlexV",
      "stroke": "Butterfly",
      "age": "8 & Under",
      "gender": "Boys",
      "date": "2003-07-12",
      "time": "22.67",
      "place": "2",
      "team": "Otters",
      "yards": 0,
      "meet": "021",
      "opponent": "Creekside"
    },
    {
      "name": "AlexV",
      "stroke": "Back",
      "age": "7-8",
      "gender": "Boys",
      "date": "2003-07-12",
      "time": "23.68",
      "place": "1",
      "team": "Otters",
      "yards": 0,
      "meet": "021",
      "opponent": "Creekside"
    },
    {
      "name": "AlexV",
      "stroke": "Freestyle",
      "age": "7-8",
      "gender": "Boys",
      "date": "2003-07-12",
      "time": "18.72",
      "place": "4",
      "team": "Otters",
      "yards": 0,
      "meet": "021",
      "opponent": "Creekside"
    },
    {
      "name": "AlexV",
      "stroke": "Butterfly",
      "age": "8 & Under",
      "gender": "Boys",
      "date": "2003-07-19",
      "time": "22.57",
      "place": "4",
      "team": "Otters",
      "yards": 0,
      "meet": "022",
      "opponent": "Champs"
    },
    {
      "name": "AlexV",
      "stroke": "Back",
      "age": "7-8",
      "gender": "Boys",
      "date": "2003-07-19",
      "time": "24.35",
      "place": "3",
      "team": "Otters",
      "yards": 0,
      "meet": "022",
      "opponent": "Champs"
    },
    {
      "name": "AlexV",
      "stroke": "Freestyle",
      "age": "7-8",
      "gender": "Boys",
      "date": "2003-07-19",
      "time": "18.52",
      "place": "6",
      "team": "Otters",
      "yards": 0,
      "meet": "022",
      "opponent": "Champs"
    },
    {
      "name": "AlexV",
      "stroke": "Butterfly",
      "age": "8 & Under",
      "gender": "Boys",
      "date": "2004-06-12",
      "time": "20.43",
      "place": "2",
      "team": "Otters",
      "yards": 0,
      "meet": "025",
      "opponent": "Shadowbrook"
    },
    {
      "name": "AlexV",
      "stroke": "Breast",
      "age": "8 & Under",
      "gender": "Boys",
      "date": "2004-06-12",
      "time": "22.92",
      "place": "1",
      "team": "Otters",
      "yards": 0,
      "meet": "025",
      "opponent": "Shadowbrook"
    },
    {
      "name": "AlexV",
      "stroke": "Freestyle",
      "age": "7-8",
      "gender": "Boys",
      "date": "2004-06-12",
      "time": "16.93",
      "place": "1",
      "team": "Otters",
      "yards": 0,
      "meet": "025",
      "opponent": "Shadowbrook"
    },
    {
      "name": "AlexV",
      "stroke": "Butterfly",
      "age": "8 & Under",
      "gender": "Boys",
      "date": "2004-06-19",
      "time": "21.65",
      "place": "2",
      "team": "Otters",
      "yards": 0,
      "meet": "026",
      "opponent": "Pinehurst"
    },
    {
      "name": "AlexV",
      "stroke": "Breast",
      "age": "8 & Under",
      "gender": "Boys",
      "date": "2004-06-19",
      "time": "23.81",
      "place": "2",
      "team": "Otters",
      "yards": 0,
      "meet": "026",
      "opponent": "Pinehurst"
    },
    {
      "name": "AlexV",
      "stroke": "Freestyle",
      "age": "7-8",
      "gender": "Boys",
      "date": "2004-06-19",
      "time": "16.80",
      "place": "2",
      "team": "Otters",
      "yards": 0,
      "meet": "026",
      "opponent": "Pinehurst"
    },
    {
      "name": "AlexV",
      "stroke": "Butterfly",
      "age": "8 & Under",
      "gender": "Boys",
      "date": "2004-06-26",
      "time": "22.25",
      "place": "3",
      "team": "Otters",
      "yards": 0,
      "meet": "027",
      "opponent": "Crossgates"
    },
    {
      "name": "AlexV",
      "stroke": "Breast",
      "age": "8 & Under",
      "gender": "Boys",
      "date": "2004-06-26",
      "time": "22.23",
      "place": "2",
      "team": "Otters",
      "yards": 0,
      "meet": "027",
      "opponent": "Crossgates"
    },
    {
      "name": "AlexV",
      "stroke": "Freestyle",
      "age": "7-8",
      "gender": "Boys",
      "date": "2004-06-26",
      "time": "16.93",
      "place": "3",
      "team": "Otters",
      "yards": 0,
      "meet": "027",
      "opponent": "Crossgates"
    },
    {
      "name": "AlexV",
      "stroke": "Butterfly",
      "age": "8 & Under",
      "gender": "Boys",
      "date": "2004-07-10",
      "time": "20.60",
      "place": "1",
      "team": "Otters",
      "yards": 0,
      "meet": "028",
      "opponent": "Almaden"
    },
    {
      "name": "AlexV",
      "stroke": "Breast",
      "age": "8 & Under",
      "gender": "Boys",
      "date": "2004-07-10",
      "time": "23.28",
      "place": "1",
      "team": "Otters",
      "yards": 0,
      "meet": "028",
      "opponent": "Almaden"
    },
    {
      "name": "AlexV",
      "stroke": "Freestyle",
      "age": "7-8",
      "gender": "Boys",
      "date": "2004-07-10",
      "time": "16.81",
      "place": "1",
      "team": "Otters",
      "yards": 0,
      "meet": "028",
      "opponent": "Almaden"
    },
    {
      "name": "AlexV",
      "stroke": "Butterfly",
      "age": "8 & Under",
      "gender": "Boys",
      "date": "2004-07-17",
      "time": "20.20",
      "place": "2",
      "team": "Otters",
      "yards": 0,
      "meet": "029",
      "opponent": "Champs"
    },
    {
      "name": "AlexV",
      "stroke": "Breast",
      "age": "8 & Under",
      "gender": "Boys",
      "date": "2004-07-17",
      "time": "DQ",
      "place": "--",
      "team": "Otters",
      "yards": 0,
      "meet": "029",
      "opponent": "Champs"
    },
    {
      "name": "AlexV",
      "stroke": "Freestyle",
      "age": "7-8",
      "gender": "Boys",
      "date": "2004-07-17",
      "time": "16.54",
      "place": "3",
      "team": "Otters",
      "yards": 0,
      "meet": "029",
      "opponent": "Champs"
    }
  ]
}