{
  "scores": [
    {
      "name": "AlexM",
      "stroke": "Butterfly",
      "age": "8 & Under",
      "gender": "Boys",
      "date": "2009-05-30",
      "time": "1:00.71",
      "place": "19",
      "team": "Otters",
      "yards": 0,
      "meet": "058",
      "opponent": "Trials"
    },
    {
      "name": "AlexM",
      "stroke": "Back",
      "age": "6 & Under",
      "gender": "Boys",
      "date": "2009-05-30",
      "time": "1:07.63",
      "place": "5",
      "team": "Otters",
      "yards": 0,
      "meet": "058",
      "opponent": "Trials"
    },
    {
      "name": "AlexM",
      "stroke": "Freestyle",
      "age": "6 & Under",
      "gender": "Boys",
      "date": "2009-05-30",
      "time": "1:05.78",
      "place": "5",
      "team": "Otters",
      "yards": 0,
      "meet": "058",
      "opponent": "Trials"
    },
    {
      "name": "AlexM",
      "stroke": "Back",
      "age": "6 & Under",
      "gender": "Boys",
      "date": "2009-06-006",
      "time": "46.41",
      "place": "4",
      "team": "Otters",
      "yards": 0,
      "meet": "059",
      "opponent": "Creekside"
    },
    {
      "name": "AlexM",
      "stroke": "Freestyle",
      "age": "6 & Under",
      "gender": "Boys",
      "date": "2009-06-006",
      "time": "41.34",
      "place": "6",
      "team": "Otters",
      "yards": 0,
      "meet": "059",
      "opponent": "Creekside"
    },
    {
      "name": "AlexM",
      "stroke": "Back",
      "age": "6 & Under",
      "gender": "Boys",
      "date": "2009-06-13",
      "time": "42.03",
      "place": "5",
      "team": "Otters",
      "yards": 0,
      "meet": "060",
      "opponent": "Shadowbrook"
    },
    {
      "name": "AlexM",
      "stroke": "Freestyle",
      "age": "6 & Under",
      "gender": "Boys",
      "date": "2009-06-13",
      "time": "39.13",
      "place": "8",
      "team": "Otters",
      "yards": 0,
      "meet": "060",
      "opponent": "Shadowbrook"
    },
    {
      "name": "AlexM",
      "stroke": "Back",
      "age": "6 & Under",
      "gender": "Boys",
      "date": "2009-06-20",
      "time": "46.22",
      "place": "6",
      "team": "Otters",
      "yards": 0,
      "meet": "061",
      "opponent": "Pinehurst"
    },
    {
      "name": "AlexM",
      "stroke": "Freestyle",
      "age": "6 & Under",
      "gender": "Boys",
      "date": "2009-06-20",
      "time": "34.48",
      "place": "5",
      "team": "Otters",
      "yards": 0,
      "meet": "061",
      "opponent": "Pinehurst"
    },
    {
      "name": "AlexM",
      "stroke": "Back",
      "age": "6 & Under",
      "gender": "Boys",
      "date": "2009-06-27",
      "time": "38.91",
      "place": "5",
      "team": "Otters",
      "yards": 0,
      "meet": "062",
      "opponent": "Crossgates"
    },
    {
      "name": "AlexM",
      "stroke": "Freestyle",
      "age": "6 & Under",
      "gender": "Boys",
      "date": "2009-06-27",
      "time": "31.19",
      "place": "5",
      "team": "Otters",
      "yards": 0,
      "meet": "062",
      "opponent": "Crossgates"
    },
    {
      "name": "AlexM",
      "stroke": "Back",
      "age": "6 & Under",
      "gender": "Boys",
      "date": "2009-07-11",
      "time": "30.81",
      "place": "4",
      "team": "Otters",
      "yards": 0,
      "meet": "063",
      "opponent": "Almaden"
    },
    {
      "name": "AlexM",
      "stroke": "Freestyle",
      "age": "6 & Under",
      "gender": "Boys",
      "date": "2009-07-11",
      "time": "27.31",
      "place": "4",
      "team": "Otters",
      "yards": 0,
      "meet": "063",
      "opponent": "Almaden"
    },
    {
      "name": "AlexM",
      "stroke": "Back",
      "age": "6 & Under",
      "gender": "Boys",
      "date": "2009-07-18",
      "time": "DQ",
      "place": "--",
      "team": "Otters",
      "yards": 0,
      "meet": "064",
      "opponent": "Champs"
    },
    {
      "name": "AlexM",
      "stroke": "Freestyle",
      "age": "6 & Under",
      "gender": "Boys",
      "date": "2009-07-18",
      "time": "30.38",
      "place": "18",
      "team": "Otters",
      "yards": 0,
      "meet": "064",
      "opponent": "Champs"
    },
    {
      "name": "AlexM",
      "stroke": "Butterfly",
      "age": "8 & Under",
      "gender": "Boys",
      "date": "2010-05-22",
      "time": "36.75",
      "place": "4",
      "team": "Otters",
      "yards": 0,
      "meet": "065",
      "opponent": "Trials"
    },
    {
      "name": "AlexM",
      "stroke": "Back",
      "age": "7-8",
      "gender": "Boys",
      "date": "2010-05-22",
      "time": "32.59",
      "place": "4",
      "team": "Otters",
      "yards": 0,
      "meet": "065",
      "opponent": "Trials"
    },
    {
      "name": "AlexM",
      "stroke": "Breast",
      "age": "8 & Under",
      "gender": "Boys",
      "date": "2010-05-22",
      "time": "38.63",
      "place": "6",
      "team": "Otters",
      "yards": 0,
      "meet": "065",
      "opponent": "Trials"
    },
    {
      "name": "AlexM",
      "stroke": "Freestyle",
      "age": "7-8",
      "gender": "Boys",
      "date": "2010-05-22",
      "time": "25.08",
      "place": "4",
      "team": "Otters",
      "yards": 0,
      "meet": "065",
      "opponent": "Trials"
    },
    {
      "name": "AlexM",
      "stroke": "Butterfly",
      "age": "8 & Under",
      "gender": "Boys",
      "date": "2010-06-005",
      "time": "33.75",
      "place": "7",
      "team": "Otters",
      "yards": 0,
      "meet": "066",
      "opponent": "Almaden"
    },
    {
      "name": "AlexM",
      "stroke": "Back",
      "age": "7-8",
      "gender": "Boys",
      "date": "2010-06-005",
      "time": "28.93",
      "place": "6",
      "team": "Otters",
      "yards": 0,
      "meet": "066",
      "opponent": "Almaden"
    },
    {
      "name": "AlexM",
      "stroke": "Freestyle",
      "age": "7-8",
      "gender": "Boys",
      "date": "2010-06-005",
      "time": "26.07",
      "place": "12",
      "team": "Otters",
      "yards": 0,
      "meet": "066",
      "opponent": "Almaden"
    },
    {
      "name": "AlexM",
      "stroke": "Butterfly",
      "age": "8 & Under",
      "gender": "Boys",
      "date": "2010-06-12",
      "time": "30.88",
      "place": "5",
      "team": "Otters",
      "yards": 0,
      "meet": "067",
      "opponent": "Creekside"
    },
    {
      "name": "AlexM",
      "stroke": "Breast",
      "age": "8 & Under",
      "gender": "Boys",
      "date": "2010-06-12",
      "time": "34.57",
      "place": "4",
      "team": "Otters",
      "yards": 0,
      "meet": "067",
      "opponent": "Creekside"
    },
    {
      "name": "AlexM",
      "stroke": "Butterfly",
      "age": "8 & Under",
      "gender": "Boys",
      "date": "2010-06-26",
      "time": "27.60",
      "place": "8",
      "team": "Otters",
      "yards": 0,
      "meet": "069",
      "opponent": "Pinehurst"
    },
    {
      "name": "AlexM",
      "stroke": "Back",
      "age": "7-8",
      "gender": "Boys",
      "date": "2010-06-26",
      "time": "31.58",
      "place": "17",
      "team": "Otters",
      "yards": 0,
      "meet": "069",
      "opponent": "Pinehurst"
    },
    {
      "name": "AlexM",
      "stroke": "Freestyle",
      "age": "7-8",
      "gender": "Boys",
      "date": "2010-06-26",
      "time": "24.31",
      "place": "15",
      "team": "Otters",
      "yards": 0,
      "meet": "069",
      "opponent": "Pinehurst"
    },
    {
      "name": "AlexM",
      "stroke": "Butterfly",
      "age": "8 & Under",
      "gender": "Boys",
      "date": "2010-07-10",
      "time": "27.57",
      "place": "7",
      "team": "Otters",
      "yards": 0,
      "meet": "070",
      "opponent": "Crossgates"
    },
    {
      "name": "AlexM",
      "stroke": "Back",
      "age": "7-8",
      "gender": "Boys",
      "date": "2010-07-10",
      "time": "29.29",
      "place": "9",
      "team": "Otters",
      "yards": 0,
      "meet": "070",
      "opponent": "Crossgates"
    },
    {
      "name": "AlexM",
      "stroke": "Freestyle",
      "age": "7-8",
      "gender": "Boys",
      "date": "2010-07-10",
      "time": "24.50",
      "place": "16",
      "team": "Otters",
      "yards": 0,
      "meet": "070",
      "opponent": "Crossgates"
    },
    {
      "name": "AlexM",
      "stroke": "Butterfly",
      "age": "8 & Under",
      "gender": "Boys",
      "date": "2010-07-17",
      "time": "28.50",
      "place": "21",
      "team": "Otters",
      "yards": 0,
      "meet": "071",
      "opponent": "Champs"
    },
    {
      "name": "AlexM",
      "stroke": "Back",
      "age": "7-8",
      "gender": "Boys",
      "date": "2010-07-17",
      "time": "31.37",
      "place": "42",
      "team": "Otters",
      "yards": 0,
      "meet": "071",
      "opponent": "Champs"
    },
    {
      "name": "AlexM",
      "stroke": "Freestyle",
      "age": "7-8",
      "gender": "Boys",
      "date": "2010-07-17",
      "time": "24.93",
      "place": "47",
      "team": "Otters",
      "yards": 0,
      "meet": "071",
      "opponent": "Champs"
    },
    {
      "name": "AlexM",
      "stroke": "Butterfly",
      "age": "8 & Under",
      "gender": "Boys",
      "date": "2011-05-21",
      "time": "36.40",
      "place": "9",
      "team": "Otters",
      "yards": 0,
      "meet": "072",
      "opponent": "Trials"
    },
    {
      "name": "AlexM",
      "stroke": "Back",
      "age": "7-8",
      "gender": "Boys",
      "date": "2011-05-21",
      "time": "27.30",
      "place": "2",
      "team": "Otters",
      "yards": 0,
      "meet": "072",
      "opponent": "Trials"
    },
    {
      "name": "AlexM",
      "stroke": "Breast",
      "age": "8 & Under",
      "gender": "Boys",
      "date": "2011-05-21",
      "time": "32.31",
      "place": "5",
      "team": "Otters",
      "yards": 0,
      "meet": "072",
      "opponent": "Trials"
    },
    {
      "name": "AlexM",
      "stroke": "Freestyle",
      "age": "7-8",
      "gender": "Boys",
      "date": "2011-05-21",
      "time": "21.95",
      "place": "2",
      "team": "Otters",
      "yards": 0,
      "meet": "072",
      "opponent": "Trials"
    },
    {
      "name": "AlexM",
      "stroke": "Butterfly",
      "age": "8 & Under",
      "gender": "Boys",
      "date": "2011-06-004",
      "time": "27.61",
      "place": "2",
      "team": "Otters",
      "yards": 0,
      "meet": "073",
      "opponent": "Crossgates"
    },
    {
      "name": "AlexM",
      "stroke": "Back",
      "age": "7-8",
      "gender": "Boys",
      "date": "2011-06-004",
      "time": "29.43",
      "place": "5",
      "team": "Otters",
      "yards": 0,
      "meet": "073",
      "opponent": "Crossgates"
    },
    {
      "name": "AlexM",
      "stroke": "Freestyle",
      "age": "7-8",
      "gender": "Boys",
      "date": "2011-06-004",
      "time": "23.44",
      "place": "6",
      "team": "Otters",
      "yards": 0,
      "meet": "073",
      "opponent": "Crossgates"
    },
    {
      "name": "AlexM",
      "stroke": "Butterfly",
      "age": "8 & Under",
      "gender": "Boys",
      "date": "2011-06-11",
      "time": "DQ",
      "place": "--",
      "team": "Otters",
      "yards": 0,
      "meet": "074",
      "opponent": "Almaden"
    },
    {
      "name": "AlexM",
      "stroke": "Back",
      "age": "7-8",
      "gender": "Boys",
      "date": "2011-06-11",
      "time": "28.38",
      "place": "3",
      "team": "Otters",
      "yards": 0,
      "meet": "074",
      "opponent": "Almaden"
    },
    {
      "name": "AlexM",
      "stroke": "Freestyle",
      "age": "7-8",
      "gender": "Boys",
      "date": "2011-06-11",
      "time": "20.59",
      "place": "5",
      "team": "Otters",
      "yards": 0,
      "meet": "074",
      "opponent": "Almaden"
    },
    {
      "name": "AlexM",
      "stroke": "Butterfly",
      "age": "8 & Under",
      "gender": "Boys",
      "date": "2011-06-18",
      "time": "DQ",
      "place": "--",
      "team": "Otters",
      "yards": 0,
      "meet": "075",
      "opponent": "Creekside"
    },
    {
      "name": "AlexM",
      "stroke": "Back",
      "age": "7-8",
      "gender": "Boys",
      "date": "2011-06-18",
      "time": "28.99",
      "place": "5",
      "team": "Otters",
      "yards": 0,
      "meet": "075",
      "opponent": "Creekside"
    },
    {
      "name": "AlexM",
      "stroke": "Freestyle",
      "age": "7-8",
      "gender": "Boys",
      "date": "2011-06-18",
      "time": "21.03",
      "place": "4",
      "team": "Otters",
      "yards": 0,
      "meet": "075",
      "opponent": "Creekside"
    },
    {
      "name": "AlexM",
      "stroke": "Butterfly",
      "age": "8 & Under",
      "gender": "Boys",
      "date": "2011-06-25",
      "time": "DQ",
      "place": "--",
      "team": "Otters",
      "yards": 0,
      "meet": "076",
      "opponent": "Shadowbrook"
    },
    {
      "name": "AlexM",
      "stroke": "Back",
      "age": "7-8",
      "gender": "Boys",
      "date": "2011-06-25",
      "time": "29.09",
      "place": "7",
      "team": "Otters",
      "yards": 0,
      "meet": "076",
      "opponent": "Shadowbrook"
    },
    {
      "name": "AlexM",
      "stroke": "Freestyle",
      "age": "7-8",
      "gender": "Boys",
      "date": "2011-06-25",
      "time": "20.12",
      "place": "5",
      "team": "Otters",
      "yards": 0,
      "meet": "076",
      "opponent": "Shadowbrook"
    },
    {
      "name": "AlexM",
      "stroke": "Butterfly",
      "age": "8 & Under",
      "gender": "Boys",
      "date": "2011-07-009",
      "time": "29.82",
      "place": "3",
      "team": "Otters",
      "yards": 0,
      "meet": "077",
      "opponent": "Pinehurst"
    },
    {
      "name": "AlexM",
      "stroke": "Back",
      "age": "7-8",
      "gender": "Boys",
      "date": "2011-07-009",
      "time": "26.60",
      "place": "3",
      "team": "Otters",
      "yards": 0,
      "meet": "077",
      "opponent": "Pinehurst"
    },
    {
      "name": "AlexM",
      "stroke": "Freestyle",
      "age": "7-8",
      "gender": "Boys",
      "date": "2011-07-009",
      "time": "18.65",
      "place": "2",
      "team": "Otters",
      "yards": 0,
      "meet": "077",
      "opponent": "Pinehurst"
    },
    {
      "name": "AlexM",
      "stroke": "Butterfly",
      "age": "8 & Under",
      "gender": "Boys",
      "date": "2011-07-16",
      "time": "28.73",
      "place": "13",
      "team": "Otters",
      "yards": 0,
      "meet": "078",
      "opponent": "Champs"
    },
    {
      "name": "AlexM",
      "stroke": "Back",
      "age": "7-8",
      "gender": "Boys",
      "date": "2011-07-16",
      "time": "26.91",
      "place": "13",
      "team": "Otters",
      "yards": 0,
      "meet": "078",
      "opponent": "Champs"
    },
    {
      "name": "AlexM",
      "stroke": "Freestyle",
      "age": "7-8",
      "gender": "Boys",
      "date": "2011-07-16",
      "time": "18.15",
      "place": "5",
      "team": "Otters",
      "yards": 0,
      "meet": "078",
      "opponent": "Champs"
    },
    {
      "name": "AlexM",
      "stroke": "Butterfly",
      "age": "9-10",
      "gender": "Boys",
      "date": "2012-05-19",
      "time": "25.16",
      "place": "8",
      "team": "Otters",
      "yards": 0,
      "meet": "079",
      "opponent": "Trials"
    },
    {
      "name": "AlexM",
      "stroke": "Back",
      "age": "9-10",
      "gender": "Boys",
      "date": "2012-05-19",
      "time": "24.31",
      "place": "7",
      "team": "Otters",
      "yards": 0,
      "meet": "079",
      "opponent": "Trials"
    },
    {
      "name": "AlexM",
      "stroke": "Breast",
      "age": "9-10",
      "gender": "Boys",
      "date": "2012-05-19",
      "time": "25.90",
      "place": "8",
      "team": "Otters",
      "yards": 0,
      "meet": "079",
      "opponent": "Trials"
    },
    {
      "name": "AlexM",
      "stroke": "Freestyle",
      "age": "9-10",
      "gender": "Boys",
      "date": "2012-05-19",
      "time": "18.83",
      "place": "6",
      "team": "Otters",
      "yards": 0,
      "meet": "079",
      "opponent": "Trials"
    },
    {
      "name": "AlexM",
      "stroke": "Butterfly",
      "age": "9-10",
      "gender": "Boys",
      "date": "2012-06-002",
      "time": "21.63",
      "place": "6",
      "team": "Otters",
      "yards": 0,
      "meet": "080",
      "opponent": "Pinehurst"
    },
    {
      "name": "AlexM",
      "stroke": "Back",
      "age": "9-10",
      "gender": "Boys",
      "date": "2012-06-002",
      "time": "23.57",
      "place": "11",
      "team": "Otters",
      "yards": 0,
      "meet": "080",
      "opponent": "Pinehurst"
    },
    {
      "name": "AlexM",
      "stroke": "Freestyle",
      "age": "9-10",
      "gender": "Boys",
      "date": "2012-06-002",
      "time": "18.82",
      "place": "15",
      "team": "Otters",
      "yards": 0,
      "meet": "080",
      "opponent": "Pinehurst"
    },
    {
      "name": "AlexM",
      "stroke": "Butterfly",
      "age": "9-10",
      "gender": "Boys",
      "date": "2012-06-009",
      "time": "22.69",
      "place": "10",
      "team": "Otters",
      "yards": 0,
      "meet": "081",
      "opponent": "Crossgates"
    },
    {
      "name": "AlexM",
      "stroke": "Back",
      "age": "9-10",
      "gender": "Boys",
      "date": "2012-06-009",
      "time": "24.81",
      "place": "8",
      "team": "Otters",
      "yards": 0,
      "meet": "081",
      "opponent": "Crossgates"
    },
    {
      "name": "AlexM",
      "stroke": "Freestyle",
      "age": "9-10",
      "gender": "Boys",
      "date": "2012-06-009",
      "time": "18.13",
      "place": "13",
      "team": "Otters",
      "yards": 0,
      "meet": "081",
      "opponent": "Crossgates"
    },
    {
      "name": "AlexM",
      "stroke": "Butterfly",
      "age": "9-10",
      "gender": "Boys",
      "date": "2012-06-16",
      "time": "22.77",
      "place": "12",
      "team": "Otters",
      "yards": 0,
      "meet": "082",
      "opponent": "Almaden"
    },
    {
      "name": "AlexM",
      "stroke": "Breast",
      "age": "9-10",
      "gender": "Boys",
      "date": "2012-06-16",
      "time": "DQ",
      "place": "--",
      "team": "Otters",
      "yards": 0,
      "meet": "082",
      "opponent": "Almaden"
    },
    {
      "name": "AlexM",
      "stroke": "Freestyle",
      "age": "9-10",
      "gender": "Boys",
      "date": "2012-06-16",
      "time": "17.78",
      "place": "11",
      "team": "Otters",
      "yards": 0,
      "meet": "082",
      "opponent": "Almaden"
    },
    {
      "name": "AlexM",
      "stroke": "Butterfly",
      "age": "9-10",
      "gender": "Boys",
      "date": "2012-06-30",
      "time": "21.59",
      "place": "12",
      "team": "Otters",
      "yards": 0,
      "meet": "084",
      "opponent": "Shadowbrook"
    },
    {
      "name": "AlexM",
      "stroke": "Breast",
      "age": "9-10",
      "gender": "Boys",
      "date": "2012-06-30",
      "time": "26.64",
      "place": "13",
      "team": "Otters",
      "yards": 0,
      "meet": "084",
      "opponent": "Shadowbrook"
    },
    {
      "name": "AlexM",
      "stroke": "Freestyle",
      "age": "9-10",
      "gender": "Boys",
      "date": "2012-06-30",
      "time": "16.90",
      "place": "8",
      "team": "Otters",
      "yards": 0,
      "meet": "084",
      "opponent": "Shadowbrook"
    },
    {
      "name": "AlexM",
      "stroke": "Butterfly",
      "age": "9-10",
      "gender": "Boys",
      "date": "2012-07-14",
      "time": "21.07",
      "place": "24",
      "team": "Otters",
      "yards": 0,
      "meet": "085",
      "opponent": "Champs"
    },
    {
      "name": "AlexM",
      "stroke": "Breast",
      "age": "9-10",
      "gender": "Boys",
      "date": "2012-07-14",
      "time": "27.30",
      "place": "36",
      "team": "Otters",
      "yards": 0,
      "meet": "085",
      "opponent": "Champs"
    },
    {
      "name": "AlexM",
      "stroke": "Freestyle",
      "age": "9-10",
      "gender": "Boys",
      "date": "2012-07-14",
      "time": "18.28",
      "place": "47",
      "team": "Otters",
      "yards": 0,
      "meet": "085",
      "opponent": "Champs"
    },
    {
      "name": "AlexM",
      "stroke": "Butterfly",
      "age": "9-10",
      "gender": "Boys",
      "date": "2013-05-18",
      "time": "19.32",
      "place": "3",
      "team": "Otters",
      "yards": 0,
      "meet": "086",
      "opponent": "Trials"
    },
    {
      "name": "AlexM",
      "stroke": "Back",
      "age": "9-10",
      "gender": "Boys",
      "date": "2013-05-18",
      "time": "22.84",
      "place": "3",
      "team": "Otters",
      "yards": 0,
      "meet": "086",
      "opponent": "Trials"
    },
    {
      "name": "AlexM",
      "stroke": "Breast",
      "age": "9-10",
      "gender": "Boys",
      "date": "2013-05-18",
      "time": "25.28",
      "place": "3",
      "team": "Otters",
      "yards": 0,
      "meet": "086",
      "opponent": "Trials"
    },
    {
      "name": "AlexM",
      "stroke": "Freestyle",
      "age": "9-10",
      "gender": "Boys",
      "date": "2013-05-18",
      "time": "16.31",
      "place": "3",
      "team": "Otters",
      "yards": 0,
      "meet": "086",
      "opponent": "Trials"
    },
    {
      "name": "AlexM",
      "stroke": "Butterfly",
      "age": "9-10",
      "gender": "Boys",
      "date": "2013-06-001",
      "time": "DQ",
      "place": "--",
      "team": "Otters",
      "yards": 0,
      "meet": "087",
      "opponent": "Shadowbrook"
    },
    {
      "name": "AlexM",
      "stroke": "Back",
      "age": "9-10",
      "gender": "Boys",
      "date": "2013-06-001",
      "time": "23.34",
      "place": "9",
      "team": "Otters",
      "yards": 0,
      "meet": "087",
      "opponent": "Shadowbrook"
    },
    {
      "name": "AlexM",
      "stroke": "Freestyle",
      "age": "9-10",
      "gender": "Boys",
      "date": "2013-06-001",
      "time": "16.61",
      "place": "5",
      "team": "Otters",
      "yards": 0,
      "meet": "087",
      "opponent": "Shadowbrook"
    },
    {
      "name": "AlexM",
      "stroke": "Butterfly",
      "age": "9-10",
      "gender": "Boys",
      "date": "2013-06-008",
      "time": "20.95",
      "place": "4",
      "team": "Otters",
      "yards": 0,
      "meet": "088",
      "opponent": "Pinehurst"
    },
    {
      "name": "AlexM",
      "stroke": "Back",
      "age": "9-10",
      "gender": "Boys",
      "date": "2013-06-008",
      "time": "23.13",
      "place": "5",
      "team": "Otters",
      "yards": 0,
      "meet": "088",
      "opponent": "Pinehurst"
    },
    {
      "name": "AlexM",
      "stroke": "Freestyle",
      "age": "9-10",
      "gender": "Boys",
      "date": "2013-06-008",
      "time": "16.32",
      "place": "3",
      "team": "Otters",
      "yards": 0,
      "meet": "088",
      "opponent": "Pinehurst"
    },
    {
      "name": "AlexM",
      "stroke": "Butterfly",
      "age": "9-10",
      "gender": "Boys",
      "date": "2013-06-15",
      "time": "20.95",
      "place": "5",
      "team": "Otters",
      "yards": 0,
      "meet": "089",
      "opponent": "Crossgates"
    },
    {
      "name": "AlexM",
      "stroke": "Back",
      "age": "9-10",
      "gender": "Boys",
      "date": "2013-06-15",
      "time": "23.07",
      "place": "8",
      "team": "Otters",
      "yards": 0,
      "meet": "089",
      "opponent": "Crossgates"
    },
    {
      "name": "AlexM",
      "stroke": "Freestyle",
      "age": "9-10",
      "gender": "Boys",
      "date": "2013-06-15",
      "time": "16.80",
      "place": "8",
      "team": "Otters",
      "yards": 0,
      "meet": "089",
      "opponent": "Crossgates"
    },
    {
      "name": "AlexM",
      "stroke": "Butterfly",
      "age": "9-10",
      "gender": "Boys",
      "date": "2013-06-22",
      "time": "19.97",
      "place": "6",
      "team": "Otters",
      "yards": 0,
      "meet": "090",
      "opponent": "Almaden"
    },
    {
      "name": "AlexM",
      "stroke": "Back",
      "age": "9-10",
      "gender": "Boys",
      "date": "2013-06-22",
      "time": "22.84",
      "place": "7",
      "team": "Otters",
      "yards": 0,
      "meet": "090",
      "opponent": "Almaden"
    },
    {
      "name": "AlexM",
      "stroke": "Freestyle",
      "age": "9-10",
      "gender": "Boys",
      "date": "2013-06-22",
      "time": "16.50",
      "place": "6",
      "team": "Otters",
      "yards": 0,
      "meet": "090",
      "opponent": "Almaden"
    },
    {
      "name": "AlexM",
      "stroke": "Butterfly",
      "age": "9-10",
      "gender": "Boys",
      "date": "2013-06-29",
      "time": "18.81",
      "place": "3",
      "team": "Otters",
      "yards": 0,
      "meet": "091",
      "opponent": "Creekside"
    },
    {
      "name": "AlexM",
      "stroke": "Back",
      "age": "9-10",
      "gender": "Boys",
      "date": "2013-06-29",
      "time": "21.96",
      "place": "3",
      "team": "Otters",
      "yards": 0,
      "meet": "091",
      "opponent": "Creekside"
    },
    {
      "name": "AlexM",
      "stroke": "Freestyle",
      "age": "9-10",
      "gender": "Boys",
      "date": "2013-06-29",
      "time": "15.99",
      "place": "3",
      "team": "Otters",
      "yards": 0,
      "meet": "091",
      "opponent": "Creekside"
    },
    {
      "name": "AlexM",
      "stroke": "Butterfly",
      "age": "9-10",
      "gender": "Boys",
      "date": "2013-07-13",
      "time": "19.91",
      "place": "14",
      "team": "Otters",
      "yards": 0,
      "meet": "092",
      "opponent": "Almaden"
    },
    {
      "name": "AlexM",
      "stroke": "Back",
      "age": "9-10",
      "gender": "Boys",
      "date": "2013-07-13",
      "time": "21.87",
      "place": "13",
      "team": "Otters",
      "yards": 0,
      "meet": "092",
      "opponent": "Almaden"
    },
    {
      "name": "AlexM",
      "stroke": "Freestyle",
      "age": "9-10",
      "gender": "Boys",
      "date": "2013-07-13",
      "time": "16.55",
      "place": "20",
      "team": "Otters",
      "yards": 0,
      "meet": "092",
      "opponent": "Almaden"
    },
    {
      "name": "AlexM",
      "stroke": "Butterfly",
      "age": "11-12",
      "gender": "Boys",
      "date": "2015-05-31",
      "time": "49.43",
      "place": "11",
      "team": "Otters",
      "yards": 0,
      "meet": "100",
      "opponent": "Trials"
    },
    {
      "name": "AlexM",
      "stroke": "Back",
      "age": "11-12",
      "gender": "Boys",
      "date": "2015-05-31",
      "time": "51.08",
      "place": "9",
      "team": "Otters",
      "yards": 0,
      "meet": "100",
      "opponent": "Trials"
    },
    {
      "name": "AlexM",
      "stroke": "Breast",
      "age": "11-12",
      "gender": "Boys",
      "date": "2015-05-31",
      "time": "51.09",
      "place": "8",
      "team": "Otters",
      "yards": 0,
      "meet": "100",
      "opponent": "Trials"
    },
    {
      "name": "AlexM",
      "stroke": "Freestyle",
      "age": "11-12",
      "gender": "Boys",
      "date": "2015-05-31",
      "time": "36.70",
      "place": "7",
      "team": "Otters",
      "yards": 0,
      "meet": "100",
      "opponent": "Trials"
    },
    {
      "name": "AlexM",
      "stroke": "Back",
      "age": "11-12",
      "gender": "Boys",
      "date": "2015-05-30",
      "time": "44.32",
      "place": "9",
      "team": "Otters",
      "yards": 0,
      "meet": "101",
      "opponent": "Almaden"
    },
    {
      "name": "AlexM",
      "stroke": "Breast",
      "age": "11-12",
      "gender": "Boys",
      "date": "2015-05-30",
      "time": "52.94",
      "place": "13",
      "team": "Otters",
      "yards": 0,
      "meet": "101",
      "opponent": "Almaden"
    },
    {
      "name": "AlexM",
      "stroke": "Freestyle",
      "age": "11-12",
      "gender": "Boys",
      "date": "2015-05-30",
      "time": "34.34",
      "place": "11",
      "team": "Otters",
      "yards": 0,
      "meet": "101",
      "opponent": "Almaden"
    },
    {
      "name": "AlexM",
      "stroke": "Back",
      "age": "11-12",
      "gender": "Boys",
      "date": "2015-06-006",
      "time": "44.43",
      "place": "5",
      "team": "Otters",
      "yards": 0,
      "meet": "102",
      "opponent": "Creekside"
    },
    {
      "name": "AlexM",
      "stroke": "Breast",
      "age": "11-12",
      "gender": "Boys",
      "date": "2015-06-006",
      "time": "49.09",
      "place": "5",
      "team": "Otters",
      "yards": 0,
      "meet": "102",
      "opponent": "Creekside"
    },
    {
      "name": "AlexM",
      "stroke": "Freestyle",
      "age": "11-12",
      "gender": "Boys",
      "date": "2015-06-006",
      "time": "34.67",
      "place": "6",
      "team": "Otters",
      "yards": 0,
      "meet": "102",
      "opponent": "Creekside"
    },
    {
      "name": "AlexM",
      "stroke": "Back",
      "age": "11-12",
      "gender": "Boys",
      "date": "2015-06-13",
      "time": "45.95",
      "place": "9",
      "team": "Otters",
      "yards": 0,
      "meet": "103",
      "opponent": "Shadowbrook"
    },
    {
      "name": "AlexM",
      "stroke": "Breast",
      "age": "11-12",
      "gender": "Boys",
      "date": "2015-06-13",
      "time": "50.83",
      "place": "8",
      "team": "Otters",
      "yards": 0,
      "meet": "103",
      "opponent": "Shadowbrook"
    },
    {
      "name": "AlexM",
      "stroke": "Freestyle",
      "age": "11-12",
      "gender": "Boys",
      "date": "2015-06-13",
      "time": "35.96",
      "place": "11",
      "team": "Otters",
      "yards": 0,
      "meet": "103",
      "opponent": "Shadowbrook"
    },
    {
      "name": "AlexM",
      "stroke": "Back",
      "age": "11-12",
      "gender": "Boys",
      "date": "2015-06-20",
      "time": "45.21",
      "place": "8",
      "team": "Otters",
      "yards": 0,
      "meet": "104",
      "opponent": "Pinehurst"
    },
    {
      "name": "AlexM",
      "stroke": "Breast",
      "age": "11-12",
      "gender": "Boys",
      "date": "2015-06-20",
      "time": "48.87",
      "place": "6",
      "team": "Otters",
      "yards": 0,
      "meet": "104",
      "opponent": "Pinehurst"
    },
    {
      "name": "AlexM",
      "stroke": "Freestyle",
      "age": "11-12",
      "gender": "Boys",
      "date": "2015-06-20",
      "time": "34.12",
      "place": "10",
      "team": "Otters",
      "yards": 0,
      "meet": "104",
      "opponent": "Pinehurst"
    },
    {
      "name": "AlexM",
      "stroke": "Back",
      "age": "11-12",
      "gender": "Boys",
      "date": "2015-07-11",
      "time": "43.76",
      "place": "18",
      "team": "Otters",
      "yards": 0,
      "meet": "106",
      "opponent": "Champs"
    },
    {
      "name": "AlexM",
      "stroke": "Breast",
      "age": "11-12",
      "gender": "Boys",
      "date": "2015-07-11",
      "time": "DQ",
      "place": "--",
      "team": "Otters",
      "yards": 0,
      "meet": "106",
      "opponent": "Champs"
    },
    {
      "name": "AlexM",
      "stroke": "Freestyle",
      "age": "11-12",
      "gender": "Boys",
      "date": "2015-07-11",
      "time": "34.87",
      "place": "25",
      "team": "Otters",
      "yards": 0,
      "meet": "106",
      "opponent": "Champs"
    },
    {
      "name": "AlexM",
      "stroke": "Butterfly",
      "age": "13-14",
      "gender": "Boys",
      "date": "2016-05-20",
      "time": "41.33",
      "place": "9",
      "team": "Otters",
      "yards": 0,
      "meet": "107",
      "opponent": "Trials"
    },
    {
      "name": "AlexM",
      "stroke": "Back",
      "age": "13-14",
      "gender": "Boys",
      "date": "2016-05-20",
      "time": "41.80",
      "place": "9",
      "team": "Otters",
      "yards": 0,
      "meet": "107",
      "opponent": "Trials"
    },
    {
      "name": "AlexM",
      "stroke": "Breast",
      "age": "13-14",
      "gender": "Boys",
      "date": "2016-05-20",
      "time": "50.05",
      "place": "11",
      "team": "Otters",
      "yards": 0,
      "meet": "107",
      "opponent": "Trials"
    },
    {
      "name": "AlexM",
      "stroke": "Freestyle",
      "age": "13-14",
      "gender": "Boys",
      "date": "2016-05-20",
      "time": "34.23",
      "place": "10",
      "team": "Otters",
      "yards": 0,
      "meet": "107",
      "opponent": "Trials"
    }
  ]
}