{
  "scores": [
    {
      "name": "AmandaR",
      "stroke": "Butterfly",
      "age": "13-14",
      "gender": "Girls",
      "date": "2014-05-17",
      "time": "46.58",
      "place": "12",
      "team": "Otters",
      "yards": 0,
      "meet": "093",
      "opponent": "Trials"
    },
    {
      "name": "AmandaR",
      "stroke": "Back",
      "age": "13-14",
      "gender": "Girls",
      "date": "2014-05-17",
      "time": "51.87",
      "place": "16",
      "team": "Otters",
      "yards": 0,
      "meet": "093",
      "opponent": "Trials"
    },
    {
      "name": "AmandaR",
      "stroke": "Breast",
      "age": "13-14",
      "gender": "Girls",
      "date": "2014-05-17",
      "time": "1:03.68",
      "place": "16",
      "team": "Otters",
      "yards": 0,
      "meet": "093",
      "opponent": "Trials"
    },
    {
      "name": "AmandaR",
      "stroke": "Freestyle",
      "age": "13-14",
      "gender": "Girls",
      "date": "2014-05-17",
      "time": "39.19",
      "place": "16",
      "team": "Otters",
      "yards": 0,
      "meet": "093",
      "opponent": "Trials"
    },
    {
      "name": "AmandaR",
      "stroke": "Butterfly",
      "age": "13-14",
      "gender": "Girls",
      "date": "2014-06-007",
      "time": "DQ",
      "place": "--",
      "team": "Otters",
      "yards": 0,
      "meet": "095",
      "opponent": "Shadowbrook"
    },
    {
      "name": "AmandaR",
      "stroke": "Breast",
      "age": "13-14",
      "gender": "Girls",
      "date": "2014-06-007",
      "time": "DQ",
      "place": "--",
      "team": "Otters",
      "yards": 0,
      "meet": "095",
      "opponent": "Shadowbrook"
    },
    {
      "name": "AmandaR",
      "stroke": "Freestyle",
      "age": "13-14",
      "gender": "Girls",
      "date": "2014-06-007",
      "time": "43.41",
      "place": "24",
      "team": "Otters",
      "yards": 0,
      "meet": "095",
      "opponent": "Shadowbrook"
    },
    {
      "name": "AmandaR",
      "stroke": "Butterfly",
      "age": "13-14",
      "gender": "Girls",
      "date": "2014-06-21",
      "time": "50.07",
      "place": "16",
      "team": "Otters",
      "yards": 0,
      "meet": "097",
      "opponent": "Crossgates"
    },
    {
      "name": "AmandaR",
      "stroke": "Breast",
      "age": "13-14",
      "gender": "Girls",
      "date": "2014-06-21",
      "time": "DQ",
      "place": "--",
      "team": "Otters",
      "yards": 0,
      "meet": "097",
      "opponent": "Crossgates"
    },
    {
      "name": "AmandaR",
      "stroke": "Freestyle",
      "age": "13-14",
      "gender": "Girls",
      "date": "2014-06-21",
      "time": "41.03",
      "place": "26",
      "team": "Otters",
      "yards": 0,
      "meet": "097",
      "opponent": "Crossgates"
    },
    {
      "name": "AmandaR",
      "stroke": "Butterfly",
      "age": "13-14",
      "gender": "Girls",
      "date": "2014-06-28",
      "time": "49.81",
      "place": "22",
      "team": "Otters",
      "yards": 0,
      "meet": "098",
      "opponent": "Almaden"
    },
    {
      "name": "AmandaR",
      "stroke": "Butterfly",
      "age": "13-14",
      "gender": "Girls",
      "date": "2014-07-12",
      "time": "47.62",
      "place": "47",
      "team": "Otters",
      "yards": 0,
      "meet": "099",
      "opponent": "Champs"
    },
    {
      "name": "AmandaR",
      "stroke": "Breast",
      "age": "13-14",
      "gender": "Girls",
      "date": "2014-07-12",
      "time": "DQ",
      "place": "--",
      "team": "Otters",
      "yards": 0,
      "meet": "099",
      "opponent": "Champs"
    },
    {
      "name": "AmandaR",
      "stroke": "Freestyle",
      "age": "13-14",
      "gender": "Girls",
      "date": "2014-07-12",
      "time": "40.04",
      "place": "72",
      "team": "Otters",
      "yards": 0,
      "meet": "099",
      "opponent": "Champs"
    },
    {
      "name": "AmandaR",
      "stroke": "Butterfly",
      "age": "13-14",
      "gender": "Girls",
      "date": "2015-05-31",
      "time": "47.88",
      "place": "16",
      "team": "Otters",
      "yards": 0,
      "meet": "100",
      "opponent": "Trials"
    },
    {
      "name": "AmandaR",
      "stroke": "Back",
      "age": "13-14",
      "gender": "Girls",
      "date": "2015-05-31",
      "time": "48.24",
      "place": "16",
      "team": "Otters",
      "yards": 0,
      "meet": "100",
      "opponent": "Trials"
    },
    {
      "name": "AmandaR",
      "stroke": "Breast",
      "age": "13-14",
      "gender": "Girls",
      "date": "2015-05-31",
      "time": "56.63",
      "place": "18",
      "team": "Otters",
      "yards": 0,
      "meet": "100",
      "opponent": "Trials"
    },
    {
      "name": "AmandaR",
      "stroke": "Freestyle",
      "age": "13-14",
      "gender": "Girls",
      "date": "2015-05-31",
      "time": "41.56",
      "place": "17",
      "team": "Otters",
      "yards": 0,
      "meet": "100",
      "opponent": "Trials"
    },
    {
      "name": "AmandaR",
      "stroke": "Back",
      "age": "13-14",
      "gender": "Girls",
      "date": "2015-05-30",
      "time": "48.00",
      "place": "13",
      "team": "Otters",
      "yards": 0,
      "meet": "101",
      "opponent": "Almaden"
    },
    {
      "name": "AmandaR",
      "stroke": "Breast",
      "age": "13-14",
      "gender": "Girls",
      "date": "2015-05-30",
      "time": "54.03",
      "place": "20",
      "team": "Otters",
      "yards": 0,
      "meet": "101",
      "opponent": "Almaden"
    },
    {
      "name": "AmandaR",
      "stroke": "Freestyle",
      "age": "13-14",
      "gender": "Girls",
      "date": "2015-05-30",
      "time": "41.09",
      "place": "28",
      "team": "Otters",
      "yards": 0,
      "meet": "101",
      "opponent": "Almaden"
    },
    {
      "name": "AmandaR",
      "stroke": "Back",
      "age": "13-14",
      "gender": "Girls",
      "date": "2015-06-006",
      "time": "47.07",
      "place": "20",
      "team": "Otters",
      "yards": 0,
      "meet": "102",
      "opponent": "Creekside"
    },
    {
      "name": "AmandaR",
      "stroke": "Breast",
      "age": "13-14",
      "gender": "Girls",
      "date": "2015-06-006",
      "time": "50.89",
      "place": "19",
      "team": "Otters",
      "yards": 0,
      "meet": "102",
      "opponent": "Creekside"
    },
    {
      "name": "AmandaR",
      "stroke": "Freestyle",
      "age": "13-14",
      "gender": "Girls",
      "date": "2015-06-006",
      "time": "41.10",
      "place": "29",
      "team": "Otters",
      "yards": 0,
      "meet": "102",
      "opponent": "Creekside"
    },
    {
      "name": "AmandaR",
      "stroke": "Butterfly",
      "age": "13-14",
      "gender": "Girls",
      "date": "2015-06-20",
      "time": "44.08",
      "place": "12",
      "team": "Otters",
      "yards": 0,
      "meet": "104",
      "opponent": "Pinehurst"
    },
    {
      "name": "AmandaR",
      "stroke": "Back",
      "age": "13-14",
      "gender": "Girls",
      "date": "2015-06-20",
      "time": "DQ",
      "place": "--",
      "team": "Otters",
      "yards": 0,
      "meet": "104",
      "opponent": "Pinehurst"
    },
    {
      "name": "AmandaR",
      "stroke": "Freestyle",
      "age": "13-14",
      "gender": "Girls",
      "date": "2015-06-20",
      "time": "38.72",
      "place": "20",
      "team": "Otters",
      "yards": 0,
      "meet": "104",
      "opponent": "Pinehurst"
    }
  ]
}