{
  "scores": [
    {
      "name": "AmandaC",
      "stroke": "Back",
      "age": "11-12",
      "gender": "Girls",
      "date": "2001-06-09",
      "time": "51.50",
      "place": "6",
      "team": "Otters",
      "yards": 0,
      "meet": "001",
      "opponent": "Crossgates"
    },
    {
      "name": "AmandaC",
      "stroke": "Breast",
      "age": "11-12",
      "gender": "Girls",
      "date": "2001-06-09",
      "time": "1:01.04",
      "place": "12",
      "team": "Otters",
      "yards": 0,
      "meet": "001",
      "opponent": "Crossgates"
    },
    {
      "name": "AmandaC",
      "stroke": "Freestyle",
      "age": "11-12",
      "gender": "Girls",
      "date": "2001-06-09",
      "time": "46.64",
      "place": "14",
      "team": "Otters",
      "yards": 0,
      "meet": "001",
      "opponent": "Crossgates"
    },
    {
      "name": "AmandaC",
      "stroke": "Back",
      "age": "11-12",
      "gender": "Girls",
      "date": "2001-06-16",
      "time": "52.64",
      "place": "17",
      "team": "Otters",
      "yards": 0,
      "meet": "002",
      "opponent": "Almaden"
    },
    {
      "name": "AmandaC",
      "stroke": "Breast",
      "age": "11-12",
      "gender": "Girls",
      "date": "2001-06-16",
      "time": "1:03.91",
      "place": "17",
      "team": "Otters",
      "yards": 0,
      "meet": "002",
      "opponent": "Almaden"
    },
    {
      "name": "AmandaC",
      "stroke": "Back",
      "age": "11-12",
      "gender": "Girls",
      "date": "2001-06-23",
      "time": "54.19",
      "place": "16",
      "team": "Otters",
      "yards": 0,
      "meet": "003",
      "opponent": "Creekside"
    },
    {
      "name": "AmandaC",
      "stroke": "Breast",
      "age": "11-12",
      "gender": "Girls",
      "date": "2001-06-23",
      "time": "DQ",
      "place": "--",
      "team": "Otters",
      "yards": 0,
      "meet": "003",
      "opponent": "Creekside"
    },
    {
      "name": "AmandaC",
      "stroke": "Freestyle",
      "age": "11-12",
      "gender": "Girls",
      "date": "2001-06-23",
      "time": "47.70",
      "place": "21",
      "team": "Otters",
      "yards": 0,
      "meet": "003",
      "opponent": "Creekside"
    },
    {
      "name": "AmandaC",
      "stroke": "Back",
      "age": "11-12",
      "gender": "Girls",
      "date": "2001-06-30",
      "time": "52.00",
      "place": "5",
      "team": "Otters",
      "yards": 0,
      "meet": "004",
      "opponent": "Shadowbrook"
    },
    {
      "name": "AmandaC",
      "stroke": "Breast",
      "age": "11-12",
      "gender": "Girls",
      "date": "2001-06-30",
      "time": "1:00.06",
      "place": "7",
      "team": "Otters",
      "yards": 0,
      "meet": "004",
      "opponent": "Shadowbrook"
    },
    {
      "name": "AmandaC",
      "stroke": "Freestyle",
      "age": "11-12",
      "gender": "Girls",
      "date": "2001-06-30",
      "time": "49.97",
      "place": "10",
      "team": "Otters",
      "yards": 0,
      "meet": "004",
      "opponent": "Shadowbrook"
    },
    {
      "name": "AmandaC",
      "stroke": "Back",
      "age": "11-12",
      "gender": "Girls",
      "date": "2001-07-14",
      "time": "51.44",
      "place": "12",
      "team": "Otters",
      "yards": 0,
      "meet": "005",
      "opponent": "Pinehurst"
    },
    {
      "name": "AmandaC",
      "stroke": "Breast",
      "age": "11-12",
      "gender": "Girls",
      "date": "2001-07-14",
      "time": "57.56",
      "place": "14",
      "team": "Otters",
      "yards": 0,
      "meet": "005",
      "opponent": "Pinehurst"
    },
    {
      "name": "AmandaC",
      "stroke": "Freestyle",
      "age": "11-12",
      "gender": "Girls",
      "date": "2001-07-14",
      "time": "46.90",
      "place": "21",
      "team": "Otters",
      "yards": 0,
      "meet": "005",
      "opponent": "Pinehurst"
    },
    {
      "name": "AmandaC",
      "stroke": "Butterfly",
      "age": "11-12",
      "gender": "Girls",
      "date": "2001-07-21",
      "time": "49.34",
      "place": "32",
      "team": "Otters",
      "yards": 0,
      "meet": "006",
      "opponent": "Champs"
    },
    {
      "name": "AmandaC",
      "stroke": "Breast",
      "age": "11-12",
      "gender": "Girls",
      "date": "2001-07-21",
      "time": "56.52",
      "place": "38",
      "team": "Otters",
      "yards": 0,
      "meet": "006",
      "opponent": "Champs"
    },
    {
      "name": "AmandaC",
      "stroke": "Freestyle",
      "age": "11-12",
      "gender": "Girls",
      "date": "2001-07-21",
      "time": "44.43",
      "place": "58",
      "team": "Otters",
      "yards": 0,
      "meet": "006",
      "opponent": "Champs"
    },
    {
      "name": "AmandaC",
      "stroke": "Back",
      "age": "11-12",
      "gender": "Girls",
      "date": "2002-06-15",
      "time": "46.62",
      "place": "8",
      "team": "Otters",
      "yards": 0,
      "meet": "010",
      "opponent": "Crossgates"
    },
    {
      "name": "AmandaC",
      "stroke": "Breast",
      "age": "11-12",
      "gender": "Girls",
      "date": "2002-06-15",
      "time": "55.90",
      "place": "8",
      "team": "Otters",
      "yards": 0,
      "meet": "010",
      "opponent": "Crossgates"
    },
    {
      "name": "AmandaC",
      "stroke": "Freestyle",
      "age": "11-12",
      "gender": "Girls",
      "date": "2002-06-15",
      "time": "43.82",
      "place": "12",
      "team": "Otters",
      "yards": 0,
      "meet": "010",
      "opponent": "Crossgates"
    },
    {
      "name": "AmandaC",
      "stroke": "Back",
      "age": "11-12",
      "gender": "Girls",
      "date": "2002-06-22",
      "time": "43.09",
      "place": "9",
      "team": "Otters",
      "yards": 0,
      "meet": "011",
      "opponent": "Almaden"
    },
    {
      "name": "AmandaC",
      "stroke": "Breast",
      "age": "11-12",
      "gender": "Girls",
      "date": "2002-06-22",
      "time": "DQ",
      "place": "--",
      "team": "Otters",
      "yards": 0,
      "meet": "011",
      "opponent": "Almaden"
    },
    {
      "name": "AmandaC",
      "stroke": "Freestyle",
      "age": "11-12",
      "gender": "Girls",
      "date": "2002-06-22",
      "time": "41.20",
      "place": "20",
      "team": "Otters",
      "yards": 0,
      "meet": "011",
      "opponent": "Almaden"
    },
    {
      "name": "AmandaC",
      "stroke": "Back",
      "age": "13-14",
      "gender": "Girls",
      "date": "2004-06-12",
      "time": "41.29",
      "place": "5",
      "team": "Otters",
      "yards": 0,
      "meet": "025",
      "opponent": "Shadowbrook"
    },
    {
      "name": "AmandaC",
      "stroke": "Breast",
      "age": "13-14",
      "gender": "Girls",
      "date": "2004-06-12",
      "time": "47.57",
      "place": "7",
      "team": "Otters",
      "yards": 0,
      "meet": "025",
      "opponent": "Shadowbrook"
    },
    {
      "name": "AmandaC",
      "stroke": "Freestyle",
      "age": "13-14",
      "gender": "Girls",
      "date": "2004-06-12",
      "time": "38.93",
      "place": "6",
      "team": "Otters",
      "yards": 0,
      "meet": "025",
      "opponent": "Shadowbrook"
    }
  ]
}