{
  "scores": [
    {
      "name": "AndreT",
      "stroke": "Back",
      "age": "6 & Under",
      "gender": "Boys",
      "date": "2007-06-002",
      "time": "38.52",
      "place": "7",
      "team": "Otters",
      "yards": 0,
      "meet": "044",
      "opponent": "Trials"
    },
    {
      "name": "AndreT",
      "stroke": "Freestyle",
      "age": "6 & Under",
      "gender": "Boys",
      "date": "2007-06-002",
      "time": "30.20",
      "place": "4",
      "team": "Otters",
      "yards": 0,
      "meet": "044",
      "opponent": "Trials"
    },
    {
      "name": "AndreT",
      "stroke": "Back",
      "age": "6 & Under",
      "gender": "Boys",
      "date": "2007-06-009",
      "time": "40.53",
      "place": "8",
      "team": "Otters",
      "yards": 0,
      "meet": "045",
      "opponent": "Pinehurst"
    },
    {
      "name": "AndreT",
      "stroke": "Freestyle",
      "age": "6 & Under",
      "gender": "Boys",
      "date": "2007-06-009",
      "time": "27.74",
      "place": "5",
      "team": "Otters",
      "yards": 0,
      "meet": "045",
      "opponent": "Pinehurst"
    },
    {
      "name": "AndreT",
      "stroke": "Back",
      "age": "6 & Under",
      "gender": "Boys",
      "date": "2007-06-16",
      "time": "32.32",
      "place": "2",
      "team": "Otters",
      "yards": 0,
      "meet": "046",
      "opponent": "Crossgates"
    },
    {
      "name": "AndreT",
      "stroke": "Freestyle",
      "age": "6 & Under",
      "gender": "Boys",
      "date": "2007-06-16",
      "time": "25.17",
      "place": "3",
      "team": "Otters",
      "yards": 0,
      "meet": "046",
      "opponent": "Crossgates"
    },
    {
      "name": "AndreT",
      "stroke": "Back",
      "age": "6 & Under",
      "gender": "Boys",
      "date": "2007-06-23",
      "time": "32.03",
      "place": "4",
      "team": "Otters",
      "yards": 0,
      "meet": "047",
      "opponent": "Almaden"
    },
    {
      "name": "AndreT",
      "stroke": "Freestyle",
      "age": "6 & Under",
      "gender": "Boys",
      "date": "2007-06-23",
      "time": "26.85",
      "place": "5",
      "team": "Otters",
      "yards": 0,
      "meet": "047",
      "opponent": "Almaden"
    },
    {
      "name": "AndreT",
      "stroke": "Butterfly",
      "age": "8 & Under",
      "gender": "Boys",
      "date": "2007-06-30",
      "time": "DQ",
      "place": "--",
      "team": "Otters",
      "yards": 0,
      "meet": "048",
      "opponent": "Creekside"
    },
    {
      "name": "AndreT",
      "stroke": "Back",
      "age": "6 & Under",
      "gender": "Boys",
      "date": "2007-06-30",
      "time": "34.80",
      "place": "6",
      "team": "Otters",
      "yards": 0,
      "meet": "048",
      "opponent": "Creekside"
    },
    {
      "name": "AndreT",
      "stroke": "Freestyle",
      "age": "6 & Under",
      "gender": "Boys",
      "date": "2007-06-30",
      "time": "25.82",
      "place": "3",
      "team": "Otters",
      "yards": 0,
      "meet": "048",
      "opponent": "Creekside"
    },
    {
      "name": "AndreT",
      "stroke": "Back",
      "age": "6 & Under",
      "gender": "Boys",
      "date": "2007-07-007",
      "time": "35.29",
      "place": "4",
      "team": "Otters",
      "yards": 0,
      "meet": "049",
      "opponent": "Shadowbrook"
    },
    {
      "name": "AndreT",
      "stroke": "Freestyle",
      "age": "6 & Under",
      "gender": "Boys",
      "date": "2007-07-007",
      "time": "26.63",
      "place": "2",
      "team": "Otters",
      "yards": 0,
      "meet": "049",
      "opponent": "Shadowbrook"
    },
    {
      "name": "AndreT",
      "stroke": "Back",
      "age": "6 & Under",
      "gender": "Boys",
      "date": "2007-07-14",
      "time": "30.97",
      "place": "6",
      "team": "Otters",
      "yards": 0,
      "meet": "050",
      "opponent": "Champs"
    },
    {
      "name": "AndreT",
      "stroke": "Freestyle",
      "age": "6 & Under",
      "gender": "Boys",
      "date": "2007-07-14",
      "time": "22.57",
      "place": "6",
      "team": "Otters",
      "yards": 0,
      "meet": "050",
      "opponent": "Champs"
    },
    {
      "name": "AndreT",
      "stroke": "Butterfly",
      "age": "8 & Under",
      "gender": "Boys",
      "date": "2008-05-31",
      "time": "27.13",
      "place": "5",
      "team": "Otters",
      "yards": 0,
      "meet": "051",
      "opponent": "Trials"
    },
    {
      "name": "AndreT",
      "stroke": "Back",
      "age": "7-8",
      "gender": "Boys",
      "date": "2008-05-31",
      "time": "28.58",
      "place": "6",
      "team": "Otters",
      "yards": 0,
      "meet": "051",
      "opponent": "Trials"
    },
    {
      "name": "AndreT",
      "stroke": "Breast",
      "age": "8 & Under",
      "gender": "Boys",
      "date": "2008-05-31",
      "time": "35.32",
      "place": "6",
      "team": "Otters",
      "yards": 0,
      "meet": "051",
      "opponent": "Trials"
    },
    {
      "name": "AndreT",
      "stroke": "Freestyle",
      "age": "7-8",
      "gender": "Boys",
      "date": "2008-05-31",
      "time": "22.29",
      "place": "5",
      "team": "Otters",
      "yards": 0,
      "meet": "051",
      "opponent": "Trials"
    },
    {
      "name": "AndreT",
      "stroke": "Butterfly",
      "age": "8 & Under",
      "gender": "Boys",
      "date": "2008-06-007",
      "time": "33.54",
      "place": "3",
      "team": "Otters",
      "yards": 0,
      "meet": "052",
      "opponent": "Shadowbrook"
    },
    {
      "name": "AndreT",
      "stroke": "Breast",
      "age": "8 & Under",
      "gender": "Boys",
      "date": "2008-06-007",
      "time": "33.24",
      "place": "5",
      "team": "Otters",
      "yards": 0,
      "meet": "052",
      "opponent": "Shadowbrook"
    },
    {
      "name": "AndreT",
      "stroke": "Freestyle",
      "age": "7-8",
      "gender": "Boys",
      "date": "2008-06-007",
      "time": "20.63",
      "place": "5",
      "team": "Otters",
      "yards": 0,
      "meet": "052",
      "opponent": "Shadowbrook"
    },
    {
      "name": "AndreT",
      "stroke": "Butterfly",
      "age": "8 & Under",
      "gender": "Boys",
      "date": "2008-06-14",
      "time": "27.02",
      "place": "5",
      "team": "Otters",
      "yards": 0,
      "meet": "053",
      "opponent": "Pinehurst"
    },
    {
      "name": "AndreT",
      "stroke": "Back",
      "age": "7-8",
      "gender": "Boys",
      "date": "2008-06-14",
      "time": "27.61",
      "place": "4",
      "team": "Otters",
      "yards": 0,
      "meet": "053",
      "opponent": "Pinehurst"
    },
    {
      "name": "AndreT",
      "stroke": "Breast",
      "age": "8 & Under",
      "gender": "Boys",
      "date": "2008-06-14",
      "time": "29.34",
      "place": "4",
      "team": "Otters",
      "yards": 0,
      "meet": "053",
      "opponent": "Pinehurst"
    },
    {
      "name": "AndreT",
      "stroke": "Back",
      "age": "7-8",
      "gender": "Boys",
      "date": "2008-06-21",
      "time": "28.13",
      "place": "6",
      "team": "Otters",
      "yards": 0,
      "meet": "054",
      "opponent": "Crossgates"
    },
    {
      "name": "AndreT",
      "stroke": "Breast",
      "age": "8 & Under",
      "gender": "Boys",
      "date": "2008-06-21",
      "time": "30.44",
      "place": "7",
      "team": "Otters",
      "yards": 0,
      "meet": "054",
      "opponent": "Crossgates"
    },
    {
      "name": "AndreT",
      "stroke": "Freestyle",
      "age": "7-8",
      "gender": "Boys",
      "date": "2008-06-21",
      "time": "19.22",
      "place": "6",
      "team": "Otters",
      "yards": 0,
      "meet": "054",
      "opponent": "Crossgates"
    },
    {
      "name": "AndreT",
      "stroke": "Back",
      "age": "7-8",
      "gender": "Boys",
      "date": "2008-06-28",
      "time": "25.66",
      "place": "7",
      "team": "Otters",
      "yards": 0,
      "meet": "055",
      "opponent": "Almaden"
    },
    {
      "name": "AndreT",
      "stroke": "Breast",
      "age": "8 & Under",
      "gender": "Boys",
      "date": "2008-06-28",
      "time": "27.34",
      "place": "5",
      "team": "Otters",
      "yards": 0,
      "meet": "055",
      "opponent": "Almaden"
    },
    {
      "name": "AndreT",
      "stroke": "Freestyle",
      "age": "7-8",
      "gender": "Boys",
      "date": "2008-06-28",
      "time": "18.09",
      "place": "3",
      "team": "Otters",
      "yards": 0,
      "meet": "055",
      "opponent": "Almaden"
    },
    {
      "name": "AndreT",
      "stroke": "Back",
      "age": "7-8",
      "gender": "Boys",
      "date": "2008-07-12",
      "time": "27.62",
      "place": "11",
      "team": "Otters",
      "yards": 0,
      "meet": "056",
      "opponent": "Creekside"
    },
    {
      "name": "AndreT",
      "stroke": "Breast",
      "age": "8 & Under",
      "gender": "Boys",
      "date": "2008-07-12",
      "time": "27.79",
      "place": "5",
      "team": "Otters",
      "yards": 0,
      "meet": "056",
      "opponent": "Creekside"
    },
    {
      "name": "AndreT",
      "stroke": "Freestyle",
      "age": "7-8",
      "gender": "Boys",
      "date": "2008-07-12",
      "time": "18.84",
      "place": "6",
      "team": "Otters",
      "yards": 0,
      "meet": "056",
      "opponent": "Creekside"
    },
    {
      "name": "AndreT",
      "stroke": "Back",
      "age": "7-8",
      "gender": "Boys",
      "date": "2008-07-19",
      "time": "27.77",
      "place": "25",
      "team": "Otters",
      "yards": 0,
      "meet": "057",
      "opponent": "Champs"
    },
    {
      "name": "AndreT",
      "stroke": "Breast",
      "age": "8 & Under",
      "gender": "Boys",
      "date": "2008-07-19",
      "time": "24.92",
      "place": "9",
      "team": "Otters",
      "yards": 0,
      "meet": "057",
      "opponent": "Champs"
    },
    {
      "name": "AndreT",
      "stroke": "Freestyle",
      "age": "7-8",
      "gender": "Boys",
      "date": "2008-07-19",
      "time": "17.89",
      "place": "8",
      "team": "Otters",
      "yards": 0,
      "meet": "057",
      "opponent": "Champs"
    },
    {
      "name": "AndreT",
      "stroke": "Butterfly",
      "age": "8 & Under",
      "gender": "Boys",
      "date": "2009-05-30",
      "time": "27.71",
      "place": "7",
      "team": "Otters",
      "yards": 0,
      "meet": "058",
      "opponent": "Trials"
    },
    {
      "name": "AndreT",
      "stroke": "Back",
      "age": "7-8",
      "gender": "Boys",
      "date": "2009-05-30",
      "time": "27.78",
      "place": "6",
      "team": "Otters",
      "yards": 0,
      "meet": "058",
      "opponent": "Trials"
    },
    {
      "name": "AndreT",
      "stroke": "Back",
      "age": "7-8",
      "gender": "Boys",
      "date": "2009-06-006",
      "time": "23.60",
      "place": "4",
      "team": "Otters",
      "yards": 0,
      "meet": "059",
      "opponent": "Creekside"
    },
    {
      "name": "AndreT",
      "stroke": "Breast",
      "age": "8 & Under",
      "gender": "Boys",
      "date": "2009-06-006",
      "time": "DQ",
      "place": "--",
      "team": "Otters",
      "yards": 0,
      "meet": "059",
      "opponent": "Creekside"
    },
    {
      "name": "AndreT",
      "stroke": "Freestyle",
      "age": "7-8",
      "gender": "Boys",
      "date": "2009-06-006",
      "time": "17.00",
      "place": "2",
      "team": "Otters",
      "yards": 0,
      "meet": "059",
      "opponent": "Creekside"
    },
    {
      "name": "AndreT",
      "stroke": "Butterfly",
      "age": "8 & Under",
      "gender": "Boys",
      "date": "2009-06-13",
      "time": "26.19",
      "place": "3",
      "team": "Otters",
      "yards": 0,
      "meet": "060",
      "opponent": "Shadowbrook"
    },
    {
      "name": "AndreT",
      "stroke": "Breast",
      "age": "8 & Under",
      "gender": "Boys",
      "date": "2009-06-13",
      "time": "DQ",
      "place": "--",
      "team": "Otters",
      "yards": 0,
      "meet": "060",
      "opponent": "Shadowbrook"
    },
    {
      "name": "AndreT",
      "stroke": "Freestyle",
      "age": "7-8",
      "gender": "Boys",
      "date": "2009-06-13",
      "time": "19.03",
      "place": "6",
      "team": "Otters",
      "yards": 0,
      "meet": "060",
      "opponent": "Shadowbrook"
    },
    {
      "name": "AndreT",
      "stroke": "Back",
      "age": "7-8",
      "gender": "Boys",
      "date": "2009-06-20",
      "time": "25.79",
      "place": "6",
      "team": "Otters",
      "yards": 0,
      "meet": "061",
      "opponent": "Pinehurst"
    },
    {
      "name": "AndreT",
      "stroke": "Breast",
      "age": "8 & Under",
      "gender": "Boys",
      "date": "2009-06-20",
      "time": "24.63",
      "place": "2",
      "team": "Otters",
      "yards": 0,
      "meet": "061",
      "opponent": "Pinehurst"
    },
    {
      "name": "AndreT",
      "stroke": "Freestyle",
      "age": "7-8",
      "gender": "Boys",
      "date": "2009-06-20",
      "time": "18.25",
      "place": "5",
      "team": "Otters",
      "yards": 0,
      "meet": "061",
      "opponent": "Pinehurst"
    },
    {
      "name": "AndreT",
      "stroke": "Butterfly",
      "age": "8 & Under",
      "gender": "Boys",
      "date": "2009-06-27",
      "time": "25.44",
      "place": "5",
      "team": "Otters",
      "yards": 0,
      "meet": "062",
      "opponent": "Crossgates"
    },
    {
      "name": "AndreT",
      "stroke": "Breast",
      "age": "8 & Under",
      "gender": "Boys",
      "date": "2009-06-27",
      "time": "24.91",
      "place": "4",
      "team": "Otters",
      "yards": 0,
      "meet": "062",
      "opponent": "Crossgates"
    },
    {
      "name": "AndreT",
      "stroke": "Freestyle",
      "age": "7-8",
      "gender": "Boys",
      "date": "2009-06-27",
      "time": "16.86",
      "place": "3",
      "team": "Otters",
      "yards": 0,
      "meet": "062",
      "opponent": "Crossgates"
    },
    {
      "name": "AndreT",
      "stroke": "Butterfly",
      "age": "8 & Under",
      "gender": "Boys",
      "date": "2009-07-11",
      "time": "20.49",
      "place": "4",
      "team": "Otters",
      "yards": 0,
      "meet": "063",
      "opponent": "Almaden"
    },
    {
      "name": "AndreT",
      "stroke": "Breast",
      "age": "8 & Under",
      "gender": "Boys",
      "date": "2009-07-11",
      "time": "25.52",
      "place": "4",
      "team": "Otters",
      "yards": 0,
      "meet": "063",
      "opponent": "Almaden"
    },
    {
      "name": "AndreT",
      "stroke": "Freestyle",
      "age": "7-8",
      "gender": "Boys",
      "date": "2009-07-11",
      "time": "17.97",
      "place": "5",
      "team": "Otters",
      "yards": 0,
      "meet": "063",
      "opponent": "Almaden"
    },
    {
      "name": "AndreT",
      "stroke": "Butterfly",
      "age": "8 & Under",
      "gender": "Boys",
      "date": "2009-07-18",
      "time": "21.58",
      "place": "7",
      "team": "Otters",
      "yards": 0,
      "meet": "064",
      "opponent": "Champs"
    },
    {
      "name": "AndreT",
      "stroke": "Breast",
      "age": "8 & Under",
      "gender": "Boys",
      "date": "2009-07-18",
      "time": "23.50",
      "place": "3",
      "team": "Otters",
      "yards": 0,
      "meet": "064",
      "opponent": "Champs"
    },
    {
      "name": "AndreT",
      "stroke": "Freestyle",
      "age": "7-8",
      "gender": "Boys",
      "date": "2009-07-18",
      "time": "17.31",
      "place": "8",
      "team": "Otters",
      "yards": 0,
      "meet": "064",
      "opponent": "Champs"
    },
    {
      "name": "AndreT",
      "stroke": "Butterfly",
      "age": "9-10",
      "gender": "Boys",
      "date": "2010-06-005",
      "time": "20.47",
      "place": "7",
      "team": "Otters",
      "yards": 0,
      "meet": "066",
      "opponent": "Almaden"
    },
    {
      "name": "AndreT",
      "stroke": "Back",
      "age": "9-10",
      "gender": "Boys",
      "date": "2010-06-005",
      "time": "21.53",
      "place": "4",
      "team": "Otters",
      "yards": 0,
      "meet": "066",
      "opponent": "Almaden"
    },
    {
      "name": "AndreT",
      "stroke": "Back",
      "age": "9-10",
      "gender": "Boys",
      "date": "2010-06-12",
      "time": "22.87",
      "place": "7",
      "team": "Otters",
      "yards": 0,
      "meet": "067",
      "opponent": "Creekside"
    },
    {
      "name": "AndreT",
      "stroke": "Breast",
      "age": "9-10",
      "gender": "Boys",
      "date": "2010-06-12",
      "time": "22.42",
      "place": "4",
      "team": "Otters",
      "yards": 0,
      "meet": "067",
      "opponent": "Creekside"
    },
    {
      "name": "AndreT",
      "stroke": "Freestyle",
      "age": "9-10",
      "gender": "Boys",
      "date": "2010-06-12",
      "time": "16.97",
      "place": "8",
      "team": "Otters",
      "yards": 0,
      "meet": "067",
      "opponent": "Creekside"
    },
    {
      "name": "AndreT",
      "stroke": "Butterfly",
      "age": "9-10",
      "gender": "Boys",
      "date": "2010-06-19",
      "time": "19.08",
      "place": "3",
      "team": "Otters",
      "yards": 0,
      "meet": "068",
      "opponent": "Shadowbrook"
    },
    {
      "name": "AndreT",
      "stroke": "Back",
      "age": "9-10",
      "gender": "Boys",
      "date": "2010-06-19",
      "time": "22.45",
      "place": "4",
      "team": "Otters",
      "yards": 0,
      "meet": "068",
      "opponent": "Shadowbrook"
    },
    {
      "name": "AndreT",
      "stroke": "Freestyle",
      "age": "9-10",
      "gender": "Boys",
      "date": "2010-06-19",
      "time": "16.89",
      "place": "4",
      "team": "Otters",
      "yards": 0,
      "meet": "068",
      "opponent": "Shadowbrook"
    },
    {
      "name": "AndreT",
      "stroke": "Back",
      "age": "9-10",
      "gender": "Boys",
      "date": "2010-06-26",
      "time": "20.77",
      "place": "3",
      "team": "Otters",
      "yards": 0,
      "meet": "069",
      "opponent": "Pinehurst"
    },
    {
      "name": "AndreT",
      "stroke": "Breast",
      "age": "9-10",
      "gender": "Boys",
      "date": "2010-06-26",
      "time": "22.09",
      "place": "5",
      "team": "Otters",
      "yards": 0,
      "meet": "069",
      "opponent": "Pinehurst"
    },
    {
      "name": "AndreT",
      "stroke": "Freestyle",
      "age": "9-10",
      "gender": "Boys",
      "date": "2010-06-26",
      "time": "17.19",
      "place": "8",
      "team": "Otters",
      "yards": 0,
      "meet": "069",
      "opponent": "Pinehurst"
    },
    {
      "name": "AndreT",
      "stroke": "Butterfly",
      "age": "9-10",
      "gender": "Boys",
      "date": "2010-07-10",
      "time": "18.37",
      "place": "2",
      "team": "Otters",
      "yards": 0,
      "meet": "070",
      "opponent": "Crossgates"
    },
    {
      "name": "AndreT",
      "stroke": "Back",
      "age": "9-10",
      "gender": "Boys",
      "date": "2010-07-10",
      "time": "22.00",
      "place": "5",
      "team": "Otters",
      "yards": 0,
      "meet": "070",
      "opponent": "Crossgates"
    },
    {
      "name": "AndreT",
      "stroke": "Freestyle",
      "age": "9-10",
      "gender": "Boys",
      "date": "2010-07-10",
      "time": "16.56",
      "place": "8",
      "team": "Otters",
      "yards": 0,
      "meet": "070",
      "opponent": "Crossgates"
    },
    {
      "name": "AndreT",
      "stroke": "Butterfly",
      "age": "9-10",
      "gender": "Boys",
      "date": "2010-07-17",
      "time": "17.71",
      "place": "11",
      "team": "Otters",
      "yards": 0,
      "meet": "071",
      "opponent": "Champs"
    },
    {
      "name": "AndreT",
      "stroke": "Back",
      "age": "9-10",
      "gender": "Boys",
      "date": "2010-07-17",
      "time": "21.63",
      "place": "17",
      "team": "Otters",
      "yards": 0,
      "meet": "071",
      "opponent": "Champs"
    },
    {
      "name": "AndreT",
      "stroke": "Freestyle",
      "age": "9-10",
      "gender": "Boys",
      "date": "2010-07-17",
      "time": "15.69",
      "place": "17",
      "team": "Otters",
      "yards": 0,
      "meet": "071",
      "opponent": "Champs"
    },
    {
      "name": "AndreT",
      "stroke": "Butterfly",
      "age": "9-10",
      "gender": "Boys",
      "date": "2011-05-21",
      "time": "18.73",
      "place": "4",
      "team": "Otters",
      "yards": 0,
      "meet": "072",
      "opponent": "Trials"
    },
    {
      "name": "AndreT",
      "stroke": "Back",
      "age": "9-10",
      "gender": "Boys",
      "date": "2011-05-21",
      "time": "23.03",
      "place": "5",
      "team": "Otters",
      "yards": 0,
      "meet": "072",
      "opponent": "Trials"
    },
    {
      "name": "AndreT",
      "stroke": "Breast",
      "age": "9-10",
      "gender": "Boys",
      "date": "2011-05-21",
      "time": "21.15",
      "place": "5",
      "team": "Otters",
      "yards": 0,
      "meet": "072",
      "opponent": "Trials"
    },
    {
      "name": "AndreT",
      "stroke": "Freestyle",
      "age": "9-10",
      "gender": "Boys",
      "date": "2011-05-21",
      "time": "16.72",
      "place": "6",
      "team": "Otters",
      "yards": 0,
      "meet": "072",
      "opponent": "Trials"
    },
    {
      "name": "AndreT",
      "stroke": "Butterfly",
      "age": "9-10",
      "gender": "Boys",
      "date": "2011-06-11",
      "time": "18.59",
      "place": "5",
      "team": "Otters",
      "yards": 0,
      "meet": "074",
      "opponent": "Almaden"
    },
    {
      "name": "AndreT",
      "stroke": "Breast",
      "age": "9-10",
      "gender": "Boys",
      "date": "2011-06-11",
      "time": "19.81",
      "place": "1",
      "team": "Otters",
      "yards": 0,
      "meet": "074",
      "opponent": "Almaden"
    },
    {
      "name": "AndreT",
      "stroke": "Freestyle",
      "age": "9-10",
      "gender": "Boys",
      "date": "2011-06-11",
      "time": "15.67",
      "place": "5",
      "team": "Otters",
      "yards": 0,
      "meet": "074",
      "opponent": "Almaden"
    },
    {
      "name": "AndreT",
      "stroke": "Butterfly",
      "age": "9-10",
      "gender": "Boys",
      "date": "2011-06-18",
      "time": "19.53",
      "place": "2",
      "team": "Otters",
      "yards": 0,
      "meet": "075",
      "opponent": "Creekside"
    },
    {
      "name": "AndreT",
      "stroke": "Breast",
      "age": "9-10",
      "gender": "Boys",
      "date": "2011-06-18",
      "time": "20.12",
      "place": "4",
      "team": "Otters",
      "yards": 0,
      "meet": "075",
      "opponent": "Creekside"
    },
    {
      "name": "AndreT",
      "stroke": "Freestyle",
      "age": "9-10",
      "gender": "Boys",
      "date": "2011-06-18",
      "time": "16.38",
      "place": "7",
      "team": "Otters",
      "yards": 0,
      "meet": "075",
      "opponent": "Creekside"
    },
    {
      "name": "AndreT",
      "stroke": "Butterfly",
      "age": "9-10",
      "gender": "Boys",
      "date": "2011-06-25",
      "time": "17.87",
      "place": "4",
      "team": "Otters",
      "yards": 0,
      "meet": "076",
      "opponent": "Shadowbrook"
    },
    {
      "name": "AndreT",
      "stroke": "Breast",
      "age": "9-10",
      "gender": "Boys",
      "date": "2011-06-25",
      "time": "20.29",
      "place": "2",
      "team": "Otters",
      "yards": 0,
      "meet": "076",
      "opponent": "Shadowbrook"
    },
    {
      "name": "AndreT",
      "stroke": "Freestyle",
      "age": "9-10",
      "gender": "Boys",
      "date": "2011-06-25",
      "time": "15.73",
      "place": "6",
      "team": "Otters",
      "yards": 0,
      "meet": "076",
      "opponent": "Shadowbrook"
    },
    {
      "name": "AndreT",
      "stroke": "Butterfly",
      "age": "9-10",
      "gender": "Boys",
      "date": "2011-07-009",
      "time": "DQ",
      "place": "--",
      "team": "Otters",
      "yards": 0,
      "meet": "077",
      "opponent": "Pinehurst"
    },
    {
      "name": "AndreT",
      "stroke": "Breast",
      "age": "9-10",
      "gender": "Boys",
      "date": "2011-07-009",
      "time": "19.09",
      "place": "2",
      "team": "Otters",
      "yards": 0,
      "meet": "077",
      "opponent": "Pinehurst"
    },
    {
      "name": "AndreT",
      "stroke": "Freestyle",
      "age": "9-10",
      "gender": "Boys",
      "date": "2011-07-009",
      "time": "14.88",
      "place": "4",
      "team": "Otters",
      "yards": 0,
      "meet": "077",
      "opponent": "Pinehurst"
    },
    {
      "name": "AndreT",
      "stroke": "Butterfly",
      "age": "9-10",
      "gender": "Boys",
      "date": "2011-07-16",
      "time": "18.29",
      "place": "9",
      "team": "Otters",
      "yards": 0,
      "meet": "078",
      "opponent": "Champs"
    },
    {
      "name": "AndreT",
      "stroke": "Breast",
      "age": "9-10",
      "gender": "Boys",
      "date": "2011-07-16",
      "time": "18.93",
      "place": "2",
      "team": "Otters",
      "yards": 0,
      "meet": "078",
      "opponent": "Champs"
    },
    {
      "name": "AndreT",
      "stroke": "Freestyle",
      "age": "9-10",
      "gender": "Boys",
      "date": "2011-07-16",
      "time": "14.71",
      "place": "6",
      "team": "Otters",
      "yards": 0,
      "meet": "078",
      "opponent": "Champs"
    },
    {
      "name": "AndreT",
      "stroke": "Butterfly",
      "age": "11-12",
      "gender": "Boys",
      "date": "2012-05-19",
      "time": "44.03",
      "place": "3",
      "team": "Otters",
      "yards": 0,
      "meet": "079",
      "opponent": "Trials"
    },
    {
      "name": "AndreT",
      "stroke": "Back",
      "age": "11-12",
      "gender": "Boys",
      "date": "2012-05-19",
      "time": "47.53",
      "place": "3",
      "team": "Otters",
      "yards": 0,
      "meet": "079",
      "opponent": "Trials"
    },
    {
      "name": "AndreT",
      "stroke": "Breast",
      "age": "11-12",
      "gender": "Boys",
      "date": "2012-05-19",
      "time": "44.96",
      "place": "1",
      "team": "Otters",
      "yards": 0,
      "meet": "079",
      "opponent": "Trials"
    },
    {
      "name": "AndreT",
      "stroke": "Freestyle",
      "age": "11-12",
      "gender": "Boys",
      "date": "2012-05-19",
      "time": "34.45",
      "place": "2",
      "team": "Otters",
      "yards": 0,
      "meet": "079",
      "opponent": "Trials"
    },
    {
      "name": "AndreT",
      "stroke": "Butterfly",
      "age": "11-12",
      "gender": "Boys",
      "date": "2012-06-002",
      "time": "41.27",
      "place": "6",
      "team": "Otters",
      "yards": 0,
      "meet": "080",
      "opponent": "Pinehurst"
    },
    {
      "name": "AndreT",
      "stroke": "Breast",
      "age": "11-12",
      "gender": "Boys",
      "date": "2012-06-002",
      "time": "44.17",
      "place": "3",
      "team": "Otters",
      "yards": 0,
      "meet": "080",
      "opponent": "Pinehurst"
    },
    {
      "name": "AndreT",
      "stroke": "Freestyle",
      "age": "11-12",
      "gender": "Boys",
      "date": "2012-06-002",
      "time": "33.43",
      "place": "4",
      "team": "Otters",
      "yards": 0,
      "meet": "080",
      "opponent": "Pinehurst"
    },
    {
      "name": "AndreT",
      "stroke": "Butterfly",
      "age": "11-12",
      "gender": "Boys",
      "date": "2012-06-16",
      "time": "43.67",
      "place": "6",
      "team": "Otters",
      "yards": 0,
      "meet": "082",
      "opponent": "Almaden"
    },
    {
      "name": "AndreT",
      "stroke": "Breast",
      "age": "11-12",
      "gender": "Boys",
      "date": "2012-06-16",
      "time": "43.22",
      "place": "3",
      "team": "Otters",
      "yards": 0,
      "meet": "082",
      "opponent": "Almaden"
    },
    {
      "name": "AndreT",
      "stroke": "Freestyle",
      "age": "11-12",
      "gender": "Boys",
      "date": "2012-06-16",
      "time": "33.15",
      "place": "7",
      "team": "Otters",
      "yards": 0,
      "meet": "082",
      "opponent": "Almaden"
    },
    {
      "name": "AndreT",
      "stroke": "Butterfly",
      "age": "11-12",
      "gender": "Boys",
      "date": "2012-06-30",
      "time": "41.76",
      "place": "6",
      "team": "Otters",
      "yards": 0,
      "meet": "084",
      "opponent": "Shadowbrook"
    },
    {
      "name": "AndreT",
      "stroke": "Breast",
      "age": "11-12",
      "gender": "Boys",
      "date": "2012-06-30",
      "time": "DQ",
      "place": "--",
      "team": "Otters",
      "yards": 0,
      "meet": "084",
      "opponent": "Shadowbrook"
    },
    {
      "name": "AndreT",
      "stroke": "Freestyle",
      "age": "11-12",
      "gender": "Boys",
      "date": "2012-06-30",
      "time": "33.35",
      "place": "7",
      "team": "Otters",
      "yards": 0,
      "meet": "084",
      "opponent": "Shadowbrook"
    },
    {
      "name": "AndreT",
      "stroke": "Butterfly",
      "age": "11-12",
      "gender": "Boys",
      "date": "2012-07-14",
      "time": "40.49",
      "place": "21",
      "team": "Otters",
      "yards": 0,
      "meet": "085",
      "opponent": "Champs"
    },
    {
      "name": "AndreT",
      "stroke": "Breast",
      "age": "11-12",
      "gender": "Boys",
      "date": "2012-07-14",
      "time": "41.44",
      "place": "8",
      "team": "Otters",
      "yards": 0,
      "meet": "085",
      "opponent": "Champs"
    },
    {
      "name": "AndreT",
      "stroke": "Freestyle",
      "age": "11-12",
      "gender": "Boys",
      "date": "2012-07-14",
      "time": "32.24",
      "place": "16",
      "team": "Otters",
      "yards": 0,
      "meet": "085",
      "opponent": "Champs"
    },
    {
      "name": "AndreT",
      "stroke": "Butterfly",
      "age": "11-12",
      "gender": "Boys",
      "date": "2013-05-18",
      "time": "39.21",
      "place": "6",
      "team": "Otters",
      "yards": 0,
      "meet": "086",
      "opponent": "Trials"
    },
    {
      "name": "AndreT",
      "stroke": "Back",
      "age": "11-12",
      "gender": "Boys",
      "date": "2013-05-18",
      "time": "42.59",
      "place": "5",
      "team": "Otters",
      "yards": 0,
      "meet": "086",
      "opponent": "Trials"
    },
    {
      "name": "AndreT",
      "stroke": "Breast",
      "age": "11-12",
      "gender": "Boys",
      "date": "2013-05-18",
      "time": "40.68",
      "place": "1",
      "team": "Otters",
      "yards": 0,
      "meet": "086",
      "opponent": "Trials"
    },
    {
      "name": "AndreT",
      "stroke": "Butterfly",
      "age": "11-12",
      "gender": "Boys",
      "date": "2013-06-15",
      "time": "38.72",
      "place": "6",
      "team": "Otters",
      "yards": 0,
      "meet": "089",
      "opponent": "Crossgates"
    },
    {
      "name": "AndreT",
      "stroke": "Breast",
      "age": "11-12",
      "gender": "Boys",
      "date": "2013-06-15",
      "time": "38.46",
      "place": "2",
      "team": "Otters",
      "yards": 0,
      "meet": "089",
      "opponent": "Crossgates"
    },
    {
      "name": "AndreT",
      "stroke": "Freestyle",
      "age": "11-12",
      "gender": "Boys",
      "date": "2013-06-15",
      "time": "30.65",
      "place": "4",
      "team": "Otters",
      "yards": 0,
      "meet": "089",
      "opponent": "Crossgates"
    },
    {
      "name": "AndreT",
      "stroke": "Butterfly",
      "age": "11-12",
      "gender": "Boys",
      "date": "2013-06-22",
      "time": "38.85",
      "place": "5",
      "team": "Otters",
      "yards": 0,
      "meet": "090",
      "opponent": "Almaden"
    },
    {
      "name": "AndreT",
      "stroke": "Breast",
      "age": "11-12",
      "gender": "Boys",
      "date": "2013-06-22",
      "time": "38.84",
      "place": "2",
      "team": "Otters",
      "yards": 0,
      "meet": "090",
      "opponent": "Almaden"
    },
    {
      "name": "AndreT",
      "stroke": "Freestyle",
      "age": "11-12",
      "gender": "Boys",
      "date": "2013-06-22",
      "time": "29.93",
      "place": "6",
      "team": "Otters",
      "yards": 0,
      "meet": "090",
      "opponent": "Almaden"
    },
    {
      "name": "AndreT",
      "stroke": "Back",
      "age": "11-12",
      "gender": "Boys",
      "date": "2013-06-29",
      "time": "43.10",
      "place": "11",
      "team": "Otters",
      "yards": 0,
      "meet": "091",
      "opponent": "Creekside"
    },
    {
      "name": "AndreT",
      "stroke": "Breast",
      "age": "11-12",
      "gender": "Boys",
      "date": "2013-06-29",
      "time": "40.99",
      "place": "2",
      "team": "Otters",
      "yards": 0,
      "meet": "091",
      "opponent": "Creekside"
    },
    {
      "name": "AndreT",
      "stroke": "Freestyle",
      "age": "11-12",
      "gender": "Boys",
      "date": "2013-06-29",
      "time": "30.36",
      "place": "4",
      "team": "Otters",
      "yards": 0,
      "meet": "091",
      "opponent": "Creekside"
    },
    {
      "name": "AndreT",
      "stroke": "Butterfly",
      "age": "11-12",
      "gender": "Boys",
      "date": "2013-07-13",
      "time": "38.71",
      "place": "20",
      "team": "Otters",
      "yards": 0,
      "meet": "092",
      "opponent": "Almaden"
    },
    {
      "name": "AndreT",
      "stroke": "Breast",
      "age": "11-12",
      "gender": "Boys",
      "date": "2013-07-13",
      "time": "39.80",
      "place": "4",
      "team": "Otters",
      "yards": 0,
      "meet": "092",
      "opponent": "Almaden"
    },
    {
      "name": "AndreT",
      "stroke": "Freestyle",
      "age": "11-12",
      "gender": "Boys",
      "date": "2013-07-13",
      "time": "29.05",
      "place": "8",
      "team": "Otters",
      "yards": 0,
      "meet": "092",
      "opponent": "Almaden"
    },
    {
      "name": "AndreT",
      "stroke": "Butterfly",
      "age": "13-14",
      "gender": "Boys",
      "date": "2014-05-17",
      "time": "33.70",
      "place": "4",
      "team": "Otters",
      "yards": 0,
      "meet": "093",
      "opponent": "Trials"
    },
    {
      "name": "AndreT",
      "stroke": "Back",
      "age": "13-14",
      "gender": "Boys",
      "date": "2014-05-17",
      "time": "39.27",
      "place": "4",
      "team": "Otters",
      "yards": 0,
      "meet": "093",
      "opponent": "Trials"
    },
    {
      "name": "AndreT",
      "stroke": "Breast",
      "age": "13-14",
      "gender": "Boys",
      "date": "2014-05-17",
      "time": "37.73",
      "place": "3",
      "team": "Otters",
      "yards": 0,
      "meet": "093",
      "opponent": "Trials"
    },
    {
      "name": "AndreT",
      "stroke": "Butterfly",
      "age": "13-14",
      "gender": "Boys",
      "date": "2014-06-007",
      "time": "DQ",
      "place": "--",
      "team": "Otters",
      "yards": 0,
      "meet": "095",
      "opponent": "Shadowbrook"
    },
    {
      "name": "AndreT",
      "stroke": "Breast",
      "age": "13-14",
      "gender": "Boys",
      "date": "2014-06-007",
      "time": "38.89",
      "place": "4",
      "team": "Otters",
      "yards": 0,
      "meet": "095",
      "opponent": "Shadowbrook"
    },
    {
      "name": "AndreT",
      "stroke": "Freestyle",
      "age": "13-14",
      "gender": "Boys",
      "date": "2014-06-007",
      "time": "30.33",
      "place": "9",
      "team": "Otters",
      "yards": 0,
      "meet": "095",
      "opponent": "Shadowbrook"
    },
    {
      "name": "AndreT",
      "stroke": "Butterfly",
      "age": "13-14",
      "gender": "Boys",
      "date": "2014-06-14",
      "time": "37.25",
      "place": "8",
      "team": "Otters",
      "yards": 0,
      "meet": "096",
      "opponent": "Pinehurst"
    },
    {
      "name": "AndreT",
      "stroke": "Breast",
      "age": "13-14",
      "gender": "Boys",
      "date": "2014-06-14",
      "time": "37.81",
      "place": "4",
      "team": "Otters",
      "yards": 0,
      "meet": "096",
      "opponent": "Pinehurst"
    },
    {
      "name": "AndreT",
      "stroke": "Freestyle",
      "age": "13-14",
      "gender": "Boys",
      "date": "2014-06-14",
      "time": "29.79",
      "place": "9",
      "team": "Otters",
      "yards": 0,
      "meet": "096",
      "opponent": "Pinehurst"
    },
    {
      "name": "AndreT",
      "stroke": "Butterfly",
      "age": "13-14",
      "gender": "Boys",
      "date": "2014-06-21",
      "time": "36.41",
      "place": "8",
      "team": "Otters",
      "yards": 0,
      "meet": "097",
      "opponent": "Crossgates"
    },
    {
      "name": "AndreT",
      "stroke": "Breast",
      "age": "13-14",
      "gender": "Boys",
      "date": "2014-06-21",
      "time": "39.28",
      "place": "6",
      "team": "Otters",
      "yards": 0,
      "meet": "097",
      "opponent": "Crossgates"
    },
    {
      "name": "AndreT",
      "stroke": "Freestyle",
      "age": "13-14",
      "gender": "Boys",
      "date": "2014-06-21",
      "time": "31.09",
      "place": "9",
      "team": "Otters",
      "yards": 0,
      "meet": "097",
      "opponent": "Crossgates"
    },
    {
      "name": "AndreT",
      "stroke": "Butterfly",
      "age": "13-14",
      "gender": "Boys",
      "date": "2014-06-28",
      "time": "37.37",
      "place": "10",
      "team": "Otters",
      "yards": 0,
      "meet": "098",
      "opponent": "Almaden"
    },
    {
      "name": "AndreT",
      "stroke": "Breast",
      "age": "13-14",
      "gender": "Boys",
      "date": "2014-06-28",
      "time": "40.18",
      "place": "7",
      "team": "Otters",
      "yards": 0,
      "meet": "098",
      "opponent": "Almaden"
    },
    {
      "name": "AndreT",
      "stroke": "Freestyle",
      "age": "13-14",
      "gender": "Boys",
      "date": "2014-06-28",
      "time": "30.91",
      "place": "11",
      "team": "Otters",
      "yards": 0,
      "meet": "098",
      "opponent": "Almaden"
    },
    {
      "name": "AndreT",
      "stroke": "Butterfly",
      "age": "13-14",
      "gender": "Boys",
      "date": "2014-07-12",
      "time": "37.72",
      "place": "37",
      "team": "Otters",
      "yards": 0,
      "meet": "099",
      "opponent": "Champs"
    },
    {
      "name": "AndreT",
      "stroke": "Breast",
      "age": "13-14",
      "gender": "Boys",
      "date": "2014-07-12",
      "time": "39.74",
      "place": "17",
      "team": "Otters",
      "yards": 0,
      "meet": "099",
      "opponent": "Champs"
    },
    {
      "name": "AndreT",
      "stroke": "Freestyle",
      "age": "13-14",
      "gender": "Boys",
      "date": "2014-07-12",
      "time": "29.48",
      "place": "27",
      "team": "Otters",
      "yards": 0,
      "meet": "099",
      "opponent": "Champs"
    }
  ]
}