{
  "scores": [
    {
      "name": "AndreaH",
      "stroke": "Butterfly",
      "age": "11-12",
      "gender": "Girls",
      "date": "2003-05-10",
      "time": "1:30.55",
      "place": "8",
      "team": "Otters",
      "yards": 0,
      "meet": "015",
      "opponent": "Trials"
    },
    {
      "name": "AndreaH",
      "stroke": "Back",
      "age": "11-12",
      "gender": "Girls",
      "date": "2003-05-10",
      "time": "1:31.78",
      "place": "8",
      "team": "Otters",
      "yards": 0,
      "meet": "015",
      "opponent": "Trials"
    },
    {
      "name": "AndreaH",
      "stroke": "Breast",
      "age": "11-12",
      "gender": "Girls",
      "date": "2003-05-10",
      "time": "1:18.03",
      "place": "7",
      "team": "Otters",
      "yards": 0,
      "meet": "015",
      "opponent": "Trials"
    },
    {
      "name": "AndreaH",
      "stroke": "Freestyle",
      "age": "11-12",
      "gender": "Girls",
      "date": "2003-05-10",
      "time": "1:00.13",
      "place": "8",
      "team": "Otters",
      "yards": 0,
      "meet": "015",
      "opponent": "Trials"
    },
    {
      "name": "AndreaH",
      "stroke": "Butterfly",
      "age": "11-12",
      "gender": "Girls",
      "date": "2003-05-31",
      "time": "1:36.83",
      "place": "16",
      "team": "Otters",
      "yards": 0,
      "meet": "016",
      "opponent": "Pinehurst"
    },
    {
      "name": "AndreaH",
      "stroke": "Back",
      "age": "11-12",
      "gender": "Girls",
      "date": "2003-05-31",
      "time": "1:32.72",
      "place": "15",
      "team": "Otters",
      "yards": 0,
      "meet": "016",
      "opponent": "Pinehurst"
    },
    {
      "name": "AndreaH",
      "stroke": "Breast",
      "age": "11-12",
      "gender": "Girls",
      "date": "2003-05-31",
      "time": "1:20.28",
      "place": "15",
      "team": "Otters",
      "yards": 0,
      "meet": "016",
      "opponent": "Pinehurst"
    },
    {
      "name": "AndreaH",
      "stroke": "Freestyle",
      "age": "11-12",
      "gender": "Girls",
      "date": "2003-05-31",
      "time": "56.69",
      "place": "15",
      "team": "Otters",
      "yards": 0,
      "meet": "016",
      "opponent": "Pinehurst"
    },
    {
      "name": "AndreaH",
      "stroke": "Back",
      "age": "11-12",
      "gender": "Girls",
      "date": "2003-06-009",
      "time": "1:14.16",
      "place": "13",
      "team": "Otters",
      "yards": 0,
      "meet": "017",
      "opponent": "Shadowbrook"
    },
    {
      "name": "AndreaH",
      "stroke": "Breast",
      "age": "11-12",
      "gender": "Girls",
      "date": "2003-06-009",
      "time": "1:13.71",
      "place": "10",
      "team": "Otters",
      "yards": 0,
      "meet": "017",
      "opponent": "Shadowbrook"
    },
    {
      "name": "AndreaH",
      "stroke": "Freestyle",
      "age": "11-12",
      "gender": "Girls",
      "date": "2003-06-009",
      "time": "50.43",
      "place": "15",
      "team": "Otters",
      "yards": 0,
      "meet": "017",
      "opponent": "Shadowbrook"
    },
    {
      "name": "AndreaH",
      "stroke": "Back",
      "age": "11-12",
      "gender": "Girls",
      "date": "2003-06-14",
      "time": "1:11.03",
      "place": "14",
      "team": "Otters",
      "yards": 0,
      "meet": "018",
      "opponent": "Pinehurst"
    },
    {
      "name": "AndreaH",
      "stroke": "Breast",
      "age": "11-12",
      "gender": "Girls",
      "date": "2003-06-14",
      "time": "DQ",
      "place": "--",
      "team": "Otters",
      "yards": 0,
      "meet": "018",
      "opponent": "Pinehurst"
    },
    {
      "name": "AndreaH",
      "stroke": "Freestyle",
      "age": "11-12",
      "gender": "Girls",
      "date": "2003-06-14",
      "time": "50.03",
      "place": "13",
      "team": "Otters",
      "yards": 0,
      "meet": "018",
      "opponent": "Pinehurst"
    },
    {
      "name": "AndreaH",
      "stroke": "Back",
      "age": "11-12",
      "gender": "Girls",
      "date": "2003-06-21",
      "time": "1:08.19",
      "place": "13",
      "team": "Otters",
      "yards": 0,
      "meet": "019",
      "opponent": "Crossgates"
    },
    {
      "name": "AndreaH",
      "stroke": "Breast",
      "age": "11-12",
      "gender": "Girls",
      "date": "2003-06-21",
      "time": "1:05.64",
      "place": "12",
      "team": "Otters",
      "yards": 0,
      "meet": "019",
      "opponent": "Crossgates"
    },
    {
      "name": "AndreaH",
      "stroke": "Freestyle",
      "age": "11-12",
      "gender": "Girls",
      "date": "2003-06-21",
      "time": "52.60",
      "place": "19",
      "team": "Otters",
      "yards": 0,
      "meet": "019",
      "opponent": "Crossgates"
    },
    {
      "name": "AndreaH",
      "stroke": "Back",
      "age": "11-12",
      "gender": "Girls",
      "date": "2003-06-28",
      "time": "1:13.28",
      "place": "23",
      "team": "Otters",
      "yards": 0,
      "meet": "020",
      "opponent": "Almaden"
    },
    {
      "name": "AndreaH",
      "stroke": "Breast",
      "age": "11-12",
      "gender": "Girls",
      "date": "2003-06-28",
      "time": "1:12.18",
      "place": "14",
      "team": "Otters",
      "yards": 0,
      "meet": "020",
      "opponent": "Almaden"
    },
    {
      "name": "AndreaH",
      "stroke": "Freestyle",
      "age": "11-12",
      "gender": "Girls",
      "date": "2003-06-28",
      "time": "46.05",
      "place": "25",
      "team": "Otters",
      "yards": 0,
      "meet": "020",
      "opponent": "Almaden"
    },
    {
      "name": "AndreaH",
      "stroke": "Back",
      "age": "11-12",
      "gender": "Girls",
      "date": "2003-07-12",
      "time": "1:05.26",
      "place": "18",
      "team": "Otters",
      "yards": 0,
      "meet": "021",
      "opponent": "Creekside"
    },
    {
      "name": "AndreaH",
      "stroke": "Breast",
      "age": "11-12",
      "gender": "Girls",
      "date": "2003-07-12",
      "time": "1:03.12",
      "place": "11",
      "team": "Otters",
      "yards": 0,
      "meet": "021",
      "opponent": "Creekside"
    },
    {
      "name": "AndreaH",
      "stroke": "Freestyle",
      "age": "11-12",
      "gender": "Girls",
      "date": "2003-07-12",
      "time": "48.03",
      "place": "21",
      "team": "Otters",
      "yards": 0,
      "meet": "021",
      "opponent": "Creekside"
    },
    {
      "name": "AndreaH",
      "stroke": "Back",
      "age": "11-12",
      "gender": "Girls",
      "date": "2003-07-19",
      "time": "DQ",
      "place": "--",
      "team": "Otters",
      "yards": 0,
      "meet": "022",
      "opponent": "Champs"
    },
    {
      "name": "AndreaH",
      "stroke": "Breast",
      "age": "11-12",
      "gender": "Girls",
      "date": "2003-07-19",
      "time": "1:03.06",
      "place": "45",
      "team": "Otters",
      "yards": 0,
      "meet": "022",
      "opponent": "Champs"
    },
    {
      "name": "AndreaH",
      "stroke": "Freestyle",
      "age": "11-12",
      "gender": "Girls",
      "date": "2003-07-19",
      "time": "49.84",
      "place": "65",
      "team": "Otters",
      "yards": 0,
      "meet": "022",
      "opponent": "Champs"
    },
    {
      "name": "AndreaH",
      "stroke": "Butterfly",
      "age": "13-14",
      "gender": "Girls",
      "date": "2004-05-20",
      "time": "1:09.15",
      "place": "11",
      "team": "Otters",
      "yards": 0,
      "meet": "023",
      "opponent": "Trials"
    },
    {
      "name": "AndreaH",
      "stroke": "Back",
      "age": "13-14",
      "gender": "Girls",
      "date": "2004-05-20",
      "time": "59.56",
      "place": "10",
      "team": "Otters",
      "yards": 0,
      "meet": "023",
      "opponent": "Trials"
    },
    {
      "name": "AndreaH",
      "stroke": "Freestyle",
      "age": "13-14",
      "gender": "Girls",
      "date": "2004-05-20",
      "time": "43.56",
      "place": "11",
      "team": "Otters",
      "yards": 0,
      "meet": "023",
      "opponent": "Trials"
    },
    {
      "name": "AndreaH",
      "stroke": "Back",
      "age": "13-14",
      "gender": "Girls",
      "date": "2004-06-005",
      "time": "1:04.21",
      "place": "11",
      "team": "Otters",
      "yards": 0,
      "meet": "024",
      "opponent": "Creekside"
    },
    {
      "name": "AndreaH",
      "stroke": "Breast",
      "age": "13-14",
      "gender": "Girls",
      "date": "2004-06-005",
      "time": "57.89",
      "place": "8",
      "team": "Otters",
      "yards": 0,
      "meet": "024",
      "opponent": "Creekside"
    },
    {
      "name": "AndreaH",
      "stroke": "Freestyle",
      "age": "13-14",
      "gender": "Girls",
      "date": "2004-06-005",
      "time": "43.95",
      "place": "13",
      "team": "Otters",
      "yards": 0,
      "meet": "024",
      "opponent": "Creekside"
    },
    {
      "name": "AndreaH",
      "stroke": "Back",
      "age": "13-14",
      "gender": "Girls",
      "date": "2004-06-12",
      "time": "DQ",
      "place": "--",
      "team": "Otters",
      "yards": 0,
      "meet": "025",
      "opponent": "Shadowbrook"
    },
    {
      "name": "AndreaH",
      "stroke": "Breast",
      "age": "13-14",
      "gender": "Girls",
      "date": "2004-06-12",
      "time": "DQ",
      "place": "--",
      "team": "Otters",
      "yards": 0,
      "meet": "025",
      "opponent": "Shadowbrook"
    },
    {
      "name": "AndreaH",
      "stroke": "Freestyle",
      "age": "13-14",
      "gender": "Girls",
      "date": "2004-06-12",
      "time": "41.21",
      "place": "7",
      "team": "Otters",
      "yards": 0,
      "meet": "025",
      "opponent": "Shadowbrook"
    }
  ]
}