{
  "scores": [
    {
      "name": "AndrewN",
      "stroke": "Butterfly",
      "age": "9-10",
      "gender": "Boys",
      "date": "2012-05-19",
      "time": "25.52",
      "place": "9",
      "team": "Otters",
      "yards": 0,
      "meet": "079",
      "opponent": "Trials"
    },
    {
      "name": "AndrewN",
      "stroke": "Back",
      "age": "9-10",
      "gender": "Boys",
      "date": "2012-05-19",
      "time": "24.70",
      "place": "8",
      "team": "Otters",
      "yards": 0,
      "meet": "079",
      "opponent": "Trials"
    },
    {
      "name": "AndrewN",
      "stroke": "Breast",
      "age": "9-10",
      "gender": "Boys",
      "date": "2012-05-19",
      "time": "25.09",
      "place": "7",
      "team": "Otters",
      "yards": 0,
      "meet": "079",
      "opponent": "Trials"
    },
    {
      "name": "AndrewN",
      "stroke": "Freestyle",
      "age": "9-10",
      "gender": "Boys",
      "date": "2012-05-19",
      "time": "19.21",
      "place": "7",
      "team": "Otters",
      "yards": 0,
      "meet": "079",
      "opponent": "Trials"
    },
    {
      "name": "AndrewN",
      "stroke": "Back",
      "age": "9-10",
      "gender": "Boys",
      "date": "2012-06-002",
      "time": "22.75",
      "place": "8",
      "team": "Otters",
      "yards": 0,
      "meet": "080",
      "opponent": "Pinehurst"
    },
    {
      "name": "AndrewN",
      "stroke": "Breast",
      "age": "9-10",
      "gender": "Boys",
      "date": "2012-06-002",
      "time": "23.28",
      "place": "6",
      "team": "Otters",
      "yards": 0,
      "meet": "080",
      "opponent": "Pinehurst"
    },
    {
      "name": "AndrewN",
      "stroke": "Freestyle",
      "age": "9-10",
      "gender": "Boys",
      "date": "2012-06-002",
      "time": "18.17",
      "place": "14",
      "team": "Otters",
      "yards": 0,
      "meet": "080",
      "opponent": "Pinehurst"
    },
    {
      "name": "AndrewN",
      "stroke": "Back",
      "age": "9-10",
      "gender": "Boys",
      "date": "2012-06-16",
      "time": "23.73",
      "place": "8",
      "team": "Otters",
      "yards": 0,
      "meet": "082",
      "opponent": "Almaden"
    },
    {
      "name": "AndrewN",
      "stroke": "Breast",
      "age": "9-10",
      "gender": "Boys",
      "date": "2012-06-16",
      "time": "22.67",
      "place": "5",
      "team": "Otters",
      "yards": 0,
      "meet": "082",
      "opponent": "Almaden"
    },
    {
      "name": "AndrewN",
      "stroke": "Freestyle",
      "age": "9-10",
      "gender": "Boys",
      "date": "2012-06-16",
      "time": "17.97",
      "place": "12",
      "team": "Otters",
      "yards": 0,
      "meet": "082",
      "opponent": "Almaden"
    },
    {
      "name": "AndrewN",
      "stroke": "Back",
      "age": "9-10",
      "gender": "Boys",
      "date": "2012-06-23",
      "time": "24.16",
      "place": "4",
      "team": "Otters",
      "yards": 0,
      "meet": "083",
      "opponent": "Creekside"
    },
    {
      "name": "AndrewN",
      "stroke": "Breast",
      "age": "9-10",
      "gender": "Boys",
      "date": "2012-06-23",
      "time": "23.70",
      "place": "5",
      "team": "Otters",
      "yards": 0,
      "meet": "083",
      "opponent": "Creekside"
    },
    {
      "name": "AndrewN",
      "stroke": "Freestyle",
      "age": "9-10",
      "gender": "Boys",
      "date": "2012-06-23",
      "time": "18.77",
      "place": "9",
      "team": "Otters",
      "yards": 0,
      "meet": "083",
      "opponent": "Creekside"
    },
    {
      "name": "AndrewN",
      "stroke": "Back",
      "age": "9-10",
      "gender": "Boys",
      "date": "2012-06-30",
      "time": "23.83",
      "place": "11",
      "team": "Otters",
      "yards": 0,
      "meet": "084",
      "opponent": "Shadowbrook"
    },
    {
      "name": "AndrewN",
      "stroke": "Breast",
      "age": "9-10",
      "gender": "Boys",
      "date": "2012-06-30",
      "time": "23.41",
      "place": "9",
      "team": "Otters",
      "yards": 0,
      "meet": "084",
      "opponent": "Shadowbrook"
    },
    {
      "name": "AndrewN",
      "stroke": "Freestyle",
      "age": "9-10",
      "gender": "Boys",
      "date": "2012-06-30",
      "time": "17.74",
      "place": "11",
      "team": "Otters",
      "yards": 0,
      "meet": "084",
      "opponent": "Shadowbrook"
    },
    {
      "name": "AndrewN",
      "stroke": "Back",
      "age": "9-10",
      "gender": "Boys",
      "date": "2012-07-14",
      "time": "22.25",
      "place": "21",
      "team": "Otters",
      "yards": 0,
      "meet": "085",
      "opponent": "Champs"
    },
    {
      "name": "AndrewN",
      "stroke": "Breast",
      "age": "9-10",
      "gender": "Boys",
      "date": "2012-07-14",
      "time": "21.87",
      "place": "14",
      "team": "Otters",
      "yards": 0,
      "meet": "085",
      "opponent": "Champs"
    },
    {
      "name": "AndrewN",
      "stroke": "Freestyle",
      "age": "9-10",
      "gender": "Boys",
      "date": "2012-07-14",
      "time": "17.58",
      "place": "35",
      "team": "Otters",
      "yards": 0,
      "meet": "085",
      "opponent": "Champs"
    },
    {
      "name": "AndrewN",
      "stroke": "Butterfly",
      "age": "11-12",
      "gender": "Boys",
      "date": "2013-05-18",
      "time": "50.04",
      "place": "10",
      "team": "Otters",
      "yards": 0,
      "meet": "086",
      "opponent": "Trials"
    },
    {
      "name": "AndrewN",
      "stroke": "Back",
      "age": "11-12",
      "gender": "Boys",
      "date": "2013-05-18",
      "time": "47.12",
      "place": "10",
      "team": "Otters",
      "yards": 0,
      "meet": "086",
      "opponent": "Trials"
    },
    {
      "name": "AndrewN",
      "stroke": "Breast",
      "age": "11-12",
      "gender": "Boys",
      "date": "2013-05-18",
      "time": "49.91",
      "place": "9",
      "team": "Otters",
      "yards": 0,
      "meet": "086",
      "opponent": "Trials"
    },
    {
      "name": "AndrewN",
      "stroke": "Freestyle",
      "age": "11-12",
      "gender": "Boys",
      "date": "2013-05-18",
      "time": "37.06",
      "place": "7",
      "team": "Otters",
      "yards": 0,
      "meet": "086",
      "opponent": "Trials"
    },
    {
      "name": "AndrewN",
      "stroke": "Butterfly",
      "age": "11-12",
      "gender": "Boys",
      "date": "2013-06-001",
      "time": "49.10",
      "place": "12",
      "team": "Otters",
      "yards": 0,
      "meet": "087",
      "opponent": "Shadowbrook"
    },
    {
      "name": "AndrewN",
      "stroke": "Back",
      "age": "11-12",
      "gender": "Boys",
      "date": "2013-06-001",
      "time": "44.81",
      "place": "7",
      "team": "Otters",
      "yards": 0,
      "meet": "087",
      "opponent": "Shadowbrook"
    },
    {
      "name": "AndrewN",
      "stroke": "Freestyle",
      "age": "11-12",
      "gender": "Boys",
      "date": "2013-06-001",
      "time": "35.30",
      "place": "12",
      "team": "Otters",
      "yards": 0,
      "meet": "087",
      "opponent": "Shadowbrook"
    },
    {
      "name": "AndrewN",
      "stroke": "Butterfly",
      "age": "11-12",
      "gender": "Boys",
      "date": "2013-06-008",
      "time": "DQ",
      "place": "--",
      "team": "Otters",
      "yards": 0,
      "meet": "088",
      "opponent": "Pinehurst"
    },
    {
      "name": "AndrewN",
      "stroke": "Back",
      "age": "11-12",
      "gender": "Boys",
      "date": "2013-06-008",
      "time": "45.34",
      "place": "9",
      "team": "Otters",
      "yards": 0,
      "meet": "088",
      "opponent": "Pinehurst"
    },
    {
      "name": "AndrewN",
      "stroke": "Freestyle",
      "age": "11-12",
      "gender": "Boys",
      "date": "2013-06-008",
      "time": "34.01",
      "place": "10",
      "team": "Otters",
      "yards": 0,
      "meet": "088",
      "opponent": "Pinehurst"
    },
    {
      "name": "AndrewN",
      "stroke": "Butterfly",
      "age": "11-12",
      "gender": "Boys",
      "date": "2013-06-22",
      "time": "DQ",
      "place": "--",
      "team": "Otters",
      "yards": 0,
      "meet": "090",
      "opponent": "Almaden"
    },
    {
      "name": "AndrewN",
      "stroke": "Back",
      "age": "11-12",
      "gender": "Boys",
      "date": "2013-06-22",
      "time": "43.56",
      "place": "10",
      "team": "Otters",
      "yards": 0,
      "meet": "090",
      "opponent": "Almaden"
    },
    {
      "name": "AndrewN",
      "stroke": "Freestyle",
      "age": "11-12",
      "gender": "Boys",
      "date": "2013-06-22",
      "time": "32.94",
      "place": "11",
      "team": "Otters",
      "yards": 0,
      "meet": "090",
      "opponent": "Almaden"
    },
    {
      "name": "AndrewN",
      "stroke": "Butterfly",
      "age": "11-12",
      "gender": "Boys",
      "date": "2013-06-29",
      "time": "DQ",
      "place": "--",
      "team": "Otters",
      "yards": 0,
      "meet": "091",
      "opponent": "Creekside"
    },
    {
      "name": "AndrewN",
      "stroke": "Back",
      "age": "11-12",
      "gender": "Boys",
      "date": "2013-06-29",
      "time": "42.98",
      "place": "10",
      "team": "Otters",
      "yards": 0,
      "meet": "091",
      "opponent": "Creekside"
    },
    {
      "name": "AndrewN",
      "stroke": "Freestyle",
      "age": "11-12",
      "gender": "Boys",
      "date": "2013-06-29",
      "time": "34.60",
      "place": "10",
      "team": "Otters",
      "yards": 0,
      "meet": "091",
      "opponent": "Creekside"
    },
    {
      "name": "AndrewN",
      "stroke": "Butterfly",
      "age": "11-12",
      "gender": "Boys",
      "date": "2013-07-13",
      "time": "40.07",
      "place": "24",
      "team": "Otters",
      "yards": 0,
      "meet": "092",
      "opponent": "Almaden"
    },
    {
      "name": "AndrewN",
      "stroke": "Back",
      "age": "11-12",
      "gender": "Boys",
      "date": "2013-07-13",
      "time": "42.81",
      "place": "24",
      "team": "Otters",
      "yards": 0,
      "meet": "092",
      "opponent": "Almaden"
    },
    {
      "name": "AndrewN",
      "stroke": "Freestyle",
      "age": "11-12",
      "gender": "Boys",
      "date": "2013-07-13",
      "time": "33.05",
      "place": "28",
      "team": "Otters",
      "yards": 0,
      "meet": "092",
      "opponent": "Almaden"
    },
    {
      "name": "AndrewN",
      "stroke": "Breast",
      "age": "11-12",
      "gender": "Boys",
      "date": "2014-05-17",
      "time": "40.92",
      "place": "5",
      "team": "Otters",
      "yards": 0,
      "meet": "093",
      "opponent": "Trials"
    },
    {
      "name": "AndrewN",
      "stroke": "Freestyle",
      "age": "11-12",
      "gender": "Boys",
      "date": "2014-05-17",
      "time": "31.95",
      "place": "3",
      "team": "Otters",
      "yards": 0,
      "meet": "093",
      "opponent": "Trials"
    },
    {
      "name": "AndrewN",
      "stroke": "Butterfly",
      "age": "11-12",
      "gender": "Boys",
      "date": "2014-06-007",
      "time": "35.53",
      "place": "2",
      "team": "Otters",
      "yards": 0,
      "meet": "095",
      "opponent": "Shadowbrook"
    },
    {
      "name": "AndrewN",
      "stroke": "Breast",
      "age": "11-12",
      "gender": "Boys",
      "date": "2014-06-007",
      "time": "39.69",
      "place": "3",
      "team": "Otters",
      "yards": 0,
      "meet": "095",
      "opponent": "Shadowbrook"
    },
    {
      "name": "AndrewN",
      "stroke": "Freestyle",
      "age": "11-12",
      "gender": "Boys",
      "date": "2014-06-007",
      "time": "29.95",
      "place": "4",
      "team": "Otters",
      "yards": 0,
      "meet": "095",
      "opponent": "Shadowbrook"
    },
    {
      "name": "AndrewN",
      "stroke": "Butterfly",
      "age": "11-12",
      "gender": "Boys",
      "date": "2014-06-14",
      "time": "36.65",
      "place": "3",
      "team": "Otters",
      "yards": 0,
      "meet": "096",
      "opponent": "Pinehurst"
    },
    {
      "name": "AndrewN",
      "stroke": "Breast",
      "age": "11-12",
      "gender": "Boys",
      "date": "2014-06-14",
      "time": "39.18",
      "place": "3",
      "team": "Otters",
      "yards": 0,
      "meet": "096",
      "opponent": "Pinehurst"
    },
    {
      "name": "AndrewN",
      "stroke": "Freestyle",
      "age": "11-12",
      "gender": "Boys",
      "date": "2014-06-14",
      "time": "29.33",
      "place": "2",
      "team": "Otters",
      "yards": 0,
      "meet": "096",
      "opponent": "Pinehurst"
    },
    {
      "name": "AndrewN",
      "stroke": "Butterfly",
      "age": "11-12",
      "gender": "Boys",
      "date": "2014-06-21",
      "time": "33.59",
      "place": "3",
      "team": "Otters",
      "yards": 0,
      "meet": "097",
      "opponent": "Crossgates"
    },
    {
      "name": "AndrewN",
      "stroke": "Breast",
      "age": "11-12",
      "gender": "Boys",
      "date": "2014-06-21",
      "time": "39.09",
      "place": "3",
      "team": "Otters",
      "yards": 0,
      "meet": "097",
      "opponent": "Crossgates"
    },
    {
      "name": "AndrewN",
      "stroke": "Freestyle",
      "age": "11-12",
      "gender": "Boys",
      "date": "2014-06-21",
      "time": "28.87",
      "place": "3",
      "team": "Otters",
      "yards": 0,
      "meet": "097",
      "opponent": "Crossgates"
    },
    {
      "name": "AndrewN",
      "stroke": "Butterfly",
      "age": "11-12",
      "gender": "Boys",
      "date": "2014-06-28",
      "time": "36.65",
      "place": "3",
      "team": "Otters",
      "yards": 0,
      "meet": "098",
      "opponent": "Almaden"
    },
    {
      "name": "AndrewN",
      "stroke": "Breast",
      "age": "11-12",
      "gender": "Boys",
      "date": "2014-06-28",
      "time": "38.97",
      "place": "3",
      "team": "Otters",
      "yards": 0,
      "meet": "098",
      "opponent": "Almaden"
    },
    {
      "name": "AndrewN",
      "stroke": "Freestyle",
      "age": "11-12",
      "gender": "Boys",
      "date": "2014-06-28",
      "time": "29.44",
      "place": "3",
      "team": "Otters",
      "yards": 0,
      "meet": "098",
      "opponent": "Almaden"
    },
    {
      "name": "AndrewN",
      "stroke": "Butterfly",
      "age": "11-12",
      "gender": "Boys",
      "date": "2014-07-12",
      "time": "33.95",
      "place": "6",
      "team": "Otters",
      "yards": 0,
      "meet": "099",
      "opponent": "Champs"
    },
    {
      "name": "AndrewN",
      "stroke": "Breast",
      "age": "11-12",
      "gender": "Boys",
      "date": "2014-07-12",
      "time": "39.26",
      "place": "6",
      "team": "Otters",
      "yards": 0,
      "meet": "099",
      "opponent": "Champs"
    },
    {
      "name": "AndrewN",
      "stroke": "Freestyle",
      "age": "11-12",
      "gender": "Boys",
      "date": "2014-07-12",
      "time": "28.99",
      "place": "5",
      "team": "Otters",
      "yards": 0,
      "meet": "099",
      "opponent": "Champs"
    },
    {
      "name": "AndrewN",
      "stroke": "Butterfly",
      "age": "13-14",
      "gender": "Boys",
      "date": "2015-05-31",
      "time": "32.89",
      "place": "6",
      "team": "Otters",
      "yards": 0,
      "meet": "100",
      "opponent": "Trials"
    },
    {
      "name": "AndrewN",
      "stroke": "Back",
      "age": "13-14",
      "gender": "Boys",
      "date": "2015-05-31",
      "time": "33.68",
      "place": "5",
      "team": "Otters",
      "yards": 0,
      "meet": "100",
      "opponent": "Trials"
    },
    {
      "name": "AndrewN",
      "stroke": "Breast",
      "age": "13-14",
      "gender": "Boys",
      "date": "2015-05-31",
      "time": "39.00",
      "place": "8",
      "team": "Otters",
      "yards": 0,
      "meet": "100",
      "opponent": "Trials"
    },
    {
      "name": "AndrewN",
      "stroke": "Freestyle",
      "age": "13-14",
      "gender": "Boys",
      "date": "2015-05-31",
      "time": "26.64",
      "place": "4",
      "team": "Otters",
      "yards": 0,
      "meet": "100",
      "opponent": "Trials"
    },
    {
      "name": "AndrewN",
      "stroke": "Back",
      "age": "13-14",
      "gender": "Boys",
      "date": "2015-05-30",
      "time": "33.44",
      "place": "5",
      "team": "Otters",
      "yards": 0,
      "meet": "101",
      "opponent": "Almaden"
    },
    {
      "name": "AndrewN",
      "stroke": "Breast",
      "age": "13-14",
      "gender": "Boys",
      "date": "2015-05-30",
      "time": "38.16",
      "place": "6",
      "team": "Otters",
      "yards": 0,
      "meet": "101",
      "opponent": "Almaden"
    },
    {
      "name": "AndrewN",
      "stroke": "Freestyle",
      "age": "13-14",
      "gender": "Boys",
      "date": "2015-05-30",
      "time": "26.34",
      "place": "6",
      "team": "Otters",
      "yards": 0,
      "meet": "101",
      "opponent": "Almaden"
    },
    {
      "name": "AndrewN",
      "stroke": "Butterfly",
      "age": "13-14",
      "gender": "Boys",
      "date": "2015-06-006",
      "time": "32.52",
      "place": "6",
      "team": "Otters",
      "yards": 0,
      "meet": "102",
      "opponent": "Creekside"
    },
    {
      "name": "AndrewN",
      "stroke": "Breast",
      "age": "13-14",
      "gender": "Boys",
      "date": "2015-06-006",
      "time": "36.77",
      "place": "6",
      "team": "Otters",
      "yards": 0,
      "meet": "102",
      "opponent": "Creekside"
    },
    {
      "name": "AndrewN",
      "stroke": "Freestyle",
      "age": "13-14",
      "gender": "Boys",
      "date": "2015-06-006",
      "time": "26.24",
      "place": "4",
      "team": "Otters",
      "yards": 0,
      "meet": "102",
      "opponent": "Creekside"
    },
    {
      "name": "AndrewN",
      "stroke": "Butterfly",
      "age": "13-14",
      "gender": "Boys",
      "date": "2015-06-13",
      "time": "32.60",
      "place": "4",
      "team": "Otters",
      "yards": 0,
      "meet": "103",
      "opponent": "Shadowbrook"
    },
    {
      "name": "AndrewN",
      "stroke": "Breast",
      "age": "13-14",
      "gender": "Boys",
      "date": "2015-06-13",
      "time": "36.86",
      "place": "4",
      "team": "Otters",
      "yards": 0,
      "meet": "103",
      "opponent": "Shadowbrook"
    },
    {
      "name": "AndrewN",
      "stroke": "Freestyle",
      "age": "13-14",
      "gender": "Boys",
      "date": "2015-06-13",
      "time": "26.76",
      "place": "5",
      "team": "Otters",
      "yards": 0,
      "meet": "103",
      "opponent": "Shadowbrook"
    },
    {
      "name": "AndrewN",
      "stroke": "Butterfly",
      "age": "13-14",
      "gender": "Boys",
      "date": "2015-06-20",
      "time": "32.25",
      "place": "8",
      "team": "Otters",
      "yards": 0,
      "meet": "104",
      "opponent": "Pinehurst"
    },
    {
      "name": "AndrewN",
      "stroke": "Breast",
      "age": "13-14",
      "gender": "Boys",
      "date": "2015-06-20",
      "time": "37.09",
      "place": "6",
      "team": "Otters",
      "yards": 0,
      "meet": "104",
      "opponent": "Pinehurst"
    },
    {
      "name": "AndrewN",
      "stroke": "Freestyle",
      "age": "13-14",
      "gender": "Boys",
      "date": "2015-06-20",
      "time": "26.53",
      "place": "7",
      "team": "Otters",
      "yards": 0,
      "meet": "104",
      "opponent": "Pinehurst"
    },
    {
      "name": "AndrewN",
      "stroke": "Butterfly",
      "age": "13-14",
      "gender": "Boys",
      "date": "2015-06-27",
      "time": "32.01",
      "place": "7",
      "team": "Otters",
      "yards": 0,
      "meet": "105",
      "opponent": "Crossgates"
    },
    {
      "name": "AndrewN",
      "stroke": "Breast",
      "age": "13-14",
      "gender": "Boys",
      "date": "2015-06-27",
      "time": "35.75",
      "place": "4",
      "team": "Otters",
      "yards": 0,
      "meet": "105",
      "opponent": "Crossgates"
    },
    {
      "name": "AndrewN",
      "stroke": "Freestyle",
      "age": "13-14",
      "gender": "Boys",
      "date": "2015-06-27",
      "time": "26.17",
      "place": "5",
      "team": "Otters",
      "yards": 0,
      "meet": "105",
      "opponent": "Crossgates"
    },
    {
      "name": "AndrewN",
      "stroke": "Butterfly",
      "age": "13-14",
      "gender": "Boys",
      "date": "2015-07-11",
      "time": "30.24",
      "place": "12",
      "team": "Otters",
      "yards": 0,
      "meet": "106",
      "opponent": "Champs"
    },
    {
      "name": "AndrewN",
      "stroke": "Breast",
      "age": "13-14",
      "gender": "Boys",
      "date": "2015-07-11",
      "time": "35.12",
      "place": "5",
      "team": "Otters",
      "yards": 0,
      "meet": "106",
      "opponent": "Champs"
    },
    {
      "name": "AndrewN",
      "stroke": "Freestyle",
      "age": "13-14",
      "gender": "Boys",
      "date": "2015-07-11",
      "time": "25.78",
      "place": "9",
      "team": "Otters",
      "yards": 0,
      "meet": "106",
      "opponent": "Champs"
    }
  ]
}