{
  "scores": [
    {
      "name": "AndrewB",
      "stroke": "Back",
      "age": "6 & Under",
      "gender": "Boys",
      "date": "2007-06-002",
      "time": "DQ",
      "place": "--",
      "team": "Otters",
      "yards": 0,
      "meet": "044",
      "opponent": "Trials"
    },
    {
      "name": "AndrewB",
      "stroke": "Freestyle",
      "age": "6 & Under",
      "gender": "Boys",
      "date": "2007-06-002",
      "time": "1:18.95",
      "place": "19",
      "team": "Otters",
      "yards": 0,
      "meet": "044",
      "opponent": "Trials"
    },
    {
      "name": "AndrewB",
      "stroke": "Back",
      "age": "6 & Under",
      "gender": "Boys",
      "date": "2007-06-009",
      "time": "DQ",
      "place": "--",
      "team": "Otters",
      "yards": 0,
      "meet": "045",
      "opponent": "Pinehurst"
    },
    {
      "name": "AndrewB",
      "stroke": "Freestyle",
      "age": "6 & Under",
      "gender": "Boys",
      "date": "2007-06-009",
      "time": "58.19",
      "place": "18",
      "team": "Otters",
      "yards": 0,
      "meet": "045",
      "opponent": "Pinehurst"
    },
    {
      "name": "AndrewB",
      "stroke": "Back",
      "age": "6 & Under",
      "gender": "Boys",
      "date": "2007-06-16",
      "time": "DQ",
      "place": "--",
      "team": "Otters",
      "yards": 0,
      "meet": "046",
      "opponent": "Crossgates"
    },
    {
      "name": "AndrewB",
      "stroke": "Freestyle",
      "age": "6 & Under",
      "gender": "Boys",
      "date": "2007-06-16",
      "time": "1:06.38",
      "place": "16",
      "team": "Otters",
      "yards": 0,
      "meet": "046",
      "opponent": "Crossgates"
    },
    {
      "name": "AndrewB",
      "stroke": "Back",
      "age": "6 & Under",
      "gender": "Boys",
      "date": "2007-06-23",
      "time": "DQ",
      "place": "--",
      "team": "Otters",
      "yards": 0,
      "meet": "047",
      "opponent": "Almaden"
    },
    {
      "name": "AndrewB",
      "stroke": "Freestyle",
      "age": "6 & Under",
      "gender": "Boys",
      "date": "2007-06-23",
      "time": "1:05.18",
      "place": "12",
      "team": "Otters",
      "yards": 0,
      "meet": "047",
      "opponent": "Almaden"
    },
    {
      "name": "AndrewB",
      "stroke": "Back",
      "age": "6 & Under",
      "gender": "Boys",
      "date": "2007-06-30",
      "time": "1:28.63",
      "place": "12",
      "team": "Otters",
      "yards": 0,
      "meet": "048",
      "opponent": "Creekside"
    },
    {
      "name": "AndrewB",
      "stroke": "Freestyle",
      "age": "6 & Under",
      "gender": "Boys",
      "date": "2007-06-30",
      "time": "1:04.03",
      "place": "13",
      "team": "Otters",
      "yards": 0,
      "meet": "048",
      "opponent": "Creekside"
    },
    {
      "name": "AndrewB",
      "stroke": "Back",
      "age": "6 & Under",
      "gender": "Boys",
      "date": "2007-07-007",
      "time": "1:26.81",
      "place": "10",
      "team": "Otters",
      "yards": 0,
      "meet": "049",
      "opponent": "Shadowbrook"
    },
    {
      "name": "AndrewB",
      "stroke": "Freestyle",
      "age": "6 & Under",
      "gender": "Boys",
      "date": "2007-07-007",
      "time": "48.49",
      "place": "11",
      "team": "Otters",
      "yards": 0,
      "meet": "049",
      "opponent": "Shadowbrook"
    },
    {
      "name": "AndrewB",
      "stroke": "Back",
      "age": "6 & Under",
      "gender": "Boys",
      "date": "2007-07-14",
      "time": "DQ",
      "place": "--",
      "team": "Otters",
      "yards": 0,
      "meet": "050",
      "opponent": "Champs"
    },
    {
      "name": "AndrewB",
      "stroke": "Freestyle",
      "age": "6 & Under",
      "gender": "Boys",
      "date": "2007-07-14",
      "time": "44.55",
      "place": "35",
      "team": "Otters",
      "yards": 0,
      "meet": "050",
      "opponent": "Champs"
    },
    {
      "name": "AndrewB",
      "stroke": "Butterfly",
      "age": "8 & Under",
      "gender": "Boys",
      "date": "2008-05-31",
      "time": "44.85",
      "place": "15",
      "team": "Otters",
      "yards": 0,
      "meet": "051",
      "opponent": "Trials"
    },
    {
      "name": "AndrewB",
      "stroke": "Back",
      "age": "6 & Under",
      "gender": "Boys",
      "date": "2008-05-31",
      "time": "44.17",
      "place": "3",
      "team": "Otters",
      "yards": 0,
      "meet": "051",
      "opponent": "Trials"
    },
    {
      "name": "AndrewB",
      "stroke": "Breast",
      "age": "8 & Under",
      "gender": "Boys",
      "date": "2008-05-31",
      "time": "1:02.39",
      "place": "20",
      "team": "Otters",
      "yards": 0,
      "meet": "051",
      "opponent": "Trials"
    },
    {
      "name": "AndrewB",
      "stroke": "Freestyle",
      "age": "6 & Under",
      "gender": "Boys",
      "date": "2008-05-31",
      "time": "42.24",
      "place": "6",
      "team": "Otters",
      "yards": 0,
      "meet": "051",
      "opponent": "Trials"
    },
    {
      "name": "AndrewB",
      "stroke": "Back",
      "age": "6 & Under",
      "gender": "Boys",
      "date": "2008-06-007",
      "time": "51.39",
      "place": "8",
      "team": "Otters",
      "yards": 0,
      "meet": "052",
      "opponent": "Shadowbrook"
    },
    {
      "name": "AndrewB",
      "stroke": "Freestyle",
      "age": "6 & Under",
      "gender": "Boys",
      "date": "2008-06-007",
      "time": "39.27",
      "place": "8",
      "team": "Otters",
      "yards": 0,
      "meet": "052",
      "opponent": "Shadowbrook"
    },
    {
      "name": "AndrewB",
      "stroke": "Back",
      "age": "6 & Under",
      "gender": "Boys",
      "date": "2008-06-14",
      "time": "42.12",
      "place": "9",
      "team": "Otters",
      "yards": 0,
      "meet": "053",
      "opponent": "Pinehurst"
    },
    {
      "name": "AndrewB",
      "stroke": "Freestyle",
      "age": "6 & Under",
      "gender": "Boys",
      "date": "2008-06-14",
      "time": "31.84",
      "place": "6",
      "team": "Otters",
      "yards": 0,
      "meet": "053",
      "opponent": "Pinehurst"
    },
    {
      "name": "AndrewB",
      "stroke": "Back",
      "age": "6 & Under",
      "gender": "Boys",
      "date": "2008-06-21",
      "time": "39.55",
      "place": "9",
      "team": "Otters",
      "yards": 0,
      "meet": "054",
      "opponent": "Crossgates"
    },
    {
      "name": "AndrewB",
      "stroke": "Freestyle",
      "age": "6 & Under",
      "gender": "Boys",
      "date": "2008-06-21",
      "time": "32.31",
      "place": "8",
      "team": "Otters",
      "yards": 0,
      "meet": "054",
      "opponent": "Crossgates"
    },
    {
      "name": "AndrewB",
      "stroke": "Back",
      "age": "6 & Under",
      "gender": "Boys",
      "date": "2008-06-28",
      "time": "37.88",
      "place": "2",
      "team": "Otters",
      "yards": 0,
      "meet": "055",
      "opponent": "Almaden"
    },
    {
      "name": "AndrewB",
      "stroke": "Freestyle",
      "age": "6 & Under",
      "gender": "Boys",
      "date": "2008-06-28",
      "time": "30.34",
      "place": "4",
      "team": "Otters",
      "yards": 0,
      "meet": "055",
      "opponent": "Almaden"
    },
    {
      "name": "AndrewB",
      "stroke": "Back",
      "age": "6 & Under",
      "gender": "Boys",
      "date": "2008-07-12",
      "time": "39.47",
      "place": "7",
      "team": "Otters",
      "yards": 0,
      "meet": "056",
      "opponent": "Creekside"
    },
    {
      "name": "AndrewB",
      "stroke": "Freestyle",
      "age": "6 & Under",
      "gender": "Boys",
      "date": "2008-07-12",
      "time": "30.76",
      "place": "5",
      "team": "Otters",
      "yards": 0,
      "meet": "056",
      "opponent": "Creekside"
    },
    {
      "name": "AndrewB",
      "stroke": "Back",
      "age": "6 & Under",
      "gender": "Boys",
      "date": "2008-07-19",
      "time": "39.21",
      "place": "28",
      "team": "Otters",
      "yards": 0,
      "meet": "057",
      "opponent": "Champs"
    },
    {
      "name": "AndrewB",
      "stroke": "Freestyle",
      "age": "6 & Under",
      "gender": "Boys",
      "date": "2008-07-19",
      "time": "32.75",
      "place": "26",
      "team": "Otters",
      "yards": 0,
      "meet": "057",
      "opponent": "Champs"
    },
    {
      "name": "AndrewB",
      "stroke": "Butterfly",
      "age": "8 & Under",
      "gender": "Boys",
      "date": "2009-05-30",
      "time": "38.44",
      "place": "11",
      "team": "Otters",
      "yards": 0,
      "meet": "058",
      "opponent": "Trials"
    },
    {
      "name": "AndrewB",
      "stroke": "Back",
      "age": "7-8",
      "gender": "Boys",
      "date": "2009-05-30",
      "time": "37.53",
      "place": "13",
      "team": "Otters",
      "yards": 0,
      "meet": "058",
      "opponent": "Trials"
    },
    {
      "name": "AndrewB",
      "stroke": "Breast",
      "age": "8 & Under",
      "gender": "Boys",
      "date": "2009-05-30",
      "time": "41.72",
      "place": "10",
      "team": "Otters",
      "yards": 0,
      "meet": "058",
      "opponent": "Trials"
    },
    {
      "name": "AndrewB",
      "stroke": "Freestyle",
      "age": "7-8",
      "gender": "Boys",
      "date": "2009-05-30",
      "time": "27.84",
      "place": "9",
      "team": "Otters",
      "yards": 0,
      "meet": "058",
      "opponent": "Trials"
    },
    {
      "name": "AndrewB",
      "stroke": "Back",
      "age": "7-8",
      "gender": "Boys",
      "date": "2009-06-006",
      "time": "34.79",
      "place": "15",
      "team": "Otters",
      "yards": 0,
      "meet": "059",
      "opponent": "Creekside"
    },
    {
      "name": "AndrewB",
      "stroke": "Breast",
      "age": "8 & Under",
      "gender": "Boys",
      "date": "2009-06-006",
      "time": "DQ",
      "place": "--",
      "team": "Otters",
      "yards": 0,
      "meet": "059",
      "opponent": "Creekside"
    },
    {
      "name": "AndrewB",
      "stroke": "Freestyle",
      "age": "7-8",
      "gender": "Boys",
      "date": "2009-06-006",
      "time": "27.03",
      "place": "15",
      "team": "Otters",
      "yards": 0,
      "meet": "059",
      "opponent": "Creekside"
    },
    {
      "name": "AndrewB",
      "stroke": "Butterfly",
      "age": "8 & Under",
      "gender": "Boys",
      "date": "2009-06-13",
      "time": "DQ",
      "place": "--",
      "team": "Otters",
      "yards": 0,
      "meet": "060",
      "opponent": "Shadowbrook"
    },
    {
      "name": "AndrewB",
      "stroke": "Back",
      "age": "7-8",
      "gender": "Boys",
      "date": "2009-06-13",
      "time": "35.59",
      "place": "13",
      "team": "Otters",
      "yards": 0,
      "meet": "060",
      "opponent": "Shadowbrook"
    },
    {
      "name": "AndrewB",
      "stroke": "Freestyle",
      "age": "7-8",
      "gender": "Boys",
      "date": "2009-06-13",
      "time": "24.93",
      "place": "13",
      "team": "Otters",
      "yards": 0,
      "meet": "060",
      "opponent": "Shadowbrook"
    },
    {
      "name": "AndrewB",
      "stroke": "Butterfly",
      "age": "8 & Under",
      "gender": "Boys",
      "date": "2009-07-11",
      "time": "DQ",
      "place": "--",
      "team": "Otters",
      "yards": 0,
      "meet": "063",
      "opponent": "Almaden"
    },
    {
      "name": "AndrewB",
      "stroke": "Back",
      "age": "7-8",
      "gender": "Boys",
      "date": "2009-07-11",
      "time": "32.00",
      "place": "12",
      "team": "Otters",
      "yards": 0,
      "meet": "063",
      "opponent": "Almaden"
    },
    {
      "name": "AndrewB",
      "stroke": "Freestyle",
      "age": "7-8",
      "gender": "Boys",
      "date": "2009-07-11",
      "time": "23.00",
      "place": "14",
      "team": "Otters",
      "yards": 0,
      "meet": "063",
      "opponent": "Almaden"
    },
    {
      "name": "AndrewB",
      "stroke": "Butterfly",
      "age": "8 & Under",
      "gender": "Boys",
      "date": "2009-07-18",
      "time": "DQ",
      "place": "--",
      "team": "Otters",
      "yards": 0,
      "meet": "064",
      "opponent": "Champs"
    },
    {
      "name": "AndrewB",
      "stroke": "Back",
      "age": "7-8",
      "gender": "Boys",
      "date": "2009-07-18",
      "time": "33.86",
      "place": "49",
      "team": "Otters",
      "yards": 0,
      "meet": "064",
      "opponent": "Champs"
    },
    {
      "name": "AndrewB",
      "stroke": "Freestyle",
      "age": "7-8",
      "gender": "Boys",
      "date": "2009-07-18",
      "time": "21.34",
      "place": "36",
      "team": "Otters",
      "yards": 0,
      "meet": "064",
      "opponent": "Champs"
    },
    {
      "name": "AndrewB",
      "stroke": "Butterfly",
      "age": "9-10",
      "gender": "Boys",
      "date": "2011-05-21",
      "time": "30.72",
      "place": "11",
      "team": "Otters",
      "yards": 0,
      "meet": "072",
      "opponent": "Trials"
    },
    {
      "name": "AndrewB",
      "stroke": "Back",
      "age": "9-10",
      "gender": "Boys",
      "date": "2011-05-21",
      "time": "28.31",
      "place": "11",
      "team": "Otters",
      "yards": 0,
      "meet": "072",
      "opponent": "Trials"
    },
    {
      "name": "AndrewB",
      "stroke": "Butterfly",
      "age": "9-10",
      "gender": "Boys",
      "date": "2011-06-004",
      "time": "DQ",
      "place": "--",
      "team": "Otters",
      "yards": 0,
      "meet": "073",
      "opponent": "Crossgates"
    },
    {
      "name": "AndrewB",
      "stroke": "Back",
      "age": "9-10",
      "gender": "Boys",
      "date": "2011-06-004",
      "time": "30.43",
      "place": "15",
      "team": "Otters",
      "yards": 0,
      "meet": "073",
      "opponent": "Crossgates"
    },
    {
      "name": "AndrewB",
      "stroke": "Freestyle",
      "age": "9-10",
      "gender": "Boys",
      "date": "2011-06-004",
      "time": "21.37",
      "place": "16",
      "team": "Otters",
      "yards": 0,
      "meet": "073",
      "opponent": "Crossgates"
    },
    {
      "name": "AndrewB",
      "stroke": "Butterfly",
      "age": "9-10",
      "gender": "Boys",
      "date": "2011-06-11",
      "time": "32.61",
      "place": "14",
      "team": "Otters",
      "yards": 0,
      "meet": "074",
      "opponent": "Almaden"
    },
    {
      "name": "AndrewB",
      "stroke": "Back",
      "age": "9-10",
      "gender": "Boys",
      "date": "2011-06-11",
      "time": "28.31",
      "place": "15",
      "team": "Otters",
      "yards": 0,
      "meet": "074",
      "opponent": "Almaden"
    },
    {
      "name": "AndrewB",
      "stroke": "Freestyle",
      "age": "9-10",
      "gender": "Boys",
      "date": "2011-06-11",
      "time": "23.04",
      "place": "18",
      "team": "Otters",
      "yards": 0,
      "meet": "074",
      "opponent": "Almaden"
    },
    {
      "name": "AndrewB",
      "stroke": "Butterfly",
      "age": "9-10",
      "gender": "Boys",
      "date": "2011-06-18",
      "time": "29.63",
      "place": "8",
      "team": "Otters",
      "yards": 0,
      "meet": "075",
      "opponent": "Creekside"
    },
    {
      "name": "AndrewB",
      "stroke": "Back",
      "age": "9-10",
      "gender": "Boys",
      "date": "2011-06-18",
      "time": "28.25",
      "place": "15",
      "team": "Otters",
      "yards": 0,
      "meet": "075",
      "opponent": "Creekside"
    },
    {
      "name": "AndrewB",
      "stroke": "Butterfly",
      "age": "9-10",
      "gender": "Boys",
      "date": "2011-06-25",
      "time": "28.85",
      "place": "13",
      "team": "Otters",
      "yards": 0,
      "meet": "076",
      "opponent": "Shadowbrook"
    },
    {
      "name": "AndrewB",
      "stroke": "Back",
      "age": "9-10",
      "gender": "Boys",
      "date": "2011-06-25",
      "time": "23.96",
      "place": "10",
      "team": "Otters",
      "yards": 0,
      "meet": "076",
      "opponent": "Shadowbrook"
    },
    {
      "name": "AndrewB",
      "stroke": "Freestyle",
      "age": "9-10",
      "gender": "Boys",
      "date": "2011-06-25",
      "time": "20.78",
      "place": "19",
      "team": "Otters",
      "yards": 0,
      "meet": "076",
      "opponent": "Shadowbrook"
    },
    {
      "name": "AndrewB",
      "stroke": "Butterfly",
      "age": "9-10",
      "gender": "Boys",
      "date": "2011-07-009",
      "time": "DQ",
      "place": "--",
      "team": "Otters",
      "yards": 0,
      "meet": "077",
      "opponent": "Pinehurst"
    },
    {
      "name": "AndrewB",
      "stroke": "Back",
      "age": "9-10",
      "gender": "Boys",
      "date": "2011-07-009",
      "time": "25.28",
      "place": "14",
      "team": "Otters",
      "yards": 0,
      "meet": "077",
      "opponent": "Pinehurst"
    },
    {
      "name": "AndrewB",
      "stroke": "Freestyle",
      "age": "9-10",
      "gender": "Boys",
      "date": "2011-07-009",
      "time": "20.57",
      "place": "21",
      "team": "Otters",
      "yards": 0,
      "meet": "077",
      "opponent": "Pinehurst"
    },
    {
      "name": "AndrewB",
      "stroke": "Butterfly",
      "age": "9-10",
      "gender": "Boys",
      "date": "2011-07-16",
      "time": "28.72",
      "place": "37",
      "team": "Otters",
      "yards": 0,
      "meet": "078",
      "opponent": "Champs"
    },
    {
      "name": "AndrewB",
      "stroke": "Back",
      "age": "9-10",
      "gender": "Boys",
      "date": "2011-07-16",
      "time": "26.42",
      "place": "42",
      "team": "Otters",
      "yards": 0,
      "meet": "078",
      "opponent": "Champs"
    },
    {
      "name": "AndrewB",
      "stroke": "Freestyle",
      "age": "9-10",
      "gender": "Boys",
      "date": "2011-07-16",
      "time": "22.83",
      "place": "71",
      "team": "Otters",
      "yards": 0,
      "meet": "078",
      "opponent": "Champs"
    },
    {
      "name": "AndrewB",
      "stroke": "Butterfly",
      "age": "11-12",
      "gender": "Boys",
      "date": "2014-05-17",
      "time": "50.78",
      "place": "8",
      "team": "Otters",
      "yards": 0,
      "meet": "093",
      "opponent": "Trials"
    },
    {
      "name": "AndrewB",
      "stroke": "Back",
      "age": "11-12",
      "gender": "Boys",
      "date": "2014-05-17",
      "time": "48.73",
      "place": "9",
      "team": "Otters",
      "yards": 0,
      "meet": "093",
      "opponent": "Trials"
    },
    {
      "name": "AndrewB",
      "stroke": "Breast",
      "age": "11-12",
      "gender": "Boys",
      "date": "2014-05-17",
      "time": "55.97",
      "place": "12",
      "team": "Otters",
      "yards": 0,
      "meet": "093",
      "opponent": "Trials"
    },
    {
      "name": "AndrewB",
      "stroke": "Freestyle",
      "age": "11-12",
      "gender": "Boys",
      "date": "2014-05-17",
      "time": "35.82",
      "place": "7",
      "team": "Otters",
      "yards": 0,
      "meet": "093",
      "opponent": "Trials"
    },
    {
      "name": "AndrewB",
      "stroke": "Back",
      "age": "11-12",
      "gender": "Boys",
      "date": "2014-06-007",
      "time": "48.00",
      "place": "15",
      "team": "Otters",
      "yards": 0,
      "meet": "095",
      "opponent": "Shadowbrook"
    },
    {
      "name": "AndrewB",
      "stroke": "Breast",
      "age": "11-12",
      "gender": "Boys",
      "date": "2014-06-007",
      "time": "DQ",
      "place": "--",
      "team": "Otters",
      "yards": 0,
      "meet": "095",
      "opponent": "Shadowbrook"
    },
    {
      "name": "AndrewB",
      "stroke": "Freestyle",
      "age": "11-12",
      "gender": "Boys",
      "date": "2014-06-007",
      "time": "35.85",
      "place": "18",
      "team": "Otters",
      "yards": 0,
      "meet": "095",
      "opponent": "Shadowbrook"
    },
    {
      "name": "AndrewB",
      "stroke": "Butterfly",
      "age": "11-12",
      "gender": "Boys",
      "date": "2014-06-14",
      "time": "DQ",
      "place": "--",
      "team": "Otters",
      "yards": 0,
      "meet": "096",
      "opponent": "Pinehurst"
    },
    {
      "name": "AndrewB",
      "stroke": "Back",
      "age": "11-12",
      "gender": "Boys",
      "date": "2014-06-14",
      "time": "50.39",
      "place": "17",
      "team": "Otters",
      "yards": 0,
      "meet": "096",
      "opponent": "Pinehurst"
    },
    {
      "name": "AndrewB",
      "stroke": "Freestyle",
      "age": "11-12",
      "gender": "Boys",
      "date": "2014-06-14",
      "time": "36.06",
      "place": "15",
      "team": "Otters",
      "yards": 0,
      "meet": "096",
      "opponent": "Pinehurst"
    },
    {
      "name": "AndrewB",
      "stroke": "Butterfly",
      "age": "11-12",
      "gender": "Boys",
      "date": "2014-06-21",
      "time": "53.75",
      "place": "13",
      "team": "Otters",
      "yards": 0,
      "meet": "097",
      "opponent": "Crossgates"
    },
    {
      "name": "AndrewB",
      "stroke": "Breast",
      "age": "11-12",
      "gender": "Boys",
      "date": "2014-06-21",
      "time": "56.91",
      "place": "19",
      "team": "Otters",
      "yards": 0,
      "meet": "097",
      "opponent": "Crossgates"
    },
    {
      "name": "AndrewB",
      "stroke": "Freestyle",
      "age": "11-12",
      "gender": "Boys",
      "date": "2014-06-21",
      "time": "35.03",
      "place": "17",
      "team": "Otters",
      "yards": 0,
      "meet": "097",
      "opponent": "Crossgates"
    },
    {
      "name": "AndrewB",
      "stroke": "Butterfly",
      "age": "11-12",
      "gender": "Boys",
      "date": "2014-06-28",
      "time": "DQ",
      "place": "--",
      "team": "Otters",
      "yards": 0,
      "meet": "098",
      "opponent": "Almaden"
    },
    {
      "name": "AndrewB",
      "stroke": "Back",
      "age": "11-12",
      "gender": "Boys",
      "date": "2014-06-28",
      "time": "DQ",
      "place": "--",
      "team": "Otters",
      "yards": 0,
      "meet": "098",
      "opponent": "Almaden"
    },
    {
      "name": "AndrewB",
      "stroke": "Freestyle",
      "age": "11-12",
      "gender": "Boys",
      "date": "2014-06-28",
      "time": "35.52",
      "place": "15",
      "team": "Otters",
      "yards": 0,
      "meet": "098",
      "opponent": "Almaden"
    },
    {
      "name": "AndrewB",
      "stroke": "Butterfly",
      "age": "11-12",
      "gender": "Boys",
      "date": "2014-07-12",
      "time": "52.46",
      "place": "33",
      "team": "Otters",
      "yards": 0,
      "meet": "099",
      "opponent": "Champs"
    },
    {
      "name": "AndrewB",
      "stroke": "Back",
      "age": "11-12",
      "gender": "Boys",
      "date": "2014-07-12",
      "time": "44.93",
      "place": "32",
      "team": "Otters",
      "yards": 0,
      "meet": "099",
      "opponent": "Champs"
    },
    {
      "name": "AndrewB",
      "stroke": "Freestyle",
      "age": "11-12",
      "gender": "Boys",
      "date": "2014-07-12",
      "time": "34.55",
      "place": "37",
      "team": "Otters",
      "yards": 0,
      "meet": "099",
      "opponent": "Champs"
    },
    {
      "name": "AndrewB",
      "stroke": "Butterfly",
      "age": "13-14",
      "gender": "Boys",
      "date": "2015-05-31",
      "time": "46.56",
      "place": "11",
      "team": "Otters",
      "yards": 0,
      "meet": "100",
      "opponent": "Trials"
    },
    {
      "name": "AndrewB",
      "stroke": "Back",
      "age": "13-14",
      "gender": "Boys",
      "date": "2015-05-31",
      "time": "46.57",
      "place": "11",
      "team": "Otters",
      "yards": 0,
      "meet": "100",
      "opponent": "Trials"
    },
    {
      "name": "AndrewB",
      "stroke": "Freestyle",
      "age": "13-14",
      "gender": "Boys",
      "date": "2015-05-31",
      "time": "33.32",
      "place": "10",
      "team": "Otters",
      "yards": 0,
      "meet": "100",
      "opponent": "Trials"
    },
    {
      "name": "AndrewB",
      "stroke": "Back",
      "age": "13-14",
      "gender": "Boys",
      "date": "2015-05-30",
      "time": "43.68",
      "place": "9",
      "team": "Otters",
      "yards": 0,
      "meet": "101",
      "opponent": "Almaden"
    },
    {
      "name": "AndrewB",
      "stroke": "Freestyle",
      "age": "13-14",
      "gender": "Boys",
      "date": "2015-05-30",
      "time": "33.19",
      "place": "18",
      "team": "Otters",
      "yards": 0,
      "meet": "101",
      "opponent": "Almaden"
    },
    {
      "name": "AndrewB",
      "stroke": "Back",
      "age": "13-14",
      "gender": "Boys",
      "date": "2015-06-006",
      "time": "43.25",
      "place": "12",
      "team": "Otters",
      "yards": 0,
      "meet": "102",
      "opponent": "Creekside"
    },
    {
      "name": "AndrewB",
      "stroke": "Freestyle",
      "age": "13-14",
      "gender": "Boys",
      "date": "2015-06-006",
      "time": "33.46",
      "place": "19",
      "team": "Otters",
      "yards": 0,
      "meet": "102",
      "opponent": "Creekside"
    },
    {
      "name": "AndrewB",
      "stroke": "Butterfly",
      "age": "13-14",
      "gender": "Boys",
      "date": "2015-06-13",
      "time": "48.91",
      "place": "12",
      "team": "Otters",
      "yards": 0,
      "meet": "103",
      "opponent": "Shadowbrook"
    },
    {
      "name": "AndrewB",
      "stroke": "Back",
      "age": "13-14",
      "gender": "Boys",
      "date": "2015-06-13",
      "time": "43.49",
      "place": "10",
      "team": "Otters",
      "yards": 0,
      "meet": "103",
      "opponent": "Shadowbrook"
    },
    {
      "name": "AndrewB",
      "stroke": "Freestyle",
      "age": "13-14",
      "gender": "Boys",
      "date": "2015-06-13",
      "time": "34.50",
      "place": "17",
      "team": "Otters",
      "yards": 0,
      "meet": "103",
      "opponent": "Shadowbrook"
    },
    {
      "name": "AndrewB",
      "stroke": "Back",
      "age": "13-14",
      "gender": "Boys",
      "date": "2015-06-20",
      "time": "DQ",
      "place": "--",
      "team": "Otters",
      "yards": 0,
      "meet": "104",
      "opponent": "Pinehurst"
    },
    {
      "name": "AndrewB",
      "stroke": "Freestyle",
      "age": "13-14",
      "gender": "Boys",
      "date": "2015-06-20",
      "time": "33.34",
      "place": "17",
      "team": "Otters",
      "yards": 0,
      "meet": "104",
      "opponent": "Pinehurst"
    },
    {
      "name": "AndrewB",
      "stroke": "Back",
      "age": "13-14",
      "gender": "Boys",
      "date": "2015-06-27",
      "time": "44.52",
      "place": "10",
      "team": "Otters",
      "yards": 0,
      "meet": "105",
      "opponent": "Crossgates"
    },
    {
      "name": "AndrewB",
      "stroke": "Freestyle",
      "age": "13-14",
      "gender": "Boys",
      "date": "2015-06-27",
      "time": "32.48",
      "place": "16",
      "team": "Otters",
      "yards": 0,
      "meet": "105",
      "opponent": "Crossgates"
    },
    {
      "name": "AndrewB",
      "stroke": "Back",
      "age": "13-14",
      "gender": "Boys",
      "date": "2015-07-11",
      "time": "40.73",
      "place": "31",
      "team": "Otters",
      "yards": 0,
      "meet": "106",
      "opponent": "Champs"
    },
    {
      "name": "AndrewB",
      "stroke": "Freestyle",
      "age": "13-14",
      "gender": "Boys",
      "date": "2015-07-11",
      "time": "33.20",
      "place": "48",
      "team": "Otters",
      "yards": 0,
      "meet": "106",
      "opponent": "Champs"
    }
  ]
}