{
  "scores": [
    {
      "name": "AngelineT",
      "stroke": "Back",
      "age": "6 & Under",
      "gender": "Girls",
      "date": "2005-06-004",
      "time": "33.28",
      "place": "6",
      "team": "Otters",
      "yards": 0,
      "meet": "031",
      "opponent": "Almaden"
    },
    {
      "name": "AngelineT",
      "stroke": "Freestyle",
      "age": "6 & Under",
      "gender": "Girls",
      "date": "2005-06-004",
      "time": "30.25",
      "place": "6",
      "team": "Otters",
      "yards": 0,
      "meet": "031",
      "opponent": "Almaden"
    },
    {
      "name": "AngelineT",
      "stroke": "Back",
      "age": "6 & Under",
      "gender": "Girls",
      "date": "2005-06-11",
      "time": "31.12",
      "place": "3",
      "team": "Otters",
      "yards": 0,
      "meet": "032",
      "opponent": "Creekside"
    },
    {
      "name": "AngelineT",
      "stroke": "Freestyle",
      "age": "6 & Under",
      "gender": "Girls",
      "date": "2005-06-11",
      "time": "28.62",
      "place": "3",
      "team": "Otters",
      "yards": 0,
      "meet": "032",
      "opponent": "Creekside"
    },
    {
      "name": "AngelineT",
      "stroke": "Back",
      "age": "6 & Under",
      "gender": "Girls",
      "date": "2005-06-25",
      "time": "28.56",
      "place": "2",
      "team": "Otters",
      "yards": 0,
      "meet": "034",
      "opponent": "Pinehurst"
    },
    {
      "name": "AngelineT",
      "stroke": "Breast",
      "age": "8 & Under",
      "gender": "Girls",
      "date": "2005-06-25",
      "time": "31.90",
      "place": "6",
      "team": "Otters",
      "yards": 0,
      "meet": "034",
      "opponent": "Pinehurst"
    },
    {
      "name": "AngelineT",
      "stroke": "Freestyle",
      "age": "6 & Under",
      "gender": "Girls",
      "date": "2005-06-25",
      "time": "30.53",
      "place": "6",
      "team": "Otters",
      "yards": 0,
      "meet": "034",
      "opponent": "Pinehurst"
    },
    {
      "name": "AngelineT",
      "stroke": "Back",
      "age": "6 & Under",
      "gender": "Girls",
      "date": "2005-07-009",
      "time": "30.05",
      "place": "5",
      "team": "Otters",
      "yards": 0,
      "meet": "035",
      "opponent": "Crossgates"
    },
    {
      "name": "AngelineT",
      "stroke": "Breast",
      "age": "8 & Under",
      "gender": "Girls",
      "date": "2005-07-009",
      "time": "30.28",
      "place": "7",
      "team": "Otters",
      "yards": 0,
      "meet": "035",
      "opponent": "Crossgates"
    },
    {
      "name": "AngelineT",
      "stroke": "Freestyle",
      "age": "6 & Under",
      "gender": "Girls",
      "date": "2005-07-009",
      "time": "30.50",
      "place": "12",
      "team": "Otters",
      "yards": 0,
      "meet": "035",
      "opponent": "Crossgates"
    },
    {
      "name": "AngelineT",
      "stroke": "Back",
      "age": "6 & Under",
      "gender": "Girls",
      "date": "2005-07-16",
      "time": "29.77",
      "place": "10",
      "team": "Otters",
      "yards": 0,
      "meet": "036",
      "opponent": "Champs"
    },
    {
      "name": "AngelineT",
      "stroke": "Breast",
      "age": "8 & Under",
      "gender": "Girls",
      "date": "2005-07-16",
      "time": "31.48",
      "place": "29",
      "team": "Otters",
      "yards": 0,
      "meet": "036",
      "opponent": "Champs"
    },
    {
      "name": "AngelineT",
      "stroke": "Freestyle",
      "age": "6 & Under",
      "gender": "Girls",
      "date": "2005-07-16",
      "time": "31.73",
      "place": "23",
      "team": "Otters",
      "yards": 0,
      "meet": "036",
      "opponent": "Champs"
    },
    {
      "name": "AngelineT",
      "stroke": "Butterfly",
      "age": "8 & Under",
      "gender": "Girls",
      "date": "2006-05-20",
      "time": "33.15",
      "place": "13",
      "team": "Otters",
      "yards": 0,
      "meet": "037",
      "opponent": "Trials"
    },
    {
      "name": "AngelineT",
      "stroke": "Back",
      "age": "7-8",
      "gender": "Girls",
      "date": "2006-05-20",
      "time": "29.83",
      "place": "11",
      "team": "Otters",
      "yards": 0,
      "meet": "037",
      "opponent": "Trials"
    },
    {
      "name": "AngelineT",
      "stroke": "Breast",
      "age": "8 & Under",
      "gender": "Girls",
      "date": "2006-05-20",
      "time": "27.82",
      "place": "2",
      "team": "Otters",
      "yards": 0,
      "meet": "037",
      "opponent": "Trials"
    },
    {
      "name": "AngelineT",
      "stroke": "Freestyle",
      "age": "7-8",
      "gender": "Girls",
      "date": "2006-05-20",
      "time": "29.41",
      "place": "13",
      "team": "Otters",
      "yards": 0,
      "meet": "037",
      "opponent": "Trials"
    },
    {
      "name": "AngelineT",
      "stroke": "Back",
      "age": "7-8",
      "gender": "Girls",
      "date": "2006-06-003",
      "time": "29.28",
      "place": "11",
      "team": "Otters",
      "yards": 0,
      "meet": "038",
      "opponent": "Crossgates"
    },
    {
      "name": "AngelineT",
      "stroke": "Breast",
      "age": "8 & Under",
      "gender": "Girls",
      "date": "2006-06-003",
      "time": "27.29",
      "place": "2",
      "team": "Otters",
      "yards": 0,
      "meet": "038",
      "opponent": "Crossgates"
    },
    {
      "name": "AngelineT",
      "stroke": "Freestyle",
      "age": "7-8",
      "gender": "Girls",
      "date": "2006-06-003",
      "time": "25.53",
      "place": "16",
      "team": "Otters",
      "yards": 0,
      "meet": "038",
      "opponent": "Crossgates"
    },
    {
      "name": "AngelineT",
      "stroke": "Back",
      "age": "7-8",
      "gender": "Girls",
      "date": "2006-06-10",
      "time": "30.84",
      "place": "11",
      "team": "Otters",
      "yards": 0,
      "meet": "039",
      "opponent": "Almaden"
    },
    {
      "name": "AngelineT",
      "stroke": "Breast",
      "age": "8 & Under",
      "gender": "Girls",
      "date": "2006-06-10",
      "time": "27.53",
      "place": "2",
      "team": "Otters",
      "yards": 0,
      "meet": "039",
      "opponent": "Almaden"
    },
    {
      "name": "AngelineT",
      "stroke": "Freestyle",
      "age": "7-8",
      "gender": "Girls",
      "date": "2006-06-10",
      "time": "21.63",
      "place": "2",
      "team": "Otters",
      "yards": 0,
      "meet": "039",
      "opponent": "Almaden"
    },
    {
      "name": "AngelineT",
      "stroke": "Back",
      "age": "7-8",
      "gender": "Girls",
      "date": "2006-06-17",
      "time": "25.57",
      "place": "2",
      "team": "Otters",
      "yards": 0,
      "meet": "040",
      "opponent": "Creekside"
    },
    {
      "name": "AngelineT",
      "stroke": "Breast",
      "age": "8 & Under",
      "gender": "Girls",
      "date": "2006-06-17",
      "time": "27.46",
      "place": "3",
      "team": "Otters",
      "yards": 0,
      "meet": "040",
      "opponent": "Creekside"
    },
    {
      "name": "AngelineT",
      "stroke": "Freestyle",
      "age": "7-8",
      "gender": "Girls",
      "date": "2006-06-17",
      "time": "20.91",
      "place": "3",
      "team": "Otters",
      "yards": 0,
      "meet": "040",
      "opponent": "Creekside"
    },
    {
      "name": "AngelineT",
      "stroke": "Back",
      "age": "7-8",
      "gender": "Girls",
      "date": "2006-06-24",
      "time": "27.75",
      "place": "10",
      "team": "Otters",
      "yards": 0,
      "meet": "041",
      "opponent": "Shadowbrook"
    },
    {
      "name": "AngelineT",
      "stroke": "Breast",
      "age": "8 & Under",
      "gender": "Girls",
      "date": "2006-06-24",
      "time": "25.93",
      "place": "3",
      "team": "Otters",
      "yards": 0,
      "meet": "041",
      "opponent": "Shadowbrook"
    },
    {
      "name": "AngelineT",
      "stroke": "Freestyle",
      "age": "7-8",
      "gender": "Girls",
      "date": "2006-06-24",
      "time": "21.66",
      "place": "6",
      "team": "Otters",
      "yards": 0,
      "meet": "041",
      "opponent": "Shadowbrook"
    },
    {
      "name": "AngelineT",
      "stroke": "Back",
      "age": "7-8",
      "gender": "Girls",
      "date": "2006-07-008",
      "time": "29.49",
      "place": "11",
      "team": "Otters",
      "yards": 0,
      "meet": "042",
      "opponent": "Pinehurst"
    },
    {
      "name": "AngelineT",
      "stroke": "Breast",
      "age": "8 & Under",
      "gender": "Girls",
      "date": "2006-07-008",
      "time": "26.22",
      "place": "4",
      "team": "Otters",
      "yards": 0,
      "meet": "042",
      "opponent": "Pinehurst"
    },
    {
      "name": "AngelineT",
      "stroke": "Freestyle",
      "age": "7-8",
      "gender": "Girls",
      "date": "2006-07-008",
      "time": "20.84",
      "place": "7",
      "team": "Otters",
      "yards": 0,
      "meet": "042",
      "opponent": "Pinehurst"
    },
    {
      "name": "AngelineT",
      "stroke": "Back",
      "age": "7-8",
      "gender": "Girls",
      "date": "2006-07-15",
      "time": "26.11",
      "place": "22",
      "team": "Otters",
      "yards": 0,
      "meet": "043",
      "opponent": "Champs"
    },
    {
      "name": "AngelineT",
      "stroke": "Breast",
      "age": "8 & Under",
      "gender": "Girls",
      "date": "2006-07-15",
      "time": "24.69",
      "place": "4",
      "team": "Otters",
      "yards": 0,
      "meet": "043",
      "opponent": "Champs"
    },
    {
      "name": "AngelineT",
      "stroke": "Freestyle",
      "age": "7-8",
      "gender": "Girls",
      "date": "2006-07-15",
      "time": "21.53",
      "place": "30",
      "team": "Otters",
      "yards": 0,
      "meet": "043",
      "opponent": "Champs"
    },
    {
      "name": "AngelineT",
      "stroke": "Butterfly",
      "age": "8 & Under",
      "gender": "Girls",
      "date": "2007-06-002",
      "time": "21.21",
      "place": "2",
      "team": "Otters",
      "yards": 0,
      "meet": "044",
      "opponent": "Trials"
    },
    {
      "name": "AngelineT",
      "stroke": "Back",
      "age": "7-8",
      "gender": "Girls",
      "date": "2007-06-002",
      "time": "22.38",
      "place": "2",
      "team": "Otters",
      "yards": 0,
      "meet": "044",
      "opponent": "Trials"
    },
    {
      "name": "AngelineT",
      "stroke": "Breast",
      "age": "8 & Under",
      "gender": "Girls",
      "date": "2007-06-002",
      "time": "DQ",
      "place": "--",
      "team": "Otters",
      "yards": 0,
      "meet": "044",
      "opponent": "Trials"
    },
    {
      "name": "AngelineT",
      "stroke": "Butterfly",
      "age": "8 & Under",
      "gender": "Girls",
      "date": "2007-06-009",
      "time": "20.84",
      "place": "2",
      "team": "Otters",
      "yards": 0,
      "meet": "045",
      "opponent": "Pinehurst"
    },
    {
      "name": "AngelineT",
      "stroke": "Breast",
      "age": "8 & Under",
      "gender": "Girls",
      "date": "2007-06-009",
      "time": "21.16",
      "place": "1",
      "team": "Otters",
      "yards": 0,
      "meet": "045",
      "opponent": "Pinehurst"
    },
    {
      "name": "AngelineT",
      "stroke": "Freestyle",
      "age": "7-8",
      "gender": "Girls",
      "date": "2007-06-009",
      "time": "17.41",
      "place": "1",
      "team": "Otters",
      "yards": 0,
      "meet": "045",
      "opponent": "Pinehurst"
    },
    {
      "name": "AngelineT",
      "stroke": "Butterfly",
      "age": "8 & Under",
      "gender": "Girls",
      "date": "2007-06-16",
      "time": "20.21",
      "place": "3",
      "team": "Otters",
      "yards": 0,
      "meet": "046",
      "opponent": "Crossgates"
    },
    {
      "name": "AngelineT",
      "stroke": "Breast",
      "age": "8 & Under",
      "gender": "Girls",
      "date": "2007-06-16",
      "time": "21.67",
      "place": "1",
      "team": "Otters",
      "yards": 0,
      "meet": "046",
      "opponent": "Crossgates"
    },
    {
      "name": "AngelineT",
      "stroke": "Freestyle",
      "age": "7-8",
      "gender": "Girls",
      "date": "2007-06-16",
      "time": "17.62",
      "place": "6",
      "team": "Otters",
      "yards": 0,
      "meet": "046",
      "opponent": "Crossgates"
    },
    {
      "name": "AngelineT",
      "stroke": "Back",
      "age": "7-8",
      "gender": "Girls",
      "date": "2007-06-23",
      "time": "22.56",
      "place": "3",
      "team": "Otters",
      "yards": 0,
      "meet": "047",
      "opponent": "Almaden"
    },
    {
      "name": "AngelineT",
      "stroke": "Breast",
      "age": "8 & Under",
      "gender": "Girls",
      "date": "2007-06-23",
      "time": "21.59",
      "place": "1",
      "team": "Otters",
      "yards": 0,
      "meet": "047",
      "opponent": "Almaden"
    },
    {
      "name": "AngelineT",
      "stroke": "Freestyle",
      "age": "7-8",
      "gender": "Girls",
      "date": "2007-06-23",
      "time": "17.19",
      "place": "3",
      "team": "Otters",
      "yards": 0,
      "meet": "047",
      "opponent": "Almaden"
    },
    {
      "name": "AngelineT",
      "stroke": "Back",
      "age": "7-8",
      "gender": "Girls",
      "date": "2007-06-30",
      "time": "23.13",
      "place": "2",
      "team": "Otters",
      "yards": 0,
      "meet": "048",
      "opponent": "Creekside"
    },
    {
      "name": "AngelineT",
      "stroke": "Breast",
      "age": "8 & Under",
      "gender": "Girls",
      "date": "2007-06-30",
      "time": "22.03",
      "place": "1",
      "team": "Otters",
      "yards": 0,
      "meet": "048",
      "opponent": "Creekside"
    },
    {
      "name": "AngelineT",
      "stroke": "Freestyle",
      "age": "7-8",
      "gender": "Girls",
      "date": "2007-06-30",
      "time": "17.60",
      "place": "2",
      "team": "Otters",
      "yards": 0,
      "meet": "048",
      "opponent": "Creekside"
    },
    {
      "name": "AngelineT",
      "stroke": "Back",
      "age": "7-8",
      "gender": "Girls",
      "date": "2007-07-007",
      "time": "23.02",
      "place": "2",
      "team": "Otters",
      "yards": 0,
      "meet": "049",
      "opponent": "Shadowbrook"
    },
    {
      "name": "AngelineT",
      "stroke": "Breast",
      "age": "8 & Under",
      "gender": "Girls",
      "date": "2007-07-007",
      "time": "21.99",
      "place": "1",
      "team": "Otters",
      "yards": 0,
      "meet": "049",
      "opponent": "Shadowbrook"
    },
    {
      "name": "AngelineT",
      "stroke": "Freestyle",
      "age": "7-8",
      "gender": "Girls",
      "date": "2007-07-007",
      "time": "18.59",
      "place": "2",
      "team": "Otters",
      "yards": 0,
      "meet": "049",
      "opponent": "Shadowbrook"
    },
    {
      "name": "AngelineT",
      "stroke": "Back",
      "age": "7-8",
      "gender": "Girls",
      "date": "2007-07-14",
      "time": "22.24",
      "place": "7",
      "team": "Otters",
      "yards": 0,
      "meet": "050",
      "opponent": "Champs"
    },
    {
      "name": "AngelineT",
      "stroke": "Breast",
      "age": "8 & Under",
      "gender": "Girls",
      "date": "2007-07-14",
      "time": "20.20",
      "place": "1",
      "team": "Otters",
      "yards": 0,
      "meet": "050",
      "opponent": "Champs"
    },
    {
      "name": "AngelineT",
      "stroke": "Freestyle",
      "age": "7-8",
      "gender": "Girls",
      "date": "2007-07-14",
      "time": "17.02",
      "place": "5",
      "team": "Otters",
      "yards": 0,
      "meet": "050",
      "opponent": "Champs"
    },
    {
      "name": "AngelineT",
      "stroke": "Butterfly",
      "age": "9-10",
      "gender": "Girls",
      "date": "2008-05-31",
      "time": "18.47",
      "place": "2",
      "team": "Otters",
      "yards": 0,
      "meet": "051",
      "opponent": "Trials"
    },
    {
      "name": "AngelineT",
      "stroke": "Back",
      "age": "9-10",
      "gender": "Girls",
      "date": "2008-05-31",
      "time": "20.13",
      "place": "2",
      "team": "Otters",
      "yards": 0,
      "meet": "051",
      "opponent": "Trials"
    },
    {
      "name": "AngelineT",
      "stroke": "Back",
      "age": "9-10",
      "gender": "Girls",
      "date": "2008-06-007",
      "time": "20.43",
      "place": "3",
      "team": "Otters",
      "yards": 0,
      "meet": "052",
      "opponent": "Shadowbrook"
    },
    {
      "name": "AngelineT",
      "stroke": "Breast",
      "age": "9-10",
      "gender": "Girls",
      "date": "2008-06-007",
      "time": "19.37",
      "place": "1",
      "team": "Otters",
      "yards": 0,
      "meet": "052",
      "opponent": "Shadowbrook"
    },
    {
      "name": "AngelineT",
      "stroke": "Freestyle",
      "age": "9-10",
      "gender": "Girls",
      "date": "2008-06-007",
      "time": "15.07",
      "place": "1",
      "team": "Otters",
      "yards": 0,
      "meet": "052",
      "opponent": "Shadowbrook"
    },
    {
      "name": "AngelineT",
      "stroke": "Butterfly",
      "age": "9-10",
      "gender": "Girls",
      "date": "2008-06-14",
      "time": "18.90",
      "place": "2",
      "team": "Otters",
      "yards": 0,
      "meet": "053",
      "opponent": "Pinehurst"
    },
    {
      "name": "AngelineT",
      "stroke": "Back",
      "age": "9-10",
      "gender": "Girls",
      "date": "2008-06-14",
      "time": "20.04",
      "place": "1",
      "team": "Otters",
      "yards": 0,
      "meet": "053",
      "opponent": "Pinehurst"
    },
    {
      "name": "AngelineT",
      "stroke": "Breast",
      "age": "9-10",
      "gender": "Girls",
      "date": "2008-06-14",
      "time": "19.53",
      "place": "1",
      "team": "Otters",
      "yards": 0,
      "meet": "053",
      "opponent": "Pinehurst"
    },
    {
      "name": "AngelineT",
      "stroke": "Butterfly",
      "age": "9-10",
      "gender": "Girls",
      "date": "2008-06-21",
      "time": "18.77",
      "place": "5",
      "team": "Otters",
      "yards": 0,
      "meet": "054",
      "opponent": "Crossgates"
    },
    {
      "name": "AngelineT",
      "stroke": "Breast",
      "age": "9-10",
      "gender": "Girls",
      "date": "2008-06-21",
      "time": "19.09",
      "place": "1",
      "team": "Otters",
      "yards": 0,
      "meet": "054",
      "opponent": "Crossgates"
    },
    {
      "name": "AngelineT",
      "stroke": "Freestyle",
      "age": "9-10",
      "gender": "Girls",
      "date": "2008-06-21",
      "time": "15.40",
      "place": "2",
      "team": "Otters",
      "yards": 0,
      "meet": "054",
      "opponent": "Crossgates"
    },
    {
      "name": "AngelineT",
      "stroke": "Back",
      "age": "9-10",
      "gender": "Girls",
      "date": "2008-06-28",
      "time": "19.94",
      "place": "4",
      "team": "Otters",
      "yards": 0,
      "meet": "055",
      "opponent": "Almaden"
    },
    {
      "name": "AngelineT",
      "stroke": "Breast",
      "age": "9-10",
      "gender": "Girls",
      "date": "2008-06-28",
      "time": "19.69",
      "place": "2",
      "team": "Otters",
      "yards": 0,
      "meet": "055",
      "opponent": "Almaden"
    },
    {
      "name": "AngelineT",
      "stroke": "Freestyle",
      "age": "9-10",
      "gender": "Girls",
      "date": "2008-06-28",
      "time": "15.17",
      "place": "4",
      "team": "Otters",
      "yards": 0,
      "meet": "055",
      "opponent": "Almaden"
    },
    {
      "name": "AngelineT",
      "stroke": "Back",
      "age": "9-10",
      "gender": "Girls",
      "date": "2008-07-19",
      "time": "20.53",
      "place": "9",
      "team": "Otters",
      "yards": 0,
      "meet": "057",
      "opponent": "Champs"
    },
    {
      "name": "AngelineT",
      "stroke": "Breast",
      "age": "9-10",
      "gender": "Girls",
      "date": "2008-07-19",
      "time": "18.98",
      "place": "1",
      "team": "Otters",
      "yards": 0,
      "meet": "057",
      "opponent": "Champs"
    },
    {
      "name": "AngelineT",
      "stroke": "Freestyle",
      "age": "9-10",
      "gender": "Girls",
      "date": "2008-07-19",
      "time": "15.66",
      "place": "10",
      "team": "Otters",
      "yards": 0,
      "meet": "057",
      "opponent": "Champs"
    },
    {
      "name": "AngelineT",
      "stroke": "Butterfly",
      "age": "9-10",
      "gender": "Girls",
      "date": "2009-05-30",
      "time": "17.43",
      "place": "2",
      "team": "Otters",
      "yards": 0,
      "meet": "058",
      "opponent": "Trials"
    },
    {
      "name": "AngelineT",
      "stroke": "Back",
      "age": "9-10",
      "gender": "Girls",
      "date": "2009-05-30",
      "time": "19.25",
      "place": "2",
      "team": "Otters",
      "yards": 0,
      "meet": "058",
      "opponent": "Trials"
    },
    {
      "name": "AngelineT",
      "stroke": "Breast",
      "age": "9-10",
      "gender": "Girls",
      "date": "2009-05-30",
      "time": "17.97",
      "place": "1",
      "team": "Otters",
      "yards": 0,
      "meet": "058",
      "opponent": "Trials"
    },
    {
      "name": "AngelineT",
      "stroke": "Freestyle",
      "age": "9-10",
      "gender": "Girls",
      "date": "2009-05-30",
      "time": "14.91",
      "place": "1",
      "team": "Otters",
      "yards": 0,
      "meet": "058",
      "opponent": "Trials"
    },
    {
      "name": "AngelineT",
      "stroke": "Butterfly",
      "age": "9-10",
      "gender": "Girls",
      "date": "2009-06-006",
      "time": "17.59",
      "place": "2",
      "team": "Otters",
      "yards": 0,
      "meet": "059",
      "opponent": "Creekside"
    },
    {
      "name": "AngelineT",
      "stroke": "Back",
      "age": "9-10",
      "gender": "Girls",
      "date": "2009-06-006",
      "time": "19.34",
      "place": "2",
      "team": "Otters",
      "yards": 0,
      "meet": "059",
      "opponent": "Creekside"
    },
    {
      "name": "AngelineT",
      "stroke": "Breast",
      "age": "9-10",
      "gender": "Girls",
      "date": "2009-06-006",
      "time": "17.89",
      "place": "1",
      "team": "Otters",
      "yards": 0,
      "meet": "059",
      "opponent": "Creekside"
    },
    {
      "name": "AngelineT",
      "stroke": "Butterfly",
      "age": "9-10",
      "gender": "Girls",
      "date": "2009-06-13",
      "time": "17.83",
      "place": "3",
      "team": "Otters",
      "yards": 0,
      "meet": "060",
      "opponent": "Shadowbrook"
    },
    {
      "name": "AngelineT",
      "stroke": "Back",
      "age": "9-10",
      "gender": "Girls",
      "date": "2009-06-13",
      "time": "19.43",
      "place": "2",
      "team": "Otters",
      "yards": 0,
      "meet": "060",
      "opponent": "Shadowbrook"
    },
    {
      "name": "AngelineT",
      "stroke": "Breast",
      "age": "9-10",
      "gender": "Girls",
      "date": "2009-06-13",
      "time": "18.64",
      "place": "1",
      "team": "Otters",
      "yards": 0,
      "meet": "060",
      "opponent": "Shadowbrook"
    },
    {
      "name": "AngelineT",
      "stroke": "Back",
      "age": "9-10",
      "gender": "Girls",
      "date": "2009-06-20",
      "time": "18.83",
      "place": "2",
      "team": "Otters",
      "yards": 0,
      "meet": "061",
      "opponent": "Pinehurst"
    },
    {
      "name": "AngelineT",
      "stroke": "Breast",
      "age": "9-10",
      "gender": "Girls",
      "date": "2009-06-20",
      "time": "17.93",
      "place": "1",
      "team": "Otters",
      "yards": 0,
      "meet": "061",
      "opponent": "Pinehurst"
    },
    {
      "name": "AngelineT",
      "stroke": "Freestyle",
      "age": "9-10",
      "gender": "Girls",
      "date": "2009-06-20",
      "time": "14.91",
      "place": "2",
      "team": "Otters",
      "yards": 0,
      "meet": "061",
      "opponent": "Pinehurst"
    },
    {
      "name": "AngelineT",
      "stroke": "Back",
      "age": "9-10",
      "gender": "Girls",
      "date": "2009-06-27",
      "time": "18.58",
      "place": "3",
      "team": "Otters",
      "yards": 0,
      "meet": "062",
      "opponent": "Crossgates"
    },
    {
      "name": "AngelineT",
      "stroke": "Breast",
      "age": "9-10",
      "gender": "Girls",
      "date": "2009-06-27",
      "time": "18.40",
      "place": "1",
      "team": "Otters",
      "yards": 0,
      "meet": "062",
      "opponent": "Crossgates"
    },
    {
      "name": "AngelineT",
      "stroke": "Freestyle",
      "age": "9-10",
      "gender": "Girls",
      "date": "2009-06-27",
      "time": "15.15",
      "place": "3",
      "team": "Otters",
      "yards": 0,
      "meet": "062",
      "opponent": "Crossgates"
    },
    {
      "name": "AngelineT",
      "stroke": "Back",
      "age": "9-10",
      "gender": "Girls",
      "date": "2009-07-11",
      "time": "19.43",
      "place": "5",
      "team": "Otters",
      "yards": 0,
      "meet": "063",
      "opponent": "Almaden"
    },
    {
      "name": "AngelineT",
      "stroke": "Breast",
      "age": "9-10",
      "gender": "Girls",
      "date": "2009-07-11",
      "time": "18.23",
      "place": "2",
      "team": "Otters",
      "yards": 0,
      "meet": "063",
      "opponent": "Almaden"
    },
    {
      "name": "AngelineT",
      "stroke": "Freestyle",
      "age": "9-10",
      "gender": "Girls",
      "date": "2009-07-11",
      "time": "14.67",
      "place": "5",
      "team": "Otters",
      "yards": 0,
      "meet": "063",
      "opponent": "Almaden"
    },
    {
      "name": "AngelineT",
      "stroke": "Back",
      "age": "9-10",
      "gender": "Girls",
      "date": "2009-07-18",
      "time": "18.29",
      "place": "5",
      "team": "Otters",
      "yards": 0,
      "meet": "064",
      "opponent": "Champs"
    },
    {
      "name": "AngelineT",
      "stroke": "Breast",
      "age": "9-10",
      "gender": "Girls",
      "date": "2009-07-18",
      "time": "18.07",
      "place": "2",
      "team": "Otters",
      "yards": 0,
      "meet": "064",
      "opponent": "Champs"
    },
    {
      "name": "AngelineT",
      "stroke": "Freestyle",
      "age": "9-10",
      "gender": "Girls",
      "date": "2009-07-18",
      "time": "14.49",
      "place": "6",
      "team": "Otters",
      "yards": 0,
      "meet": "064",
      "opponent": "Champs"
    },
    {
      "name": "AngelineT",
      "stroke": "Butterfly",
      "age": "11-12",
      "gender": "Girls",
      "date": "2010-05-22",
      "time": "34.03",
      "place": "2",
      "team": "Otters",
      "yards": 0,
      "meet": "065",
      "opponent": "Trials"
    },
    {
      "name": "AngelineT",
      "stroke": "Back",
      "age": "11-12",
      "gender": "Girls",
      "date": "2010-05-22",
      "time": "34.73",
      "place": "2",
      "team": "Otters",
      "yards": 0,
      "meet": "065",
      "opponent": "Trials"
    },
    {
      "name": "AngelineT",
      "stroke": "Breast",
      "age": "11-12",
      "gender": "Girls",
      "date": "2010-05-22",
      "time": "35.87",
      "place": "1",
      "team": "Otters",
      "yards": 0,
      "meet": "065",
      "opponent": "Trials"
    },
    {
      "name": "AngelineT",
      "stroke": "Back",
      "age": "11-12",
      "gender": "Girls",
      "date": "2010-06-005",
      "time": "35.14",
      "place": "2",
      "team": "Otters",
      "yards": 0,
      "meet": "066",
      "opponent": "Almaden"
    },
    {
      "name": "AngelineT",
      "stroke": "Breast",
      "age": "11-12",
      "gender": "Girls",
      "date": "2010-06-005",
      "time": "36.09",
      "place": "1",
      "team": "Otters",
      "yards": 0,
      "meet": "066",
      "opponent": "Almaden"
    },
    {
      "name": "AngelineT",
      "stroke": "Freestyle",
      "age": "11-12",
      "gender": "Girls",
      "date": "2010-06-005",
      "time": "29.55",
      "place": "3",
      "team": "Otters",
      "yards": 0,
      "meet": "066",
      "opponent": "Almaden"
    },
    {
      "name": "AngelineT",
      "stroke": "Back",
      "age": "11-12",
      "gender": "Girls",
      "date": "2010-06-12",
      "time": "34.87",
      "place": "2",
      "team": "Otters",
      "yards": 0,
      "meet": "067",
      "opponent": "Creekside"
    },
    {
      "name": "AngelineT",
      "stroke": "Breast",
      "age": "11-12",
      "gender": "Girls",
      "date": "2010-06-12",
      "time": "35.27",
      "place": "1",
      "team": "Otters",
      "yards": 0,
      "meet": "067",
      "opponent": "Creekside"
    },
    {
      "name": "AngelineT",
      "stroke": "Freestyle",
      "age": "11-12",
      "gender": "Girls",
      "date": "2010-06-12",
      "time": "29.16",
      "place": "2",
      "team": "Otters",
      "yards": 0,
      "meet": "067",
      "opponent": "Creekside"
    },
    {
      "name": "AngelineT",
      "stroke": "Butterfly",
      "age": "11-12",
      "gender": "Girls",
      "date": "2010-06-19",
      "time": "33.99",
      "place": "3",
      "team": "Otters",
      "yards": 0,
      "meet": "068",
      "opponent": "Shadowbrook"
    },
    {
      "name": "AngelineT",
      "stroke": "Back",
      "age": "11-12",
      "gender": "Girls",
      "date": "2010-06-19",
      "time": "35.22",
      "place": "3",
      "team": "Otters",
      "yards": 0,
      "meet": "068",
      "opponent": "Shadowbrook"
    },
    {
      "name": "AngelineT",
      "stroke": "Breast",
      "age": "11-12",
      "gender": "Girls",
      "date": "2010-06-19",
      "time": "36.33",
      "place": "1",
      "team": "Otters",
      "yards": 0,
      "meet": "068",
      "opponent": "Shadowbrook"
    },
    {
      "name": "AngelineT",
      "stroke": "Butterfly",
      "age": "11-12",
      "gender": "Girls",
      "date": "2010-06-26",
      "time": "33.62",
      "place": "2",
      "team": "Otters",
      "yards": 0,
      "meet": "069",
      "opponent": "Pinehurst"
    },
    {
      "name": "AngelineT",
      "stroke": "Breast",
      "age": "11-12",
      "gender": "Girls",
      "date": "2010-06-26",
      "time": "36.23",
      "place": "1",
      "team": "Otters",
      "yards": 0,
      "meet": "069",
      "opponent": "Pinehurst"
    },
    {
      "name": "AngelineT",
      "stroke": "Freestyle",
      "age": "11-12",
      "gender": "Girls",
      "date": "2010-06-26",
      "time": "29.06",
      "place": "2",
      "team": "Otters",
      "yards": 0,
      "meet": "069",
      "opponent": "Pinehurst"
    },
    {
      "name": "AngelineT",
      "stroke": "Back",
      "age": "11-12",
      "gender": "Girls",
      "date": "2010-07-10",
      "time": "34.62",
      "place": "3",
      "team": "Otters",
      "yards": 0,
      "meet": "070",
      "opponent": "Crossgates"
    },
    {
      "name": "AngelineT",
      "stroke": "Breast",
      "age": "11-12",
      "gender": "Girls",
      "date": "2010-07-10",
      "time": "35.94",
      "place": "2",
      "team": "Otters",
      "yards": 0,
      "meet": "070",
      "opponent": "Crossgates"
    },
    {
      "name": "AngelineT",
      "stroke": "Freestyle",
      "age": "11-12",
      "gender": "Girls",
      "date": "2010-07-10",
      "time": "29.35",
      "place": "3",
      "team": "Otters",
      "yards": 0,
      "meet": "070",
      "opponent": "Crossgates"
    },
    {
      "name": "AngelineT",
      "stroke": "Back",
      "age": "11-12",
      "gender": "Girls",
      "date": "2010-07-17",
      "time": "34.04",
      "place": "6",
      "team": "Otters",
      "yards": 0,
      "meet": "071",
      "opponent": "Champs"
    },
    {
      "name": "AngelineT",
      "stroke": "Breast",
      "age": "11-12",
      "gender": "Girls",
      "date": "2010-07-17",
      "time": "36.08",
      "place": "4",
      "team": "Otters",
      "yards": 0,
      "meet": "071",
      "opponent": "Champs"
    },
    {
      "name": "AngelineT",
      "stroke": "Freestyle",
      "age": "11-12",
      "gender": "Girls",
      "date": "2010-07-17",
      "time": "28.77",
      "place": "8",
      "team": "Otters",
      "yards": 0,
      "meet": "071",
      "opponent": "Champs"
    },
    {
      "name": "AngelineT",
      "stroke": "Butterfly",
      "age": "11-12",
      "gender": "Girls",
      "date": "2011-05-21",
      "time": "31.00",
      "place": "2",
      "team": "Otters",
      "yards": 0,
      "meet": "072",
      "opponent": "Trials"
    },
    {
      "name": "AngelineT",
      "stroke": "Back",
      "age": "11-12",
      "gender": "Girls",
      "date": "2011-05-21",
      "time": "31.66",
      "place": "1",
      "team": "Otters",
      "yards": 0,
      "meet": "072",
      "opponent": "Trials"
    },
    {
      "name": "AngelineT",
      "stroke": "Breast",
      "age": "11-12",
      "gender": "Girls",
      "date": "2011-05-21",
      "time": "35.22",
      "place": "1",
      "team": "Otters",
      "yards": 0,
      "meet": "072",
      "opponent": "Trials"
    },
    {
      "name": "AngelineT",
      "stroke": "Freestyle",
      "age": "11-12",
      "gender": "Girls",
      "date": "2011-05-21",
      "time": "28.13",
      "place": "2",
      "team": "Otters",
      "yards": 0,
      "meet": "072",
      "opponent": "Trials"
    },
    {
      "name": "AngelineT",
      "stroke": "Back",
      "age": "11-12",
      "gender": "Girls",
      "date": "2011-06-004",
      "time": "32.33",
      "place": "2",
      "team": "Otters",
      "yards": 0,
      "meet": "073",
      "opponent": "Crossgates"
    },
    {
      "name": "AngelineT",
      "stroke": "Breast",
      "age": "11-12",
      "gender": "Girls",
      "date": "2011-06-004",
      "time": "35.48",
      "place": "1",
      "team": "Otters",
      "yards": 0,
      "meet": "073",
      "opponent": "Crossgates"
    },
    {
      "name": "AngelineT",
      "stroke": "Freestyle",
      "age": "11-12",
      "gender": "Girls",
      "date": "2011-06-004",
      "time": "27.95",
      "place": "2",
      "team": "Otters",
      "yards": 0,
      "meet": "073",
      "opponent": "Crossgates"
    },
    {
      "name": "AngelineT",
      "stroke": "Back",
      "age": "11-12",
      "gender": "Girls",
      "date": "2011-06-11",
      "time": "32.10",
      "place": "2",
      "team": "Otters",
      "yards": 0,
      "meet": "074",
      "opponent": "Almaden"
    },
    {
      "name": "AngelineT",
      "stroke": "Breast",
      "age": "11-12",
      "gender": "Girls",
      "date": "2011-06-11",
      "time": "35.50",
      "place": "2",
      "team": "Otters",
      "yards": 0,
      "meet": "074",
      "opponent": "Almaden"
    },
    {
      "name": "AngelineT",
      "stroke": "Freestyle",
      "age": "11-12",
      "gender": "Girls",
      "date": "2011-06-11",
      "time": "28.31",
      "place": "2",
      "team": "Otters",
      "yards": 0,
      "meet": "074",
      "opponent": "Almaden"
    },
    {
      "name": "AngelineT",
      "stroke": "Butterfly",
      "age": "11-12",
      "gender": "Girls",
      "date": "2011-06-18",
      "time": "31.33",
      "place": "1",
      "team": "Otters",
      "yards": 0,
      "meet": "075",
      "opponent": "Creekside"
    },
    {
      "name": "AngelineT",
      "stroke": "Back",
      "age": "11-12",
      "gender": "Girls",
      "date": "2011-06-18",
      "time": "31.41",
      "place": "1",
      "team": "Otters",
      "yards": 0,
      "meet": "075",
      "opponent": "Creekside"
    },
    {
      "name": "AngelineT",
      "stroke": "Breast",
      "age": "11-12",
      "gender": "Girls",
      "date": "2011-06-18",
      "time": "34.81",
      "place": "1",
      "team": "Otters",
      "yards": 0,
      "meet": "075",
      "opponent": "Creekside"
    },
    {
      "name": "AngelineT",
      "stroke": "Butterfly",
      "age": "11-12",
      "gender": "Girls",
      "date": "2011-06-25",
      "time": "31.61",
      "place": "2",
      "team": "Otters",
      "yards": 0,
      "meet": "076",
      "opponent": "Shadowbrook"
    },
    {
      "name": "AngelineT",
      "stroke": "Back",
      "age": "11-12",
      "gender": "Girls",
      "date": "2011-06-25",
      "time": "32.62",
      "place": "2",
      "team": "Otters",
      "yards": 0,
      "meet": "076",
      "opponent": "Shadowbrook"
    },
    {
      "name": "AngelineT",
      "stroke": "Breast",
      "age": "11-12",
      "gender": "Girls",
      "date": "2011-06-25",
      "time": "35.36",
      "place": "1",
      "team": "Otters",
      "yards": 0,
      "meet": "076",
      "opponent": "Shadowbrook"
    },
    {
      "name": "AngelineT",
      "stroke": "Butterfly",
      "age": "11-12",
      "gender": "Girls",
      "date": "2011-07-009",
      "time": "32.37",
      "place": "2",
      "team": "Otters",
      "yards": 0,
      "meet": "077",
      "opponent": "Pinehurst"
    },
    {
      "name": "AngelineT",
      "stroke": "Back",
      "age": "11-12",
      "gender": "Girls",
      "date": "2011-07-009",
      "time": "31.96",
      "place": "2",
      "team": "Otters",
      "yards": 0,
      "meet": "077",
      "opponent": "Pinehurst"
    },
    {
      "name": "AngelineT",
      "stroke": "Breast",
      "age": "11-12",
      "gender": "Girls",
      "date": "2011-07-009",
      "time": "34.49",
      "place": "1",
      "team": "Otters",
      "yards": 0,
      "meet": "077",
      "opponent": "Pinehurst"
    },
    {
      "name": "AngelineT",
      "stroke": "Back",
      "age": "11-12",
      "gender": "Girls",
      "date": "2011-07-16",
      "time": "31.76",
      "place": "2",
      "team": "Otters",
      "yards": 0,
      "meet": "078",
      "opponent": "Champs"
    },
    {
      "name": "AngelineT",
      "stroke": "Breast",
      "age": "11-12",
      "gender": "Girls",
      "date": "2011-07-16",
      "time": "33.81",
      "place": "1",
      "team": "Otters",
      "yards": 0,
      "meet": "078",
      "opponent": "Champs"
    },
    {
      "name": "AngelineT",
      "stroke": "Freestyle",
      "age": "11-12",
      "gender": "Girls",
      "date": "2011-07-16",
      "time": "27.10",
      "place": "3",
      "team": "Otters",
      "yards": 0,
      "meet": "078",
      "opponent": "Champs"
    },
    {
      "name": "AngelineT",
      "stroke": "Back",
      "age": "13-14",
      "gender": "Girls",
      "date": "2012-06-002",
      "time": "29.59",
      "place": "2",
      "team": "Otters",
      "yards": 0,
      "meet": "080",
      "opponent": "Pinehurst"
    },
    {
      "name": "AngelineT",
      "stroke": "Breast",
      "age": "13-14",
      "gender": "Girls",
      "date": "2012-06-002",
      "time": "35.04",
      "place": "1",
      "team": "Otters",
      "yards": 0,
      "meet": "080",
      "opponent": "Pinehurst"
    },
    {
      "name": "AngelineT",
      "stroke": "Freestyle",
      "age": "13-14",
      "gender": "Girls",
      "date": "2012-06-002",
      "time": "27.07",
      "place": "2",
      "team": "Otters",
      "yards": 0,
      "meet": "080",
      "opponent": "Pinehurst"
    },
    {
      "name": "AngelineT",
      "stroke": "Back",
      "age": "13-14",
      "gender": "Girls",
      "date": "2012-06-009",
      "time": "30.59",
      "place": "2",
      "team": "Otters",
      "yards": 0,
      "meet": "081",
      "opponent": "Crossgates"
    },
    {
      "name": "AngelineT",
      "stroke": "Breast",
      "age": "13-14",
      "gender": "Girls",
      "date": "2012-06-009",
      "time": "34.66",
      "place": "2",
      "team": "Otters",
      "yards": 0,
      "meet": "081",
      "opponent": "Crossgates"
    },
    {
      "name": "AngelineT",
      "stroke": "Freestyle",
      "age": "13-14",
      "gender": "Girls",
      "date": "2012-06-009",
      "time": "27.31",
      "place": "3",
      "team": "Otters",
      "yards": 0,
      "meet": "081",
      "opponent": "Crossgates"
    },
    {
      "name": "AngelineT",
      "stroke": "Back",
      "age": "13-14",
      "gender": "Girls",
      "date": "2012-06-16",
      "time": "29.41",
      "place": "1",
      "team": "Otters",
      "yards": 0,
      "meet": "082",
      "opponent": "Almaden"
    },
    {
      "name": "AngelineT",
      "stroke": "Breast",
      "age": "13-14",
      "gender": "Girls",
      "date": "2012-06-16",
      "time": "33.87",
      "place": "1",
      "team": "Otters",
      "yards": 0,
      "meet": "082",
      "opponent": "Almaden"
    },
    {
      "name": "AngelineT",
      "stroke": "Freestyle",
      "age": "13-14",
      "gender": "Girls",
      "date": "2012-06-16",
      "time": "26.53",
      "place": "2",
      "team": "Otters",
      "yards": 0,
      "meet": "082",
      "opponent": "Almaden"
    },
    {
      "name": "AngelineT",
      "stroke": "Back",
      "age": "13-14",
      "gender": "Girls",
      "date": "2012-06-30",
      "time": "29.93",
      "place": "2",
      "team": "Otters",
      "yards": 0,
      "meet": "084",
      "opponent": "Shadowbrook"
    },
    {
      "name": "AngelineT",
      "stroke": "Breast",
      "age": "13-14",
      "gender": "Girls",
      "date": "2012-06-30",
      "time": "33.61",
      "place": "1",
      "team": "Otters",
      "yards": 0,
      "meet": "084",
      "opponent": "Shadowbrook"
    },
    {
      "name": "AngelineT",
      "stroke": "Freestyle",
      "age": "13-14",
      "gender": "Girls",
      "date": "2012-06-30",
      "time": "26.56",
      "place": "2",
      "team": "Otters",
      "yards": 0,
      "meet": "084",
      "opponent": "Shadowbrook"
    },
    {
      "name": "AngelineT",
      "stroke": "Back",
      "age": "13-14",
      "gender": "Girls",
      "date": "2012-07-14",
      "time": "29.53",
      "place": "2",
      "team": "Otters",
      "yards": 0,
      "meet": "085",
      "opponent": "Champs"
    },
    {
      "name": "AngelineT",
      "stroke": "Breast",
      "age": "13-14",
      "gender": "Girls",
      "date": "2012-07-14",
      "time": "33.66",
      "place": "3",
      "team": "Otters",
      "yards": 0,
      "meet": "085",
      "opponent": "Champs"
    },
    {
      "name": "AngelineT",
      "stroke": "Freestyle",
      "age": "13-14",
      "gender": "Girls",
      "date": "2012-07-14",
      "time": "26.63",
      "place": "6",
      "team": "Otters",
      "yards": 0,
      "meet": "085",
      "opponent": "Champs"
    },
    {
      "name": "AngelineT",
      "stroke": "Butterfly",
      "age": "13-14",
      "gender": "Girls",
      "date": "2013-05-18",
      "time": "29.76",
      "place": "2",
      "team": "Otters",
      "yards": 0,
      "meet": "086",
      "opponent": "Trials"
    },
    {
      "name": "AngelineT",
      "stroke": "Back",
      "age": "13-14",
      "gender": "Girls",
      "date": "2013-05-18",
      "time": "30.21",
      "place": "1",
      "team": "Otters",
      "yards": 0,
      "meet": "086",
      "opponent": "Trials"
    },
    {
      "name": "AngelineT",
      "stroke": "Breast",
      "age": "13-14",
      "gender": "Girls",
      "date": "2013-05-18",
      "time": "33.67",
      "place": "3",
      "team": "Otters",
      "yards": 0,
      "meet": "086",
      "opponent": "Trials"
    },
    {
      "name": "AngelineT",
      "stroke": "Butterfly",
      "age": "13-14",
      "gender": "Girls",
      "date": "2013-06-001",
      "time": "30.09",
      "place": "2",
      "team": "Otters",
      "yards": 0,
      "meet": "087",
      "opponent": "Shadowbrook"
    },
    {
      "name": "AngelineT",
      "stroke": "Back",
      "age": "13-14",
      "gender": "Girls",
      "date": "2013-06-001",
      "time": "30.53",
      "place": "1",
      "team": "Otters",
      "yards": 0,
      "meet": "087",
      "opponent": "Shadowbrook"
    },
    {
      "name": "AngelineT",
      "stroke": "Breast",
      "age": "13-14",
      "gender": "Girls",
      "date": "2013-06-001",
      "time": "33.92",
      "place": "3",
      "team": "Otters",
      "yards": 0,
      "meet": "087",
      "opponent": "Shadowbrook"
    },
    {
      "name": "AngelineT",
      "stroke": "Butterfly",
      "age": "13-14",
      "gender": "Girls",
      "date": "2013-06-008",
      "time": "29.72",
      "place": "3",
      "team": "Otters",
      "yards": 0,
      "meet": "088",
      "opponent": "Pinehurst"
    },
    {
      "name": "AngelineT",
      "stroke": "Back",
      "age": "13-14",
      "gender": "Girls",
      "date": "2013-06-008",
      "time": "29.88",
      "place": "1",
      "team": "Otters",
      "yards": 0,
      "meet": "088",
      "opponent": "Pinehurst"
    },
    {
      "name": "AngelineT",
      "stroke": "Freestyle",
      "age": "13-14",
      "gender": "Girls",
      "date": "2013-06-008",
      "time": "26.69",
      "place": "1",
      "team": "Otters",
      "yards": 0,
      "meet": "088",
      "opponent": "Pinehurst"
    },
    {
      "name": "AngelineT",
      "stroke": "Butterfly",
      "age": "13-14",
      "gender": "Girls",
      "date": "2013-06-15",
      "time": "29.18",
      "place": "1",
      "team": "Otters",
      "yards": 0,
      "meet": "089",
      "opponent": "Crossgates"
    },
    {
      "name": "AngelineT",
      "stroke": "Back",
      "age": "13-14",
      "gender": "Girls",
      "date": "2013-06-15",
      "time": "29.66",
      "place": "1",
      "team": "Otters",
      "yards": 0,
      "meet": "089",
      "opponent": "Crossgates"
    },
    {
      "name": "AngelineT",
      "stroke": "Freestyle",
      "age": "13-14",
      "gender": "Girls",
      "date": "2013-06-15",
      "time": "26.39",
      "place": "1",
      "team": "Otters",
      "yards": 0,
      "meet": "089",
      "opponent": "Crossgates"
    },
    {
      "name": "AngelineT",
      "stroke": "Butterfly",
      "age": "13-14",
      "gender": "Girls",
      "date": "2013-06-22",
      "time": "29.76",
      "place": "2",
      "team": "Otters",
      "yards": 0,
      "meet": "090",
      "opponent": "Almaden"
    },
    {
      "name": "AngelineT",
      "stroke": "Back",
      "age": "13-14",
      "gender": "Girls",
      "date": "2013-06-22",
      "time": "29.91",
      "place": "1",
      "team": "Otters",
      "yards": 0,
      "meet": "090",
      "opponent": "Almaden"
    },
    {
      "name": "AngelineT",
      "stroke": "Freestyle",
      "age": "13-14",
      "gender": "Girls",
      "date": "2013-06-22",
      "time": "25.87",
      "place": "1",
      "team": "Otters",
      "yards": 0,
      "meet": "090",
      "opponent": "Almaden"
    },
    {
      "name": "AngelineT",
      "stroke": "Butterfly",
      "age": "13-14",
      "gender": "Girls",
      "date": "2013-06-29",
      "time": "29.58",
      "place": "2",
      "team": "Otters",
      "yards": 0,
      "meet": "091",
      "opponent": "Creekside"
    },
    {
      "name": "AngelineT",
      "stroke": "Back",
      "age": "13-14",
      "gender": "Girls",
      "date": "2013-06-29",
      "time": "29.63",
      "place": "1",
      "team": "Otters",
      "yards": 0,
      "meet": "091",
      "opponent": "Creekside"
    },
    {
      "name": "AngelineT",
      "stroke": "Breast",
      "age": "13-14",
      "gender": "Girls",
      "date": "2013-06-29",
      "time": "32.89",
      "place": "1",
      "team": "Otters",
      "yards": 0,
      "meet": "091",
      "opponent": "Creekside"
    },
    {
      "name": "AngelineT",
      "stroke": "Back",
      "age": "13-14",
      "gender": "Girls",
      "date": "2013-07-13",
      "time": "30.14",
      "place": "2",
      "team": "Otters",
      "yards": 0,
      "meet": "092",
      "opponent": "Almaden"
    },
    {
      "name": "AngelineT",
      "stroke": "Breast",
      "age": "13-14",
      "gender": "Girls",
      "date": "2013-07-13",
      "time": "32.75",
      "place": "3",
      "team": "Otters",
      "yards": 0,
      "meet": "092",
      "opponent": "Almaden"
    },
    {
      "name": "AngelineT",
      "stroke": "Freestyle",
      "age": "13-14",
      "gender": "Girls",
      "date": "2013-07-13",
      "time": "26.04",
      "place": "2",
      "team": "Otters",
      "yards": 0,
      "meet": "092",
      "opponent": "Almaden"
    },
    {
      "name": "AngelineT",
      "stroke": "Back",
      "age": "15-18",
      "gender": "Girls",
      "date": "2014-06-007",
      "time": "30.19",
      "place": "2",
      "team": "Otters",
      "yards": 0,
      "meet": "095",
      "opponent": "Shadowbrook"
    },
    {
      "name": "AngelineT",
      "stroke": "Breast",
      "age": "15-18",
      "gender": "Girls",
      "date": "2014-06-007",
      "time": "33.55",
      "place": "2",
      "team": "Otters",
      "yards": 0,
      "meet": "095",
      "opponent": "Shadowbrook"
    },
    {
      "name": "AngelineT",
      "stroke": "Freestyle",
      "age": "15-18",
      "gender": "Girls",
      "date": "2014-06-007",
      "time": "26.12",
      "place": "1",
      "team": "Otters",
      "yards": 0,
      "meet": "095",
      "opponent": "Shadowbrook"
    },
    {
      "name": "AngelineT",
      "stroke": "Butterfly",
      "age": "15-18",
      "gender": "Girls",
      "date": "2014-06-14",
      "time": "28.94",
      "place": "1",
      "team": "Otters",
      "yards": 0,
      "meet": "096",
      "opponent": "Pinehurst"
    },
    {
      "name": "AngelineT",
      "stroke": "Breast",
      "age": "15-18",
      "gender": "Girls",
      "date": "2014-06-14",
      "time": "33.66",
      "place": "1",
      "team": "Otters",
      "yards": 0,
      "meet": "096",
      "opponent": "Pinehurst"
    },
    {
      "name": "AngelineT",
      "stroke": "Freestyle",
      "age": "15-18",
      "gender": "Girls",
      "date": "2014-06-14",
      "time": "25.94",
      "place": "1",
      "team": "Otters",
      "yards": 0,
      "meet": "096",
      "opponent": "Pinehurst"
    },
    {
      "name": "AngelineT",
      "stroke": "Butterfly",
      "age": "15-18",
      "gender": "Girls",
      "date": "2014-06-21",
      "time": "28.40",
      "place": "3",
      "team": "Otters",
      "yards": 0,
      "meet": "097",
      "opponent": "Crossgates"
    },
    {
      "name": "AngelineT",
      "stroke": "Breast",
      "age": "15-18",
      "gender": "Girls",
      "date": "2014-06-21",
      "time": "33.16",
      "place": "2",
      "team": "Otters",
      "yards": 0,
      "meet": "097",
      "opponent": "Crossgates"
    },
    {
      "name": "AngelineT",
      "stroke": "Freestyle",
      "age": "15-18",
      "gender": "Girls",
      "date": "2014-06-21",
      "time": "25.31",
      "place": "1",
      "team": "Otters",
      "yards": 0,
      "meet": "097",
      "opponent": "Crossgates"
    },
    {
      "name": "AngelineT",
      "stroke": "Back",
      "age": "15-18",
      "gender": "Girls",
      "date": "2014-06-28",
      "time": "29.43",
      "place": "1",
      "team": "Otters",
      "yards": 0,
      "meet": "098",
      "opponent": "Almaden"
    },
    {
      "name": "AngelineT",
      "stroke": "Breast",
      "age": "15-18",
      "gender": "Girls",
      "date": "2014-06-28",
      "time": "33.23",
      "place": "2",
      "team": "Otters",
      "yards": 0,
      "meet": "098",
      "opponent": "Almaden"
    },
    {
      "name": "AngelineT",
      "stroke": "Freestyle",
      "age": "15-18",
      "gender": "Girls",
      "date": "2014-06-28",
      "time": "25.83",
      "place": "2",
      "team": "Otters",
      "yards": 0,
      "meet": "098",
      "opponent": "Almaden"
    },
    {
      "name": "AngelineT",
      "stroke": "Back",
      "age": "15-18",
      "gender": "Girls",
      "date": "2014-07-12",
      "time": "29.44",
      "place": "5",
      "team": "Otters",
      "yards": 0,
      "meet": "099",
      "opponent": "Champs"
    },
    {
      "name": "AngelineT",
      "stroke": "Breast",
      "age": "15-18",
      "gender": "Girls",
      "date": "2014-07-12",
      "time": "32.04",
      "place": "2",
      "team": "Otters",
      "yards": 0,
      "meet": "099",
      "opponent": "Champs"
    },
    {
      "name": "AngelineT",
      "stroke": "Butterfly",
      "age": "15-18",
      "gender": "Girls",
      "date": "2015-05-30",
      "time": "29.81",
      "place": "5",
      "team": "Otters",
      "yards": 0,
      "meet": "101",
      "opponent": "Almaden"
    },
    {
      "name": "AngelineT",
      "stroke": "Back",
      "age": "15-18",
      "gender": "Girls",
      "date": "2015-05-30",
      "time": "30.09",
      "place": "1",
      "team": "Otters",
      "yards": 0,
      "meet": "101",
      "opponent": "Almaden"
    },
    {
      "name": "AngelineT",
      "stroke": "Back",
      "age": "15-18",
      "gender": "Girls",
      "date": "2015-06-006",
      "time": "29.48",
      "place": "1",
      "team": "Otters",
      "yards": 0,
      "meet": "102",
      "opponent": "Creekside"
    },
    {
      "name": "AngelineT",
      "stroke": "Breast",
      "age": "15-18",
      "gender": "Girls",
      "date": "2015-06-006",
      "time": "33.11",
      "place": "1",
      "team": "Otters",
      "yards": 0,
      "meet": "102",
      "opponent": "Creekside"
    },
    {
      "name": "AngelineT",
      "stroke": "Freestyle",
      "age": "15-18",
      "gender": "Girls",
      "date": "2015-06-006",
      "time": "25.57",
      "place": "1",
      "team": "Otters",
      "yards": 0,
      "meet": "102",
      "opponent": "Creekside"
    },
    {
      "name": "AngelineT",
      "stroke": "Back",
      "age": "15-18",
      "gender": "Girls",
      "date": "2015-06-13",
      "time": "30.50",
      "place": "2",
      "team": "Otters",
      "yards": 0,
      "meet": "103",
      "opponent": "Shadowbrook"
    },
    {
      "name": "AngelineT",
      "stroke": "Breast",
      "age": "15-18",
      "gender": "Girls",
      "date": "2015-06-13",
      "time": "33.79",
      "place": "3",
      "team": "Otters",
      "yards": 0,
      "meet": "103",
      "opponent": "Shadowbrook"
    },
    {
      "name": "AngelineT",
      "stroke": "Freestyle",
      "age": "15-18",
      "gender": "Girls",
      "date": "2015-06-13",
      "time": "26.15",
      "place": "1",
      "team": "Otters",
      "yards": 0,
      "meet": "103",
      "opponent": "Shadowbrook"
    },
    {
      "name": "AngelineT",
      "stroke": "Back",
      "age": "15-18",
      "gender": "Girls",
      "date": "2015-06-27",
      "time": "30.16",
      "place": "3",
      "team": "Otters",
      "yards": 0,
      "meet": "105",
      "opponent": "Crossgates"
    },
    {
      "name": "AngelineT",
      "stroke": "Breast",
      "age": "15-18",
      "gender": "Girls",
      "date": "2015-06-27",
      "time": "33.85",
      "place": "4",
      "team": "Otters",
      "yards": 0,
      "meet": "105",
      "opponent": "Crossgates"
    },
    {
      "name": "AngelineT",
      "stroke": "Freestyle",
      "age": "15-18",
      "gender": "Girls",
      "date": "2015-06-27",
      "time": "26.05",
      "place": "3",
      "team": "Otters",
      "yards": 0,
      "meet": "105",
      "opponent": "Crossgates"
    },
    {
      "name": "AngelineT",
      "stroke": "Back",
      "age": "15-18",
      "gender": "Girls",
      "date": "2015-07-11",
      "time": "29.49",
      "place": "4",
      "team": "Otters",
      "yards": 0,
      "meet": "106",
      "opponent": "Champs"
    },
    {
      "name": "AngelineT",
      "stroke": "Breast",
      "age": "15-18",
      "gender": "Girls",
      "date": "2015-07-11",
      "time": "32.73",
      "place": "7",
      "team": "Otters",
      "yards": 0,
      "meet": "106",
      "opponent": "Champs"
    },
    {
      "name": "AngelineT",
      "stroke": "Freestyle",
      "age": "15-18",
      "gender": "Girls",
      "date": "2015-07-11",
      "time": "25.21",
      "place": "6",
      "team": "Otters",
      "yards": 0,
      "meet": "106",
      "opponent": "Champs"
    }
  ]
}