{
  "scores": [
    {
      "name": "AngelinaH",
      "stroke": "Butterfly",
      "age": "8 & Under",
      "gender": "Girls",
      "date": "2013-05-18",
      "time": "29.19",
      "place": "8",
      "team": "Otters",
      "yards": 0,
      "meet": "086",
      "opponent": "Trials"
    },
    {
      "name": "AngelinaH",
      "stroke": "Back",
      "age": "7-8",
      "gender": "Girls",
      "date": "2013-05-18",
      "time": "28.18",
      "place": "8",
      "team": "Otters",
      "yards": 0,
      "meet": "086",
      "opponent": "Trials"
    },
    {
      "name": "AngelinaH",
      "stroke": "Breast",
      "age": "8 & Under",
      "gender": "Girls",
      "date": "2013-05-18",
      "time": "36.68",
      "place": "10",
      "team": "Otters",
      "yards": 0,
      "meet": "086",
      "opponent": "Trials"
    },
    {
      "name": "AngelinaH",
      "stroke": "Freestyle",
      "age": "7-8",
      "gender": "Girls",
      "date": "2013-05-18",
      "time": "25.42",
      "place": "11",
      "team": "Otters",
      "yards": 0,
      "meet": "086",
      "opponent": "Trials"
    },
    {
      "name": "AngelinaH",
      "stroke": "Butterfly",
      "age": "8 & Under",
      "gender": "Girls",
      "date": "2013-06-008",
      "time": "29.71",
      "place": "10",
      "team": "Otters",
      "yards": 0,
      "meet": "088",
      "opponent": "Pinehurst"
    },
    {
      "name": "AngelinaH",
      "stroke": "Breast",
      "age": "8 & Under",
      "gender": "Girls",
      "date": "2013-06-008",
      "time": "30.77",
      "place": "3",
      "team": "Otters",
      "yards": 0,
      "meet": "088",
      "opponent": "Pinehurst"
    },
    {
      "name": "AngelinaH",
      "stroke": "Freestyle",
      "age": "7-8",
      "gender": "Girls",
      "date": "2013-06-008",
      "time": "23.47",
      "place": "11",
      "team": "Otters",
      "yards": 0,
      "meet": "088",
      "opponent": "Pinehurst"
    },
    {
      "name": "AngelinaH",
      "stroke": "Butterfly",
      "age": "8 & Under",
      "gender": "Girls",
      "date": "2013-06-15",
      "time": "DQ",
      "place": "--",
      "team": "Otters",
      "yards": 0,
      "meet": "089",
      "opponent": "Crossgates"
    },
    {
      "name": "AngelinaH",
      "stroke": "Freestyle",
      "age": "7-8",
      "gender": "Girls",
      "date": "2013-06-15",
      "time": "23.09",
      "place": "12",
      "team": "Otters",
      "yards": 0,
      "meet": "089",
      "opponent": "Crossgates"
    },
    {
      "name": "AngelinaH",
      "stroke": "Butterfly",
      "age": "8 & Under",
      "gender": "Girls",
      "date": "2013-06-22",
      "time": "31.19",
      "place": "11",
      "team": "Otters",
      "yards": 0,
      "meet": "090",
      "opponent": "Almaden"
    },
    {
      "name": "AngelinaH",
      "stroke": "Breast",
      "age": "8 & Under",
      "gender": "Girls",
      "date": "2013-06-22",
      "time": "DQ",
      "place": "--",
      "team": "Otters",
      "yards": 0,
      "meet": "090",
      "opponent": "Almaden"
    },
    {
      "name": "AngelinaH",
      "stroke": "Freestyle",
      "age": "7-8",
      "gender": "Girls",
      "date": "2013-06-22",
      "time": "22.53",
      "place": "19",
      "team": "Otters",
      "yards": 0,
      "meet": "090",
      "opponent": "Almaden"
    },
    {
      "name": "AngelinaH",
      "stroke": "Butterfly",
      "age": "8 & Under",
      "gender": "Girls",
      "date": "2013-06-29",
      "time": "27.85",
      "place": "9",
      "team": "Otters",
      "yards": 0,
      "meet": "091",
      "opponent": "Creekside"
    },
    {
      "name": "AngelinaH",
      "stroke": "Breast",
      "age": "8 & Under",
      "gender": "Girls",
      "date": "2013-06-29",
      "time": "DQ",
      "place": "--",
      "team": "Otters",
      "yards": 0,
      "meet": "091",
      "opponent": "Creekside"
    },
    {
      "name": "AngelinaH",
      "stroke": "Freestyle",
      "age": "7-8",
      "gender": "Girls",
      "date": "2013-06-29",
      "time": "21.88",
      "place": "8",
      "team": "Otters",
      "yards": 0,
      "meet": "091",
      "opponent": "Creekside"
    },
    {
      "name": "AngelinaH",
      "stroke": "Butterfly",
      "age": "8 & Under",
      "gender": "Girls",
      "date": "2013-07-13",
      "time": "DQ",
      "place": "--",
      "team": "Otters",
      "yards": 0,
      "meet": "092",
      "opponent": "Almaden"
    },
    {
      "name": "AngelinaH",
      "stroke": "Breast",
      "age": "8 & Under",
      "gender": "Girls",
      "date": "2013-07-13",
      "time": "DQ",
      "place": "--",
      "team": "Otters",
      "yards": 0,
      "meet": "092",
      "opponent": "Almaden"
    },
    {
      "name": "AngelinaH",
      "stroke": "Back",
      "age": "9-10",
      "gender": "Girls",
      "date": "2015-05-30",
      "time": "22.56",
      "place": "10",
      "team": "Otters",
      "yards": 0,
      "meet": "101",
      "opponent": "Almaden"
    },
    {
      "name": "AngelinaH",
      "stroke": "Breast",
      "age": "9-10",
      "gender": "Girls",
      "date": "2015-05-30",
      "time": "27.18",
      "place": "26",
      "team": "Otters",
      "yards": 0,
      "meet": "101",
      "opponent": "Almaden"
    },
    {
      "name": "AngelinaH",
      "stroke": "Freestyle",
      "age": "9-10",
      "gender": "Girls",
      "date": "2015-05-30",
      "time": "17.28",
      "place": "10",
      "team": "Otters",
      "yards": 0,
      "meet": "101",
      "opponent": "Almaden"
    },
    {
      "name": "AngelinaH",
      "stroke": "Back",
      "age": "9-10",
      "gender": "Girls",
      "date": "2015-06-13",
      "time": "20.67",
      "place": "5",
      "team": "Otters",
      "yards": 0,
      "meet": "103",
      "opponent": "Shadowbrook"
    },
    {
      "name": "AngelinaH",
      "stroke": "Breast",
      "age": "9-10",
      "gender": "Girls",
      "date": "2015-06-13",
      "time": "27.24",
      "place": "21",
      "team": "Otters",
      "yards": 0,
      "meet": "103",
      "opponent": "Shadowbrook"
    },
    {
      "name": "AngelinaH",
      "stroke": "Freestyle",
      "age": "9-10",
      "gender": "Girls",
      "date": "2015-06-13",
      "time": "17.32",
      "place": "11",
      "team": "Otters",
      "yards": 0,
      "meet": "103",
      "opponent": "Shadowbrook"
    },
    {
      "name": "AngelinaH",
      "stroke": "Back",
      "age": "9-10",
      "gender": "Girls",
      "date": "2015-06-20",
      "time": "21.92",
      "place": "7",
      "team": "Otters",
      "yards": 0,
      "meet": "104",
      "opponent": "Pinehurst"
    },
    {
      "name": "AngelinaH",
      "stroke": "Breast",
      "age": "9-10",
      "gender": "Girls",
      "date": "2015-06-20",
      "time": "DQ",
      "place": "--",
      "team": "Otters",
      "yards": 0,
      "meet": "104",
      "opponent": "Pinehurst"
    },
    {
      "name": "AngelinaH",
      "stroke": "Freestyle",
      "age": "9-10",
      "gender": "Girls",
      "date": "2015-06-20",
      "time": "16.83",
      "place": "7",
      "team": "Otters",
      "yards": 0,
      "meet": "104",
      "opponent": "Pinehurst"
    },
    {
      "name": "AngelinaH",
      "stroke": "Butterfly",
      "age": "9-10",
      "gender": "Girls",
      "date": "2015-06-27",
      "time": "22.30",
      "place": "13",
      "team": "Otters",
      "yards": 0,
      "meet": "105",
      "opponent": "Crossgates"
    },
    {
      "name": "AngelinaH",
      "stroke": "Breast",
      "age": "9-10",
      "gender": "Girls",
      "date": "2015-06-27",
      "time": "25.35",
      "place": "20",
      "team": "Otters",
      "yards": 0,
      "meet": "105",
      "opponent": "Crossgates"
    },
    {
      "name": "AngelinaH",
      "stroke": "Freestyle",
      "age": "9-10",
      "gender": "Girls",
      "date": "2015-06-27",
      "time": "16.51",
      "place": "7",
      "team": "Otters",
      "yards": 0,
      "meet": "105",
      "opponent": "Crossgates"
    },
    {
      "name": "AngelinaH",
      "stroke": "Back",
      "age": "9-10",
      "gender": "Girls",
      "date": "2015-07-11",
      "time": "23.06",
      "place": "27",
      "team": "Otters",
      "yards": 0,
      "meet": "106",
      "opponent": "Champs"
    },
    {
      "name": "AngelinaH",
      "stroke": "Breast",
      "age": "9-10",
      "gender": "Girls",
      "date": "2015-07-11",
      "time": "25.16",
      "place": "35",
      "team": "Otters",
      "yards": 0,
      "meet": "106",
      "opponent": "Champs"
    },
    {
      "name": "AngelinaH",
      "stroke": "Freestyle",
      "age": "9-10",
      "gender": "Girls",
      "date": "2015-07-11",
      "time": "17.12",
      "place": "26",
      "team": "Otters",
      "yards": 0,
      "meet": "106",
      "opponent": "Champs"
    }
  ]
}