{
  "scores": [
    {
      "name": "AnnT",
      "stroke": "Back",
      "age": "15-18",
      "gender": "Girls",
      "date": "2012-06-009",
      "time": "34.47",
      "place": "5",
      "team": "Otters",
      "yards": 0,
      "meet": "081",
      "opponent": "Crossgates"
    },
    {
      "name": "AnnT",
      "stroke": "Breast",
      "age": "15-18",
      "gender": "Girls",
      "date": "2012-06-009",
      "time": "35.78",
      "place": "3",
      "team": "Otters",
      "yards": 0,
      "meet": "081",
      "opponent": "Crossgates"
    },
    {
      "name": "AnnT",
      "stroke": "Freestyle",
      "age": "15-18",
      "gender": "Girls",
      "date": "2012-06-009",
      "time": "29.16",
      "place": "7",
      "team": "Otters",
      "yards": 0,
      "meet": "081",
      "opponent": "Crossgates"
    },
    {
      "name": "AnnT",
      "stroke": "Butterfly",
      "age": "15-18",
      "gender": "Girls",
      "date": "2012-06-16",
      "time": "32.67",
      "place": "6",
      "team": "Otters",
      "yards": 0,
      "meet": "082",
      "opponent": "Almaden"
    },
    {
      "name": "AnnT",
      "stroke": "Breast",
      "age": "15-18",
      "gender": "Girls",
      "date": "2012-06-16",
      "time": "35.94",
      "place": "2",
      "team": "Otters",
      "yards": 0,
      "meet": "082",
      "opponent": "Almaden"
    },
    {
      "name": "AnnT",
      "stroke": "Freestyle",
      "age": "15-18",
      "gender": "Girls",
      "date": "2012-06-16",
      "time": "28.94",
      "place": "10",
      "team": "Otters",
      "yards": 0,
      "meet": "082",
      "opponent": "Almaden"
    },
    {
      "name": "AnnT",
      "stroke": "Back",
      "age": "15-18",
      "gender": "Girls",
      "date": "2012-06-30",
      "time": "33.91",
      "place": "6",
      "team": "Otters",
      "yards": 0,
      "meet": "084",
      "opponent": "Shadowbrook"
    },
    {
      "name": "AnnT",
      "stroke": "Breast",
      "age": "15-18",
      "gender": "Girls",
      "date": "2012-06-30",
      "time": "35.63",
      "place": "2",
      "team": "Otters",
      "yards": 0,
      "meet": "084",
      "opponent": "Shadowbrook"
    },
    {
      "name": "AnnT",
      "stroke": "Freestyle",
      "age": "15-18",
      "gender": "Girls",
      "date": "2012-06-30",
      "time": "28.47",
      "place": "6",
      "team": "Otters",
      "yards": 0,
      "meet": "084",
      "opponent": "Shadowbrook"
    },
    {
      "name": "AnnT",
      "stroke": "Butterfly",
      "age": "15-18",
      "gender": "Girls",
      "date": "2012-07-14",
      "time": "29.99",
      "place": "11",
      "team": "Otters",
      "yards": 0,
      "meet": "085",
      "opponent": "Champs"
    },
    {
      "name": "AnnT",
      "stroke": "Breast",
      "age": "15-18",
      "gender": "Girls",
      "date": "2012-07-14",
      "time": "33.65",
      "place": "1",
      "team": "Otters",
      "yards": 0,
      "meet": "085",
      "opponent": "Champs"
    },
    {
      "name": "AnnT",
      "stroke": "Freestyle",
      "age": "15-18",
      "gender": "Girls",
      "date": "2012-07-14",
      "time": "27.97",
      "place": "19",
      "team": "Otters",
      "yards": 0,
      "meet": "085",
      "opponent": "Champs"
    }
  ]
}