{
  "scores": [
    {
      "name": "AnthonyV",
      "stroke": "Butterfly",
      "age": "8 & Under",
      "gender": "Boys",
      "date": "2005-06-004",
      "time": "20.59",
      "place": "2",
      "team": "Otters",
      "yards": 0,
      "meet": "031",
      "opponent": "Almaden"
    },
    {
      "name": "AnthonyV",
      "stroke": "Breast",
      "age": "8 & Under",
      "gender": "Boys",
      "date": "2005-06-004",
      "time": "26.84",
      "place": "2",
      "team": "Otters",
      "yards": 0,
      "meet": "031",
      "opponent": "Almaden"
    },
    {
      "name": "AnthonyV",
      "stroke": "Freestyle",
      "age": "7-8",
      "gender": "Boys",
      "date": "2005-06-004",
      "time": "18.37",
      "place": "3",
      "team": "Otters",
      "yards": 0,
      "meet": "031",
      "opponent": "Almaden"
    },
    {
      "name": "AnthonyV",
      "stroke": "Butterfly",
      "age": "8 & Under",
      "gender": "Boys",
      "date": "2005-06-11",
      "time": "21.68",
      "place": "1",
      "team": "Otters",
      "yards": 0,
      "meet": "032",
      "opponent": "Creekside"
    },
    {
      "name": "AnthonyV",
      "stroke": "Breast",
      "age": "8 & Under",
      "gender": "Boys",
      "date": "2005-06-11",
      "time": "24.12",
      "place": "1",
      "team": "Otters",
      "yards": 0,
      "meet": "032",
      "opponent": "Creekside"
    },
    {
      "name": "AnthonyV",
      "stroke": "Freestyle",
      "age": "7-8",
      "gender": "Boys",
      "date": "2005-06-11",
      "time": "17.59",
      "place": "1",
      "team": "Otters",
      "yards": 0,
      "meet": "032",
      "opponent": "Creekside"
    },
    {
      "name": "AnthonyV",
      "stroke": "Butterfly",
      "age": "8 & Under",
      "gender": "Boys",
      "date": "2005-06-18",
      "time": "22.90",
      "place": "2",
      "team": "Otters",
      "yards": 0,
      "meet": "033",
      "opponent": "Shadowbrook"
    },
    {
      "name": "AnthonyV",
      "stroke": "Breast",
      "age": "8 & Under",
      "gender": "Boys",
      "date": "2005-06-18",
      "time": "24.94",
      "place": "1",
      "team": "Otters",
      "yards": 0,
      "meet": "033",
      "opponent": "Shadowbrook"
    },
    {
      "name": "AnthonyV",
      "stroke": "Freestyle",
      "age": "7-8",
      "gender": "Boys",
      "date": "2005-06-18",
      "time": "19.97",
      "place": "3",
      "team": "Otters",
      "yards": 0,
      "meet": "033",
      "opponent": "Shadowbrook"
    },
    {
      "name": "AnthonyV",
      "stroke": "Butterfly",
      "age": "8 & Under",
      "gender": "Boys",
      "date": "2005-06-25",
      "time": "20.87",
      "place": "1",
      "team": "Otters",
      "yards": 0,
      "meet": "034",
      "opponent": "Pinehurst"
    },
    {
      "name": "AnthonyV",
      "stroke": "Breast",
      "age": "8 & Under",
      "gender": "Boys",
      "date": "2005-06-25",
      "time": "DQ",
      "place": "--",
      "team": "Otters",
      "yards": 0,
      "meet": "034",
      "opponent": "Pinehurst"
    },
    {
      "name": "AnthonyV",
      "stroke": "Freestyle",
      "age": "7-8",
      "gender": "Boys",
      "date": "2005-06-25",
      "time": "18.53",
      "place": "2",
      "team": "Otters",
      "yards": 0,
      "meet": "034",
      "opponent": "Pinehurst"
    },
    {
      "name": "AnthonyV",
      "stroke": "Butterfly",
      "age": "8 & Under",
      "gender": "Boys",
      "date": "2005-07-009",
      "time": "20.28",
      "place": "2",
      "team": "Otters",
      "yards": 0,
      "meet": "035",
      "opponent": "Crossgates"
    },
    {
      "name": "AnthonyV",
      "stroke": "Breast",
      "age": "8 & Under",
      "gender": "Boys",
      "date": "2005-07-009",
      "time": "24.09",
      "place": "1",
      "team": "Otters",
      "yards": 0,
      "meet": "035",
      "opponent": "Crossgates"
    },
    {
      "name": "AnthonyV",
      "stroke": "Freestyle",
      "age": "7-8",
      "gender": "Boys",
      "date": "2005-07-009",
      "time": "16.13",
      "place": "1",
      "team": "Otters",
      "yards": 0,
      "meet": "035",
      "opponent": "Crossgates"
    },
    {
      "name": "AnthonyV",
      "stroke": "Butterfly",
      "age": "8 & Under",
      "gender": "Boys",
      "date": "2005-07-16",
      "time": "21.55",
      "place": "5",
      "team": "Otters",
      "yards": 0,
      "meet": "036",
      "opponent": "Champs"
    },
    {
      "name": "AnthonyV",
      "stroke": "Breast",
      "age": "8 & Under",
      "gender": "Boys",
      "date": "2005-07-16",
      "time": "24.24",
      "place": "2",
      "team": "Otters",
      "yards": 0,
      "meet": "036",
      "opponent": "Champs"
    },
    {
      "name": "AnthonyV",
      "stroke": "Freestyle",
      "age": "7-8",
      "gender": "Boys",
      "date": "2005-07-16",
      "time": "16.69",
      "place": "2",
      "team": "Otters",
      "yards": 0,
      "meet": "036",
      "opponent": "Champs"
    },
    {
      "name": "AnthonyV",
      "stroke": "Butterfly",
      "age": "9-10",
      "gender": "Boys",
      "date": "2006-05-20",
      "time": "17.71",
      "place": "2",
      "team": "Otters",
      "yards": 0,
      "meet": "037",
      "opponent": "Trials"
    },
    {
      "name": "AnthonyV",
      "stroke": "Back",
      "age": "9-10",
      "gender": "Boys",
      "date": "2006-05-20",
      "time": "25.59",
      "place": "6",
      "team": "Otters",
      "yards": 0,
      "meet": "037",
      "opponent": "Trials"
    },
    {
      "name": "AnthonyV",
      "stroke": "Breast",
      "age": "9-10",
      "gender": "Boys",
      "date": "2006-05-20",
      "time": "23.87",
      "place": "2",
      "team": "Otters",
      "yards": 0,
      "meet": "037",
      "opponent": "Trials"
    },
    {
      "name": "AnthonyV",
      "stroke": "Freestyle",
      "age": "9-10",
      "gender": "Boys",
      "date": "2006-05-20",
      "time": "16.58",
      "place": "2",
      "team": "Otters",
      "yards": 0,
      "meet": "037",
      "opponent": "Trials"
    },
    {
      "name": "AnthonyV",
      "stroke": "Butterfly",
      "age": "9-10",
      "gender": "Boys",
      "date": "2006-06-003",
      "time": "18.88",
      "place": "3",
      "team": "Otters",
      "yards": 0,
      "meet": "038",
      "opponent": "Crossgates"
    },
    {
      "name": "AnthonyV",
      "stroke": "Breast",
      "age": "9-10",
      "gender": "Boys",
      "date": "2006-06-003",
      "time": "23.28",
      "place": "2",
      "team": "Otters",
      "yards": 0,
      "meet": "038",
      "opponent": "Crossgates"
    },
    {
      "name": "AnthonyV",
      "stroke": "Freestyle",
      "age": "9-10",
      "gender": "Boys",
      "date": "2006-06-003",
      "time": "16.72",
      "place": "2",
      "team": "Otters",
      "yards": 0,
      "meet": "038",
      "opponent": "Crossgates"
    },
    {
      "name": "AnthonyV",
      "stroke": "Butterfly",
      "age": "9-10",
      "gender": "Boys",
      "date": "2006-06-10",
      "time": "18.43",
      "place": "3",
      "team": "Otters",
      "yards": 0,
      "meet": "039",
      "opponent": "Almaden"
    },
    {
      "name": "AnthonyV",
      "stroke": "Breast",
      "age": "9-10",
      "gender": "Boys",
      "date": "2006-06-10",
      "time": "23.79",
      "place": "4",
      "team": "Otters",
      "yards": 0,
      "meet": "039",
      "opponent": "Almaden"
    },
    {
      "name": "AnthonyV",
      "stroke": "Freestyle",
      "age": "9-10",
      "gender": "Boys",
      "date": "2006-06-10",
      "time": "16.40",
      "place": "5",
      "team": "Otters",
      "yards": 0,
      "meet": "039",
      "opponent": "Almaden"
    },
    {
      "name": "AnthonyV",
      "stroke": "Butterfly",
      "age": "9-10",
      "gender": "Boys",
      "date": "2006-06-17",
      "time": "18.57",
      "place": "2",
      "team": "Otters",
      "yards": 0,
      "meet": "040",
      "opponent": "Creekside"
    },
    {
      "name": "AnthonyV",
      "stroke": "Breast",
      "age": "9-10",
      "gender": "Boys",
      "date": "2006-06-17",
      "time": "25.63",
      "place": "4",
      "team": "Otters",
      "yards": 0,
      "meet": "040",
      "opponent": "Creekside"
    },
    {
      "name": "AnthonyV",
      "stroke": "Freestyle",
      "age": "9-10",
      "gender": "Boys",
      "date": "2006-06-17",
      "time": "17.06",
      "place": "4",
      "team": "Otters",
      "yards": 0,
      "meet": "040",
      "opponent": "Creekside"
    },
    {
      "name": "AnthonyV",
      "stroke": "Butterfly",
      "age": "9-10",
      "gender": "Boys",
      "date": "2006-06-24",
      "time": "18.21",
      "place": "2",
      "team": "Otters",
      "yards": 0,
      "meet": "041",
      "opponent": "Shadowbrook"
    },
    {
      "name": "AnthonyV",
      "stroke": "Breast",
      "age": "9-10",
      "gender": "Boys",
      "date": "2006-06-24",
      "time": "23.10",
      "place": "2",
      "team": "Otters",
      "yards": 0,
      "meet": "041",
      "opponent": "Shadowbrook"
    },
    {
      "name": "AnthonyV",
      "stroke": "Freestyle",
      "age": "9-10",
      "gender": "Boys",
      "date": "2006-06-24",
      "time": "16.55",
      "place": "3",
      "team": "Otters",
      "yards": 0,
      "meet": "041",
      "opponent": "Shadowbrook"
    },
    {
      "name": "AnthonyV",
      "stroke": "Butterfly",
      "age": "9-10",
      "gender": "Boys",
      "date": "2006-07-008",
      "time": "19.10",
      "place": "4",
      "team": "Otters",
      "yards": 0,
      "meet": "042",
      "opponent": "Pinehurst"
    },
    {
      "name": "AnthonyV",
      "stroke": "Breast",
      "age": "9-10",
      "gender": "Boys",
      "date": "2006-07-008",
      "time": "24.27",
      "place": "4",
      "team": "Otters",
      "yards": 0,
      "meet": "042",
      "opponent": "Pinehurst"
    },
    {
      "name": "AnthonyV",
      "stroke": "Freestyle",
      "age": "9-10",
      "gender": "Boys",
      "date": "2006-07-008",
      "time": "16.32",
      "place": "4",
      "team": "Otters",
      "yards": 0,
      "meet": "042",
      "opponent": "Pinehurst"
    },
    {
      "name": "AnthonyV",
      "stroke": "Butterfly",
      "age": "9-10",
      "gender": "Boys",
      "date": "2006-07-15",
      "time": "17.77",
      "place": "6",
      "team": "Otters",
      "yards": 0,
      "meet": "043",
      "opponent": "Champs"
    },
    {
      "name": "AnthonyV",
      "stroke": "Breast",
      "age": "9-10",
      "gender": "Boys",
      "date": "2006-07-15",
      "time": "23.60",
      "place": "16",
      "team": "Otters",
      "yards": 0,
      "meet": "043",
      "opponent": "Champs"
    },
    {
      "name": "AnthonyV",
      "stroke": "Freestyle",
      "age": "9-10",
      "gender": "Boys",
      "date": "2006-07-15",
      "time": "16.87",
      "place": "22",
      "team": "Otters",
      "yards": 0,
      "meet": "043",
      "opponent": "Champs"
    },
    {
      "name": "AnthonyV",
      "stroke": "Back",
      "age": "9-10",
      "gender": "Boys",
      "date": "2007-06-002",
      "time": "20.22",
      "place": "2",
      "team": "Otters",
      "yards": 0,
      "meet": "044",
      "opponent": "Trials"
    },
    {
      "name": "AnthonyV",
      "stroke": "Butterfly",
      "age": "9-10",
      "gender": "Boys",
      "date": "2007-06-009",
      "time": "16.59",
      "place": "2",
      "team": "Otters",
      "yards": 0,
      "meet": "045",
      "opponent": "Pinehurst"
    },
    {
      "name": "AnthonyV",
      "stroke": "Back",
      "age": "9-10",
      "gender": "Boys",
      "date": "2007-06-009",
      "time": "19.66",
      "place": "1",
      "team": "Otters",
      "yards": 0,
      "meet": "045",
      "opponent": "Pinehurst"
    },
    {
      "name": "AnthonyV",
      "stroke": "Freestyle",
      "age": "9-10",
      "gender": "Boys",
      "date": "2007-06-009",
      "time": "15.42",
      "place": "2",
      "team": "Otters",
      "yards": 0,
      "meet": "045",
      "opponent": "Pinehurst"
    },
    {
      "name": "AnthonyV",
      "stroke": "Butterfly",
      "age": "9-10",
      "gender": "Boys",
      "date": "2007-06-16",
      "time": "17.09",
      "place": "1",
      "team": "Otters",
      "yards": 0,
      "meet": "046",
      "opponent": "Crossgates"
    },
    {
      "name": "AnthonyV",
      "stroke": "Back",
      "age": "9-10",
      "gender": "Boys",
      "date": "2007-06-16",
      "time": "20.29",
      "place": "3",
      "team": "Otters",
      "yards": 0,
      "meet": "046",
      "opponent": "Crossgates"
    },
    {
      "name": "AnthonyV",
      "stroke": "Freestyle",
      "age": "9-10",
      "gender": "Boys",
      "date": "2007-06-16",
      "time": "14.69",
      "place": "1",
      "team": "Otters",
      "yards": 0,
      "meet": "046",
      "opponent": "Crossgates"
    },
    {
      "name": "AnthonyV",
      "stroke": "Butterfly",
      "age": "9-10",
      "gender": "Boys",
      "date": "2007-06-23",
      "time": "16.77",
      "place": "2",
      "team": "Otters",
      "yards": 0,
      "meet": "047",
      "opponent": "Almaden"
    },
    {
      "name": "AnthonyV",
      "stroke": "Back",
      "age": "9-10",
      "gender": "Boys",
      "date": "2007-06-23",
      "time": "22.10",
      "place": "3",
      "team": "Otters",
      "yards": 0,
      "meet": "047",
      "opponent": "Almaden"
    },
    {
      "name": "AnthonyV",
      "stroke": "Freestyle",
      "age": "9-10",
      "gender": "Boys",
      "date": "2007-06-23",
      "time": "14.59",
      "place": "2",
      "team": "Otters",
      "yards": 0,
      "meet": "047",
      "opponent": "Almaden"
    },
    {
      "name": "AnthonyV",
      "stroke": "Back",
      "age": "9-10",
      "gender": "Boys",
      "date": "2007-06-30",
      "time": "20.05",
      "place": "3",
      "team": "Otters",
      "yards": 0,
      "meet": "048",
      "opponent": "Creekside"
    },
    {
      "name": "AnthonyV",
      "stroke": "Breast",
      "age": "9-10",
      "gender": "Boys",
      "date": "2007-06-30",
      "time": "19.77",
      "place": "1",
      "team": "Otters",
      "yards": 0,
      "meet": "048",
      "opponent": "Creekside"
    },
    {
      "name": "AnthonyV",
      "stroke": "Freestyle",
      "age": "9-10",
      "gender": "Boys",
      "date": "2007-06-30",
      "time": "14.91",
      "place": "1",
      "team": "Otters",
      "yards": 0,
      "meet": "048",
      "opponent": "Creekside"
    },
    {
      "name": "AnthonyV",
      "stroke": "Butterfly",
      "age": "9-10",
      "gender": "Boys",
      "date": "2007-07-007",
      "time": "17.07",
      "place": "1",
      "team": "Otters",
      "yards": 0,
      "meet": "049",
      "opponent": "Shadowbrook"
    },
    {
      "name": "AnthonyV",
      "stroke": "Breast",
      "age": "9-10",
      "gender": "Boys",
      "date": "2007-07-007",
      "time": "21.69",
      "place": "1",
      "team": "Otters",
      "yards": 0,
      "meet": "049",
      "opponent": "Shadowbrook"
    },
    {
      "name": "AnthonyV",
      "stroke": "Freestyle",
      "age": "9-10",
      "gender": "Boys",
      "date": "2007-07-007",
      "time": "14.81",
      "place": "1",
      "team": "Otters",
      "yards": 0,
      "meet": "049",
      "opponent": "Shadowbrook"
    },
    {
      "name": "AnthonyV",
      "stroke": "Butterfly",
      "age": "9-10",
      "gender": "Boys",
      "date": "2007-07-14",
      "time": "15.97",
      "place": "1",
      "team": "Otters",
      "yards": 0,
      "meet": "050",
      "opponent": "Champs"
    },
    {
      "name": "AnthonyV",
      "stroke": "Breast",
      "age": "9-10",
      "gender": "Boys",
      "date": "2007-07-14",
      "time": "19.70",
      "place": "3",
      "team": "Otters",
      "yards": 0,
      "meet": "050",
      "opponent": "Champs"
    },
    {
      "name": "AnthonyV",
      "stroke": "Freestyle",
      "age": "9-10",
      "gender": "Boys",
      "date": "2007-07-14",
      "time": "14.66",
      "place": "4",
      "team": "Otters",
      "yards": 0,
      "meet": "050",
      "opponent": "Champs"
    },
    {
      "name": "AnthonyV",
      "stroke": "Butterfly",
      "age": "11-12",
      "gender": "Boys",
      "date": "2008-06-007",
      "time": "36.93",
      "place": "1",
      "team": "Otters",
      "yards": 0,
      "meet": "052",
      "opponent": "Shadowbrook"
    },
    {
      "name": "AnthonyV",
      "stroke": "Back",
      "age": "11-12",
      "gender": "Boys",
      "date": "2008-06-007",
      "time": "DQ",
      "place": "--",
      "team": "Otters",
      "yards": 0,
      "meet": "052",
      "opponent": "Shadowbrook"
    },
    {
      "name": "AnthonyV",
      "stroke": "Freestyle",
      "age": "11-12",
      "gender": "Boys",
      "date": "2008-06-007",
      "time": "31.57",
      "place": "2",
      "team": "Otters",
      "yards": 0,
      "meet": "052",
      "opponent": "Shadowbrook"
    },
    {
      "name": "AnthonyV",
      "stroke": "Back",
      "age": "11-12",
      "gender": "Boys",
      "date": "2008-06-14",
      "time": "44.50",
      "place": "4",
      "team": "Otters",
      "yards": 0,
      "meet": "053",
      "opponent": "Pinehurst"
    },
    {
      "name": "AnthonyV",
      "stroke": "Breast",
      "age": "11-12",
      "gender": "Boys",
      "date": "2008-06-14",
      "time": "46.63",
      "place": "4",
      "team": "Otters",
      "yards": 0,
      "meet": "053",
      "opponent": "Pinehurst"
    },
    {
      "name": "AnthonyV",
      "stroke": "Freestyle",
      "age": "11-12",
      "gender": "Boys",
      "date": "2008-06-14",
      "time": "31.21",
      "place": "5",
      "team": "Otters",
      "yards": 0,
      "meet": "053",
      "opponent": "Pinehurst"
    },
    {
      "name": "AnthonyV",
      "stroke": "Butterfly",
      "age": "11-12",
      "gender": "Boys",
      "date": "2008-06-28",
      "time": "38.18",
      "place": "3",
      "team": "Otters",
      "yards": 0,
      "meet": "055",
      "opponent": "Almaden"
    },
    {
      "name": "AnthonyV",
      "stroke": "Back",
      "age": "11-12",
      "gender": "Boys",
      "date": "2008-06-28",
      "time": "42.69",
      "place": "6",
      "team": "Otters",
      "yards": 0,
      "meet": "055",
      "opponent": "Almaden"
    },
    {
      "name": "AnthonyV",
      "stroke": "Breast",
      "age": "11-12",
      "gender": "Boys",
      "date": "2008-06-28",
      "time": "46.56",
      "place": "6",
      "team": "Otters",
      "yards": 0,
      "meet": "055",
      "opponent": "Almaden"
    },
    {
      "name": "AnthonyV",
      "stroke": "Butterfly",
      "age": "11-12",
      "gender": "Boys",
      "date": "2008-07-12",
      "time": "35.19",
      "place": "1",
      "team": "Otters",
      "yards": 0,
      "meet": "056",
      "opponent": "Creekside"
    },
    {
      "name": "AnthonyV",
      "stroke": "Breast",
      "age": "11-12",
      "gender": "Boys",
      "date": "2008-07-12",
      "time": "46.53",
      "place": "2",
      "team": "Otters",
      "yards": 0,
      "meet": "056",
      "opponent": "Creekside"
    },
    {
      "name": "AnthonyV",
      "stroke": "Freestyle",
      "age": "11-12",
      "gender": "Boys",
      "date": "2008-07-12",
      "time": "30.56",
      "place": "1",
      "team": "Otters",
      "yards": 0,
      "meet": "056",
      "opponent": "Creekside"
    },
    {
      "name": "AnthonyV",
      "stroke": "Butterfly",
      "age": "11-12",
      "gender": "Boys",
      "date": "2008-07-19",
      "time": "35.94",
      "place": "4",
      "team": "Otters",
      "yards": 0,
      "meet": "057",
      "opponent": "Champs"
    },
    {
      "name": "AnthonyV",
      "stroke": "Breast",
      "age": "11-12",
      "gender": "Boys",
      "date": "2008-07-19",
      "time": "42.76",
      "place": "7",
      "team": "Otters",
      "yards": 0,
      "meet": "057",
      "opponent": "Champs"
    },
    {
      "name": "AnthonyV",
      "stroke": "Freestyle",
      "age": "11-12",
      "gender": "Boys",
      "date": "2008-07-19",
      "time": "31.51",
      "place": "9",
      "team": "Otters",
      "yards": 0,
      "meet": "057",
      "opponent": "Champs"
    },
    {
      "name": "AnthonyV",
      "stroke": "Butterfly",
      "age": "11-12",
      "gender": "Boys",
      "date": "2009-05-30",
      "time": "33.77",
      "place": "1",
      "team": "Otters",
      "yards": 0,
      "meet": "058",
      "opponent": "Trials"
    },
    {
      "name": "AnthonyV",
      "stroke": "Back",
      "age": "11-12",
      "gender": "Boys",
      "date": "2009-05-30",
      "time": "43.04",
      "place": "5",
      "team": "Otters",
      "yards": 0,
      "meet": "058",
      "opponent": "Trials"
    },
    {
      "name": "AnthonyV",
      "stroke": "Breast",
      "age": "11-12",
      "gender": "Boys",
      "date": "2009-05-30",
      "time": "39.29",
      "place": "1",
      "team": "Otters",
      "yards": 0,
      "meet": "058",
      "opponent": "Trials"
    },
    {
      "name": "AnthonyV",
      "stroke": "Freestyle",
      "age": "11-12",
      "gender": "Boys",
      "date": "2009-05-30",
      "time": "29.12",
      "place": "1",
      "team": "Otters",
      "yards": 0,
      "meet": "058",
      "opponent": "Trials"
    },
    {
      "name": "AnthonyV",
      "stroke": "Butterfly",
      "age": "11-12",
      "gender": "Boys",
      "date": "2009-06-13",
      "time": "33.49",
      "place": "1",
      "team": "Otters",
      "yards": 0,
      "meet": "060",
      "opponent": "Shadowbrook"
    },
    {
      "name": "AnthonyV",
      "stroke": "Breast",
      "age": "11-12",
      "gender": "Boys",
      "date": "2009-06-13",
      "time": "40.16",
      "place": "1",
      "team": "Otters",
      "yards": 0,
      "meet": "060",
      "opponent": "Shadowbrook"
    },
    {
      "name": "AnthonyV",
      "stroke": "Freestyle",
      "age": "11-12",
      "gender": "Boys",
      "date": "2009-06-13",
      "time": "29.85",
      "place": "2",
      "team": "Otters",
      "yards": 0,
      "meet": "060",
      "opponent": "Shadowbrook"
    },
    {
      "name": "AnthonyV",
      "stroke": "Back",
      "age": "11-12",
      "gender": "Boys",
      "date": "2009-06-20",
      "time": "41.62",
      "place": "2",
      "team": "Otters",
      "yards": 0,
      "meet": "061",
      "opponent": "Pinehurst"
    },
    {
      "name": "AnthonyV",
      "stroke": "Breast",
      "age": "11-12",
      "gender": "Boys",
      "date": "2009-06-20",
      "time": "40.88",
      "place": "1",
      "team": "Otters",
      "yards": 0,
      "meet": "061",
      "opponent": "Pinehurst"
    },
    {
      "name": "AnthonyV",
      "stroke": "Freestyle",
      "age": "11-12",
      "gender": "Boys",
      "date": "2009-06-20",
      "time": "30.60",
      "place": "3",
      "team": "Otters",
      "yards": 0,
      "meet": "061",
      "opponent": "Pinehurst"
    },
    {
      "name": "AnthonyV",
      "stroke": "Butterfly",
      "age": "11-12",
      "gender": "Boys",
      "date": "2009-06-27",
      "time": "35.96",
      "place": "1",
      "team": "Otters",
      "yards": 0,
      "meet": "062",
      "opponent": "Crossgates"
    },
    {
      "name": "AnthonyV",
      "stroke": "Breast",
      "age": "11-12",
      "gender": "Boys",
      "date": "2009-06-27",
      "time": "40.69",
      "place": "1",
      "team": "Otters",
      "yards": 0,
      "meet": "062",
      "opponent": "Crossgates"
    },
    {
      "name": "AnthonyV",
      "stroke": "Freestyle",
      "age": "11-12",
      "gender": "Boys",
      "date": "2009-06-27",
      "time": "29.53",
      "place": "1",
      "team": "Otters",
      "yards": 0,
      "meet": "062",
      "opponent": "Crossgates"
    },
    {
      "name": "AnthonyV",
      "stroke": "Butterfly",
      "age": "11-12",
      "gender": "Boys",
      "date": "2009-07-11",
      "time": "34.13",
      "place": "2",
      "team": "Otters",
      "yards": 0,
      "meet": "063",
      "opponent": "Almaden"
    },
    {
      "name": "AnthonyV",
      "stroke": "Breast",
      "age": "11-12",
      "gender": "Boys",
      "date": "2009-07-11",
      "time": "39.93",
      "place": "2",
      "team": "Otters",
      "yards": 0,
      "meet": "063",
      "opponent": "Almaden"
    },
    {
      "name": "AnthonyV",
      "stroke": "Freestyle",
      "age": "11-12",
      "gender": "Boys",
      "date": "2009-07-11",
      "time": "29.23",
      "place": "4",
      "team": "Otters",
      "yards": 0,
      "meet": "063",
      "opponent": "Almaden"
    },
    {
      "name": "AnthonyV",
      "stroke": "Butterfly",
      "age": "11-12",
      "gender": "Boys",
      "date": "2009-07-18",
      "time": "34.60",
      "place": "6",
      "team": "Otters",
      "yards": 0,
      "meet": "064",
      "opponent": "Champs"
    },
    {
      "name": "AnthonyV",
      "stroke": "Breast",
      "age": "11-12",
      "gender": "Boys",
      "date": "2009-07-18",
      "time": "39.75",
      "place": "4",
      "team": "Otters",
      "yards": 0,
      "meet": "064",
      "opponent": "Champs"
    },
    {
      "name": "AnthonyV",
      "stroke": "Freestyle",
      "age": "11-12",
      "gender": "Boys",
      "date": "2009-07-18",
      "time": "29.85",
      "place": "7",
      "team": "Otters",
      "yards": 0,
      "meet": "064",
      "opponent": "Champs"
    },
    {
      "name": "AnthonyV",
      "stroke": "Back",
      "age": "13-14",
      "gender": "Boys",
      "date": "2010-06-005",
      "time": "36.83",
      "place": "5",
      "team": "Otters",
      "yards": 0,
      "meet": "066",
      "opponent": "Almaden"
    },
    {
      "name": "AnthonyV",
      "stroke": "Breast",
      "age": "13-14",
      "gender": "Boys",
      "date": "2010-06-005",
      "time": "36.65",
      "place": "5",
      "team": "Otters",
      "yards": 0,
      "meet": "066",
      "opponent": "Almaden"
    },
    {
      "name": "AnthonyV",
      "stroke": "Freestyle",
      "age": "13-14",
      "gender": "Boys",
      "date": "2010-06-005",
      "time": "28.25",
      "place": "9",
      "team": "Otters",
      "yards": 0,
      "meet": "066",
      "opponent": "Almaden"
    },
    {
      "name": "AnthonyV",
      "stroke": "Butterfly",
      "age": "13-14",
      "gender": "Boys",
      "date": "2010-06-19",
      "time": "31.03",
      "place": "1",
      "team": "Otters",
      "yards": 0,
      "meet": "068",
      "opponent": "Shadowbrook"
    },
    {
      "name": "AnthonyV",
      "stroke": "Breast",
      "age": "13-14",
      "gender": "Boys",
      "date": "2010-06-19",
      "time": "36.55",
      "place": "1",
      "team": "Otters",
      "yards": 0,
      "meet": "068",
      "opponent": "Shadowbrook"
    },
    {
      "name": "AnthonyV",
      "stroke": "Freestyle",
      "age": "13-14",
      "gender": "Boys",
      "date": "2010-06-19",
      "time": "26.92",
      "place": "1",
      "team": "Otters",
      "yards": 0,
      "meet": "068",
      "opponent": "Shadowbrook"
    },
    {
      "name": "AnthonyV",
      "stroke": "Butterfly",
      "age": "13-14",
      "gender": "Boys",
      "date": "2010-06-26",
      "time": "30.00",
      "place": "2",
      "team": "Otters",
      "yards": 0,
      "meet": "069",
      "opponent": "Pinehurst"
    },
    {
      "name": "AnthonyV",
      "stroke": "Breast",
      "age": "13-14",
      "gender": "Boys",
      "date": "2010-06-26",
      "time": "36.73",
      "place": "2",
      "team": "Otters",
      "yards": 0,
      "meet": "069",
      "opponent": "Pinehurst"
    },
    {
      "name": "AnthonyV",
      "stroke": "Freestyle",
      "age": "13-14",
      "gender": "Boys",
      "date": "2010-06-26",
      "time": "27.57",
      "place": "3",
      "team": "Otters",
      "yards": 0,
      "meet": "069",
      "opponent": "Pinehurst"
    },
    {
      "name": "AnthonyV",
      "stroke": "Butterfly",
      "age": "13-14",
      "gender": "Boys",
      "date": "2010-07-10",
      "time": "30.46",
      "place": "1",
      "team": "Otters",
      "yards": 0,
      "meet": "070",
      "opponent": "Crossgates"
    },
    {
      "name": "AnthonyV",
      "stroke": "Breast",
      "age": "13-14",
      "gender": "Boys",
      "date": "2010-07-10",
      "time": "34.47",
      "place": "1",
      "team": "Otters",
      "yards": 0,
      "meet": "070",
      "opponent": "Crossgates"
    },
    {
      "name": "AnthonyV",
      "stroke": "Freestyle",
      "age": "13-14",
      "gender": "Boys",
      "date": "2010-07-10",
      "time": "26.75",
      "place": "1",
      "team": "Otters",
      "yards": 0,
      "meet": "070",
      "opponent": "Crossgates"
    },
    {
      "name": "AnthonyV",
      "stroke": "Butterfly",
      "age": "13-14",
      "gender": "Boys",
      "date": "2010-07-17",
      "time": "30.27",
      "place": "5",
      "team": "Otters",
      "yards": 0,
      "meet": "071",
      "opponent": "Champs"
    },
    {
      "name": "AnthonyV",
      "stroke": "Breast",
      "age": "13-14",
      "gender": "Boys",
      "date": "2010-07-17",
      "time": "35.66",
      "place": "3",
      "team": "Otters",
      "yards": 0,
      "meet": "071",
      "opponent": "Champs"
    },
    {
      "name": "AnthonyV",
      "stroke": "Freestyle",
      "age": "13-14",
      "gender": "Boys",
      "date": "2010-07-17",
      "time": "27.30",
      "place": "7",
      "team": "Otters",
      "yards": 0,
      "meet": "071",
      "opponent": "Champs"
    },
    {
      "name": "AnthonyV",
      "stroke": "Freestyle",
      "age": "13-14",
      "gender": "Boys",
      "date": "2011-06-11",
      "time": "25.66",
      "place": "3",
      "team": "Otters",
      "yards": 0,
      "meet": "074",
      "opponent": "Almaden"
    },
    {
      "name": "AnthonyV",
      "stroke": "Butterfly",
      "age": "13-14",
      "gender": "Boys",
      "date": "2011-06-18",
      "time": "28.84",
      "place": "2",
      "team": "Otters",
      "yards": 0,
      "meet": "075",
      "opponent": "Creekside"
    },
    {
      "name": "AnthonyV",
      "stroke": "Breast",
      "age": "13-14",
      "gender": "Boys",
      "date": "2011-06-18",
      "time": "35.10",
      "place": "2",
      "team": "Otters",
      "yards": 0,
      "meet": "075",
      "opponent": "Creekside"
    },
    {
      "name": "AnthonyV",
      "stroke": "Freestyle",
      "age": "13-14",
      "gender": "Boys",
      "date": "2011-06-18",
      "time": "26.12",
      "place": "2",
      "team": "Otters",
      "yards": 0,
      "meet": "075",
      "opponent": "Creekside"
    },
    {
      "name": "AnthonyV",
      "stroke": "Butterfly",
      "age": "13-14",
      "gender": "Boys",
      "date": "2011-06-25",
      "time": "29.86",
      "place": "2",
      "team": "Otters",
      "yards": 0,
      "meet": "076",
      "opponent": "Shadowbrook"
    },
    {
      "name": "AnthonyV",
      "stroke": "Breast",
      "age": "13-14",
      "gender": "Boys",
      "date": "2011-06-25",
      "time": "36.17",
      "place": "2",
      "team": "Otters",
      "yards": 0,
      "meet": "076",
      "opponent": "Shadowbrook"
    },
    {
      "name": "AnthonyV",
      "stroke": "Freestyle",
      "age": "13-14",
      "gender": "Boys",
      "date": "2011-06-25",
      "time": "26.20",
      "place": "1",
      "team": "Otters",
      "yards": 0,
      "meet": "076",
      "opponent": "Shadowbrook"
    },
    {
      "name": "AnthonyV",
      "stroke": "Butterfly",
      "age": "13-14",
      "gender": "Boys",
      "date": "2011-07-009",
      "time": "29.35",
      "place": "3",
      "team": "Otters",
      "yards": 0,
      "meet": "077",
      "opponent": "Pinehurst"
    },
    {
      "name": "AnthonyV",
      "stroke": "Breast",
      "age": "13-14",
      "gender": "Boys",
      "date": "2011-07-009",
      "time": "35.26",
      "place": "3",
      "team": "Otters",
      "yards": 0,
      "meet": "077",
      "opponent": "Pinehurst"
    },
    {
      "name": "AnthonyV",
      "stroke": "Freestyle",
      "age": "13-14",
      "gender": "Boys",
      "date": "2011-07-009",
      "time": "25.47",
      "place": "3",
      "team": "Otters",
      "yards": 0,
      "meet": "077",
      "opponent": "Pinehurst"
    },
    {
      "name": "AnthonyV",
      "stroke": "Butterfly",
      "age": "13-14",
      "gender": "Boys",
      "date": "2011-07-16",
      "time": "28.94",
      "place": "6",
      "team": "Otters",
      "yards": 0,
      "meet": "078",
      "opponent": "Champs"
    },
    {
      "name": "AnthonyV",
      "stroke": "Breast",
      "age": "13-14",
      "gender": "Boys",
      "date": "2011-07-16",
      "time": "34.60",
      "place": "7",
      "team": "Otters",
      "yards": 0,
      "meet": "078",
      "opponent": "Champs"
    },
    {
      "name": "AnthonyV",
      "stroke": "Freestyle",
      "age": "13-14",
      "gender": "Boys",
      "date": "2011-07-16",
      "time": "25.67",
      "place": "9",
      "team": "Otters",
      "yards": 0,
      "meet": "078",
      "opponent": "Champs"
    },
    {
      "name": "AnthonyV",
      "stroke": "Butterfly",
      "age": "15-18",
      "gender": "Boys",
      "date": "2012-06-002",
      "time": "28.89",
      "place": "4",
      "team": "Otters",
      "yards": 0,
      "meet": "080",
      "opponent": "Pinehurst"
    },
    {
      "name": "AnthonyV",
      "stroke": "Breast",
      "age": "15-18",
      "gender": "Boys",
      "date": "2012-06-002",
      "time": "35.50",
      "place": "4",
      "team": "Otters",
      "yards": 0,
      "meet": "080",
      "opponent": "Pinehurst"
    },
    {
      "name": "AnthonyV",
      "stroke": "Freestyle",
      "age": "15-18",
      "gender": "Boys",
      "date": "2012-06-002",
      "time": "25.37",
      "place": "4",
      "team": "Otters",
      "yards": 0,
      "meet": "080",
      "opponent": "Pinehurst"
    },
    {
      "name": "AnthonyV",
      "stroke": "Butterfly",
      "age": "15-18",
      "gender": "Boys",
      "date": "2012-06-009",
      "time": "29.07",
      "place": "6",
      "team": "Otters",
      "yards": 0,
      "meet": "081",
      "opponent": "Crossgates"
    },
    {
      "name": "AnthonyV",
      "stroke": "Breast",
      "age": "15-18",
      "gender": "Boys",
      "date": "2012-06-009",
      "time": "36.47",
      "place": "6",
      "team": "Otters",
      "yards": 0,
      "meet": "081",
      "opponent": "Crossgates"
    },
    {
      "name": "AnthonyV",
      "stroke": "Freestyle",
      "age": "15-18",
      "gender": "Boys",
      "date": "2012-06-009",
      "time": "25.50",
      "place": "7",
      "team": "Otters",
      "yards": 0,
      "meet": "081",
      "opponent": "Crossgates"
    },
    {
      "name": "AnthonyV",
      "stroke": "Butterfly",
      "age": "15-18",
      "gender": "Boys",
      "date": "2012-06-16",
      "time": "28.89",
      "place": "7",
      "team": "Otters",
      "yards": 0,
      "meet": "082",
      "opponent": "Almaden"
    },
    {
      "name": "AnthonyV",
      "stroke": "Breast",
      "age": "15-18",
      "gender": "Boys",
      "date": "2012-06-16",
      "time": "36.40",
      "place": "7",
      "team": "Otters",
      "yards": 0,
      "meet": "082",
      "opponent": "Almaden"
    },
    {
      "name": "AnthonyV",
      "stroke": "Freestyle",
      "age": "15-18",
      "gender": "Boys",
      "date": "2012-06-16",
      "time": "25.22",
      "place": "7",
      "team": "Otters",
      "yards": 0,
      "meet": "082",
      "opponent": "Almaden"
    },
    {
      "name": "AnthonyV",
      "stroke": "Butterfly",
      "age": "15-18",
      "gender": "Boys",
      "date": "2012-06-23",
      "time": "29.67",
      "place": "7",
      "team": "Otters",
      "yards": 0,
      "meet": "083",
      "opponent": "Creekside"
    },
    {
      "name": "AnthonyV",
      "stroke": "Breast",
      "age": "15-18",
      "gender": "Boys",
      "date": "2012-06-23",
      "time": "36.13",
      "place": "4",
      "team": "Otters",
      "yards": 0,
      "meet": "083",
      "opponent": "Creekside"
    },
    {
      "name": "AnthonyV",
      "stroke": "Freestyle",
      "age": "15-18",
      "gender": "Boys",
      "date": "2012-06-23",
      "time": "26.54",
      "place": "8",
      "team": "Otters",
      "yards": 0,
      "meet": "083",
      "opponent": "Creekside"
    },
    {
      "name": "AnthonyV",
      "stroke": "Butterfly",
      "age": "15-18",
      "gender": "Boys",
      "date": "2012-07-14",
      "time": "27.03",
      "place": "11",
      "team": "Otters",
      "yards": 0,
      "meet": "085",
      "opponent": "Champs"
    },
    {
      "name": "AnthonyV",
      "stroke": "Breast",
      "age": "15-18",
      "gender": "Boys",
      "date": "2012-07-14",
      "time": "33.25",
      "place": "11",
      "team": "Otters",
      "yards": 0,
      "meet": "085",
      "opponent": "Champs"
    },
    {
      "name": "AnthonyV",
      "stroke": "Freestyle",
      "age": "15-18",
      "gender": "Boys",
      "date": "2012-07-14",
      "time": "24.39",
      "place": "14",
      "team": "Otters",
      "yards": 0,
      "meet": "085",
      "opponent": "Champs"
    }
  ]
}