{
  "scores": [
    {
      "name": "AshleyR",
      "stroke": "Butterfly",
      "age": "9-10",
      "gender": "Girls",
      "date": "2006-05-20",
      "time": "DQ",
      "place": "--",
      "team": "Otters",
      "yards": 0,
      "meet": "037",
      "opponent": "Trials"
    },
    {
      "name": "AshleyR",
      "stroke": "Back",
      "age": "9-10",
      "gender": "Girls",
      "date": "2006-05-20",
      "time": "26.68",
      "place": "10",
      "team": "Otters",
      "yards": 0,
      "meet": "037",
      "opponent": "Trials"
    },
    {
      "name": "AshleyR",
      "stroke": "Breast",
      "age": "9-10",
      "gender": "Girls",
      "date": "2006-05-20",
      "time": "DQ",
      "place": "--",
      "team": "Otters",
      "yards": 0,
      "meet": "037",
      "opponent": "Trials"
    },
    {
      "name": "AshleyR",
      "stroke": "Freestyle",
      "age": "9-10",
      "gender": "Girls",
      "date": "2006-05-20",
      "time": "24.00",
      "place": "16",
      "team": "Otters",
      "yards": 0,
      "meet": "037",
      "opponent": "Trials"
    },
    {
      "name": "AshleyR",
      "stroke": "Butterfly",
      "age": "9-10",
      "gender": "Girls",
      "date": "2006-06-003",
      "time": "24.47",
      "place": "18",
      "team": "Otters",
      "yards": 0,
      "meet": "038",
      "opponent": "Crossgates"
    },
    {
      "name": "AshleyR",
      "stroke": "Back",
      "age": "9-10",
      "gender": "Girls",
      "date": "2006-06-003",
      "time": "25.07",
      "place": "12",
      "team": "Otters",
      "yards": 0,
      "meet": "038",
      "opponent": "Crossgates"
    },
    {
      "name": "AshleyR",
      "stroke": "Freestyle",
      "age": "9-10",
      "gender": "Girls",
      "date": "2006-06-003",
      "time": "21.54",
      "place": "25",
      "team": "Otters",
      "yards": 0,
      "meet": "038",
      "opponent": "Crossgates"
    },
    {
      "name": "AshleyR",
      "stroke": "Butterfly",
      "age": "9-10",
      "gender": "Girls",
      "date": "2006-06-10",
      "time": "28.37",
      "place": "11",
      "team": "Otters",
      "yards": 0,
      "meet": "039",
      "opponent": "Almaden"
    },
    {
      "name": "AshleyR",
      "stroke": "Back",
      "age": "9-10",
      "gender": "Girls",
      "date": "2006-06-10",
      "time": "27.93",
      "place": "20",
      "team": "Otters",
      "yards": 0,
      "meet": "039",
      "opponent": "Almaden"
    },
    {
      "name": "AshleyR",
      "stroke": "Freestyle",
      "age": "9-10",
      "gender": "Girls",
      "date": "2006-06-10",
      "time": "21.00",
      "place": "19",
      "team": "Otters",
      "yards": 0,
      "meet": "039",
      "opponent": "Almaden"
    },
    {
      "name": "AshleyR",
      "stroke": "Butterfly",
      "age": "9-10",
      "gender": "Girls",
      "date": "2006-06-17",
      "time": "38.02",
      "place": "19",
      "team": "Otters",
      "yards": 0,
      "meet": "040",
      "opponent": "Creekside"
    },
    {
      "name": "AshleyR",
      "stroke": "Back",
      "age": "9-10",
      "gender": "Girls",
      "date": "2006-06-17",
      "time": "27.23",
      "place": "28",
      "team": "Otters",
      "yards": 0,
      "meet": "040",
      "opponent": "Creekside"
    },
    {
      "name": "AshleyR",
      "stroke": "Freestyle",
      "age": "9-10",
      "gender": "Girls",
      "date": "2006-06-17",
      "time": "21.20",
      "place": "31",
      "team": "Otters",
      "yards": 0,
      "meet": "040",
      "opponent": "Creekside"
    },
    {
      "name": "AshleyR",
      "stroke": "Butterfly",
      "age": "9-10",
      "gender": "Girls",
      "date": "2006-06-24",
      "time": "25.37",
      "place": "13",
      "team": "Otters",
      "yards": 0,
      "meet": "041",
      "opponent": "Shadowbrook"
    },
    {
      "name": "AshleyR",
      "stroke": "Back",
      "age": "9-10",
      "gender": "Girls",
      "date": "2006-06-24",
      "time": "28.47",
      "place": "16",
      "team": "Otters",
      "yards": 0,
      "meet": "041",
      "opponent": "Shadowbrook"
    },
    {
      "name": "AshleyR",
      "stroke": "Freestyle",
      "age": "9-10",
      "gender": "Girls",
      "date": "2006-06-24",
      "time": "21.58",
      "place": "25",
      "team": "Otters",
      "yards": 0,
      "meet": "041",
      "opponent": "Shadowbrook"
    },
    {
      "name": "AshleyR",
      "stroke": "Butterfly",
      "age": "9-10",
      "gender": "Girls",
      "date": "2006-07-008",
      "time": "25.86",
      "place": "11",
      "team": "Otters",
      "yards": 0,
      "meet": "042",
      "opponent": "Pinehurst"
    },
    {
      "name": "AshleyR",
      "stroke": "Back",
      "age": "9-10",
      "gender": "Girls",
      "date": "2006-07-008",
      "time": "29.90",
      "place": "14",
      "team": "Otters",
      "yards": 0,
      "meet": "042",
      "opponent": "Pinehurst"
    },
    {
      "name": "AshleyR",
      "stroke": "Freestyle",
      "age": "9-10",
      "gender": "Girls",
      "date": "2006-07-008",
      "time": "19.94",
      "place": "15",
      "team": "Otters",
      "yards": 0,
      "meet": "042",
      "opponent": "Pinehurst"
    },
    {
      "name": "AshleyR",
      "stroke": "Butterfly",
      "age": "9-10",
      "gender": "Girls",
      "date": "2006-07-15",
      "time": "22.70",
      "place": "36",
      "team": "Otters",
      "yards": 0,
      "meet": "043",
      "opponent": "Champs"
    },
    {
      "name": "AshleyR",
      "stroke": "Back",
      "age": "9-10",
      "gender": "Girls",
      "date": "2006-07-15",
      "time": "25.64",
      "place": "59",
      "team": "Otters",
      "yards": 0,
      "meet": "043",
      "opponent": "Champs"
    },
    {
      "name": "AshleyR",
      "stroke": "Freestyle",
      "age": "9-10",
      "gender": "Girls",
      "date": "2006-07-15",
      "time": "18.11",
      "place": "42",
      "team": "Otters",
      "yards": 0,
      "meet": "043",
      "opponent": "Champs"
    }
  ]
}