{
  "scores": [
    {
      "name": "AvrilA",
      "stroke": "Back",
      "age": "7-8",
      "gender": "Girls",
      "date": "2014-06-007",
      "time": "31.39",
      "place": "12",
      "team": "Otters",
      "yards": 0,
      "meet": "095",
      "opponent": "Shadowbrook"
    },
    {
      "name": "AvrilA",
      "stroke": "Breast",
      "age": "8 & Under",
      "gender": "Girls",
      "date": "2014-06-007",
      "time": "34.59",
      "place": "4",
      "team": "Otters",
      "yards": 0,
      "meet": "095",
      "opponent": "Shadowbrook"
    },
    {
      "name": "AvrilA",
      "stroke": "Freestyle",
      "age": "7-8",
      "gender": "Girls",
      "date": "2014-06-007",
      "time": "27.96",
      "place": "15",
      "team": "Otters",
      "yards": 0,
      "meet": "095",
      "opponent": "Shadowbrook"
    },
    {
      "name": "AvrilA",
      "stroke": "Back",
      "age": "7-8",
      "gender": "Girls",
      "date": "2014-06-21",
      "time": "32.40",
      "place": "21",
      "team": "Otters",
      "yards": 0,
      "meet": "097",
      "opponent": "Crossgates"
    },
    {
      "name": "AvrilA",
      "stroke": "Breast",
      "age": "8 & Under",
      "gender": "Girls",
      "date": "2014-06-21",
      "time": "32.40",
      "place": "10",
      "team": "Otters",
      "yards": 0,
      "meet": "097",
      "opponent": "Crossgates"
    },
    {
      "name": "AvrilA",
      "stroke": "Freestyle",
      "age": "7-8",
      "gender": "Girls",
      "date": "2014-06-21",
      "time": "27.41",
      "place": "28",
      "team": "Otters",
      "yards": 0,
      "meet": "097",
      "opponent": "Crossgates"
    },
    {
      "name": "AvrilA",
      "stroke": "Butterfly",
      "age": "8 & Under",
      "gender": "Girls",
      "date": "2014-06-28",
      "time": "DQ",
      "place": "--",
      "team": "Otters",
      "yards": 0,
      "meet": "098",
      "opponent": "Almaden"
    },
    {
      "name": "AvrilA",
      "stroke": "Back",
      "age": "7-8",
      "gender": "Girls",
      "date": "2014-06-28",
      "time": "30.23",
      "place": "19",
      "team": "Otters",
      "yards": 0,
      "meet": "098",
      "opponent": "Almaden"
    },
    {
      "name": "AvrilA",
      "stroke": "Breast",
      "age": "8 & Under",
      "gender": "Girls",
      "date": "2014-06-28",
      "time": "DQ",
      "place": "--",
      "team": "Otters",
      "yards": 0,
      "meet": "098",
      "opponent": "Almaden"
    },
    {
      "name": "AvrilA",
      "stroke": "Butterfly",
      "age": "9-10",
      "gender": "Girls",
      "date": "2015-05-31",
      "time": "24.07",
      "place": "16",
      "team": "Otters",
      "yards": 0,
      "meet": "100",
      "opponent": "Trials"
    },
    {
      "name": "AvrilA",
      "stroke": "Back",
      "age": "9-10",
      "gender": "Girls",
      "date": "2015-05-31",
      "time": "30.16",
      "place": "23",
      "team": "Otters",
      "yards": 0,
      "meet": "100",
      "opponent": "Trials"
    },
    {
      "name": "AvrilA",
      "stroke": "Breast",
      "age": "9-10",
      "gender": "Girls",
      "date": "2015-05-31",
      "time": "27.17",
      "place": "15",
      "team": "Otters",
      "yards": 0,
      "meet": "100",
      "opponent": "Trials"
    },
    {
      "name": "AvrilA",
      "stroke": "Freestyle",
      "age": "9-10",
      "gender": "Girls",
      "date": "2015-05-31",
      "time": "20.83",
      "place": "19",
      "team": "Otters",
      "yards": 0,
      "meet": "100",
      "opponent": "Trials"
    },
    {
      "name": "AvrilA",
      "stroke": "Butterfly",
      "age": "9-10",
      "gender": "Girls",
      "date": "2015-05-30",
      "time": "23.56",
      "place": "17",
      "team": "Otters",
      "yards": 0,
      "meet": "101",
      "opponent": "Almaden"
    },
    {
      "name": "AvrilA",
      "stroke": "Breast",
      "age": "9-10",
      "gender": "Girls",
      "date": "2015-05-30",
      "time": "30.53",
      "place": "31",
      "team": "Otters",
      "yards": 0,
      "meet": "101",
      "opponent": "Almaden"
    },
    {
      "name": "AvrilA",
      "stroke": "Freestyle",
      "age": "9-10",
      "gender": "Girls",
      "date": "2015-05-30",
      "time": "19.56",
      "place": "27",
      "team": "Otters",
      "yards": 0,
      "meet": "101",
      "opponent": "Almaden"
    },
    {
      "name": "AvrilA",
      "stroke": "Back",
      "age": "9-10",
      "gender": "Girls",
      "date": "2015-06-006",
      "time": "25.20",
      "place": "18",
      "team": "Otters",
      "yards": 0,
      "meet": "102",
      "opponent": "Creekside"
    },
    {
      "name": "AvrilA",
      "stroke": "Breast",
      "age": "9-10",
      "gender": "Girls",
      "date": "2015-06-006",
      "time": "27.14",
      "place": "19",
      "team": "Otters",
      "yards": 0,
      "meet": "102",
      "opponent": "Creekside"
    },
    {
      "name": "AvrilA",
      "stroke": "Freestyle",
      "age": "9-10",
      "gender": "Girls",
      "date": "2015-06-006",
      "time": "21.63",
      "place": "20",
      "team": "Otters",
      "yards": 0,
      "meet": "102",
      "opponent": "Creekside"
    },
    {
      "name": "AvrilA",
      "stroke": "Back",
      "age": "9-10",
      "gender": "Girls",
      "date": "2015-06-13",
      "time": "23.85",
      "place": "14",
      "team": "Otters",
      "yards": 0,
      "meet": "103",
      "opponent": "Shadowbrook"
    },
    {
      "name": "AvrilA",
      "stroke": "Breast",
      "age": "9-10",
      "gender": "Girls",
      "date": "2015-06-13",
      "time": "28.93",
      "place": "23",
      "team": "Otters",
      "yards": 0,
      "meet": "103",
      "opponent": "Shadowbrook"
    },
    {
      "name": "AvrilA",
      "stroke": "Freestyle",
      "age": "9-10",
      "gender": "Girls",
      "date": "2015-06-13",
      "time": "20.14",
      "place": "28",
      "team": "Otters",
      "yards": 0,
      "meet": "103",
      "opponent": "Shadowbrook"
    },
    {
      "name": "AvrilA",
      "stroke": "Back",
      "age": "9-10",
      "gender": "Girls",
      "date": "2015-06-20",
      "time": "23.99",
      "place": "14",
      "team": "Otters",
      "yards": 0,
      "meet": "104",
      "opponent": "Pinehurst"
    },
    {
      "name": "AvrilA",
      "stroke": "Breast",
      "age": "9-10",
      "gender": "Girls",
      "date": "2015-06-20",
      "time": "27.40",
      "place": "19",
      "team": "Otters",
      "yards": 0,
      "meet": "104",
      "opponent": "Pinehurst"
    },
    {
      "name": "AvrilA",
      "stroke": "Freestyle",
      "age": "9-10",
      "gender": "Girls",
      "date": "2015-06-20",
      "time": "20.63",
      "place": "28",
      "team": "Otters",
      "yards": 0,
      "meet": "104",
      "opponent": "Pinehurst"
    },
    {
      "name": "AvrilA",
      "stroke": "Butterfly",
      "age": "9-10",
      "gender": "Girls",
      "date": "2015-06-27",
      "time": "21.60",
      "place": "9",
      "team": "Otters",
      "yards": 0,
      "meet": "105",
      "opponent": "Crossgates"
    },
    {
      "name": "AvrilA",
      "stroke": "Back",
      "age": "9-10",
      "gender": "Girls",
      "date": "2015-06-27",
      "time": "26.02",
      "place": "21",
      "team": "Otters",
      "yards": 0,
      "meet": "105",
      "opponent": "Crossgates"
    },
    {
      "name": "AvrilA",
      "stroke": "Freestyle",
      "age": "9-10",
      "gender": "Girls",
      "date": "2015-06-27",
      "time": "18.50",
      "place": "20",
      "team": "Otters",
      "yards": 0,
      "meet": "105",
      "opponent": "Crossgates"
    },
    {
      "name": "AvrilA",
      "stroke": "Back",
      "age": "9-10",
      "gender": "Girls",
      "date": "2015-07-11",
      "time": "25.79",
      "place": "59",
      "team": "Otters",
      "yards": 0,
      "meet": "106",
      "opponent": "Champs"
    },
    {
      "name": "AvrilA",
      "stroke": "Breast",
      "age": "9-10",
      "gender": "Girls",
      "date": "2015-07-11",
      "time": "27.41",
      "place": "49",
      "team": "Otters",
      "yards": 0,
      "meet": "106",
      "opponent": "Champs"
    },
    {
      "name": "AvrilA",
      "stroke": "Freestyle",
      "age": "9-10",
      "gender": "Girls",
      "date": "2015-07-11",
      "time": "19.17",
      "place": "53",
      "team": "Otters",
      "yards": 0,
      "meet": "106",
      "opponent": "Champs"
    }
  ]
}