{
  "scores": [
    {
      "name": "BenE",
      "stroke": "Butterfly",
      "age": "11-12",
      "gender": "Boys",
      "date": "2012-05-19",
      "time": "1:18.47",
      "place": "14",
      "team": "Otters",
      "yards": 0,
      "meet": "079",
      "opponent": "Trials"
    },
    {
      "name": "BenE",
      "stroke": "Back",
      "age": "11-12",
      "gender": "Boys",
      "date": "2012-05-19",
      "time": "1:23.97",
      "place": "15",
      "team": "Otters",
      "yards": 0,
      "meet": "079",
      "opponent": "Trials"
    },
    {
      "name": "BenE",
      "stroke": "Breast",
      "age": "11-12",
      "gender": "Boys",
      "date": "2012-05-19",
      "time": "1:22.47",
      "place": "15",
      "team": "Otters",
      "yards": 0,
      "meet": "079",
      "opponent": "Trials"
    },
    {
      "name": "BenE",
      "stroke": "Freestyle",
      "age": "11-12",
      "gender": "Boys",
      "date": "2012-05-19",
      "time": "57.47",
      "place": "15",
      "team": "Otters",
      "yards": 0,
      "meet": "079",
      "opponent": "Trials"
    },
    {
      "name": "BenE",
      "stroke": "Back",
      "age": "11-12",
      "gender": "Boys",
      "date": "2012-06-30",
      "time": "1:09.49",
      "place": "15",
      "team": "Otters",
      "yards": 0,
      "meet": "084",
      "opponent": "Shadowbrook"
    },
    {
      "name": "BenE",
      "stroke": "Breast",
      "age": "11-12",
      "gender": "Boys",
      "date": "2012-06-30",
      "time": "1:11.54",
      "place": "10",
      "team": "Otters",
      "yards": 0,
      "meet": "084",
      "opponent": "Shadowbrook"
    },
    {
      "name": "BenE",
      "stroke": "Freestyle",
      "age": "11-12",
      "gender": "Boys",
      "date": "2012-06-30",
      "time": "51.98",
      "place": "20",
      "team": "Otters",
      "yards": 0,
      "meet": "084",
      "opponent": "Shadowbrook"
    }
  ]
}