{
  "scores": [
    {
      "name": "BenjaminP",
      "stroke": "Butterfly",
      "age": "8 & Under",
      "gender": "Boys",
      "date": "2013-05-18",
      "time": "34.40",
      "place": "14",
      "team": "Otters",
      "yards": 0,
      "meet": "086",
      "opponent": "Trials"
    },
    {
      "name": "BenjaminP",
      "stroke": "Back",
      "age": "7-8",
      "gender": "Boys",
      "date": "2013-05-18",
      "time": "35.66",
      "place": "14",
      "team": "Otters",
      "yards": 0,
      "meet": "086",
      "opponent": "Trials"
    },
    {
      "name": "BenjaminP",
      "stroke": "Breast",
      "age": "8 & Under",
      "gender": "Boys",
      "date": "2013-05-18",
      "time": "49.87",
      "place": "24",
      "team": "Otters",
      "yards": 0,
      "meet": "086",
      "opponent": "Trials"
    },
    {
      "name": "BenjaminP",
      "stroke": "Freestyle",
      "age": "7-8",
      "gender": "Boys",
      "date": "2013-05-18",
      "time": "30.15",
      "place": "16",
      "team": "Otters",
      "yards": 0,
      "meet": "086",
      "opponent": "Trials"
    },
    {
      "name": "BenjaminP",
      "stroke": "Back",
      "age": "7-8",
      "gender": "Boys",
      "date": "2013-06-001",
      "time": "34.55",
      "place": "22",
      "team": "Otters",
      "yards": 0,
      "meet": "087",
      "opponent": "Shadowbrook"
    },
    {
      "name": "BenjaminP",
      "stroke": "Breast",
      "age": "8 & Under",
      "gender": "Boys",
      "date": "2013-06-001",
      "time": "DQ",
      "place": "--",
      "team": "Otters",
      "yards": 0,
      "meet": "087",
      "opponent": "Shadowbrook"
    },
    {
      "name": "BenjaminP",
      "stroke": "Freestyle",
      "age": "7-8",
      "gender": "Boys",
      "date": "2013-06-001",
      "time": "27.49",
      "place": "21",
      "team": "Otters",
      "yards": 0,
      "meet": "087",
      "opponent": "Shadowbrook"
    },
    {
      "name": "BenjaminP",
      "stroke": "Butterfly",
      "age": "8 & Under",
      "gender": "Boys",
      "date": "2013-06-008",
      "time": "32.80",
      "place": "7",
      "team": "Otters",
      "yards": 0,
      "meet": "088",
      "opponent": "Pinehurst"
    },
    {
      "name": "BenjaminP",
      "stroke": "Back",
      "age": "7-8",
      "gender": "Boys",
      "date": "2013-06-008",
      "time": "38.03",
      "place": "21",
      "team": "Otters",
      "yards": 0,
      "meet": "088",
      "opponent": "Pinehurst"
    },
    {
      "name": "BenjaminP",
      "stroke": "Freestyle",
      "age": "7-8",
      "gender": "Boys",
      "date": "2013-06-008",
      "time": "28.99",
      "place": "19",
      "team": "Otters",
      "yards": 0,
      "meet": "088",
      "opponent": "Pinehurst"
    },
    {
      "name": "BenjaminP",
      "stroke": "Butterfly",
      "age": "8 & Under",
      "gender": "Boys",
      "date": "2013-06-15",
      "time": "DQ",
      "place": "--",
      "team": "Otters",
      "yards": 0,
      "meet": "089",
      "opponent": "Crossgates"
    },
    {
      "name": "BenjaminP",
      "stroke": "Back",
      "age": "7-8",
      "gender": "Boys",
      "date": "2013-06-15",
      "time": "37.62",
      "place": "19",
      "team": "Otters",
      "yards": 0,
      "meet": "089",
      "opponent": "Crossgates"
    },
    {
      "name": "BenjaminP",
      "stroke": "Freestyle",
      "age": "7-8",
      "gender": "Boys",
      "date": "2013-06-15",
      "time": "25.97",
      "place": "17",
      "team": "Otters",
      "yards": 0,
      "meet": "089",
      "opponent": "Crossgates"
    },
    {
      "name": "BenjaminP",
      "stroke": "Butterfly",
      "age": "8 & Under",
      "gender": "Boys",
      "date": "2013-06-22",
      "time": "DQ",
      "place": "--",
      "team": "Otters",
      "yards": 0,
      "meet": "090",
      "opponent": "Almaden"
    },
    {
      "name": "BenjaminP",
      "stroke": "Back",
      "age": "7-8",
      "gender": "Boys",
      "date": "2013-06-22",
      "time": "30.88",
      "place": "15",
      "team": "Otters",
      "yards": 0,
      "meet": "090",
      "opponent": "Almaden"
    },
    {
      "name": "BenjaminP",
      "stroke": "Freestyle",
      "age": "7-8",
      "gender": "Boys",
      "date": "2013-06-22",
      "time": "23.63",
      "place": "16",
      "team": "Otters",
      "yards": 0,
      "meet": "090",
      "opponent": "Almaden"
    },
    {
      "name": "BenjaminP",
      "stroke": "Butterfly",
      "age": "8 & Under",
      "gender": "Boys",
      "date": "2013-06-29",
      "time": "DQ",
      "place": "--",
      "team": "Otters",
      "yards": 0,
      "meet": "091",
      "opponent": "Creekside"
    },
    {
      "name": "BenjaminP",
      "stroke": "Back",
      "age": "7-8",
      "gender": "Boys",
      "date": "2013-06-29",
      "time": "32.74",
      "place": "13",
      "team": "Otters",
      "yards": 0,
      "meet": "091",
      "opponent": "Creekside"
    },
    {
      "name": "BenjaminP",
      "stroke": "Freestyle",
      "age": "7-8",
      "gender": "Boys",
      "date": "2013-06-29",
      "time": "24.05",
      "place": "12",
      "team": "Otters",
      "yards": 0,
      "meet": "091",
      "opponent": "Creekside"
    },
    {
      "name": "BenjaminP",
      "stroke": "Butterfly",
      "age": "8 & Under",
      "gender": "Boys",
      "date": "2013-07-13",
      "time": "DQ",
      "place": "--",
      "team": "Otters",
      "yards": 0,
      "meet": "092",
      "opponent": "Almaden"
    },
    {
      "name": "BenjaminP",
      "stroke": "Back",
      "age": "7-8",
      "gender": "Boys",
      "date": "2013-07-13",
      "time": "29.45",
      "place": "43",
      "team": "Otters",
      "yards": 0,
      "meet": "092",
      "opponent": "Almaden"
    },
    {
      "name": "BenjaminP",
      "stroke": "Freestyle",
      "age": "7-8",
      "gender": "Boys",
      "date": "2013-07-13",
      "time": "23.10",
      "place": "44",
      "team": "Otters",
      "yards": 0,
      "meet": "092",
      "opponent": "Almaden"
    },
    {
      "name": "BenjaminP",
      "stroke": "Butterfly",
      "age": "9-10",
      "gender": "Boys",
      "date": "2014-05-17",
      "time": "24.07",
      "place": "9",
      "team": "Otters",
      "yards": 0,
      "meet": "093",
      "opponent": "Trials"
    },
    {
      "name": "BenjaminP",
      "stroke": "Back",
      "age": "9-10",
      "gender": "Boys",
      "date": "2014-05-17",
      "time": "23.24",
      "place": "8",
      "team": "Otters",
      "yards": 0,
      "meet": "093",
      "opponent": "Trials"
    },
    {
      "name": "BenjaminP",
      "stroke": "Breast",
      "age": "9-10",
      "gender": "Boys",
      "date": "2014-05-17",
      "time": "29.80",
      "place": "10",
      "team": "Otters",
      "yards": 0,
      "meet": "093",
      "opponent": "Trials"
    },
    {
      "name": "BenjaminP",
      "stroke": "Freestyle",
      "age": "9-10",
      "gender": "Boys",
      "date": "2014-05-17",
      "time": "18.52",
      "place": "8",
      "team": "Otters",
      "yards": 0,
      "meet": "093",
      "opponent": "Trials"
    },
    {
      "name": "BenjaminP",
      "stroke": "Butterfly",
      "age": "9-10",
      "gender": "Boys",
      "date": "2014-06-007",
      "time": "25.15",
      "place": "15",
      "team": "Otters",
      "yards": 0,
      "meet": "095",
      "opponent": "Shadowbrook"
    },
    {
      "name": "BenjaminP",
      "stroke": "Back",
      "age": "9-10",
      "gender": "Boys",
      "date": "2014-06-007",
      "time": "DQ",
      "place": "--",
      "team": "Otters",
      "yards": 0,
      "meet": "095",
      "opponent": "Shadowbrook"
    },
    {
      "name": "BenjaminP",
      "stroke": "Freestyle",
      "age": "9-10",
      "gender": "Boys",
      "date": "2014-06-007",
      "time": "17.94",
      "place": "15",
      "team": "Otters",
      "yards": 0,
      "meet": "095",
      "opponent": "Shadowbrook"
    },
    {
      "name": "BenjaminP",
      "stroke": "Butterfly",
      "age": "9-10",
      "gender": "Boys",
      "date": "2014-06-14",
      "time": "23.03",
      "place": "9",
      "team": "Otters",
      "yards": 0,
      "meet": "096",
      "opponent": "Pinehurst"
    },
    {
      "name": "BenjaminP",
      "stroke": "Back",
      "age": "9-10",
      "gender": "Boys",
      "date": "2014-06-14",
      "time": "24.60",
      "place": "14",
      "team": "Otters",
      "yards": 0,
      "meet": "096",
      "opponent": "Pinehurst"
    },
    {
      "name": "BenjaminP",
      "stroke": "Freestyle",
      "age": "9-10",
      "gender": "Boys",
      "date": "2014-06-14",
      "time": "17.84",
      "place": "13",
      "team": "Otters",
      "yards": 0,
      "meet": "096",
      "opponent": "Pinehurst"
    },
    {
      "name": "BenjaminP",
      "stroke": "Butterfly",
      "age": "9-10",
      "gender": "Boys",
      "date": "2014-06-21",
      "time": "21.25",
      "place": "12",
      "team": "Otters",
      "yards": 0,
      "meet": "097",
      "opponent": "Crossgates"
    },
    {
      "name": "BenjaminP",
      "stroke": "Back",
      "age": "9-10",
      "gender": "Boys",
      "date": "2014-06-21",
      "time": "25.06",
      "place": "18",
      "team": "Otters",
      "yards": 0,
      "meet": "097",
      "opponent": "Crossgates"
    },
    {
      "name": "BenjaminP",
      "stroke": "Freestyle",
      "age": "9-10",
      "gender": "Boys",
      "date": "2014-06-21",
      "time": "17.38",
      "place": "17",
      "team": "Otters",
      "yards": 0,
      "meet": "097",
      "opponent": "Crossgates"
    },
    {
      "name": "BenjaminP",
      "stroke": "Butterfly",
      "age": "9-10",
      "gender": "Boys",
      "date": "2014-06-28",
      "time": "20.64",
      "place": "11",
      "team": "Otters",
      "yards": 0,
      "meet": "098",
      "opponent": "Almaden"
    },
    {
      "name": "BenjaminP",
      "stroke": "Back",
      "age": "9-10",
      "gender": "Boys",
      "date": "2014-06-28",
      "time": "23.44",
      "place": "10",
      "team": "Otters",
      "yards": 0,
      "meet": "098",
      "opponent": "Almaden"
    },
    {
      "name": "BenjaminP",
      "stroke": "Freestyle",
      "age": "9-10",
      "gender": "Boys",
      "date": "2014-06-28",
      "time": "17.75",
      "place": "16",
      "team": "Otters",
      "yards": 0,
      "meet": "098",
      "opponent": "Almaden"
    },
    {
      "name": "BenjaminP",
      "stroke": "Butterfly",
      "age": "9-10",
      "gender": "Boys",
      "date": "2014-07-12",
      "time": "20.66",
      "place": "23",
      "team": "Otters",
      "yards": 0,
      "meet": "099",
      "opponent": "Champs"
    },
    {
      "name": "BenjaminP",
      "stroke": "Back",
      "age": "9-10",
      "gender": "Boys",
      "date": "2014-07-12",
      "time": "24.77",
      "place": "36",
      "team": "Otters",
      "yards": 0,
      "meet": "099",
      "opponent": "Champs"
    },
    {
      "name": "BenjaminP",
      "stroke": "Freestyle",
      "age": "9-10",
      "gender": "Boys",
      "date": "2014-07-12",
      "time": "17.31",
      "place": "23",
      "team": "Otters",
      "yards": 0,
      "meet": "099",
      "opponent": "Champs"
    },
    {
      "name": "BenjaminP",
      "stroke": "Butterfly",
      "age": "9-10",
      "gender": "Boys",
      "date": "2015-05-31",
      "time": "20.49",
      "place": "7",
      "team": "Otters",
      "yards": 0,
      "meet": "100",
      "opponent": "Trials"
    },
    {
      "name": "BenjaminP",
      "stroke": "Back",
      "age": "9-10",
      "gender": "Boys",
      "date": "2015-05-31",
      "time": "22.09",
      "place": "6",
      "team": "Otters",
      "yards": 0,
      "meet": "100",
      "opponent": "Trials"
    },
    {
      "name": "BenjaminP",
      "stroke": "Breast",
      "age": "9-10",
      "gender": "Boys",
      "date": "2015-05-31",
      "time": "24.65",
      "place": "6",
      "team": "Otters",
      "yards": 0,
      "meet": "100",
      "opponent": "Trials"
    },
    {
      "name": "BenjaminP",
      "stroke": "Freestyle",
      "age": "9-10",
      "gender": "Boys",
      "date": "2015-05-31",
      "time": "16.59",
      "place": "6",
      "team": "Otters",
      "yards": 0,
      "meet": "100",
      "opponent": "Trials"
    },
    {
      "name": "BenjaminP",
      "stroke": "Butterfly",
      "age": "9-10",
      "gender": "Boys",
      "date": "2015-05-30",
      "time": "21.16",
      "place": "12",
      "team": "Otters",
      "yards": 0,
      "meet": "101",
      "opponent": "Almaden"
    },
    {
      "name": "BenjaminP",
      "stroke": "Back",
      "age": "9-10",
      "gender": "Boys",
      "date": "2015-05-30",
      "time": "22.25",
      "place": "8",
      "team": "Otters",
      "yards": 0,
      "meet": "101",
      "opponent": "Almaden"
    },
    {
      "name": "BenjaminP",
      "stroke": "Freestyle",
      "age": "9-10",
      "gender": "Boys",
      "date": "2015-05-30",
      "time": "16.07",
      "place": "8",
      "team": "Otters",
      "yards": 0,
      "meet": "101",
      "opponent": "Almaden"
    },
    {
      "name": "BenjaminP",
      "stroke": "Butterfly",
      "age": "9-10",
      "gender": "Boys",
      "date": "2015-06-006",
      "time": "22.91",
      "place": "7",
      "team": "Otters",
      "yards": 0,
      "meet": "102",
      "opponent": "Creekside"
    },
    {
      "name": "BenjaminP",
      "stroke": "Back",
      "age": "9-10",
      "gender": "Boys",
      "date": "2015-06-006",
      "time": "21.47",
      "place": "4",
      "team": "Otters",
      "yards": 0,
      "meet": "102",
      "opponent": "Creekside"
    },
    {
      "name": "BenjaminP",
      "stroke": "Freestyle",
      "age": "9-10",
      "gender": "Boys",
      "date": "2015-06-006",
      "time": "17.14",
      "place": "7",
      "team": "Otters",
      "yards": 0,
      "meet": "102",
      "opponent": "Creekside"
    },
    {
      "name": "BenjaminP",
      "stroke": "Butterfly",
      "age": "9-10",
      "gender": "Boys",
      "date": "2015-06-13",
      "time": "21.45",
      "place": "10",
      "team": "Otters",
      "yards": 0,
      "meet": "103",
      "opponent": "Shadowbrook"
    },
    {
      "name": "BenjaminP",
      "stroke": "Back",
      "age": "9-10",
      "gender": "Boys",
      "date": "2015-06-13",
      "time": "22.01",
      "place": "9",
      "team": "Otters",
      "yards": 0,
      "meet": "103",
      "opponent": "Shadowbrook"
    },
    {
      "name": "BenjaminP",
      "stroke": "Freestyle",
      "age": "9-10",
      "gender": "Boys",
      "date": "2015-06-13",
      "time": "16.24",
      "place": "7",
      "team": "Otters",
      "yards": 0,
      "meet": "103",
      "opponent": "Shadowbrook"
    },
    {
      "name": "BenjaminP",
      "stroke": "Butterfly",
      "age": "9-10",
      "gender": "Boys",
      "date": "2015-06-20",
      "time": "19.66",
      "place": "8",
      "team": "Otters",
      "yards": 0,
      "meet": "104",
      "opponent": "Pinehurst"
    },
    {
      "name": "BenjaminP",
      "stroke": "Back",
      "age": "9-10",
      "gender": "Boys",
      "date": "2015-06-20",
      "time": "21.41",
      "place": "4",
      "team": "Otters",
      "yards": 0,
      "meet": "104",
      "opponent": "Pinehurst"
    },
    {
      "name": "BenjaminP",
      "stroke": "Freestyle",
      "age": "9-10",
      "gender": "Boys",
      "date": "2015-06-20",
      "time": "15.67",
      "place": "5",
      "team": "Otters",
      "yards": 0,
      "meet": "104",
      "opponent": "Pinehurst"
    },
    {
      "name": "BenjaminP",
      "stroke": "Butterfly",
      "age": "9-10",
      "gender": "Boys",
      "date": "2015-06-27",
      "time": "20.75",
      "place": "9",
      "team": "Otters",
      "yards": 0,
      "meet": "105",
      "opponent": "Crossgates"
    },
    {
      "name": "BenjaminP",
      "stroke": "Back",
      "age": "9-10",
      "gender": "Boys",
      "date": "2015-06-27",
      "time": "21.24",
      "place": "7",
      "team": "Otters",
      "yards": 0,
      "meet": "105",
      "opponent": "Crossgates"
    },
    {
      "name": "BenjaminP",
      "stroke": "Freestyle",
      "age": "9-10",
      "gender": "Boys",
      "date": "2015-06-27",
      "time": "15.50",
      "place": "6",
      "team": "Otters",
      "yards": 0,
      "meet": "105",
      "opponent": "Crossgates"
    },
    {
      "name": "BenjaminP",
      "stroke": "Butterfly",
      "age": "9-10",
      "gender": "Boys",
      "date": "2015-07-11",
      "time": "18.23",
      "place": "12",
      "team": "Otters",
      "yards": 0,
      "meet": "106",
      "opponent": "Champs"
    },
    {
      "name": "BenjaminP",
      "stroke": "Back",
      "age": "9-10",
      "gender": "Boys",
      "date": "2015-07-11",
      "time": "21.39",
      "place": "17",
      "team": "Otters",
      "yards": 0,
      "meet": "106",
      "opponent": "Champs"
    },
    {
      "name": "BenjaminP",
      "stroke": "Freestyle",
      "age": "9-10",
      "gender": "Boys",
      "date": "2015-07-11",
      "time": "15.65",
      "place": "9",
      "team": "Otters",
      "yards": 0,
      "meet": "106",
      "opponent": "Champs"
    },
    {
      "name": "BenjaminP",
      "stroke": "Butterfly",
      "age": "11-12",
      "gender": "Boys",
      "date": "2016-05-20",
      "time": "41.16",
      "place": "6",
      "team": "Otters",
      "yards": 0,
      "meet": "107",
      "opponent": "Trials"
    },
    {
      "name": "BenjaminP",
      "stroke": "Back",
      "age": "11-12",
      "gender": "Boys",
      "date": "2016-05-20",
      "time": "44.70",
      "place": "11",
      "team": "Otters",
      "yards": 0,
      "meet": "107",
      "opponent": "Trials"
    },
    {
      "name": "BenjaminP",
      "stroke": "Breast",
      "age": "11-12",
      "gender": "Boys",
      "date": "2016-05-20",
      "time": "51.43",
      "place": "8",
      "team": "Otters",
      "yards": 0,
      "meet": "107",
      "opponent": "Trials"
    },
    {
      "name": "BenjaminP",
      "stroke": "Freestyle",
      "age": "11-12",
      "gender": "Boys",
      "date": "2016-05-20",
      "time": "35.26",
      "place": "10",
      "team": "Otters",
      "yards": 0,
      "meet": "107",
      "opponent": "Trials"
    }
  ]
}