{
  "scores": [
    {
      "name": "BenN",
      "stroke": "Back",
      "age": "11-12",
      "gender": "Boys",
      "date": "2014-06-007",
      "time": "38.75",
      "place": "6",
      "team": "Otters",
      "yards": 0,
      "meet": "095",
      "opponent": "Shadowbrook"
    },
    {
      "name": "BenN",
      "stroke": "Breast",
      "age": "11-12",
      "gender": "Boys",
      "date": "2014-06-007",
      "time": "42.45",
      "place": "9",
      "team": "Otters",
      "yards": 0,
      "meet": "095",
      "opponent": "Shadowbrook"
    },
    {
      "name": "BenN",
      "stroke": "Freestyle",
      "age": "11-12",
      "gender": "Boys",
      "date": "2014-06-007",
      "time": "33.05",
      "place": "10",
      "team": "Otters",
      "yards": 0,
      "meet": "095",
      "opponent": "Shadowbrook"
    },
    {
      "name": "BenN",
      "stroke": "Back",
      "age": "11-12",
      "gender": "Boys",
      "date": "2014-06-14",
      "time": "37.37",
      "place": "3",
      "team": "Otters",
      "yards": 0,
      "meet": "096",
      "opponent": "Pinehurst"
    },
    {
      "name": "BenN",
      "stroke": "Breast",
      "age": "11-12",
      "gender": "Boys",
      "date": "2014-06-14",
      "time": "42.25",
      "place": "8",
      "team": "Otters",
      "yards": 0,
      "meet": "096",
      "opponent": "Pinehurst"
    },
    {
      "name": "BenN",
      "stroke": "Freestyle",
      "age": "11-12",
      "gender": "Boys",
      "date": "2014-06-14",
      "time": "33.28",
      "place": "12",
      "team": "Otters",
      "yards": 0,
      "meet": "096",
      "opponent": "Pinehurst"
    },
    {
      "name": "BenN",
      "stroke": "Back",
      "age": "11-12",
      "gender": "Boys",
      "date": "2014-06-21",
      "time": "36.97",
      "place": "4",
      "team": "Otters",
      "yards": 0,
      "meet": "097",
      "opponent": "Crossgates"
    },
    {
      "name": "BenN",
      "stroke": "Breast",
      "age": "11-12",
      "gender": "Boys",
      "date": "2014-06-21",
      "time": "43.07",
      "place": "9",
      "team": "Otters",
      "yards": 0,
      "meet": "097",
      "opponent": "Crossgates"
    },
    {
      "name": "BenN",
      "stroke": "Freestyle",
      "age": "11-12",
      "gender": "Boys",
      "date": "2014-06-21",
      "time": "33.31",
      "place": "10",
      "team": "Otters",
      "yards": 0,
      "meet": "097",
      "opponent": "Crossgates"
    },
    {
      "name": "BenN",
      "stroke": "Back",
      "age": "11-12",
      "gender": "Boys",
      "date": "2014-06-28",
      "time": "37.26",
      "place": "3",
      "team": "Otters",
      "yards": 0,
      "meet": "098",
      "opponent": "Almaden"
    },
    {
      "name": "BenN",
      "stroke": "Breast",
      "age": "11-12",
      "gender": "Boys",
      "date": "2014-06-28",
      "time": "43.23",
      "place": "9",
      "team": "Otters",
      "yards": 0,
      "meet": "098",
      "opponent": "Almaden"
    },
    {
      "name": "BenN",
      "stroke": "Freestyle",
      "age": "11-12",
      "gender": "Boys",
      "date": "2014-06-28",
      "time": "33.59",
      "place": "11",
      "team": "Otters",
      "yards": 0,
      "meet": "098",
      "opponent": "Almaden"
    },
    {
      "name": "BenN",
      "stroke": "Back",
      "age": "11-12",
      "gender": "Boys",
      "date": "2014-07-12",
      "time": "36.76",
      "place": "8",
      "team": "Otters",
      "yards": 0,
      "meet": "099",
      "opponent": "Champs"
    },
    {
      "name": "BenN",
      "stroke": "Breast",
      "age": "11-12",
      "gender": "Boys",
      "date": "2014-07-12",
      "time": "42.25",
      "place": "20",
      "team": "Otters",
      "yards": 0,
      "meet": "099",
      "opponent": "Champs"
    },
    {
      "name": "BenN",
      "stroke": "Freestyle",
      "age": "11-12",
      "gender": "Boys",
      "date": "2014-07-12",
      "time": "32.40",
      "place": "23",
      "team": "Otters",
      "yards": 0,
      "meet": "099",
      "opponent": "Champs"
    },
    {
      "name": "BenN",
      "stroke": "Butterfly",
      "age": "13-14",
      "gender": "Boys",
      "date": "2015-05-31",
      "time": "37.36",
      "place": "8",
      "team": "Otters",
      "yards": 0,
      "meet": "100",
      "opponent": "Trials"
    },
    {
      "name": "BenN",
      "stroke": "Back",
      "age": "13-14",
      "gender": "Boys",
      "date": "2015-05-31",
      "time": "34.49",
      "place": "6",
      "team": "Otters",
      "yards": 0,
      "meet": "100",
      "opponent": "Trials"
    },
    {
      "name": "BenN",
      "stroke": "Breast",
      "age": "13-14",
      "gender": "Boys",
      "date": "2015-05-31",
      "time": "38.90",
      "place": "7",
      "team": "Otters",
      "yards": 0,
      "meet": "100",
      "opponent": "Trials"
    },
    {
      "name": "BenN",
      "stroke": "Freestyle",
      "age": "13-14",
      "gender": "Boys",
      "date": "2015-05-31",
      "time": "30.00",
      "place": "7",
      "team": "Otters",
      "yards": 0,
      "meet": "100",
      "opponent": "Trials"
    },
    {
      "name": "BenN",
      "stroke": "Back",
      "age": "13-14",
      "gender": "Boys",
      "date": "2015-05-30",
      "time": "35.06",
      "place": "6",
      "team": "Otters",
      "yards": 0,
      "meet": "101",
      "opponent": "Almaden"
    },
    {
      "name": "BenN",
      "stroke": "Breast",
      "age": "13-14",
      "gender": "Boys",
      "date": "2015-05-30",
      "time": "38.34",
      "place": "7",
      "team": "Otters",
      "yards": 0,
      "meet": "101",
      "opponent": "Almaden"
    },
    {
      "name": "BenN",
      "stroke": "Freestyle",
      "age": "13-14",
      "gender": "Boys",
      "date": "2015-05-30",
      "time": "29.72",
      "place": "12",
      "team": "Otters",
      "yards": 0,
      "meet": "101",
      "opponent": "Almaden"
    },
    {
      "name": "BenN",
      "stroke": "Back",
      "age": "13-14",
      "gender": "Boys",
      "date": "2015-06-006",
      "time": "34.19",
      "place": "5",
      "team": "Otters",
      "yards": 0,
      "meet": "102",
      "opponent": "Creekside"
    },
    {
      "name": "BenN",
      "stroke": "Breast",
      "age": "13-14",
      "gender": "Boys",
      "date": "2015-06-006",
      "time": "36.09",
      "place": "4",
      "team": "Otters",
      "yards": 0,
      "meet": "102",
      "opponent": "Creekside"
    },
    {
      "name": "BenN",
      "stroke": "Freestyle",
      "age": "13-14",
      "gender": "Boys",
      "date": "2015-06-006",
      "time": "28.48",
      "place": "9",
      "team": "Otters",
      "yards": 0,
      "meet": "102",
      "opponent": "Creekside"
    },
    {
      "name": "BenN",
      "stroke": "Back",
      "age": "13-14",
      "gender": "Boys",
      "date": "2015-06-13",
      "time": "34.22",
      "place": "6",
      "team": "Otters",
      "yards": 0,
      "meet": "103",
      "opponent": "Shadowbrook"
    },
    {
      "name": "BenN",
      "stroke": "Breast",
      "age": "13-14",
      "gender": "Boys",
      "date": "2015-06-13",
      "time": "37.44",
      "place": "6",
      "team": "Otters",
      "yards": 0,
      "meet": "103",
      "opponent": "Shadowbrook"
    },
    {
      "name": "BenN",
      "stroke": "Freestyle",
      "age": "13-14",
      "gender": "Boys",
      "date": "2015-06-13",
      "time": "29.50",
      "place": "10",
      "team": "Otters",
      "yards": 0,
      "meet": "103",
      "opponent": "Shadowbrook"
    },
    {
      "name": "BenN",
      "stroke": "Back",
      "age": "13-14",
      "gender": "Boys",
      "date": "2015-06-20",
      "time": "34.06",
      "place": "7",
      "team": "Otters",
      "yards": 0,
      "meet": "104",
      "opponent": "Pinehurst"
    },
    {
      "name": "BenN",
      "stroke": "Breast",
      "age": "13-14",
      "gender": "Boys",
      "date": "2015-06-20",
      "time": "36.46",
      "place": "3",
      "team": "Otters",
      "yards": 0,
      "meet": "104",
      "opponent": "Pinehurst"
    },
    {
      "name": "BenN",
      "stroke": "Freestyle",
      "age": "13-14",
      "gender": "Boys",
      "date": "2015-06-20",
      "time": "29.05",
      "place": "13",
      "team": "Otters",
      "yards": 0,
      "meet": "104",
      "opponent": "Pinehurst"
    },
    {
      "name": "BenN",
      "stroke": "Back",
      "age": "13-14",
      "gender": "Boys",
      "date": "2015-06-27",
      "time": "34.19",
      "place": "4",
      "team": "Otters",
      "yards": 0,
      "meet": "105",
      "opponent": "Crossgates"
    },
    {
      "name": "BenN",
      "stroke": "Breast",
      "age": "13-14",
      "gender": "Boys",
      "date": "2015-06-27",
      "time": "36.78",
      "place": "7",
      "team": "Otters",
      "yards": 0,
      "meet": "105",
      "opponent": "Crossgates"
    },
    {
      "name": "BenN",
      "stroke": "Freestyle",
      "age": "13-14",
      "gender": "Boys",
      "date": "2015-06-27",
      "time": "28.45",
      "place": "9",
      "team": "Otters",
      "yards": 0,
      "meet": "105",
      "opponent": "Crossgates"
    },
    {
      "name": "BenN",
      "stroke": "Back",
      "age": "13-14",
      "gender": "Boys",
      "date": "2015-07-11",
      "time": "33.95",
      "place": "11",
      "team": "Otters",
      "yards": 0,
      "meet": "106",
      "opponent": "Champs"
    },
    {
      "name": "BenN",
      "stroke": "Breast",
      "age": "13-14",
      "gender": "Boys",
      "date": "2015-07-11",
      "time": "36.38",
      "place": "12",
      "team": "Otters",
      "yards": 0,
      "meet": "106",
      "opponent": "Champs"
    },
    {
      "name": "BenN",
      "stroke": "Freestyle",
      "age": "13-14",
      "gender": "Boys",
      "date": "2015-07-11",
      "time": "28.52",
      "place": "23",
      "team": "Otters",
      "yards": 0,
      "meet": "106",
      "opponent": "Champs"
    },
    {
      "name": "BenN",
      "stroke": "Back",
      "age": "13-14",
      "gender": "Boys",
      "date": "2016-05-20",
      "time": "32.66",
      "place": "3",
      "team": "Otters",
      "yards": 0,
      "meet": "107",
      "opponent": "Trials"
    },
    {
      "name": "BenN",
      "stroke": "Breast",
      "age": "13-14",
      "gender": "Boys",
      "date": "2016-05-20",
      "time": "36.73",
      "place": "4",
      "team": "Otters",
      "yards": 0,
      "meet": "107",
      "opponent": "Trials"
    },
    {
      "name": "BenN",
      "stroke": "Freestyle",
      "age": "13-14",
      "gender": "Boys",
      "date": "2016-05-20",
      "time": "27.59",
      "place": "3",
      "team": "Otters",
      "yards": 0,
      "meet": "107",
      "opponent": "Trials"
    }
  ]
}