{
  "scores": [
    {
      "name": "BillP",
      "stroke": "Butterfly",
      "age": "9-10",
      "gender": "Boys",
      "date": "2001-06-09",
      "time": "16.18",
      "place": "2",
      "team": "Otters",
      "yards": 0,
      "meet": "001",
      "opponent": "Crossgates"
    },
    {
      "name": "BillP",
      "stroke": "Back",
      "age": "9-10",
      "gender": "Boys",
      "date": "2001-06-09",
      "time": "20.56",
      "place": "3",
      "team": "Otters",
      "yards": 0,
      "meet": "001",
      "opponent": "Crossgates"
    },
    {
      "name": "BillP",
      "stroke": "Freestyle",
      "age": "9-10",
      "gender": "Boys",
      "date": "2001-06-09",
      "time": "15.96",
      "place": "3",
      "team": "Otters",
      "yards": 0,
      "meet": "001",
      "opponent": "Crossgates"
    },
    {
      "name": "BillP",
      "stroke": "Butterfly",
      "age": "9-10",
      "gender": "Boys",
      "date": "2001-06-16",
      "time": "16.93",
      "place": "1",
      "team": "Otters",
      "yards": 0,
      "meet": "002",
      "opponent": "Almaden"
    },
    {
      "name": "BillP",
      "stroke": "Back",
      "age": "9-10",
      "gender": "Boys",
      "date": "2001-06-16",
      "time": "20.33",
      "place": "2",
      "team": "Otters",
      "yards": 0,
      "meet": "002",
      "opponent": "Almaden"
    },
    {
      "name": "BillP",
      "stroke": "Freestyle",
      "age": "9-10",
      "gender": "Boys",
      "date": "2001-06-16",
      "time": "16.67",
      "place": "3",
      "team": "Otters",
      "yards": 0,
      "meet": "002",
      "opponent": "Almaden"
    },
    {
      "name": "BillP",
      "stroke": "Butterfly",
      "age": "9-10",
      "gender": "Boys",
      "date": "2001-06-23",
      "time": "16.62",
      "place": "1",
      "team": "Otters",
      "yards": 0,
      "meet": "003",
      "opponent": "Creekside"
    },
    {
      "name": "BillP",
      "stroke": "Back",
      "age": "9-10",
      "gender": "Boys",
      "date": "2001-06-23",
      "time": "20.07",
      "place": "3",
      "team": "Otters",
      "yards": 0,
      "meet": "003",
      "opponent": "Creekside"
    },
    {
      "name": "BillP",
      "stroke": "Freestyle",
      "age": "9-10",
      "gender": "Boys",
      "date": "2001-06-23",
      "time": "15.73",
      "place": "4",
      "team": "Otters",
      "yards": 0,
      "meet": "003",
      "opponent": "Creekside"
    },
    {
      "name": "BillP",
      "stroke": "Butterfly",
      "age": "9-10",
      "gender": "Boys",
      "date": "2001-07-14",
      "time": "16.07",
      "place": "1",
      "team": "Otters",
      "yards": 0,
      "meet": "005",
      "opponent": "Pinehurst"
    },
    {
      "name": "BillP",
      "stroke": "Back",
      "age": "9-10",
      "gender": "Boys",
      "date": "2001-07-14",
      "time": "19.59",
      "place": "5",
      "team": "Otters",
      "yards": 0,
      "meet": "005",
      "opponent": "Pinehurst"
    },
    {
      "name": "BillP",
      "stroke": "Freestyle",
      "age": "9-10",
      "gender": "Boys",
      "date": "2001-07-14",
      "time": "15.87",
      "place": "5",
      "team": "Otters",
      "yards": 0,
      "meet": "005",
      "opponent": "Pinehurst"
    },
    {
      "name": "BillP",
      "stroke": "Butterfly",
      "age": "9-10",
      "gender": "Boys",
      "date": "2001-07-21",
      "time": "15.76",
      "place": "1",
      "team": "Otters",
      "yards": 0,
      "meet": "006",
      "opponent": "Champs"
    },
    {
      "name": "BillP",
      "stroke": "Back",
      "age": "9-10",
      "gender": "Boys",
      "date": "2001-07-21",
      "time": "19.77",
      "place": "7",
      "team": "Otters",
      "yards": 0,
      "meet": "006",
      "opponent": "Champs"
    },
    {
      "name": "BillP",
      "stroke": "Freestyle",
      "age": "9-10",
      "gender": "Boys",
      "date": "2001-07-21",
      "time": "15.39",
      "place": "5",
      "team": "Otters",
      "yards": 0,
      "meet": "006",
      "opponent": "Champs"
    },
    {
      "name": "BillP",
      "stroke": "Butterfly",
      "age": "9-10",
      "gender": "Boys",
      "date": "2002-05-11",
      "time": "15.27",
      "place": "1",
      "team": "Otters",
      "yards": 0,
      "meet": "007",
      "opponent": "Trials"
    },
    {
      "name": "BillP",
      "stroke": "Back",
      "age": "9-10",
      "gender": "Boys",
      "date": "2002-05-11",
      "time": "19.69",
      "place": "1",
      "team": "Otters",
      "yards": 0,
      "meet": "007",
      "opponent": "Trials"
    },
    {
      "name": "BillP",
      "stroke": "Breast",
      "age": "9-10",
      "gender": "Boys",
      "date": "2002-05-11",
      "time": "22.28",
      "place": "3",
      "team": "Otters",
      "yards": 0,
      "meet": "007",
      "opponent": "Trials"
    },
    {
      "name": "BillP",
      "stroke": "Freestyle",
      "age": "9-10",
      "gender": "Boys",
      "date": "2002-05-11",
      "time": "15.07",
      "place": "1",
      "team": "Otters",
      "yards": 0,
      "meet": "007",
      "opponent": "Trials"
    },
    {
      "name": "BillP",
      "stroke": "Butterfly",
      "age": "9-10",
      "gender": "Boys",
      "date": "2002-05-31",
      "time": "16.16",
      "place": "1",
      "team": "Otters",
      "yards": 0,
      "meet": "008",
      "opponent": "Trials"
    },
    {
      "name": "BillP",
      "stroke": "Back",
      "age": "9-10",
      "gender": "Boys",
      "date": "2002-05-31",
      "time": "19.59",
      "place": "1",
      "team": "Otters",
      "yards": 0,
      "meet": "008",
      "opponent": "Trials"
    },
    {
      "name": "BillP",
      "stroke": "Breast",
      "age": "9-10",
      "gender": "Boys",
      "date": "2002-05-31",
      "time": "23.43",
      "place": "4",
      "team": "Otters",
      "yards": 0,
      "meet": "008",
      "opponent": "Trials"
    },
    {
      "name": "BillP",
      "stroke": "Freestyle",
      "age": "9-10",
      "gender": "Boys",
      "date": "2002-05-31",
      "time": "15.60",
      "place": "1",
      "team": "Otters",
      "yards": 0,
      "meet": "008",
      "opponent": "Trials"
    },
    {
      "name": "BillP",
      "stroke": "Butterfly",
      "age": "9-10",
      "gender": "Boys",
      "date": "2002-06-008",
      "time": "16.19",
      "place": "2",
      "team": "Otters",
      "yards": 0,
      "meet": "009",
      "opponent": "Pinehurst"
    },
    {
      "name": "BillP",
      "stroke": "Back",
      "age": "9-10",
      "gender": "Boys",
      "date": "2002-06-008",
      "time": "19.31",
      "place": "2",
      "team": "Otters",
      "yards": 0,
      "meet": "009",
      "opponent": "Pinehurst"
    },
    {
      "name": "BillP",
      "stroke": "Freestyle",
      "age": "9-10",
      "gender": "Boys",
      "date": "2002-06-008",
      "time": "15.38",
      "place": "3",
      "team": "Otters",
      "yards": 0,
      "meet": "009",
      "opponent": "Pinehurst"
    },
    {
      "name": "BillP",
      "stroke": "Butterfly",
      "age": "9-10",
      "gender": "Boys",
      "date": "2002-06-15",
      "time": "16.09",
      "place": "1",
      "team": "Otters",
      "yards": 0,
      "meet": "010",
      "opponent": "Crossgates"
    },
    {
      "name": "BillP",
      "stroke": "Back",
      "age": "9-10",
      "gender": "Boys",
      "date": "2002-06-15",
      "time": "19.53",
      "place": "1",
      "team": "Otters",
      "yards": 0,
      "meet": "010",
      "opponent": "Crossgates"
    },
    {
      "name": "BillP",
      "stroke": "Freestyle",
      "age": "9-10",
      "gender": "Boys",
      "date": "2002-06-15",
      "time": "15.33",
      "place": "1",
      "team": "Otters",
      "yards": 0,
      "meet": "010",
      "opponent": "Crossgates"
    },
    {
      "name": "BillP",
      "stroke": "Butterfly",
      "age": "9-10",
      "gender": "Boys",
      "date": "2002-06-22",
      "time": "15.37",
      "place": "1",
      "team": "Otters",
      "yards": 0,
      "meet": "011",
      "opponent": "Almaden"
    },
    {
      "name": "BillP",
      "stroke": "Back",
      "age": "9-10",
      "gender": "Boys",
      "date": "2002-06-22",
      "time": "19.07",
      "place": "1",
      "team": "Otters",
      "yards": 0,
      "meet": "011",
      "opponent": "Almaden"
    },
    {
      "name": "BillP",
      "stroke": "Freestyle",
      "age": "9-10",
      "gender": "Boys",
      "date": "2002-06-22",
      "time": "14.97",
      "place": "2",
      "team": "Otters",
      "yards": 0,
      "meet": "011",
      "opponent": "Almaden"
    },
    {
      "name": "BillP",
      "stroke": "Butterfly",
      "age": "9-10",
      "gender": "Boys",
      "date": "2002-07-13",
      "time": "15.29",
      "place": "1",
      "team": "Otters",
      "yards": 0,
      "meet": "013",
      "opponent": "Shadowbrook"
    },
    {
      "name": "BillP",
      "stroke": "Back",
      "age": "9-10",
      "gender": "Boys",
      "date": "2002-07-13",
      "time": "19.09",
      "place": "1",
      "team": "Otters",
      "yards": 0,
      "meet": "013",
      "opponent": "Shadowbrook"
    },
    {
      "name": "BillP",
      "stroke": "Freestyle",
      "age": "9-10",
      "gender": "Boys",
      "date": "2002-07-13",
      "time": "14.92",
      "place": "1",
      "team": "Otters",
      "yards": 0,
      "meet": "013",
      "opponent": "Shadowbrook"
    },
    {
      "name": "BillP",
      "stroke": "Butterfly",
      "age": "9-10",
      "gender": "Boys",
      "date": "2002-07-20",
      "time": "15.06",
      "place": "2",
      "team": "Otters",
      "yards": 0,
      "meet": "014",
      "opponent": "Champs"
    },
    {
      "name": "BillP",
      "stroke": "Back",
      "age": "9-10",
      "gender": "Boys",
      "date": "2002-07-20",
      "time": "18.91",
      "place": "2",
      "team": "Otters",
      "yards": 0,
      "meet": "014",
      "opponent": "Champs"
    },
    {
      "name": "BillP",
      "stroke": "Freestyle",
      "age": "9-10",
      "gender": "Boys",
      "date": "2002-07-20",
      "time": "15.16",
      "place": "4",
      "team": "Otters",
      "yards": 0,
      "meet": "014",
      "opponent": "Champs"
    },
    {
      "name": "BillP",
      "stroke": "Butterfly",
      "age": "11-12",
      "gender": "Boys",
      "date": "2003-05-10",
      "time": "35.60",
      "place": "2",
      "team": "Otters",
      "yards": 0,
      "meet": "015",
      "opponent": "Trials"
    },
    {
      "name": "BillP",
      "stroke": "Back",
      "age": "11-12",
      "gender": "Boys",
      "date": "2003-05-10",
      "time": "39.43",
      "place": "2",
      "team": "Otters",
      "yards": 0,
      "meet": "015",
      "opponent": "Trials"
    },
    {
      "name": "BillP",
      "stroke": "Breast",
      "age": "11-12",
      "gender": "Boys",
      "date": "2003-05-10",
      "time": "44.93",
      "place": "3",
      "team": "Otters",
      "yards": 0,
      "meet": "015",
      "opponent": "Trials"
    },
    {
      "name": "BillP",
      "stroke": "Freestyle",
      "age": "11-12",
      "gender": "Boys",
      "date": "2003-05-10",
      "time": "31.52",
      "place": "2",
      "team": "Otters",
      "yards": 0,
      "meet": "015",
      "opponent": "Trials"
    },
    {
      "name": "BillP",
      "stroke": "Butterfly",
      "age": "11-12",
      "gender": "Boys",
      "date": "2003-05-31",
      "time": "35.44",
      "place": "4",
      "team": "Otters",
      "yards": 0,
      "meet": "016",
      "opponent": "Pinehurst"
    },
    {
      "name": "BillP",
      "stroke": "Back",
      "age": "11-12",
      "gender": "Boys",
      "date": "2003-05-31",
      "time": "39.95",
      "place": "4",
      "team": "Otters",
      "yards": 0,
      "meet": "016",
      "opponent": "Pinehurst"
    },
    {
      "name": "BillP",
      "stroke": "Breast",
      "age": "11-12",
      "gender": "Boys",
      "date": "2003-05-31",
      "time": "44.45",
      "place": "4",
      "team": "Otters",
      "yards": 0,
      "meet": "016",
      "opponent": "Pinehurst"
    },
    {
      "name": "BillP",
      "stroke": "Freestyle",
      "age": "11-12",
      "gender": "Boys",
      "date": "2003-05-31",
      "time": "34.01",
      "place": "5",
      "team": "Otters",
      "yards": 0,
      "meet": "016",
      "opponent": "Pinehurst"
    },
    {
      "name": "BillP",
      "stroke": "Butterfly",
      "age": "11-12",
      "gender": "Boys",
      "date": "2003-06-009",
      "time": "37.16",
      "place": "2",
      "team": "Otters",
      "yards": 0,
      "meet": "017",
      "opponent": "Shadowbrook"
    },
    {
      "name": "BillP",
      "stroke": "Back",
      "age": "11-12",
      "gender": "Boys",
      "date": "2003-06-009",
      "time": "40.10",
      "place": "2",
      "team": "Otters",
      "yards": 0,
      "meet": "017",
      "opponent": "Shadowbrook"
    },
    {
      "name": "BillP",
      "stroke": "Freestyle",
      "age": "11-12",
      "gender": "Boys",
      "date": "2003-06-009",
      "time": "32.29",
      "place": "2",
      "team": "Otters",
      "yards": 0,
      "meet": "017",
      "opponent": "Shadowbrook"
    },
    {
      "name": "BillP",
      "stroke": "Butterfly",
      "age": "11-12",
      "gender": "Boys",
      "date": "2003-06-14",
      "time": "36.19",
      "place": "5",
      "team": "Otters",
      "yards": 0,
      "meet": "018",
      "opponent": "Pinehurst"
    },
    {
      "name": "BillP",
      "stroke": "Back",
      "age": "11-12",
      "gender": "Boys",
      "date": "2003-06-14",
      "time": "38.59",
      "place": "3",
      "team": "Otters",
      "yards": 0,
      "meet": "018",
      "opponent": "Pinehurst"
    },
    {
      "name": "BillP",
      "stroke": "Freestyle",
      "age": "11-12",
      "gender": "Boys",
      "date": "2003-06-14",
      "time": "32.40",
      "place": "5",
      "team": "Otters",
      "yards": 0,
      "meet": "018",
      "opponent": "Pinehurst"
    },
    {
      "name": "BillP",
      "stroke": "Butterfly",
      "age": "11-12",
      "gender": "Boys",
      "date": "2003-06-28",
      "time": "35.39",
      "place": "2",
      "team": "Otters",
      "yards": 0,
      "meet": "020",
      "opponent": "Almaden"
    },
    {
      "name": "BillP",
      "stroke": "Back",
      "age": "11-12",
      "gender": "Boys",
      "date": "2003-06-28",
      "time": "38.18",
      "place": "2",
      "team": "Otters",
      "yards": 0,
      "meet": "020",
      "opponent": "Almaden"
    },
    {
      "name": "BillP",
      "stroke": "Freestyle",
      "age": "11-12",
      "gender": "Boys",
      "date": "2003-06-28",
      "time": "30.55",
      "place": "3",
      "team": "Otters",
      "yards": 0,
      "meet": "020",
      "opponent": "Almaden"
    },
    {
      "name": "BillP",
      "stroke": "Butterfly",
      "age": "11-12",
      "gender": "Boys",
      "date": "2003-07-12",
      "time": "35.28",
      "place": "4",
      "team": "Otters",
      "yards": 0,
      "meet": "021",
      "opponent": "Creekside"
    },
    {
      "name": "BillP",
      "stroke": "Back",
      "age": "11-12",
      "gender": "Boys",
      "date": "2003-07-12",
      "time": "38.06",
      "place": "2",
      "team": "Otters",
      "yards": 0,
      "meet": "021",
      "opponent": "Creekside"
    },
    {
      "name": "BillP",
      "stroke": "Freestyle",
      "age": "11-12",
      "gender": "Boys",
      "date": "2003-07-12",
      "time": "30.66",
      "place": "4",
      "team": "Otters",
      "yards": 0,
      "meet": "021",
      "opponent": "Creekside"
    },
    {
      "name": "BillP",
      "stroke": "Butterfly",
      "age": "11-12",
      "gender": "Boys",
      "date": "2003-07-19",
      "time": "32.99",
      "place": "6",
      "team": "Otters",
      "yards": 0,
      "meet": "022",
      "opponent": "Champs"
    },
    {
      "name": "BillP",
      "stroke": "Back",
      "age": "11-12",
      "gender": "Boys",
      "date": "2003-07-19",
      "time": "37.14",
      "place": "6",
      "team": "Otters",
      "yards": 0,
      "meet": "022",
      "opponent": "Champs"
    },
    {
      "name": "BillP",
      "stroke": "Freestyle",
      "age": "11-12",
      "gender": "Boys",
      "date": "2003-07-19",
      "time": "31.28",
      "place": "10",
      "team": "Otters",
      "yards": 0,
      "meet": "022",
      "opponent": "Champs"
    },
    {
      "name": "BillP",
      "stroke": "Butterfly",
      "age": "11-12",
      "gender": "Boys",
      "date": "2004-06-005",
      "time": "32.78",
      "place": "1",
      "team": "Otters",
      "yards": 0,
      "meet": "024",
      "opponent": "Creekside"
    },
    {
      "name": "BillP",
      "stroke": "Breast",
      "age": "11-12",
      "gender": "Boys",
      "date": "2004-06-005",
      "time": "31.30",
      "place": "1",
      "team": "Otters",
      "yards": 0,
      "meet": "024",
      "opponent": "Creekside"
    },
    {
      "name": "BillP",
      "stroke": "Freestyle",
      "age": "11-12",
      "gender": "Boys",
      "date": "2004-06-005",
      "time": "29.59",
      "place": "1",
      "team": "Otters",
      "yards": 0,
      "meet": "024",
      "opponent": "Creekside"
    },
    {
      "name": "BillP",
      "stroke": "Butterfly",
      "age": "11-12",
      "gender": "Boys",
      "date": "2004-06-19",
      "time": "33.94",
      "place": "1",
      "team": "Otters",
      "yards": 0,
      "meet": "026",
      "opponent": "Pinehurst"
    },
    {
      "name": "BillP",
      "stroke": "Back",
      "age": "11-12",
      "gender": "Boys",
      "date": "2004-06-19",
      "time": "36.49",
      "place": "2",
      "team": "Otters",
      "yards": 0,
      "meet": "026",
      "opponent": "Pinehurst"
    },
    {
      "name": "BillP",
      "stroke": "Freestyle",
      "age": "11-12",
      "gender": "Boys",
      "date": "2004-06-19",
      "time": "49.50",
      "place": "14",
      "team": "Otters",
      "yards": 0,
      "meet": "026",
      "opponent": "Pinehurst"
    },
    {
      "name": "BillP",
      "stroke": "Butterfly",
      "age": "11-12",
      "gender": "Boys",
      "date": "2004-06-26",
      "time": "32.87",
      "place": "1",
      "team": "Otters",
      "yards": 0,
      "meet": "027",
      "opponent": "Crossgates"
    },
    {
      "name": "BillP",
      "stroke": "Back",
      "age": "11-12",
      "gender": "Boys",
      "date": "2004-06-26",
      "time": "37.37",
      "place": "1",
      "team": "Otters",
      "yards": 0,
      "meet": "027",
      "opponent": "Crossgates"
    },
    {
      "name": "BillP",
      "stroke": "Freestyle",
      "age": "11-12",
      "gender": "Boys",
      "date": "2004-06-26",
      "time": "29.43",
      "place": "1",
      "team": "Otters",
      "yards": 0,
      "meet": "027",
      "opponent": "Crossgates"
    },
    {
      "name": "BillP",
      "stroke": "Butterfly",
      "age": "11-12",
      "gender": "Boys",
      "date": "2004-07-10",
      "time": "32.11",
      "place": "1",
      "team": "Otters",
      "yards": 0,
      "meet": "028",
      "opponent": "Almaden"
    },
    {
      "name": "BillP",
      "stroke": "Back",
      "age": "11-12",
      "gender": "Boys",
      "date": "2004-07-10",
      "time": "37.32",
      "place": "1",
      "team": "Otters",
      "yards": 0,
      "meet": "028",
      "opponent": "Almaden"
    },
    {
      "name": "BillP",
      "stroke": "Freestyle",
      "age": "11-12",
      "gender": "Boys",
      "date": "2004-07-10",
      "time": "29.64",
      "place": "2",
      "team": "Otters",
      "yards": 0,
      "meet": "028",
      "opponent": "Almaden"
    },
    {
      "name": "BillP",
      "stroke": "Butterfly",
      "age": "11-12",
      "gender": "Boys",
      "date": "2004-07-17",
      "time": "32.10",
      "place": "2",
      "team": "Otters",
      "yards": 0,
      "meet": "029",
      "opponent": "Champs"
    },
    {
      "name": "BillP",
      "stroke": "Back",
      "age": "11-12",
      "gender": "Boys",
      "date": "2004-07-17",
      "time": "35.54",
      "place": "2",
      "team": "Otters",
      "yards": 0,
      "meet": "029",
      "opponent": "Champs"
    },
    {
      "name": "BillP",
      "stroke": "Freestyle",
      "age": "11-12",
      "gender": "Boys",
      "date": "2004-07-17",
      "time": "29.24",
      "place": "3",
      "team": "Otters",
      "yards": 0,
      "meet": "029",
      "opponent": "Champs"
    },
    {
      "name": "BillP",
      "stroke": "Butterfly",
      "age": "13-14",
      "gender": "Boys",
      "date": "2005-06-004",
      "time": "32.12",
      "place": "2",
      "team": "Otters",
      "yards": 0,
      "meet": "031",
      "opponent": "Almaden"
    },
    {
      "name": "BillP",
      "stroke": "Breast",
      "age": "13-14",
      "gender": "Boys",
      "date": "2005-06-004",
      "time": "39.84",
      "place": "1",
      "team": "Otters",
      "yards": 0,
      "meet": "031",
      "opponent": "Almaden"
    },
    {
      "name": "BillP",
      "stroke": "Freestyle",
      "age": "13-14",
      "gender": "Boys",
      "date": "2005-06-004",
      "time": "28.66",
      "place": "3",
      "team": "Otters",
      "yards": 0,
      "meet": "031",
      "opponent": "Almaden"
    },
    {
      "name": "BillP",
      "stroke": "Butterfly",
      "age": "13-14",
      "gender": "Boys",
      "date": "2005-06-11",
      "time": "29.87",
      "place": "5",
      "team": "Otters",
      "yards": 0,
      "meet": "032",
      "opponent": "Creekside"
    },
    {
      "name": "BillP",
      "stroke": "Breast",
      "age": "13-14",
      "gender": "Boys",
      "date": "2005-06-11",
      "time": "38.74",
      "place": "4",
      "team": "Otters",
      "yards": 0,
      "meet": "032",
      "opponent": "Creekside"
    },
    {
      "name": "BillP",
      "stroke": "Freestyle",
      "age": "13-14",
      "gender": "Boys",
      "date": "2005-06-11",
      "time": "28.87",
      "place": "5",
      "team": "Otters",
      "yards": 0,
      "meet": "032",
      "opponent": "Creekside"
    },
    {
      "name": "BillP",
      "stroke": "Butterfly",
      "age": "13-14",
      "gender": "Boys",
      "date": "2005-06-18",
      "time": "30.57",
      "place": "2",
      "team": "Otters",
      "yards": 0,
      "meet": "033",
      "opponent": "Shadowbrook"
    },
    {
      "name": "BillP",
      "stroke": "Breast",
      "age": "13-14",
      "gender": "Boys",
      "date": "2005-06-18",
      "time": "40.15",
      "place": "1",
      "team": "Otters",
      "yards": 0,
      "meet": "033",
      "opponent": "Shadowbrook"
    },
    {
      "name": "BillP",
      "stroke": "Freestyle",
      "age": "13-14",
      "gender": "Boys",
      "date": "2005-06-18",
      "time": "29.12",
      "place": "2",
      "team": "Otters",
      "yards": 0,
      "meet": "033",
      "opponent": "Shadowbrook"
    },
    {
      "name": "BillP",
      "stroke": "Butterfly",
      "age": "13-14",
      "gender": "Boys",
      "date": "2005-06-25",
      "time": "31.09",
      "place": "3",
      "team": "Otters",
      "yards": 0,
      "meet": "034",
      "opponent": "Pinehurst"
    },
    {
      "name": "BillP",
      "stroke": "Breast",
      "age": "13-14",
      "gender": "Boys",
      "date": "2005-06-25",
      "time": "39.69",
      "place": "5",
      "team": "Otters",
      "yards": 0,
      "meet": "034",
      "opponent": "Pinehurst"
    },
    {
      "name": "BillP",
      "stroke": "Freestyle",
      "age": "13-14",
      "gender": "Boys",
      "date": "2005-06-25",
      "time": "27.78",
      "place": "4",
      "team": "Otters",
      "yards": 0,
      "meet": "034",
      "opponent": "Pinehurst"
    },
    {
      "name": "BillP",
      "stroke": "Butterfly",
      "age": "13-14",
      "gender": "Boys",
      "date": "2005-07-009",
      "time": "30.28",
      "place": "2",
      "team": "Otters",
      "yards": 0,
      "meet": "035",
      "opponent": "Crossgates"
    },
    {
      "name": "BillP",
      "stroke": "Breast",
      "age": "13-14",
      "gender": "Boys",
      "date": "2005-07-009",
      "time": "38.25",
      "place": "1",
      "team": "Otters",
      "yards": 0,
      "meet": "035",
      "opponent": "Crossgates"
    },
    {
      "name": "BillP",
      "stroke": "Freestyle",
      "age": "13-14",
      "gender": "Boys",
      "date": "2005-07-009",
      "time": "28.09",
      "place": "2",
      "team": "Otters",
      "yards": 0,
      "meet": "035",
      "opponent": "Crossgates"
    },
    {
      "name": "BillP",
      "stroke": "Butterfly",
      "age": "13-14",
      "gender": "Boys",
      "date": "2005-07-16",
      "time": "29.32",
      "place": "7",
      "team": "Otters",
      "yards": 0,
      "meet": "036",
      "opponent": "Champs"
    },
    {
      "name": "BillP",
      "stroke": "Breast",
      "age": "13-14",
      "gender": "Boys",
      "date": "2005-07-16",
      "time": "37.89",
      "place": "11",
      "team": "Otters",
      "yards": 0,
      "meet": "036",
      "opponent": "Champs"
    },
    {
      "name": "BillP",
      "stroke": "Freestyle",
      "age": "13-14",
      "gender": "Boys",
      "date": "2005-07-16",
      "time": "27.35",
      "place": "9",
      "team": "Otters",
      "yards": 0,
      "meet": "036",
      "opponent": "Champs"
    },
    {
      "name": "BillP",
      "stroke": "Butterfly",
      "age": "13-14",
      "gender": "Boys",
      "date": "2006-05-20",
      "time": "29.03",
      "place": "1",
      "team": "Otters",
      "yards": 0,
      "meet": "037",
      "opponent": "Trials"
    },
    {
      "name": "BillP",
      "stroke": "Back",
      "age": "13-14",
      "gender": "Boys",
      "date": "2006-05-20",
      "time": "34.75",
      "place": "1",
      "team": "Otters",
      "yards": 0,
      "meet": "037",
      "opponent": "Trials"
    },
    {
      "name": "BillP",
      "stroke": "Breast",
      "age": "13-14",
      "gender": "Boys",
      "date": "2006-05-20",
      "time": "35.31",
      "place": "2",
      "team": "Otters",
      "yards": 0,
      "meet": "037",
      "opponent": "Trials"
    },
    {
      "name": "BillP",
      "stroke": "Freestyle",
      "age": "13-14",
      "gender": "Boys",
      "date": "2006-05-20",
      "time": "26.53",
      "place": "1",
      "team": "Otters",
      "yards": 0,
      "meet": "037",
      "opponent": "Trials"
    },
    {
      "name": "BillP",
      "stroke": "Butterfly",
      "age": "13-14",
      "gender": "Boys",
      "date": "2006-06-17",
      "time": "27.94",
      "place": "2",
      "team": "Otters",
      "yards": 0,
      "meet": "040",
      "opponent": "Creekside"
    },
    {
      "name": "BillP",
      "stroke": "Breast",
      "age": "13-14",
      "gender": "Boys",
      "date": "2006-06-17",
      "time": "34.25",
      "place": "1",
      "team": "Otters",
      "yards": 0,
      "meet": "040",
      "opponent": "Creekside"
    },
    {
      "name": "BillP",
      "stroke": "Freestyle",
      "age": "13-14",
      "gender": "Boys",
      "date": "2006-06-17",
      "time": "25.15",
      "place": "2",
      "team": "Otters",
      "yards": 0,
      "meet": "040",
      "opponent": "Creekside"
    },
    {
      "name": "BillP",
      "stroke": "Butterfly",
      "age": "13-14",
      "gender": "Boys",
      "date": "2006-06-24",
      "time": "30.29",
      "place": "1",
      "team": "Otters",
      "yards": 0,
      "meet": "041",
      "opponent": "Shadowbrook"
    },
    {
      "name": "BillP",
      "stroke": "Breast",
      "age": "13-14",
      "gender": "Boys",
      "date": "2006-06-24",
      "time": "34.97",
      "place": "1",
      "team": "Otters",
      "yards": 0,
      "meet": "041",
      "opponent": "Shadowbrook"
    },
    {
      "name": "BillP",
      "stroke": "Freestyle",
      "age": "13-14",
      "gender": "Boys",
      "date": "2006-06-24",
      "time": "25.34",
      "place": "1",
      "team": "Otters",
      "yards": 0,
      "meet": "041",
      "opponent": "Shadowbrook"
    },
    {
      "name": "BillP",
      "stroke": "Butterfly",
      "age": "13-14",
      "gender": "Boys",
      "date": "2006-07-008",
      "time": "29.12",
      "place": "1",
      "team": "Otters",
      "yards": 0,
      "meet": "042",
      "opponent": "Pinehurst"
    },
    {
      "name": "BillP",
      "stroke": "Breast",
      "age": "13-14",
      "gender": "Boys",
      "date": "2006-07-008",
      "time": "33.98",
      "place": "1",
      "team": "Otters",
      "yards": 0,
      "meet": "042",
      "opponent": "Pinehurst"
    },
    {
      "name": "BillP",
      "stroke": "Freestyle",
      "age": "13-14",
      "gender": "Boys",
      "date": "2006-07-008",
      "time": "26.06",
      "place": "1",
      "team": "Otters",
      "yards": 0,
      "meet": "042",
      "opponent": "Pinehurst"
    },
    {
      "name": "BillP",
      "stroke": "Butterfly",
      "age": "13-14",
      "gender": "Boys",
      "date": "2006-07-15",
      "time": "27.25",
      "place": "2",
      "team": "Otters",
      "yards": 0,
      "meet": "043",
      "opponent": "Champs"
    },
    {
      "name": "BillP",
      "stroke": "Breast",
      "age": "13-14",
      "gender": "Boys",
      "date": "2006-07-15",
      "time": "32.88",
      "place": "1",
      "team": "Otters",
      "yards": 0,
      "meet": "043",
      "opponent": "Champs"
    },
    {
      "name": "BillP",
      "stroke": "Freestyle",
      "age": "13-14",
      "gender": "Boys",
      "date": "2006-07-15",
      "time": "24.82",
      "place": "2",
      "team": "Otters",
      "yards": 0,
      "meet": "043",
      "opponent": "Champs"
    },
    {
      "name": "BillP",
      "stroke": "Breast",
      "age": "15-18",
      "gender": "Boys",
      "date": "2007-06-002",
      "time": "33.66",
      "place": "2",
      "team": "Otters",
      "yards": 0,
      "meet": "044",
      "opponent": "Trials"
    },
    {
      "name": "BillP",
      "stroke": "Butterfly",
      "age": "15-18",
      "gender": "Boys",
      "date": "2007-06-009",
      "time": "28.48",
      "place": "4",
      "team": "Otters",
      "yards": 0,
      "meet": "045",
      "opponent": "Pinehurst"
    },
    {
      "name": "BillP",
      "stroke": "Breast",
      "age": "15-18",
      "gender": "Boys",
      "date": "2007-06-009",
      "time": "33.41",
      "place": "2",
      "team": "Otters",
      "yards": 0,
      "meet": "045",
      "opponent": "Pinehurst"
    },
    {
      "name": "BillP",
      "stroke": "Freestyle",
      "age": "15-18",
      "gender": "Boys",
      "date": "2007-06-009",
      "time": "24.27",
      "place": "1",
      "team": "Otters",
      "yards": 0,
      "meet": "045",
      "opponent": "Pinehurst"
    },
    {
      "name": "BillP",
      "stroke": "Butterfly",
      "age": "15-18",
      "gender": "Boys",
      "date": "2007-06-16",
      "time": "28.57",
      "place": "5",
      "team": "Otters",
      "yards": 0,
      "meet": "046",
      "opponent": "Crossgates"
    },
    {
      "name": "BillP",
      "stroke": "Breast",
      "age": "15-18",
      "gender": "Boys",
      "date": "2007-06-16",
      "time": "33.31",
      "place": "2",
      "team": "Otters",
      "yards": 0,
      "meet": "046",
      "opponent": "Crossgates"
    },
    {
      "name": "BillP",
      "stroke": "Freestyle",
      "age": "15-18",
      "gender": "Boys",
      "date": "2007-06-16",
      "time": "24.56",
      "place": "3",
      "team": "Otters",
      "yards": 0,
      "meet": "046",
      "opponent": "Crossgates"
    },
    {
      "name": "BillP",
      "stroke": "Freestyle",
      "age": "15-18",
      "gender": "Boys",
      "date": "2007-06-23",
      "time": "24.71",
      "place": "2",
      "team": "Otters",
      "yards": 0,
      "meet": "047",
      "opponent": "Almaden"
    },
    {
      "name": "BillP",
      "stroke": "Breast",
      "age": "15-18",
      "gender": "Boys",
      "date": "2007-06-30",
      "time": "34.20",
      "place": "2",
      "team": "Otters",
      "yards": 0,
      "meet": "048",
      "opponent": "Creekside"
    },
    {
      "name": "BillP",
      "stroke": "Freestyle",
      "age": "15-18",
      "gender": "Boys",
      "date": "2007-06-30",
      "time": "24.57",
      "place": "1",
      "team": "Otters",
      "yards": 0,
      "meet": "048",
      "opponent": "Creekside"
    },
    {
      "name": "BillP",
      "stroke": "Butterfly",
      "age": "15-18",
      "gender": "Boys",
      "date": "2007-07-007",
      "time": "29.07",
      "place": "4",
      "team": "Otters",
      "yards": 0,
      "meet": "049",
      "opponent": "Shadowbrook"
    },
    {
      "name": "BillP",
      "stroke": "Breast",
      "age": "15-18",
      "gender": "Boys",
      "date": "2007-07-007",
      "time": "33.47",
      "place": "2",
      "team": "Otters",
      "yards": 0,
      "meet": "049",
      "opponent": "Shadowbrook"
    },
    {
      "name": "BillP",
      "stroke": "Freestyle",
      "age": "15-18",
      "gender": "Boys",
      "date": "2007-07-007",
      "time": "24.98",
      "place": "1",
      "team": "Otters",
      "yards": 0,
      "meet": "049",
      "opponent": "Shadowbrook"
    }
  ]
}