{
  "scores": [
    {
      "name": "BjornO",
      "stroke": "Butterfly",
      "age": "15-18",
      "gender": "Boys",
      "date": "2011-06-004",
      "time": "38.37",
      "place": "16",
      "team": "Otters",
      "yards": 0,
      "meet": "073",
      "opponent": "Crossgates"
    },
    {
      "name": "BjornO",
      "stroke": "Back",
      "age": "15-18",
      "gender": "Boys",
      "date": "2011-06-004",
      "time": "52.91",
      "place": "12",
      "team": "Otters",
      "yards": 0,
      "meet": "073",
      "opponent": "Crossgates"
    },
    {
      "name": "BjornO",
      "stroke": "Butterfly",
      "age": "15-18",
      "gender": "Boys",
      "date": "2011-06-11",
      "time": "37.06",
      "place": "11",
      "team": "Otters",
      "yards": 0,
      "meet": "074",
      "opponent": "Almaden"
    },
    {
      "name": "BjornO",
      "stroke": "Back",
      "age": "15-18",
      "gender": "Boys",
      "date": "2011-06-11",
      "time": "39.25",
      "place": "8",
      "team": "Otters",
      "yards": 0,
      "meet": "074",
      "opponent": "Almaden"
    },
    {
      "name": "BjornO",
      "stroke": "Freestyle",
      "age": "15-18",
      "gender": "Boys",
      "date": "2011-06-11",
      "time": "29.81",
      "place": "11",
      "team": "Otters",
      "yards": 0,
      "meet": "074",
      "opponent": "Almaden"
    },
    {
      "name": "BjornO",
      "stroke": "Back",
      "age": "15-18",
      "gender": "Boys",
      "date": "2011-06-18",
      "time": "DQ",
      "place": "--",
      "team": "Otters",
      "yards": 0,
      "meet": "075",
      "opponent": "Creekside"
    },
    {
      "name": "BjornO",
      "stroke": "Breast",
      "age": "15-18",
      "gender": "Boys",
      "date": "2011-06-18",
      "time": "42.58",
      "place": "16",
      "team": "Otters",
      "yards": 0,
      "meet": "075",
      "opponent": "Creekside"
    },
    {
      "name": "BjornO",
      "stroke": "Freestyle",
      "age": "15-18",
      "gender": "Boys",
      "date": "2011-06-18",
      "time": "29.56",
      "place": "17",
      "team": "Otters",
      "yards": 0,
      "meet": "075",
      "opponent": "Creekside"
    },
    {
      "name": "BjornO",
      "stroke": "Butterfly",
      "age": "15-18",
      "gender": "Boys",
      "date": "2011-06-25",
      "time": "36.53",
      "place": "16",
      "team": "Otters",
      "yards": 0,
      "meet": "076",
      "opponent": "Shadowbrook"
    },
    {
      "name": "BjornO",
      "stroke": "Back",
      "age": "15-18",
      "gender": "Boys",
      "date": "2011-06-25",
      "time": "DQ",
      "place": "--",
      "team": "Otters",
      "yards": 0,
      "meet": "076",
      "opponent": "Shadowbrook"
    },
    {
      "name": "BjornO",
      "stroke": "Freestyle",
      "age": "15-18",
      "gender": "Boys",
      "date": "2011-06-25",
      "time": "29.34",
      "place": "20",
      "team": "Otters",
      "yards": 0,
      "meet": "076",
      "opponent": "Shadowbrook"
    },
    {
      "name": "BjornO",
      "stroke": "Butterfly",
      "age": "15-18",
      "gender": "Boys",
      "date": "2011-07-16",
      "time": "34.25",
      "place": "35",
      "team": "Otters",
      "yards": 0,
      "meet": "078",
      "opponent": "Champs"
    },
    {
      "name": "BjornO",
      "stroke": "Breast",
      "age": "15-18",
      "gender": "Boys",
      "date": "2011-07-16",
      "time": "39.44",
      "place": "32",
      "team": "Otters",
      "yards": 0,
      "meet": "078",
      "opponent": "Champs"
    },
    {
      "name": "BjornO",
      "stroke": "Freestyle",
      "age": "15-18",
      "gender": "Boys",
      "date": "2011-07-16",
      "time": "28.27",
      "place": "46",
      "team": "Otters",
      "yards": 0,
      "meet": "078",
      "opponent": "Champs"
    }
  ]
}