{
  "scores": [
    {
      "name": "BramD",
      "stroke": "Back",
      "age": "9-10",
      "gender": "Boys",
      "date": "2001-06-09",
      "time": "24.75",
      "place": "6",
      "team": "Otters",
      "yards": 0,
      "meet": "001",
      "opponent": "Crossgates"
    },
    {
      "name": "BramD",
      "stroke": "Breast",
      "age": "9-10",
      "gender": "Boys",
      "date": "2001-06-09",
      "time": "23.01",
      "place": "3",
      "team": "Otters",
      "yards": 0,
      "meet": "001",
      "opponent": "Crossgates"
    },
    {
      "name": "BramD",
      "stroke": "Freestyle",
      "age": "9-10",
      "gender": "Boys",
      "date": "2001-06-09",
      "time": "19.64",
      "place": "6",
      "team": "Otters",
      "yards": 0,
      "meet": "001",
      "opponent": "Crossgates"
    },
    {
      "name": "BramD",
      "stroke": "Back",
      "age": "9-10",
      "gender": "Boys",
      "date": "2001-06-16",
      "time": "21.44",
      "place": "3",
      "team": "Otters",
      "yards": 0,
      "meet": "002",
      "opponent": "Almaden"
    },
    {
      "name": "BramD",
      "stroke": "Freestyle",
      "age": "9-10",
      "gender": "Boys",
      "date": "2001-06-16",
      "time": "18.63",
      "place": "10",
      "team": "Otters",
      "yards": 0,
      "meet": "002",
      "opponent": "Almaden"
    },
    {
      "name": "BramD",
      "stroke": "Back",
      "age": "9-10",
      "gender": "Boys",
      "date": "2001-06-23",
      "time": "21.43",
      "place": "4",
      "team": "Otters",
      "yards": 0,
      "meet": "003",
      "opponent": "Creekside"
    },
    {
      "name": "BramD",
      "stroke": "Breast",
      "age": "9-10",
      "gender": "Boys",
      "date": "2001-06-23",
      "time": "21.89",
      "place": "5",
      "team": "Otters",
      "yards": 0,
      "meet": "003",
      "opponent": "Creekside"
    },
    {
      "name": "BramD",
      "stroke": "Freestyle",
      "age": "9-10",
      "gender": "Boys",
      "date": "2001-06-23",
      "time": "18.73",
      "place": "13",
      "team": "Otters",
      "yards": 0,
      "meet": "003",
      "opponent": "Creekside"
    },
    {
      "name": "BramD",
      "stroke": "Back",
      "age": "9-10",
      "gender": "Boys",
      "date": "2001-06-30",
      "time": "20.85",
      "place": "3",
      "team": "Otters",
      "yards": 0,
      "meet": "004",
      "opponent": "Shadowbrook"
    },
    {
      "name": "BramD",
      "stroke": "Breast",
      "age": "9-10",
      "gender": "Boys",
      "date": "2001-06-30",
      "time": "21.42",
      "place": "3",
      "team": "Otters",
      "yards": 0,
      "meet": "004",
      "opponent": "Shadowbrook"
    },
    {
      "name": "BramD",
      "stroke": "Freestyle",
      "age": "9-10",
      "gender": "Boys",
      "date": "2001-06-30",
      "time": "19.48",
      "place": "7",
      "team": "Otters",
      "yards": 0,
      "meet": "004",
      "opponent": "Shadowbrook"
    },
    {
      "name": "BramD",
      "stroke": "Back",
      "age": "9-10",
      "gender": "Boys",
      "date": "2001-07-14",
      "time": "20.41",
      "place": "6",
      "team": "Otters",
      "yards": 0,
      "meet": "005",
      "opponent": "Pinehurst"
    },
    {
      "name": "BramD",
      "stroke": "Breast",
      "age": "9-10",
      "gender": "Boys",
      "date": "2001-07-14",
      "time": "20.80",
      "place": "5",
      "team": "Otters",
      "yards": 0,
      "meet": "005",
      "opponent": "Pinehurst"
    },
    {
      "name": "BramD",
      "stroke": "Freestyle",
      "age": "9-10",
      "gender": "Boys",
      "date": "2001-07-14",
      "time": "17.25",
      "place": "8",
      "team": "Otters",
      "yards": 0,
      "meet": "005",
      "opponent": "Pinehurst"
    },
    {
      "name": "BramD",
      "stroke": "Back",
      "age": "9-10",
      "gender": "Boys",
      "date": "2001-07-21",
      "time": "20.84",
      "place": "9",
      "team": "Otters",
      "yards": 0,
      "meet": "006",
      "opponent": "Champs"
    },
    {
      "name": "BramD",
      "stroke": "Breast",
      "age": "9-10",
      "gender": "Boys",
      "date": "2001-07-21",
      "time": "21.63",
      "place": "8",
      "team": "Otters",
      "yards": 0,
      "meet": "006",
      "opponent": "Champs"
    },
    {
      "name": "BramD",
      "stroke": "Freestyle",
      "age": "9-10",
      "gender": "Boys",
      "date": "2001-07-21",
      "time": "17.72",
      "place": "22",
      "team": "Otters",
      "yards": 0,
      "meet": "006",
      "opponent": "Champs"
    },
    {
      "name": "BramD",
      "stroke": "Butterfly",
      "age": "9-10",
      "gender": "Boys",
      "date": "2002-05-11",
      "time": "18.32",
      "place": "2",
      "team": "Otters",
      "yards": 0,
      "meet": "007",
      "opponent": "Trials"
    },
    {
      "name": "BramD",
      "stroke": "Back",
      "age": "9-10",
      "gender": "Boys",
      "date": "2002-05-11",
      "time": "20.49",
      "place": "2",
      "team": "Otters",
      "yards": 0,
      "meet": "007",
      "opponent": "Trials"
    },
    {
      "name": "BramD",
      "stroke": "Breast",
      "age": "9-10",
      "gender": "Boys",
      "date": "2002-05-11",
      "time": "19.10",
      "place": "1",
      "team": "Otters",
      "yards": 0,
      "meet": "007",
      "opponent": "Trials"
    },
    {
      "name": "BramD",
      "stroke": "Freestyle",
      "age": "9-10",
      "gender": "Boys",
      "date": "2002-05-11",
      "time": "16.11",
      "place": "3",
      "team": "Otters",
      "yards": 0,
      "meet": "007",
      "opponent": "Trials"
    },
    {
      "name": "BramD",
      "stroke": "Back",
      "age": "9-10",
      "gender": "Boys",
      "date": "2002-05-31",
      "time": "21.18",
      "place": "3",
      "team": "Otters",
      "yards": 0,
      "meet": "008",
      "opponent": "Trials"
    },
    {
      "name": "BramD",
      "stroke": "Breast",
      "age": "9-10",
      "gender": "Boys",
      "date": "2002-05-31",
      "time": "19.07",
      "place": "1",
      "team": "Otters",
      "yards": 0,
      "meet": "008",
      "opponent": "Trials"
    },
    {
      "name": "BramD",
      "stroke": "Butterfly",
      "age": "9-10",
      "gender": "Boys",
      "date": "2002-06-008",
      "time": "19.05",
      "place": "3",
      "team": "Otters",
      "yards": 0,
      "meet": "009",
      "opponent": "Pinehurst"
    },
    {
      "name": "BramD",
      "stroke": "Breast",
      "age": "9-10",
      "gender": "Boys",
      "date": "2002-06-008",
      "time": "19.22",
      "place": "1",
      "team": "Otters",
      "yards": 0,
      "meet": "009",
      "opponent": "Pinehurst"
    },
    {
      "name": "BramD",
      "stroke": "Freestyle",
      "age": "9-10",
      "gender": "Boys",
      "date": "2002-06-008",
      "time": "15.84",
      "place": "4",
      "team": "Otters",
      "yards": 0,
      "meet": "009",
      "opponent": "Pinehurst"
    },
    {
      "name": "BramD",
      "stroke": "Butterfly",
      "age": "9-10",
      "gender": "Boys",
      "date": "2002-06-15",
      "time": "19.38",
      "place": "2",
      "team": "Otters",
      "yards": 0,
      "meet": "010",
      "opponent": "Crossgates"
    },
    {
      "name": "BramD",
      "stroke": "Breast",
      "age": "9-10",
      "gender": "Boys",
      "date": "2002-06-15",
      "time": "19.39",
      "place": "1",
      "team": "Otters",
      "yards": 0,
      "meet": "010",
      "opponent": "Crossgates"
    },
    {
      "name": "BramD",
      "stroke": "Freestyle",
      "age": "9-10",
      "gender": "Boys",
      "date": "2002-06-15",
      "time": "16.60",
      "place": "3",
      "team": "Otters",
      "yards": 0,
      "meet": "010",
      "opponent": "Crossgates"
    },
    {
      "name": "BramD",
      "stroke": "Butterfly",
      "age": "9-10",
      "gender": "Boys",
      "date": "2002-06-22",
      "time": "18.75",
      "place": "2",
      "team": "Otters",
      "yards": 0,
      "meet": "011",
      "opponent": "Almaden"
    },
    {
      "name": "BramD",
      "stroke": "Breast",
      "age": "9-10",
      "gender": "Boys",
      "date": "2002-06-22",
      "time": "19.38",
      "place": "1",
      "team": "Otters",
      "yards": 0,
      "meet": "011",
      "opponent": "Almaden"
    },
    {
      "name": "BramD",
      "stroke": "Freestyle",
      "age": "9-10",
      "gender": "Boys",
      "date": "2002-06-22",
      "time": "15.65",
      "place": "4",
      "team": "Otters",
      "yards": 0,
      "meet": "011",
      "opponent": "Almaden"
    },
    {
      "name": "BramD",
      "stroke": "Butterfly",
      "age": "9-10",
      "gender": "Boys",
      "date": "2002-06-29",
      "time": "19.00",
      "place": "2",
      "team": "Otters",
      "yards": 0,
      "meet": "012",
      "opponent": "Creekside"
    },
    {
      "name": "BramD",
      "stroke": "Breast",
      "age": "9-10",
      "gender": "Boys",
      "date": "2002-06-29",
      "time": "19.25",
      "place": "1",
      "team": "Otters",
      "yards": 0,
      "meet": "012",
      "opponent": "Creekside"
    },
    {
      "name": "BramD",
      "stroke": "Freestyle",
      "age": "9-10",
      "gender": "Boys",
      "date": "2002-06-29",
      "time": "15.68",
      "place": "3",
      "team": "Otters",
      "yards": 0,
      "meet": "012",
      "opponent": "Creekside"
    },
    {
      "name": "BramD",
      "stroke": "Butterfly",
      "age": "9-10",
      "gender": "Boys",
      "date": "2002-07-20",
      "time": "18.36",
      "place": "5",
      "team": "Otters",
      "yards": 0,
      "meet": "014",
      "opponent": "Champs"
    },
    {
      "name": "BramD",
      "stroke": "Breast",
      "age": "9-10",
      "gender": "Boys",
      "date": "2002-07-20",
      "time": "18.62",
      "place": "1",
      "team": "Otters",
      "yards": 0,
      "meet": "014",
      "opponent": "Champs"
    },
    {
      "name": "BramD",
      "stroke": "Freestyle",
      "age": "9-10",
      "gender": "Boys",
      "date": "2002-07-20",
      "time": "16.27",
      "place": "11",
      "team": "Otters",
      "yards": 0,
      "meet": "014",
      "opponent": "Champs"
    },
    {
      "name": "BramD",
      "stroke": "Butterfly",
      "age": "11-12",
      "gender": "Boys",
      "date": "2003-05-10",
      "time": "37.00",
      "place": "3",
      "team": "Otters",
      "yards": 0,
      "meet": "015",
      "opponent": "Trials"
    },
    {
      "name": "BramD",
      "stroke": "Back",
      "age": "11-12",
      "gender": "Boys",
      "date": "2003-05-10",
      "time": "41.00",
      "place": "3",
      "team": "Otters",
      "yards": 0,
      "meet": "015",
      "opponent": "Trials"
    },
    {
      "name": "BramD",
      "stroke": "Breast",
      "age": "11-12",
      "gender": "Boys",
      "date": "2003-05-10",
      "time": "39.77",
      "place": "2",
      "team": "Otters",
      "yards": 0,
      "meet": "015",
      "opponent": "Trials"
    },
    {
      "name": "BramD",
      "stroke": "Freestyle",
      "age": "11-12",
      "gender": "Boys",
      "date": "2003-05-10",
      "time": "33.05",
      "place": "3",
      "team": "Otters",
      "yards": 0,
      "meet": "015",
      "opponent": "Trials"
    },
    {
      "name": "BramD",
      "stroke": "Back",
      "age": "11-12",
      "gender": "Boys",
      "date": "2003-06-009",
      "time": "43.83",
      "place": "5",
      "team": "Otters",
      "yards": 0,
      "meet": "017",
      "opponent": "Shadowbrook"
    },
    {
      "name": "BramD",
      "stroke": "Breast",
      "age": "11-12",
      "gender": "Boys",
      "date": "2003-06-009",
      "time": "39.83",
      "place": "2",
      "team": "Otters",
      "yards": 0,
      "meet": "017",
      "opponent": "Shadowbrook"
    },
    {
      "name": "BramD",
      "stroke": "Freestyle",
      "age": "11-12",
      "gender": "Boys",
      "date": "2003-06-009",
      "time": "33.31",
      "place": "4",
      "team": "Otters",
      "yards": 0,
      "meet": "017",
      "opponent": "Shadowbrook"
    },
    {
      "name": "BramD",
      "stroke": "Butterfly",
      "age": "11-12",
      "gender": "Boys",
      "date": "2003-06-14",
      "time": "NS",
      "place": "--",
      "team": "Otters",
      "yards": 0,
      "meet": "018",
      "opponent": "Pinehurst"
    },
    {
      "name": "BramD",
      "stroke": "Back",
      "age": "11-12",
      "gender": "Boys",
      "date": "2003-06-14",
      "time": "41.53",
      "place": "6",
      "team": "Otters",
      "yards": 0,
      "meet": "018",
      "opponent": "Pinehurst"
    },
    {
      "name": "BramD",
      "stroke": "Breast",
      "age": "11-12",
      "gender": "Boys",
      "date": "2003-06-14",
      "time": "39.91",
      "place": "3",
      "team": "Otters",
      "yards": 0,
      "meet": "018",
      "opponent": "Pinehurst"
    },
    {
      "name": "BramD",
      "stroke": "Freestyle",
      "age": "11-12",
      "gender": "Boys",
      "date": "2003-06-14",
      "time": "32.65",
      "place": "7",
      "team": "Otters",
      "yards": 0,
      "meet": "018",
      "opponent": "Pinehurst"
    },
    {
      "name": "BramD",
      "stroke": "Back",
      "age": "11-12",
      "gender": "Boys",
      "date": "2003-06-21",
      "time": "40.03",
      "place": "2",
      "team": "Otters",
      "yards": 0,
      "meet": "019",
      "opponent": "Crossgates"
    },
    {
      "name": "BramD",
      "stroke": "Breast",
      "age": "11-12",
      "gender": "Boys",
      "date": "2003-06-21",
      "time": "39.89",
      "place": "2",
      "team": "Otters",
      "yards": 0,
      "meet": "019",
      "opponent": "Crossgates"
    },
    {
      "name": "BramD",
      "stroke": "Freestyle",
      "age": "11-12",
      "gender": "Boys",
      "date": "2003-06-21",
      "time": "33.83",
      "place": "2",
      "team": "Otters",
      "yards": 0,
      "meet": "019",
      "opponent": "Crossgates"
    },
    {
      "name": "BramD",
      "stroke": "Back",
      "age": "11-12",
      "gender": "Boys",
      "date": "2003-06-28",
      "time": "41.95",
      "place": "4",
      "team": "Otters",
      "yards": 0,
      "meet": "020",
      "opponent": "Almaden"
    },
    {
      "name": "BramD",
      "stroke": "Breast",
      "age": "11-12",
      "gender": "Boys",
      "date": "2003-06-28",
      "time": "39.29",
      "place": "4",
      "team": "Otters",
      "yards": 0,
      "meet": "020",
      "opponent": "Almaden"
    },
    {
      "name": "BramD",
      "stroke": "Freestyle",
      "age": "11-12",
      "gender": "Boys",
      "date": "2003-06-28",
      "time": "33.69",
      "place": "5",
      "team": "Otters",
      "yards": 0,
      "meet": "020",
      "opponent": "Almaden"
    },
    {
      "name": "BramD",
      "stroke": "Butterfly",
      "age": "11-12",
      "gender": "Boys",
      "date": "2003-07-12",
      "time": "44.28",
      "place": "8",
      "team": "Otters",
      "yards": 0,
      "meet": "021",
      "opponent": "Creekside"
    },
    {
      "name": "BramD",
      "stroke": "Breast",
      "age": "11-12",
      "gender": "Boys",
      "date": "2003-07-12",
      "time": "39.08",
      "place": "3",
      "team": "Otters",
      "yards": 0,
      "meet": "021",
      "opponent": "Creekside"
    },
    {
      "name": "BramD",
      "stroke": "Freestyle",
      "age": "11-12",
      "gender": "Boys",
      "date": "2003-07-12",
      "time": "31.55",
      "place": "7",
      "team": "Otters",
      "yards": 0,
      "meet": "021",
      "opponent": "Creekside"
    },
    {
      "name": "BramD",
      "stroke": "Back",
      "age": "11-12",
      "gender": "Boys",
      "date": "2003-07-19",
      "time": "39.29",
      "place": "11",
      "team": "Otters",
      "yards": 0,
      "meet": "022",
      "opponent": "Champs"
    },
    {
      "name": "BramD",
      "stroke": "Breast",
      "age": "11-12",
      "gender": "Boys",
      "date": "2003-07-19",
      "time": "40.34",
      "place": "7",
      "team": "Otters",
      "yards": 0,
      "meet": "022",
      "opponent": "Champs"
    },
    {
      "name": "BramD",
      "stroke": "Freestyle",
      "age": "11-12",
      "gender": "Boys",
      "date": "2003-07-19",
      "time": "32.35",
      "place": "11",
      "team": "Otters",
      "yards": 0,
      "meet": "022",
      "opponent": "Champs"
    },
    {
      "name": "BramD",
      "stroke": "Butterfly",
      "age": "11-12",
      "gender": "Boys",
      "date": "2004-06-005",
      "time": "34.09",
      "place": "2",
      "team": "Otters",
      "yards": 0,
      "meet": "024",
      "opponent": "Creekside"
    },
    {
      "name": "BramD",
      "stroke": "Back",
      "age": "11-12",
      "gender": "Boys",
      "date": "2004-06-005",
      "time": "35.93",
      "place": "2",
      "team": "Otters",
      "yards": 0,
      "meet": "024",
      "opponent": "Creekside"
    },
    {
      "name": "BramD",
      "stroke": "Freestyle",
      "age": "11-12",
      "gender": "Boys",
      "date": "2004-06-005",
      "time": "29.59",
      "place": "1",
      "team": "Otters",
      "yards": 0,
      "meet": "024",
      "opponent": "Creekside"
    },
    {
      "name": "BramD",
      "stroke": "Butterfly",
      "age": "11-12",
      "gender": "Boys",
      "date": "2004-06-12",
      "time": "34.22",
      "place": "1",
      "team": "Otters",
      "yards": 0,
      "meet": "025",
      "opponent": "Shadowbrook"
    },
    {
      "name": "BramD",
      "stroke": "Breast",
      "age": "11-12",
      "gender": "Boys",
      "date": "2004-06-12",
      "time": "37.77",
      "place": "1",
      "team": "Otters",
      "yards": 0,
      "meet": "025",
      "opponent": "Shadowbrook"
    },
    {
      "name": "BramD",
      "stroke": "Freestyle",
      "age": "11-12",
      "gender": "Boys",
      "date": "2004-06-12",
      "time": "29.25",
      "place": "1",
      "team": "Otters",
      "yards": 0,
      "meet": "025",
      "opponent": "Shadowbrook"
    },
    {
      "name": "BramD",
      "stroke": "Butterfly",
      "age": "11-12",
      "gender": "Boys",
      "date": "2004-06-19",
      "time": "34.46",
      "place": "2",
      "team": "Otters",
      "yards": 0,
      "meet": "026",
      "opponent": "Pinehurst"
    },
    {
      "name": "BramD",
      "stroke": "Breast",
      "age": "11-12",
      "gender": "Boys",
      "date": "2004-06-19",
      "time": "36.37",
      "place": "2",
      "team": "Otters",
      "yards": 0,
      "meet": "026",
      "opponent": "Pinehurst"
    },
    {
      "name": "BramD",
      "stroke": "Freestyle",
      "age": "11-12",
      "gender": "Boys",
      "date": "2004-06-19",
      "time": "29.44",
      "place": "2",
      "team": "Otters",
      "yards": 0,
      "meet": "026",
      "opponent": "Pinehurst"
    },
    {
      "name": "BramD",
      "stroke": "Butterfly",
      "age": "11-12",
      "gender": "Boys",
      "date": "2004-06-26",
      "time": "33.87",
      "place": "2",
      "team": "Otters",
      "yards": 0,
      "meet": "027",
      "opponent": "Crossgates"
    },
    {
      "name": "BramD",
      "stroke": "Breast",
      "age": "11-12",
      "gender": "Boys",
      "date": "2004-06-26",
      "time": "36.93",
      "place": "1",
      "team": "Otters",
      "yards": 0,
      "meet": "027",
      "opponent": "Crossgates"
    },
    {
      "name": "BramD",
      "stroke": "Freestyle",
      "age": "11-12",
      "gender": "Boys",
      "date": "2004-06-26",
      "time": "29.94",
      "place": "2",
      "team": "Otters",
      "yards": 0,
      "meet": "027",
      "opponent": "Crossgates"
    },
    {
      "name": "BramD",
      "stroke": "Butterfly",
      "age": "11-12",
      "gender": "Boys",
      "date": "2004-07-10",
      "time": "33.96",
      "place": "2",
      "team": "Otters",
      "yards": 0,
      "meet": "028",
      "opponent": "Almaden"
    },
    {
      "name": "BramD",
      "stroke": "Breast",
      "age": "11-12",
      "gender": "Boys",
      "date": "2004-07-10",
      "time": "37.71",
      "place": "1",
      "team": "Otters",
      "yards": 0,
      "meet": "028",
      "opponent": "Almaden"
    },
    {
      "name": "BramD",
      "stroke": "Freestyle",
      "age": "11-12",
      "gender": "Boys",
      "date": "2004-07-10",
      "time": "28.96",
      "place": "1",
      "team": "Otters",
      "yards": 0,
      "meet": "028",
      "opponent": "Almaden"
    },
    {
      "name": "BramD",
      "stroke": "Butterfly",
      "age": "11-12",
      "gender": "Boys",
      "date": "2004-07-17",
      "time": "35.02",
      "place": "3",
      "team": "Otters",
      "yards": 0,
      "meet": "029",
      "opponent": "Champs"
    },
    {
      "name": "BramD",
      "stroke": "Breast",
      "age": "11-12",
      "gender": "Boys",
      "date": "2004-07-17",
      "time": "36.11",
      "place": "2",
      "team": "Otters",
      "yards": 0,
      "meet": "029",
      "opponent": "Champs"
    },
    {
      "name": "BramD",
      "stroke": "Freestyle",
      "age": "11-12",
      "gender": "Boys",
      "date": "2004-07-17",
      "time": "29.50",
      "place": "4",
      "team": "Otters",
      "yards": 0,
      "meet": "029",
      "opponent": "Champs"
    }
  ]
}