{
  "scores": [
    {
      "name": "BrennerM",
      "stroke": "Back",
      "age": "6 & Under",
      "gender": "Boys",
      "date": "2012-05-19",
      "time": "1:01.29",
      "place": "4",
      "team": "Otters",
      "yards": 0,
      "meet": "079",
      "opponent": "Trials"
    },
    {
      "name": "BrennerM",
      "stroke": "Freestyle",
      "age": "6 & Under",
      "gender": "Boys",
      "date": "2012-05-19",
      "time": "51.23",
      "place": "2",
      "team": "Otters",
      "yards": 0,
      "meet": "079",
      "opponent": "Trials"
    },
    {
      "name": "BrennerM",
      "stroke": "Back",
      "age": "6 & Under",
      "gender": "Boys",
      "date": "2012-06-002",
      "time": "50.87",
      "place": "6",
      "team": "Otters",
      "yards": 0,
      "meet": "080",
      "opponent": "Pinehurst"
    },
    {
      "name": "BrennerM",
      "stroke": "Freestyle",
      "age": "6 & Under",
      "gender": "Boys",
      "date": "2012-06-002",
      "time": "56.34",
      "place": "9",
      "team": "Otters",
      "yards": 0,
      "meet": "080",
      "opponent": "Pinehurst"
    },
    {
      "name": "BrennerM",
      "stroke": "Back",
      "age": "6 & Under",
      "gender": "Boys",
      "date": "2012-06-009",
      "time": "59.56",
      "place": "5",
      "team": "Otters",
      "yards": 0,
      "meet": "081",
      "opponent": "Crossgates"
    },
    {
      "name": "BrennerM",
      "stroke": "Freestyle",
      "age": "6 & Under",
      "gender": "Boys",
      "date": "2012-06-009",
      "time": "52.22",
      "place": "8",
      "team": "Otters",
      "yards": 0,
      "meet": "081",
      "opponent": "Crossgates"
    },
    {
      "name": "BrennerM",
      "stroke": "Back",
      "age": "6 & Under",
      "gender": "Boys",
      "date": "2012-06-16",
      "time": "50.04",
      "place": "8",
      "team": "Otters",
      "yards": 0,
      "meet": "082",
      "opponent": "Almaden"
    },
    {
      "name": "BrennerM",
      "stroke": "Freestyle",
      "age": "6 & Under",
      "gender": "Boys",
      "date": "2012-06-16",
      "time": "52.98",
      "place": "11",
      "team": "Otters",
      "yards": 0,
      "meet": "082",
      "opponent": "Almaden"
    },
    {
      "name": "BrennerM",
      "stroke": "Back",
      "age": "6 & Under",
      "gender": "Boys",
      "date": "2012-06-23",
      "time": "1:02.85",
      "place": "6",
      "team": "Otters",
      "yards": 0,
      "meet": "083",
      "opponent": "Creekside"
    },
    {
      "name": "BrennerM",
      "stroke": "Freestyle",
      "age": "6 & Under",
      "gender": "Boys",
      "date": "2012-06-23",
      "time": "1:05.38",
      "place": "7",
      "team": "Otters",
      "yards": 0,
      "meet": "083",
      "opponent": "Creekside"
    },
    {
      "name": "BrennerM",
      "stroke": "Back",
      "age": "6 & Under",
      "gender": "Boys",
      "date": "2012-06-30",
      "time": "DQ",
      "place": "--",
      "team": "Otters",
      "yards": 0,
      "meet": "084",
      "opponent": "Shadowbrook"
    },
    {
      "name": "BrennerM",
      "stroke": "Freestyle",
      "age": "6 & Under",
      "gender": "Boys",
      "date": "2012-06-30",
      "time": "43.06",
      "place": "8",
      "team": "Otters",
      "yards": 0,
      "meet": "084",
      "opponent": "Shadowbrook"
    },
    {
      "name": "BrennerM",
      "stroke": "Back",
      "age": "6 & Under",
      "gender": "Boys",
      "date": "2012-07-14",
      "time": "DQ",
      "place": "--",
      "team": "Otters",
      "yards": 0,
      "meet": "085",
      "opponent": "Champs"
    },
    {
      "name": "BrennerM",
      "stroke": "Freestyle",
      "age": "6 & Under",
      "gender": "Boys",
      "date": "2012-07-14",
      "time": "40.98",
      "place": "30",
      "team": "Otters",
      "yards": 0,
      "meet": "085",
      "opponent": "Champs"
    },
    {
      "name": "BrennerM",
      "stroke": "Back",
      "age": "7-8",
      "gender": "Boys",
      "date": "2013-05-18",
      "time": "37.12",
      "place": "18",
      "team": "Otters",
      "yards": 0,
      "meet": "086",
      "opponent": "Trials"
    },
    {
      "name": "BrennerM",
      "stroke": "Freestyle",
      "age": "7-8",
      "gender": "Boys",
      "date": "2013-05-18",
      "time": "33.65",
      "place": "18",
      "team": "Otters",
      "yards": 0,
      "meet": "086",
      "opponent": "Trials"
    },
    {
      "name": "BrennerM",
      "stroke": "Back",
      "age": "7-8",
      "gender": "Boys",
      "date": "2013-06-001",
      "time": "42.07",
      "place": "30",
      "team": "Otters",
      "yards": 0,
      "meet": "087",
      "opponent": "Shadowbrook"
    },
    {
      "name": "BrennerM",
      "stroke": "Freestyle",
      "age": "7-8",
      "gender": "Boys",
      "date": "2013-06-001",
      "time": "36.34",
      "place": "29",
      "team": "Otters",
      "yards": 0,
      "meet": "087",
      "opponent": "Shadowbrook"
    },
    {
      "name": "BrennerM",
      "stroke": "Back",
      "age": "7-8",
      "gender": "Boys",
      "date": "2013-06-22",
      "time": "36.82",
      "place": "22",
      "team": "Otters",
      "yards": 0,
      "meet": "090",
      "opponent": "Almaden"
    },
    {
      "name": "BrennerM",
      "stroke": "Freestyle",
      "age": "7-8",
      "gender": "Boys",
      "date": "2013-06-22",
      "time": "31.47",
      "place": "26",
      "team": "Otters",
      "yards": 0,
      "meet": "090",
      "opponent": "Almaden"
    },
    {
      "name": "BrennerM",
      "stroke": "Back",
      "age": "7-8",
      "gender": "Boys",
      "date": "2013-06-29",
      "time": "31.38",
      "place": "10",
      "team": "Otters",
      "yards": 0,
      "meet": "091",
      "opponent": "Creekside"
    },
    {
      "name": "BrennerM",
      "stroke": "Freestyle",
      "age": "7-8",
      "gender": "Boys",
      "date": "2013-06-29",
      "time": "34.00",
      "place": "20",
      "team": "Otters",
      "yards": 0,
      "meet": "091",
      "opponent": "Creekside"
    },
    {
      "name": "BrennerM",
      "stroke": "Back",
      "age": "7-8",
      "gender": "Boys",
      "date": "2013-07-13",
      "time": "30.65",
      "place": "49",
      "team": "Otters",
      "yards": 0,
      "meet": "092",
      "opponent": "Almaden"
    },
    {
      "name": "BrennerM",
      "stroke": "Freestyle",
      "age": "7-8",
      "gender": "Boys",
      "date": "2013-07-13",
      "time": "29.20",
      "place": "74",
      "team": "Otters",
      "yards": 0,
      "meet": "092",
      "opponent": "Almaden"
    },
    {
      "name": "BrennerM",
      "stroke": "Back",
      "age": "7-8",
      "gender": "Boys",
      "date": "2014-05-17",
      "time": "35.57",
      "place": "11",
      "team": "Otters",
      "yards": 0,
      "meet": "093",
      "opponent": "Trials"
    },
    {
      "name": "BrennerM",
      "stroke": "Breast",
      "age": "8 & Under",
      "gender": "Boys",
      "date": "2014-05-17",
      "time": "53.65",
      "place": "10",
      "team": "Otters",
      "yards": 0,
      "meet": "093",
      "opponent": "Trials"
    },
    {
      "name": "BrennerM",
      "stroke": "Freestyle",
      "age": "7-8",
      "gender": "Boys",
      "date": "2014-05-17",
      "time": "30.17",
      "place": "11",
      "team": "Otters",
      "yards": 0,
      "meet": "093",
      "opponent": "Trials"
    },
    {
      "name": "BrennerM",
      "stroke": "Back",
      "age": "7-8",
      "gender": "Boys",
      "date": "2014-06-14",
      "time": "30.63",
      "place": "8",
      "team": "Otters",
      "yards": 0,
      "meet": "096",
      "opponent": "Pinehurst"
    },
    {
      "name": "BrennerM",
      "stroke": "Breast",
      "age": "8 & Under",
      "gender": "Boys",
      "date": "2014-06-14",
      "time": "37.88",
      "place": "7",
      "team": "Otters",
      "yards": 0,
      "meet": "096",
      "opponent": "Pinehurst"
    },
    {
      "name": "BrennerM",
      "stroke": "Freestyle",
      "age": "7-8",
      "gender": "Boys",
      "date": "2014-06-14",
      "time": "24.57",
      "place": "13",
      "team": "Otters",
      "yards": 0,
      "meet": "096",
      "opponent": "Pinehurst"
    },
    {
      "name": "BrennerM",
      "stroke": "Back",
      "age": "7-8",
      "gender": "Boys",
      "date": "2014-06-21",
      "time": "26.34",
      "place": "7",
      "team": "Otters",
      "yards": 0,
      "meet": "097",
      "opponent": "Crossgates"
    },
    {
      "name": "BrennerM",
      "stroke": "Breast",
      "age": "8 & Under",
      "gender": "Boys",
      "date": "2014-06-21",
      "time": "38.37",
      "place": "9",
      "team": "Otters",
      "yards": 0,
      "meet": "097",
      "opponent": "Crossgates"
    },
    {
      "name": "BrennerM",
      "stroke": "Freestyle",
      "age": "7-8",
      "gender": "Boys",
      "date": "2014-06-21",
      "time": "23.31",
      "place": "9",
      "team": "Otters",
      "yards": 0,
      "meet": "097",
      "opponent": "Crossgates"
    },
    {
      "name": "BrennerM",
      "stroke": "Back",
      "age": "7-8",
      "gender": "Boys",
      "date": "2014-06-28",
      "time": "30.06",
      "place": "11",
      "team": "Otters",
      "yards": 0,
      "meet": "098",
      "opponent": "Almaden"
    },
    {
      "name": "BrennerM",
      "stroke": "Breast",
      "age": "8 & Under",
      "gender": "Boys",
      "date": "2014-06-28",
      "time": "35.75",
      "place": "11",
      "team": "Otters",
      "yards": 0,
      "meet": "098",
      "opponent": "Almaden"
    },
    {
      "name": "BrennerM",
      "stroke": "Freestyle",
      "age": "7-8",
      "gender": "Boys",
      "date": "2014-06-28",
      "time": "24.50",
      "place": "17",
      "team": "Otters",
      "yards": 0,
      "meet": "098",
      "opponent": "Almaden"
    },
    {
      "name": "BrennerM",
      "stroke": "Back",
      "age": "7-8",
      "gender": "Boys",
      "date": "2014-07-12",
      "time": "30.87",
      "place": "41",
      "team": "Otters",
      "yards": 0,
      "meet": "099",
      "opponent": "Champs"
    },
    {
      "name": "BrennerM",
      "stroke": "Breast",
      "age": "8 & Under",
      "gender": "Boys",
      "date": "2014-07-12",
      "time": "36.02",
      "place": "29",
      "team": "Otters",
      "yards": 0,
      "meet": "099",
      "opponent": "Champs"
    },
    {
      "name": "BrennerM",
      "stroke": "Freestyle",
      "age": "7-8",
      "gender": "Boys",
      "date": "2014-07-12",
      "time": "26.20",
      "place": "59",
      "team": "Otters",
      "yards": 0,
      "meet": "099",
      "opponent": "Champs"
    },
    {
      "name": "BrennerM",
      "stroke": "Back",
      "age": "9-10",
      "gender": "Boys",
      "date": "2015-05-31",
      "time": "31.99",
      "place": "15",
      "team": "Otters",
      "yards": 0,
      "meet": "100",
      "opponent": "Trials"
    },
    {
      "name": "BrennerM",
      "stroke": "Breast",
      "age": "9-10",
      "gender": "Boys",
      "date": "2015-05-31",
      "time": "39.43",
      "place": "14",
      "team": "Otters",
      "yards": 0,
      "meet": "100",
      "opponent": "Trials"
    },
    {
      "name": "BrennerM",
      "stroke": "Freestyle",
      "age": "9-10",
      "gender": "Boys",
      "date": "2015-05-31",
      "time": "24.37",
      "place": "12",
      "team": "Otters",
      "yards": 0,
      "meet": "100",
      "opponent": "Trials"
    },
    {
      "name": "BrennerM",
      "stroke": "Back",
      "age": "9-10",
      "gender": "Boys",
      "date": "2015-06-006",
      "time": "26.01",
      "place": "9",
      "team": "Otters",
      "yards": 0,
      "meet": "102",
      "opponent": "Creekside"
    },
    {
      "name": "BrennerM",
      "stroke": "Breast",
      "age": "9-10",
      "gender": "Boys",
      "date": "2015-06-006",
      "time": "32.71",
      "place": "11",
      "team": "Otters",
      "yards": 0,
      "meet": "102",
      "opponent": "Creekside"
    },
    {
      "name": "BrennerM",
      "stroke": "Freestyle",
      "age": "9-10",
      "gender": "Boys",
      "date": "2015-06-006",
      "time": "21.91",
      "place": "17",
      "team": "Otters",
      "yards": 0,
      "meet": "102",
      "opponent": "Creekside"
    },
    {
      "name": "BrennerM",
      "stroke": "Back",
      "age": "9-10",
      "gender": "Boys",
      "date": "2015-06-13",
      "time": "28.72",
      "place": "27",
      "team": "Otters",
      "yards": 0,
      "meet": "103",
      "opponent": "Shadowbrook"
    },
    {
      "name": "BrennerM",
      "stroke": "Breast",
      "age": "9-10",
      "gender": "Boys",
      "date": "2015-06-13",
      "time": "33.85",
      "place": "13",
      "team": "Otters",
      "yards": 0,
      "meet": "103",
      "opponent": "Shadowbrook"
    },
    {
      "name": "BrennerM",
      "stroke": "Freestyle",
      "age": "9-10",
      "gender": "Boys",
      "date": "2015-06-13",
      "time": "22.70",
      "place": "32",
      "team": "Otters",
      "yards": 0,
      "meet": "103",
      "opponent": "Shadowbrook"
    },
    {
      "name": "BrennerM",
      "stroke": "Back",
      "age": "9-10",
      "gender": "Boys",
      "date": "2015-06-20",
      "time": "28.85",
      "place": "20",
      "team": "Otters",
      "yards": 0,
      "meet": "104",
      "opponent": "Pinehurst"
    },
    {
      "name": "BrennerM",
      "stroke": "Breast",
      "age": "9-10",
      "gender": "Boys",
      "date": "2015-06-20",
      "time": "32.43",
      "place": "15",
      "team": "Otters",
      "yards": 0,
      "meet": "104",
      "opponent": "Pinehurst"
    },
    {
      "name": "BrennerM",
      "stroke": "Freestyle",
      "age": "9-10",
      "gender": "Boys",
      "date": "2015-06-20",
      "time": "22.32",
      "place": "28",
      "team": "Otters",
      "yards": 0,
      "meet": "104",
      "opponent": "Pinehurst"
    },
    {
      "name": "BrennerM",
      "stroke": "Back",
      "age": "9-10",
      "gender": "Boys",
      "date": "2015-06-27",
      "time": "27.71",
      "place": "15",
      "team": "Otters",
      "yards": 0,
      "meet": "105",
      "opponent": "Crossgates"
    },
    {
      "name": "BrennerM",
      "stroke": "Breast",
      "age": "9-10",
      "gender": "Boys",
      "date": "2015-06-27",
      "time": "33.02",
      "place": "12",
      "team": "Otters",
      "yards": 0,
      "meet": "105",
      "opponent": "Crossgates"
    },
    {
      "name": "BrennerM",
      "stroke": "Freestyle",
      "age": "9-10",
      "gender": "Boys",
      "date": "2015-06-27",
      "time": "22.01",
      "place": "22",
      "team": "Otters",
      "yards": 0,
      "meet": "105",
      "opponent": "Crossgates"
    },
    {
      "name": "BrennerM",
      "stroke": "Back",
      "age": "9-10",
      "gender": "Boys",
      "date": "2015-07-11",
      "time": "27.57",
      "place": "56",
      "team": "Otters",
      "yards": 0,
      "meet": "106",
      "opponent": "Champs"
    },
    {
      "name": "BrennerM",
      "stroke": "Breast",
      "age": "9-10",
      "gender": "Boys",
      "date": "2015-07-11",
      "time": "33.34",
      "place": "38",
      "team": "Otters",
      "yards": 0,
      "meet": "106",
      "opponent": "Champs"
    },
    {
      "name": "BrennerM",
      "stroke": "Freestyle",
      "age": "9-10",
      "gender": "Boys",
      "date": "2015-07-11",
      "time": "25.43",
      "place": "85",
      "team": "Otters",
      "yards": 0,
      "meet": "106",
      "opponent": "Champs"
    }
  ]
}