{
  "scores": [
    {
      "name": "BrennaO",
      "stroke": "Back",
      "age": "6 & Under",
      "gender": "Girls",
      "date": "2013-05-18",
      "time": "39.09",
      "place": "4",
      "team": "Otters",
      "yards": 0,
      "meet": "086",
      "opponent": "Trials"
    },
    {
      "name": "BrennaO",
      "stroke": "Freestyle",
      "age": "6 & Under",
      "gender": "Girls",
      "date": "2013-05-18",
      "time": "42.06",
      "place": "6",
      "team": "Otters",
      "yards": 0,
      "meet": "086",
      "opponent": "Trials"
    },
    {
      "name": "BrennaO",
      "stroke": "Back",
      "age": "6 & Under",
      "gender": "Girls",
      "date": "2013-06-001",
      "time": "50.39",
      "place": "5",
      "team": "Otters",
      "yards": 0,
      "meet": "087",
      "opponent": "Shadowbrook"
    },
    {
      "name": "BrennaO",
      "stroke": "Freestyle",
      "age": "6 & Under",
      "gender": "Girls",
      "date": "2013-06-001",
      "time": "37.69",
      "place": "6",
      "team": "Otters",
      "yards": 0,
      "meet": "087",
      "opponent": "Shadowbrook"
    },
    {
      "name": "BrennaO",
      "stroke": "Back",
      "age": "6 & Under",
      "gender": "Girls",
      "date": "2013-06-008",
      "time": "39.66",
      "place": "5",
      "team": "Otters",
      "yards": 0,
      "meet": "088",
      "opponent": "Pinehurst"
    },
    {
      "name": "BrennaO",
      "stroke": "Freestyle",
      "age": "6 & Under",
      "gender": "Girls",
      "date": "2013-06-008",
      "time": "46.67",
      "place": "10",
      "team": "Otters",
      "yards": 0,
      "meet": "088",
      "opponent": "Pinehurst"
    },
    {
      "name": "BrennaO",
      "stroke": "Back",
      "age": "6 & Under",
      "gender": "Girls",
      "date": "2013-06-15",
      "time": "38.29",
      "place": "4",
      "team": "Otters",
      "yards": 0,
      "meet": "089",
      "opponent": "Crossgates"
    },
    {
      "name": "BrennaO",
      "stroke": "Freestyle",
      "age": "6 & Under",
      "gender": "Girls",
      "date": "2013-06-15",
      "time": "37.06",
      "place": "4",
      "team": "Otters",
      "yards": 0,
      "meet": "089",
      "opponent": "Crossgates"
    },
    {
      "name": "BrennaO",
      "stroke": "Back",
      "age": "6 & Under",
      "gender": "Girls",
      "date": "2013-06-22",
      "time": "34.57",
      "place": "5",
      "team": "Otters",
      "yards": 0,
      "meet": "090",
      "opponent": "Almaden"
    },
    {
      "name": "BrennaO",
      "stroke": "Freestyle",
      "age": "6 & Under",
      "gender": "Girls",
      "date": "2013-06-22",
      "time": "32.25",
      "place": "4",
      "team": "Otters",
      "yards": 0,
      "meet": "090",
      "opponent": "Almaden"
    },
    {
      "name": "BrennaO",
      "stroke": "Back",
      "age": "6 & Under",
      "gender": "Girls",
      "date": "2013-07-13",
      "time": "30.25",
      "place": "9",
      "team": "Otters",
      "yards": 0,
      "meet": "092",
      "opponent": "Almaden"
    },
    {
      "name": "BrennaO",
      "stroke": "Freestyle",
      "age": "6 & Under",
      "gender": "Girls",
      "date": "2013-07-13",
      "time": "32.00",
      "place": "20",
      "team": "Otters",
      "yards": 0,
      "meet": "092",
      "opponent": "Almaden"
    },
    {
      "name": "BrennaO",
      "stroke": "Butterfly",
      "age": "8 & Under",
      "gender": "Girls",
      "date": "2014-05-17",
      "time": "28.77",
      "place": "5",
      "team": "Otters",
      "yards": 0,
      "meet": "093",
      "opponent": "Trials"
    },
    {
      "name": "BrennaO",
      "stroke": "Back",
      "age": "7-8",
      "gender": "Girls",
      "date": "2014-05-17",
      "time": "26.77",
      "place": "5",
      "team": "Otters",
      "yards": 0,
      "meet": "093",
      "opponent": "Trials"
    },
    {
      "name": "BrennaO",
      "stroke": "Breast",
      "age": "8 & Under",
      "gender": "Girls",
      "date": "2014-05-17",
      "time": "37.48",
      "place": "7",
      "team": "Otters",
      "yards": 0,
      "meet": "093",
      "opponent": "Trials"
    },
    {
      "name": "BrennaO",
      "stroke": "Freestyle",
      "age": "7-8",
      "gender": "Girls",
      "date": "2014-05-17",
      "time": "28.51",
      "place": "8",
      "team": "Otters",
      "yards": 0,
      "meet": "093",
      "opponent": "Trials"
    },
    {
      "name": "BrennaO",
      "stroke": "Butterfly",
      "age": "8 & Under",
      "gender": "Girls",
      "date": "2014-06-007",
      "time": "30.64",
      "place": "6",
      "team": "Otters",
      "yards": 0,
      "meet": "095",
      "opponent": "Shadowbrook"
    },
    {
      "name": "BrennaO",
      "stroke": "Back",
      "age": "7-8",
      "gender": "Girls",
      "date": "2014-06-007",
      "time": "25.27",
      "place": "3",
      "team": "Otters",
      "yards": 0,
      "meet": "095",
      "opponent": "Shadowbrook"
    },
    {
      "name": "BrennaO",
      "stroke": "Freestyle",
      "age": "7-8",
      "gender": "Girls",
      "date": "2014-06-007",
      "time": "25.93",
      "place": "10",
      "team": "Otters",
      "yards": 0,
      "meet": "095",
      "opponent": "Shadowbrook"
    },
    {
      "name": "BrennaO",
      "stroke": "Butterfly",
      "age": "8 & Under",
      "gender": "Girls",
      "date": "2014-06-14",
      "time": "DQ",
      "place": "--",
      "team": "Otters",
      "yards": 0,
      "meet": "096",
      "opponent": "Pinehurst"
    },
    {
      "name": "BrennaO",
      "stroke": "Back",
      "age": "7-8",
      "gender": "Girls",
      "date": "2014-06-14",
      "time": "26.72",
      "place": "10",
      "team": "Otters",
      "yards": 0,
      "meet": "096",
      "opponent": "Pinehurst"
    },
    {
      "name": "BrennaO",
      "stroke": "Freestyle",
      "age": "7-8",
      "gender": "Girls",
      "date": "2014-06-14",
      "time": "27.28",
      "place": "20",
      "team": "Otters",
      "yards": 0,
      "meet": "096",
      "opponent": "Pinehurst"
    },
    {
      "name": "BrennaO",
      "stroke": "Back",
      "age": "7-8",
      "gender": "Girls",
      "date": "2014-07-12",
      "time": "25.88",
      "place": "20",
      "team": "Otters",
      "yards": 0,
      "meet": "099",
      "opponent": "Champs"
    },
    {
      "name": "BrennaO",
      "stroke": "Breast",
      "age": "8 & Under",
      "gender": "Girls",
      "date": "2014-07-12",
      "time": "DQ",
      "place": "--",
      "team": "Otters",
      "yards": 0,
      "meet": "099",
      "opponent": "Champs"
    },
    {
      "name": "BrennaO",
      "stroke": "Freestyle",
      "age": "7-8",
      "gender": "Girls",
      "date": "2014-07-12",
      "time": "24.41",
      "place": "45",
      "team": "Otters",
      "yards": 0,
      "meet": "099",
      "opponent": "Champs"
    },
    {
      "name": "BrennaO",
      "stroke": "Butterfly",
      "age": "8 & Under",
      "gender": "Girls",
      "date": "2015-05-31",
      "time": "24.57",
      "place": "1",
      "team": "Otters",
      "yards": 0,
      "meet": "100",
      "opponent": "Trials"
    },
    {
      "name": "BrennaO",
      "stroke": "Back",
      "age": "7-8",
      "gender": "Girls",
      "date": "2015-05-31",
      "time": "23.77",
      "place": "2",
      "team": "Otters",
      "yards": 0,
      "meet": "100",
      "opponent": "Trials"
    },
    {
      "name": "BrennaO",
      "stroke": "Breast",
      "age": "7-8",
      "gender": "Girls",
      "date": "2015-05-31",
      "time": "32.30",
      "place": "5",
      "team": "Otters",
      "yards": 0,
      "meet": "100",
      "opponent": "Trials"
    },
    {
      "name": "BrennaO",
      "stroke": "Freestyle",
      "age": "7-8",
      "gender": "Girls",
      "date": "2015-05-31",
      "time": "21.41",
      "place": "3",
      "team": "Otters",
      "yards": 0,
      "meet": "100",
      "opponent": "Trials"
    },
    {
      "name": "BrennaO",
      "stroke": "Butterfly",
      "age": "8 & Under",
      "gender": "Girls",
      "date": "2015-05-30",
      "time": "26.53",
      "place": "5",
      "team": "Otters",
      "yards": 0,
      "meet": "101",
      "opponent": "Almaden"
    },
    {
      "name": "BrennaO",
      "stroke": "Back",
      "age": "7-8",
      "gender": "Girls",
      "date": "2015-05-30",
      "time": "24.47",
      "place": "4",
      "team": "Otters",
      "yards": 0,
      "meet": "101",
      "opponent": "Almaden"
    },
    {
      "name": "BrennaO",
      "stroke": "Freestyle",
      "age": "7-8",
      "gender": "Girls",
      "date": "2015-05-30",
      "time": "20.78",
      "place": "7",
      "team": "Otters",
      "yards": 0,
      "meet": "101",
      "opponent": "Almaden"
    },
    {
      "name": "BrennaO",
      "stroke": "Butterfly",
      "age": "8 & Under",
      "gender": "Girls",
      "date": "2015-06-006",
      "time": "24.78",
      "place": "2",
      "team": "Otters",
      "yards": 0,
      "meet": "102",
      "opponent": "Creekside"
    },
    {
      "name": "BrennaO",
      "stroke": "Back",
      "age": "7-8",
      "gender": "Girls",
      "date": "2015-06-006",
      "time": "24.43",
      "place": "3",
      "team": "Otters",
      "yards": 0,
      "meet": "102",
      "opponent": "Creekside"
    },
    {
      "name": "BrennaO",
      "stroke": "Freestyle",
      "age": "7-8",
      "gender": "Girls",
      "date": "2015-06-006",
      "time": "23.97",
      "place": "11",
      "team": "Otters",
      "yards": 0,
      "meet": "102",
      "opponent": "Creekside"
    },
    {
      "name": "BrennaO",
      "stroke": "Butterfly",
      "age": "8 & Under",
      "gender": "Girls",
      "date": "2015-06-13",
      "time": "25.15",
      "place": "4",
      "team": "Otters",
      "yards": 0,
      "meet": "103",
      "opponent": "Shadowbrook"
    },
    {
      "name": "BrennaO",
      "stroke": "Back",
      "age": "7-8",
      "gender": "Girls",
      "date": "2015-06-13",
      "time": "23.57",
      "place": "3",
      "team": "Otters",
      "yards": 0,
      "meet": "103",
      "opponent": "Shadowbrook"
    },
    {
      "name": "BrennaO",
      "stroke": "Freestyle",
      "age": "7-8",
      "gender": "Girls",
      "date": "2015-06-13",
      "time": "20.69",
      "place": "10",
      "team": "Otters",
      "yards": 0,
      "meet": "103",
      "opponent": "Shadowbrook"
    },
    {
      "name": "BrennaO",
      "stroke": "Butterfly",
      "age": "8 & Under",
      "gender": "Girls",
      "date": "2015-06-27",
      "time": "24.29",
      "place": "3",
      "team": "Otters",
      "yards": 0,
      "meet": "105",
      "opponent": "Crossgates"
    },
    {
      "name": "BrennaO",
      "stroke": "Back",
      "age": "7-8",
      "gender": "Girls",
      "date": "2015-06-27",
      "time": "24.28",
      "place": "6",
      "team": "Otters",
      "yards": 0,
      "meet": "105",
      "opponent": "Crossgates"
    },
    {
      "name": "BrennaO",
      "stroke": "Freestyle",
      "age": "7-8",
      "gender": "Girls",
      "date": "2015-06-27",
      "time": "19.83",
      "place": "4",
      "team": "Otters",
      "yards": 0,
      "meet": "105",
      "opponent": "Crossgates"
    },
    {
      "name": "BrennaO",
      "stroke": "Butterfly",
      "age": "8 & Under",
      "gender": "Girls",
      "date": "2015-07-11",
      "time": "23.66",
      "place": "11",
      "team": "Otters",
      "yards": 0,
      "meet": "106",
      "opponent": "Champs"
    },
    {
      "name": "BrennaO",
      "stroke": "Back",
      "age": "7-8",
      "gender": "Girls",
      "date": "2015-07-11",
      "time": "23.76",
      "place": "8",
      "team": "Otters",
      "yards": 0,
      "meet": "106",
      "opponent": "Champs"
    },
    {
      "name": "BrennaO",
      "stroke": "Freestyle",
      "age": "7-8",
      "gender": "Girls",
      "date": "2015-07-11",
      "time": "23.46",
      "place": "43",
      "team": "Otters",
      "yards": 0,
      "meet": "106",
      "opponent": "Champs"
    },
    {
      "name": "BrennaO",
      "stroke": "Butterfly",
      "age": "9-10",
      "gender": "Girls",
      "date": "2016-05-20",
      "time": "20.93",
      "place": "11",
      "team": "Otters",
      "yards": 0,
      "meet": "107",
      "opponent": "Trials"
    },
    {
      "name": "BrennaO",
      "stroke": "Back",
      "age": "9-10",
      "gender": "Girls",
      "date": "2016-05-20",
      "time": "23.73",
      "place": "16",
      "team": "Otters",
      "yards": 0,
      "meet": "107",
      "opponent": "Trials"
    },
    {
      "name": "BrennaO",
      "stroke": "Breast",
      "age": "9-10",
      "gender": "Girls",
      "date": "2016-05-20",
      "time": "30.66",
      "place": "17",
      "team": "Otters",
      "yards": 0,
      "meet": "107",
      "opponent": "Trials"
    },
    {
      "name": "BrennaO",
      "stroke": "Freestyle",
      "age": "9-10",
      "gender": "Girls",
      "date": "2016-05-20",
      "time": "20.90",
      "place": "17",
      "team": "Otters",
      "yards": 0,
      "meet": "107",
      "opponent": "Trials"
    }
  ]
}