{
  "scores": [
    {
      "name": "BriannaF",
      "stroke": "Butterfly",
      "age": "13-14",
      "gender": "Girls",
      "date": "2011-05-21",
      "time": "55.38",
      "place": "13",
      "team": "Otters",
      "yards": 0,
      "meet": "072",
      "opponent": "Trials"
    },
    {
      "name": "BriannaF",
      "stroke": "Back",
      "age": "13-14",
      "gender": "Girls",
      "date": "2011-05-21",
      "time": "57.65",
      "place": "14",
      "team": "Otters",
      "yards": 0,
      "meet": "072",
      "opponent": "Trials"
    },
    {
      "name": "BriannaF",
      "stroke": "Breast",
      "age": "13-14",
      "gender": "Girls",
      "date": "2011-05-21",
      "time": "58.90",
      "place": "12",
      "team": "Otters",
      "yards": 0,
      "meet": "072",
      "opponent": "Trials"
    },
    {
      "name": "BriannaF",
      "stroke": "Freestyle",
      "age": "13-14",
      "gender": "Girls",
      "date": "2011-05-21",
      "time": "44.24",
      "place": "13",
      "team": "Otters",
      "yards": 0,
      "meet": "072",
      "opponent": "Trials"
    },
    {
      "name": "BriannaF",
      "stroke": "Back",
      "age": "13-14",
      "gender": "Girls",
      "date": "2011-06-004",
      "time": "DQ",
      "place": "--",
      "team": "Otters",
      "yards": 0,
      "meet": "073",
      "opponent": "Crossgates"
    },
    {
      "name": "BriannaF",
      "stroke": "Breast",
      "age": "13-14",
      "gender": "Girls",
      "date": "2011-06-004",
      "time": "58.10",
      "place": "17",
      "team": "Otters",
      "yards": 0,
      "meet": "073",
      "opponent": "Crossgates"
    },
    {
      "name": "BriannaF",
      "stroke": "Freestyle",
      "age": "13-14",
      "gender": "Girls",
      "date": "2011-06-004",
      "time": "43.71",
      "place": "22",
      "team": "Otters",
      "yards": 0,
      "meet": "073",
      "opponent": "Crossgates"
    },
    {
      "name": "BriannaF",
      "stroke": "Butterfly",
      "age": "13-14",
      "gender": "Girls",
      "date": "2011-06-11",
      "time": "DQ",
      "place": "--",
      "team": "Otters",
      "yards": 0,
      "meet": "074",
      "opponent": "Almaden"
    },
    {
      "name": "BriannaF",
      "stroke": "Breast",
      "age": "13-14",
      "gender": "Girls",
      "date": "2011-06-11",
      "time": "DQ",
      "place": "--",
      "team": "Otters",
      "yards": 0,
      "meet": "074",
      "opponent": "Almaden"
    },
    {
      "name": "BriannaF",
      "stroke": "Freestyle",
      "age": "13-14",
      "gender": "Girls",
      "date": "2011-06-11",
      "time": "42.16",
      "place": "24",
      "team": "Otters",
      "yards": 0,
      "meet": "074",
      "opponent": "Almaden"
    },
    {
      "name": "BriannaF",
      "stroke": "Butterfly",
      "age": "13-14",
      "gender": "Girls",
      "date": "2011-06-18",
      "time": "DQ",
      "place": "--",
      "team": "Otters",
      "yards": 0,
      "meet": "075",
      "opponent": "Creekside"
    },
    {
      "name": "BriannaF",
      "stroke": "Breast",
      "age": "13-14",
      "gender": "Girls",
      "date": "2011-06-18",
      "time": "DQ",
      "place": "--",
      "team": "Otters",
      "yards": 0,
      "meet": "075",
      "opponent": "Creekside"
    },
    {
      "name": "BriannaF",
      "stroke": "Freestyle",
      "age": "13-14",
      "gender": "Girls",
      "date": "2011-06-18",
      "time": "41.13",
      "place": "18",
      "team": "Otters",
      "yards": 0,
      "meet": "075",
      "opponent": "Creekside"
    },
    {
      "name": "BriannaF",
      "stroke": "Butterfly",
      "age": "13-14",
      "gender": "Girls",
      "date": "2011-06-25",
      "time": "DQ",
      "place": "--",
      "team": "Otters",
      "yards": 0,
      "meet": "076",
      "opponent": "Shadowbrook"
    },
    {
      "name": "BriannaF",
      "stroke": "Back",
      "age": "13-14",
      "gender": "Girls",
      "date": "2011-06-25",
      "time": "DQ",
      "place": "--",
      "team": "Otters",
      "yards": 0,
      "meet": "076",
      "opponent": "Shadowbrook"
    },
    {
      "name": "BriannaF",
      "stroke": "Freestyle",
      "age": "13-14",
      "gender": "Girls",
      "date": "2011-06-25",
      "time": "39.95",
      "place": "16",
      "team": "Otters",
      "yards": 0,
      "meet": "076",
      "opponent": "Shadowbrook"
    },
    {
      "name": "BriannaF",
      "stroke": "Back",
      "age": "13-14",
      "gender": "Girls",
      "date": "2011-07-009",
      "time": "DQ",
      "place": "--",
      "team": "Otters",
      "yards": 0,
      "meet": "077",
      "opponent": "Pinehurst"
    },
    {
      "name": "BriannaF",
      "stroke": "Breast",
      "age": "13-14",
      "gender": "Girls",
      "date": "2011-07-009",
      "time": "57.83",
      "place": "9",
      "team": "Otters",
      "yards": 0,
      "meet": "077",
      "opponent": "Pinehurst"
    },
    {
      "name": "BriannaF",
      "stroke": "Freestyle",
      "age": "13-14",
      "gender": "Girls",
      "date": "2011-07-009",
      "time": "37.73",
      "place": "10",
      "team": "Otters",
      "yards": 0,
      "meet": "077",
      "opponent": "Pinehurst"
    },
    {
      "name": "BriannaF",
      "stroke": "Back",
      "age": "13-14",
      "gender": "Girls",
      "date": "2011-07-16",
      "time": "52.06",
      "place": "47",
      "team": "Otters",
      "yards": 0,
      "meet": "078",
      "opponent": "Champs"
    },
    {
      "name": "BriannaF",
      "stroke": "Breast",
      "age": "13-14",
      "gender": "Girls",
      "date": "2011-07-16",
      "time": "DQ",
      "place": "--",
      "team": "Otters",
      "yards": 0,
      "meet": "078",
      "opponent": "Champs"
    },
    {
      "name": "BriannaF",
      "stroke": "Freestyle",
      "age": "13-14",
      "gender": "Girls",
      "date": "2011-07-16",
      "time": "39.58",
      "place": "66",
      "team": "Otters",
      "yards": 0,
      "meet": "078",
      "opponent": "Champs"
    },
    {
      "name": "BriannaF",
      "stroke": "Butterfly",
      "age": "13-14",
      "gender": "Girls",
      "date": "2012-05-19",
      "time": "53.37",
      "place": "9",
      "team": "Otters",
      "yards": 0,
      "meet": "079",
      "opponent": "Trials"
    },
    {
      "name": "BriannaF",
      "stroke": "Back",
      "age": "13-14",
      "gender": "Girls",
      "date": "2012-05-19",
      "time": "49.17",
      "place": "12",
      "team": "Otters",
      "yards": 0,
      "meet": "079",
      "opponent": "Trials"
    },
    {
      "name": "BriannaF",
      "stroke": "Breast",
      "age": "13-14",
      "gender": "Girls",
      "date": "2012-05-19",
      "time": "54.72",
      "place": "12",
      "team": "Otters",
      "yards": 0,
      "meet": "079",
      "opponent": "Trials"
    },
    {
      "name": "BriannaF",
      "stroke": "Freestyle",
      "age": "13-14",
      "gender": "Girls",
      "date": "2012-05-19",
      "time": "38.86",
      "place": "13",
      "team": "Otters",
      "yards": 0,
      "meet": "079",
      "opponent": "Trials"
    },
    {
      "name": "BriannaF",
      "stroke": "Back",
      "age": "13-14",
      "gender": "Girls",
      "date": "2012-06-002",
      "time": "48.43",
      "place": "12",
      "team": "Otters",
      "yards": 0,
      "meet": "080",
      "opponent": "Pinehurst"
    },
    {
      "name": "BriannaF",
      "stroke": "Breast",
      "age": "13-14",
      "gender": "Girls",
      "date": "2012-06-002",
      "time": "56.20",
      "place": "13",
      "team": "Otters",
      "yards": 0,
      "meet": "080",
      "opponent": "Pinehurst"
    },
    {
      "name": "BriannaF",
      "stroke": "Freestyle",
      "age": "13-14",
      "gender": "Girls",
      "date": "2012-06-002",
      "time": "37.83",
      "place": "14",
      "team": "Otters",
      "yards": 0,
      "meet": "080",
      "opponent": "Pinehurst"
    },
    {
      "name": "BriannaF",
      "stroke": "Back",
      "age": "13-14",
      "gender": "Girls",
      "date": "2012-06-009",
      "time": "47.85",
      "place": "12",
      "team": "Otters",
      "yards": 0,
      "meet": "081",
      "opponent": "Crossgates"
    },
    {
      "name": "BriannaF",
      "stroke": "Breast",
      "age": "13-14",
      "gender": "Girls",
      "date": "2012-06-009",
      "time": "57.31",
      "place": "18",
      "team": "Otters",
      "yards": 0,
      "meet": "081",
      "opponent": "Crossgates"
    },
    {
      "name": "BriannaF",
      "stroke": "Freestyle",
      "age": "13-14",
      "gender": "Girls",
      "date": "2012-06-009",
      "time": "38.88",
      "place": "22",
      "team": "Otters",
      "yards": 0,
      "meet": "081",
      "opponent": "Crossgates"
    },
    {
      "name": "BriannaF",
      "stroke": "Back",
      "age": "13-14",
      "gender": "Girls",
      "date": "2012-06-16",
      "time": "49.83",
      "place": "12",
      "team": "Otters",
      "yards": 0,
      "meet": "082",
      "opponent": "Almaden"
    },
    {
      "name": "BriannaF",
      "stroke": "Breast",
      "age": "13-14",
      "gender": "Girls",
      "date": "2012-06-16",
      "time": "55.64",
      "place": "14",
      "team": "Otters",
      "yards": 0,
      "meet": "082",
      "opponent": "Almaden"
    },
    {
      "name": "BriannaF",
      "stroke": "Freestyle",
      "age": "13-14",
      "gender": "Girls",
      "date": "2012-06-16",
      "time": "37.16",
      "place": "18",
      "team": "Otters",
      "yards": 0,
      "meet": "082",
      "opponent": "Almaden"
    },
    {
      "name": "BriannaF",
      "stroke": "Breast",
      "age": "13-14",
      "gender": "Girls",
      "date": "2012-06-23",
      "time": "54.88",
      "place": "11",
      "team": "Otters",
      "yards": 0,
      "meet": "083",
      "opponent": "Creekside"
    },
    {
      "name": "BriannaF",
      "stroke": "Freestyle",
      "age": "13-14",
      "gender": "Girls",
      "date": "2012-06-23",
      "time": "36.06",
      "place": "10",
      "team": "Otters",
      "yards": 0,
      "meet": "083",
      "opponent": "Creekside"
    },
    {
      "name": "BriannaF",
      "stroke": "Back",
      "age": "13-14",
      "gender": "Girls",
      "date": "2012-07-14",
      "time": "DQ",
      "place": "--",
      "team": "Otters",
      "yards": 0,
      "meet": "085",
      "opponent": "Champs"
    },
    {
      "name": "BriannaF",
      "stroke": "Breast",
      "age": "13-14",
      "gender": "Girls",
      "date": "2012-07-14",
      "time": "53.54",
      "place": "27",
      "team": "Otters",
      "yards": 0,
      "meet": "085",
      "opponent": "Champs"
    },
    {
      "name": "BriannaF",
      "stroke": "Freestyle",
      "age": "13-14",
      "gender": "Girls",
      "date": "2012-07-14",
      "time": "38.78",
      "place": "53",
      "team": "Otters",
      "yards": 0,
      "meet": "085",
      "opponent": "Champs"
    }
  ]
}