{
  "scores": [
    {
      "name": "BriannaH",
      "stroke": "Freestyle",
      "age": "6 & Under",
      "gender": "Girls",
      "date": "2007-06-002",
      "time": "38.51",
      "place": "9",
      "team": "Otters",
      "yards": 0,
      "meet": "044",
      "opponent": "Trials"
    },
    {
      "name": "BriannaH",
      "stroke": "Back",
      "age": "6 & Under",
      "gender": "Girls",
      "date": "2007-06-009",
      "time": "DQ",
      "place": "--",
      "team": "Otters",
      "yards": 0,
      "meet": "045",
      "opponent": "Pinehurst"
    },
    {
      "name": "BriannaH",
      "stroke": "Freestyle",
      "age": "6 & Under",
      "gender": "Girls",
      "date": "2007-06-009",
      "time": "37.59",
      "place": "7",
      "team": "Otters",
      "yards": 0,
      "meet": "045",
      "opponent": "Pinehurst"
    },
    {
      "name": "BriannaH",
      "stroke": "Back",
      "age": "6 & Under",
      "gender": "Girls",
      "date": "2007-06-16",
      "time": "40.31",
      "place": "10",
      "team": "Otters",
      "yards": 0,
      "meet": "046",
      "opponent": "Crossgates"
    },
    {
      "name": "BriannaH",
      "stroke": "Freestyle",
      "age": "6 & Under",
      "gender": "Girls",
      "date": "2007-06-16",
      "time": "38.59",
      "place": "14",
      "team": "Otters",
      "yards": 0,
      "meet": "046",
      "opponent": "Crossgates"
    },
    {
      "name": "BriannaH",
      "stroke": "Back",
      "age": "6 & Under",
      "gender": "Girls",
      "date": "2007-06-23",
      "time": "42.68",
      "place": "6",
      "team": "Otters",
      "yards": 0,
      "meet": "047",
      "opponent": "Almaden"
    },
    {
      "name": "BriannaH",
      "stroke": "Freestyle",
      "age": "6 & Under",
      "gender": "Girls",
      "date": "2007-06-23",
      "time": "36.11",
      "place": "7",
      "team": "Otters",
      "yards": 0,
      "meet": "047",
      "opponent": "Almaden"
    },
    {
      "name": "BriannaH",
      "stroke": "Back",
      "age": "6 & Under",
      "gender": "Girls",
      "date": "2007-06-30",
      "time": "37.82",
      "place": "12",
      "team": "Otters",
      "yards": 0,
      "meet": "048",
      "opponent": "Creekside"
    },
    {
      "name": "BriannaH",
      "stroke": "Freestyle",
      "age": "6 & Under",
      "gender": "Girls",
      "date": "2007-06-30",
      "time": "31.69",
      "place": "9",
      "team": "Otters",
      "yards": 0,
      "meet": "048",
      "opponent": "Creekside"
    },
    {
      "name": "BriannaH",
      "stroke": "Back",
      "age": "6 & Under",
      "gender": "Girls",
      "date": "2007-07-14",
      "time": "DQ",
      "place": "--",
      "team": "Otters",
      "yards": 0,
      "meet": "050",
      "opponent": "Champs"
    },
    {
      "name": "BriannaH",
      "stroke": "Freestyle",
      "age": "6 & Under",
      "gender": "Girls",
      "date": "2007-07-14",
      "time": "32.52",
      "place": "32",
      "team": "Otters",
      "yards": 0,
      "meet": "050",
      "opponent": "Champs"
    },
    {
      "name": "BriannaH",
      "stroke": "Butterfly",
      "age": "8 & Under",
      "gender": "Girls",
      "date": "2008-05-31",
      "time": "39.32",
      "place": "14",
      "team": "Otters",
      "yards": 0,
      "meet": "051",
      "opponent": "Trials"
    },
    {
      "name": "BriannaH",
      "stroke": "Back",
      "age": "7-8",
      "gender": "Girls",
      "date": "2008-05-31",
      "time": "32.60",
      "place": "14",
      "team": "Otters",
      "yards": 0,
      "meet": "051",
      "opponent": "Trials"
    },
    {
      "name": "BriannaH",
      "stroke": "Breast",
      "age": "8 & Under",
      "gender": "Girls",
      "date": "2008-05-31",
      "time": "47.02",
      "place": "18",
      "team": "Otters",
      "yards": 0,
      "meet": "051",
      "opponent": "Trials"
    },
    {
      "name": "BriannaH",
      "stroke": "Freestyle",
      "age": "7-8",
      "gender": "Girls",
      "date": "2008-05-31",
      "time": "30.09",
      "place": "15",
      "team": "Otters",
      "yards": 0,
      "meet": "051",
      "opponent": "Trials"
    },
    {
      "name": "BriannaH",
      "stroke": "Back",
      "age": "7-8",
      "gender": "Girls",
      "date": "2008-06-007",
      "time": "32.25",
      "place": "10",
      "team": "Otters",
      "yards": 0,
      "meet": "052",
      "opponent": "Shadowbrook"
    },
    {
      "name": "BriannaH",
      "stroke": "Breast",
      "age": "8 & Under",
      "gender": "Girls",
      "date": "2008-06-007",
      "time": "DQ",
      "place": "--",
      "team": "Otters",
      "yards": 0,
      "meet": "052",
      "opponent": "Shadowbrook"
    },
    {
      "name": "BriannaH",
      "stroke": "Freestyle",
      "age": "7-8",
      "gender": "Girls",
      "date": "2008-06-007",
      "time": "29.63",
      "place": "13",
      "team": "Otters",
      "yards": 0,
      "meet": "052",
      "opponent": "Shadowbrook"
    },
    {
      "name": "BriannaH",
      "stroke": "Butterfly",
      "age": "8 & Under",
      "gender": "Girls",
      "date": "2008-06-14",
      "time": "DQ",
      "place": "--",
      "team": "Otters",
      "yards": 0,
      "meet": "053",
      "opponent": "Pinehurst"
    },
    {
      "name": "BriannaH",
      "stroke": "Back",
      "age": "7-8",
      "gender": "Girls",
      "date": "2008-06-14",
      "time": "36.91",
      "place": "17",
      "team": "Otters",
      "yards": 0,
      "meet": "053",
      "opponent": "Pinehurst"
    },
    {
      "name": "BriannaH",
      "stroke": "Freestyle",
      "age": "7-8",
      "gender": "Girls",
      "date": "2008-06-14",
      "time": "30.21",
      "place": "19",
      "team": "Otters",
      "yards": 0,
      "meet": "053",
      "opponent": "Pinehurst"
    },
    {
      "name": "BriannaH",
      "stroke": "Back",
      "age": "7-8",
      "gender": "Girls",
      "date": "2008-06-21",
      "time": "31.98",
      "place": "17",
      "team": "Otters",
      "yards": 0,
      "meet": "054",
      "opponent": "Crossgates"
    },
    {
      "name": "BriannaH",
      "stroke": "Breast",
      "age": "8 & Under",
      "gender": "Girls",
      "date": "2008-06-21",
      "time": "DQ",
      "place": "--",
      "team": "Otters",
      "yards": 0,
      "meet": "054",
      "opponent": "Crossgates"
    },
    {
      "name": "BriannaH",
      "stroke": "Freestyle",
      "age": "7-8",
      "gender": "Girls",
      "date": "2008-06-21",
      "time": "29.78",
      "place": "22",
      "team": "Otters",
      "yards": 0,
      "meet": "054",
      "opponent": "Crossgates"
    },
    {
      "name": "BriannaH",
      "stroke": "Back",
      "age": "7-8",
      "gender": "Girls",
      "date": "2008-07-12",
      "time": "30.32",
      "place": "18",
      "team": "Otters",
      "yards": 0,
      "meet": "056",
      "opponent": "Creekside"
    },
    {
      "name": "BriannaH",
      "stroke": "Freestyle",
      "age": "7-8",
      "gender": "Girls",
      "date": "2008-07-12",
      "time": "27.66",
      "place": "25",
      "team": "Otters",
      "yards": 0,
      "meet": "056",
      "opponent": "Creekside"
    },
    {
      "name": "BriannaH",
      "stroke": "Back",
      "age": "7-8",
      "gender": "Girls",
      "date": "2008-07-19",
      "time": "30.41",
      "place": "54",
      "team": "Otters",
      "yards": 0,
      "meet": "057",
      "opponent": "Champs"
    },
    {
      "name": "BriannaH",
      "stroke": "Breast",
      "age": "8 & Under",
      "gender": "Girls",
      "date": "2008-07-19",
      "time": "46.94",
      "place": "34",
      "team": "Otters",
      "yards": 0,
      "meet": "057",
      "opponent": "Champs"
    },
    {
      "name": "BriannaH",
      "stroke": "Freestyle",
      "age": "7-8",
      "gender": "Girls",
      "date": "2008-07-19",
      "time": "26.59",
      "place": "72",
      "team": "Otters",
      "yards": 0,
      "meet": "057",
      "opponent": "Champs"
    },
    {
      "name": "BriannaH",
      "stroke": "Butterfly",
      "age": "8 & Under",
      "gender": "Girls",
      "date": "2009-05-30",
      "time": "31.16",
      "place": "4",
      "team": "Otters",
      "yards": 0,
      "meet": "058",
      "opponent": "Trials"
    },
    {
      "name": "BriannaH",
      "stroke": "Back",
      "age": "7-8",
      "gender": "Girls",
      "date": "2009-05-30",
      "time": "28.83",
      "place": "2",
      "team": "Otters",
      "yards": 0,
      "meet": "058",
      "opponent": "Trials"
    },
    {
      "name": "BriannaH",
      "stroke": "Breast",
      "age": "8 & Under",
      "gender": "Girls",
      "date": "2009-05-30",
      "time": "44.54",
      "place": "14",
      "team": "Otters",
      "yards": 0,
      "meet": "058",
      "opponent": "Trials"
    },
    {
      "name": "BriannaH",
      "stroke": "Freestyle",
      "age": "7-8",
      "gender": "Girls",
      "date": "2009-05-30",
      "time": "24.37",
      "place": "4",
      "team": "Otters",
      "yards": 0,
      "meet": "058",
      "opponent": "Trials"
    },
    {
      "name": "BriannaH",
      "stroke": "Butterfly",
      "age": "8 & Under",
      "gender": "Girls",
      "date": "2009-06-006",
      "time": "27.55",
      "place": "4",
      "team": "Otters",
      "yards": 0,
      "meet": "059",
      "opponent": "Creekside"
    },
    {
      "name": "BriannaH",
      "stroke": "Back",
      "age": "7-8",
      "gender": "Girls",
      "date": "2009-06-006",
      "time": "30.05",
      "place": "16",
      "team": "Otters",
      "yards": 0,
      "meet": "059",
      "opponent": "Creekside"
    },
    {
      "name": "BriannaH",
      "stroke": "Freestyle",
      "age": "7-8",
      "gender": "Girls",
      "date": "2009-06-006",
      "time": "25.35",
      "place": "15",
      "team": "Otters",
      "yards": 0,
      "meet": "059",
      "opponent": "Creekside"
    },
    {
      "name": "BriannaH",
      "stroke": "Butterfly",
      "age": "8 & Under",
      "gender": "Girls",
      "date": "2009-06-20",
      "time": "29.11",
      "place": "2",
      "team": "Otters",
      "yards": 0,
      "meet": "061",
      "opponent": "Pinehurst"
    },
    {
      "name": "BriannaH",
      "stroke": "Back",
      "age": "7-8",
      "gender": "Girls",
      "date": "2009-06-20",
      "time": "29.27",
      "place": "7",
      "team": "Otters",
      "yards": 0,
      "meet": "061",
      "opponent": "Pinehurst"
    },
    {
      "name": "BriannaH",
      "stroke": "Breast",
      "age": "8 & Under",
      "gender": "Girls",
      "date": "2009-06-20",
      "time": "DQ",
      "place": "--",
      "team": "Otters",
      "yards": 0,
      "meet": "061",
      "opponent": "Pinehurst"
    },
    {
      "name": "BriannaH",
      "stroke": "Butterfly",
      "age": "8 & Under",
      "gender": "Girls",
      "date": "2009-06-27",
      "time": "26.90",
      "place": "10",
      "team": "Otters",
      "yards": 0,
      "meet": "062",
      "opponent": "Crossgates"
    },
    {
      "name": "BriannaH",
      "stroke": "Back",
      "age": "7-8",
      "gender": "Girls",
      "date": "2009-06-27",
      "time": "27.66",
      "place": "11",
      "team": "Otters",
      "yards": 0,
      "meet": "062",
      "opponent": "Crossgates"
    },
    {
      "name": "BriannaH",
      "stroke": "Freestyle",
      "age": "7-8",
      "gender": "Girls",
      "date": "2009-06-27",
      "time": "23.84",
      "place": "20",
      "team": "Otters",
      "yards": 0,
      "meet": "062",
      "opponent": "Crossgates"
    },
    {
      "name": "BriannaH",
      "stroke": "Butterfly",
      "age": "8 & Under",
      "gender": "Girls",
      "date": "2009-07-11",
      "time": "25.62",
      "place": "8",
      "team": "Otters",
      "yards": 0,
      "meet": "063",
      "opponent": "Almaden"
    },
    {
      "name": "BriannaH",
      "stroke": "Back",
      "age": "7-8",
      "gender": "Girls",
      "date": "2009-07-11",
      "time": "27.41",
      "place": "16",
      "team": "Otters",
      "yards": 0,
      "meet": "063",
      "opponent": "Almaden"
    },
    {
      "name": "BriannaH",
      "stroke": "Freestyle",
      "age": "7-8",
      "gender": "Girls",
      "date": "2009-07-11",
      "time": "22.13",
      "place": "13",
      "team": "Otters",
      "yards": 0,
      "meet": "063",
      "opponent": "Almaden"
    },
    {
      "name": "BriannaH",
      "stroke": "Butterfly",
      "age": "8 & Under",
      "gender": "Girls",
      "date": "2009-07-18",
      "time": "23.34",
      "place": "11",
      "team": "Otters",
      "yards": 0,
      "meet": "064",
      "opponent": "Champs"
    },
    {
      "name": "BriannaH",
      "stroke": "Back",
      "age": "7-8",
      "gender": "Girls",
      "date": "2009-07-18",
      "time": "31.32",
      "place": "61",
      "team": "Otters",
      "yards": 0,
      "meet": "064",
      "opponent": "Champs"
    },
    {
      "name": "BriannaH",
      "stroke": "Freestyle",
      "age": "7-8",
      "gender": "Girls",
      "date": "2009-07-18",
      "time": "21.19",
      "place": "44",
      "team": "Otters",
      "yards": 0,
      "meet": "064",
      "opponent": "Champs"
    },
    {
      "name": "BriannaH",
      "stroke": "Butterfly",
      "age": "9-10",
      "gender": "Girls",
      "date": "2010-05-22",
      "time": "24.27",
      "place": "10",
      "team": "Otters",
      "yards": 0,
      "meet": "065",
      "opponent": "Trials"
    },
    {
      "name": "BriannaH",
      "stroke": "Back",
      "age": "9-10",
      "gender": "Girls",
      "date": "2010-05-22",
      "time": "27.02",
      "place": "14",
      "team": "Otters",
      "yards": 0,
      "meet": "065",
      "opponent": "Trials"
    },
    {
      "name": "BriannaH",
      "stroke": "Breast",
      "age": "9-10",
      "gender": "Girls",
      "date": "2010-05-22",
      "time": "39.51",
      "place": "22",
      "team": "Otters",
      "yards": 0,
      "meet": "065",
      "opponent": "Trials"
    },
    {
      "name": "BriannaH",
      "stroke": "Freestyle",
      "age": "9-10",
      "gender": "Girls",
      "date": "2010-05-22",
      "time": "20.78",
      "place": "16",
      "team": "Otters",
      "yards": 0,
      "meet": "065",
      "opponent": "Trials"
    },
    {
      "name": "BriannaH",
      "stroke": "Butterfly",
      "age": "9-10",
      "gender": "Girls",
      "date": "2010-06-005",
      "time": "25.40",
      "place": "13",
      "team": "Otters",
      "yards": 0,
      "meet": "066",
      "opponent": "Almaden"
    },
    {
      "name": "BriannaH",
      "stroke": "Back",
      "age": "9-10",
      "gender": "Girls",
      "date": "2010-06-005",
      "time": "25.59",
      "place": "16",
      "team": "Otters",
      "yards": 0,
      "meet": "066",
      "opponent": "Almaden"
    },
    {
      "name": "BriannaH",
      "stroke": "Freestyle",
      "age": "9-10",
      "gender": "Girls",
      "date": "2010-06-005",
      "time": "20.47",
      "place": "19",
      "team": "Otters",
      "yards": 0,
      "meet": "066",
      "opponent": "Almaden"
    },
    {
      "name": "BriannaH",
      "stroke": "Butterfly",
      "age": "9-10",
      "gender": "Girls",
      "date": "2010-06-19",
      "time": "27.03",
      "place": "12",
      "team": "Otters",
      "yards": 0,
      "meet": "068",
      "opponent": "Shadowbrook"
    },
    {
      "name": "BriannaH",
      "stroke": "Back",
      "age": "9-10",
      "gender": "Girls",
      "date": "2010-06-19",
      "time": "25.79",
      "place": "10",
      "team": "Otters",
      "yards": 0,
      "meet": "068",
      "opponent": "Shadowbrook"
    },
    {
      "name": "BriannaH",
      "stroke": "Freestyle",
      "age": "9-10",
      "gender": "Girls",
      "date": "2010-06-19",
      "time": "20.17",
      "place": "14",
      "team": "Otters",
      "yards": 0,
      "meet": "068",
      "opponent": "Shadowbrook"
    },
    {
      "name": "BriannaH",
      "stroke": "Butterfly",
      "age": "9-10",
      "gender": "Girls",
      "date": "2010-06-26",
      "time": "24.46",
      "place": "7",
      "team": "Otters",
      "yards": 0,
      "meet": "069",
      "opponent": "Pinehurst"
    },
    {
      "name": "BriannaH",
      "stroke": "Back",
      "age": "9-10",
      "gender": "Girls",
      "date": "2010-06-26",
      "time": "27.89",
      "place": "16",
      "team": "Otters",
      "yards": 0,
      "meet": "069",
      "opponent": "Pinehurst"
    },
    {
      "name": "BriannaH",
      "stroke": "Freestyle",
      "age": "9-10",
      "gender": "Girls",
      "date": "2010-06-26",
      "time": "20.57",
      "place": "17",
      "team": "Otters",
      "yards": 0,
      "meet": "069",
      "opponent": "Pinehurst"
    },
    {
      "name": "BriannaH",
      "stroke": "Butterfly",
      "age": "9-10",
      "gender": "Girls",
      "date": "2010-07-10",
      "time": "21.69",
      "place": "12",
      "team": "Otters",
      "yards": 0,
      "meet": "070",
      "opponent": "Crossgates"
    },
    {
      "name": "BriannaH",
      "stroke": "Back",
      "age": "9-10",
      "gender": "Girls",
      "date": "2010-07-10",
      "time": "26.50",
      "place": "17",
      "team": "Otters",
      "yards": 0,
      "meet": "070",
      "opponent": "Crossgates"
    },
    {
      "name": "BriannaH",
      "stroke": "Freestyle",
      "age": "9-10",
      "gender": "Girls",
      "date": "2010-07-10",
      "time": "20.54",
      "place": "21",
      "team": "Otters",
      "yards": 0,
      "meet": "070",
      "opponent": "Crossgates"
    },
    {
      "name": "BriannaH",
      "stroke": "Butterfly",
      "age": "9-10",
      "gender": "Girls",
      "date": "2010-07-17",
      "time": "22.40",
      "place": "43",
      "team": "Otters",
      "yards": 0,
      "meet": "071",
      "opponent": "Champs"
    },
    {
      "name": "BriannaH",
      "stroke": "Back",
      "age": "9-10",
      "gender": "Girls",
      "date": "2010-07-17",
      "time": "28.15",
      "place": "71",
      "team": "Otters",
      "yards": 0,
      "meet": "071",
      "opponent": "Champs"
    },
    {
      "name": "BriannaH",
      "stroke": "Freestyle",
      "age": "9-10",
      "gender": "Girls",
      "date": "2010-07-17",
      "time": "22.72",
      "place": "95",
      "team": "Otters",
      "yards": 0,
      "meet": "071",
      "opponent": "Champs"
    },
    {
      "name": "BriannaH",
      "stroke": "Butterfly",
      "age": "9-10",
      "gender": "Girls",
      "date": "2011-05-21",
      "time": "21.16",
      "place": "5",
      "team": "Otters",
      "yards": 0,
      "meet": "072",
      "opponent": "Trials"
    },
    {
      "name": "BriannaH",
      "stroke": "Back",
      "age": "9-10",
      "gender": "Girls",
      "date": "2011-05-21",
      "time": "26.46",
      "place": "13",
      "team": "Otters",
      "yards": 0,
      "meet": "072",
      "opponent": "Trials"
    },
    {
      "name": "BriannaH",
      "stroke": "Breast",
      "age": "9-10",
      "gender": "Girls",
      "date": "2011-05-21",
      "time": "30.25",
      "place": "16",
      "team": "Otters",
      "yards": 0,
      "meet": "072",
      "opponent": "Trials"
    },
    {
      "name": "BriannaH",
      "stroke": "Freestyle",
      "age": "9-10",
      "gender": "Girls",
      "date": "2011-05-21",
      "time": "18.85",
      "place": "7",
      "team": "Otters",
      "yards": 0,
      "meet": "072",
      "opponent": "Trials"
    },
    {
      "name": "BriannaH",
      "stroke": "Butterfly",
      "age": "9-10",
      "gender": "Girls",
      "date": "2011-06-004",
      "time": "20.83",
      "place": "6",
      "team": "Otters",
      "yards": 0,
      "meet": "073",
      "opponent": "Crossgates"
    },
    {
      "name": "BriannaH",
      "stroke": "Back",
      "age": "9-10",
      "gender": "Girls",
      "date": "2011-06-004",
      "time": "26.43",
      "place": "11",
      "team": "Otters",
      "yards": 0,
      "meet": "073",
      "opponent": "Crossgates"
    },
    {
      "name": "BriannaH",
      "stroke": "Freestyle",
      "age": "9-10",
      "gender": "Girls",
      "date": "2011-06-004",
      "time": "18.56",
      "place": "11",
      "team": "Otters",
      "yards": 0,
      "meet": "073",
      "opponent": "Crossgates"
    },
    {
      "name": "BriannaH",
      "stroke": "Butterfly",
      "age": "9-10",
      "gender": "Girls",
      "date": "2011-06-11",
      "time": "21.07",
      "place": "9",
      "team": "Otters",
      "yards": 0,
      "meet": "074",
      "opponent": "Almaden"
    },
    {
      "name": "BriannaH",
      "stroke": "Back",
      "age": "9-10",
      "gender": "Girls",
      "date": "2011-06-11",
      "time": "25.37",
      "place": "13",
      "team": "Otters",
      "yards": 0,
      "meet": "074",
      "opponent": "Almaden"
    },
    {
      "name": "BriannaH",
      "stroke": "Freestyle",
      "age": "9-10",
      "gender": "Girls",
      "date": "2011-06-11",
      "time": "19.53",
      "place": "18",
      "team": "Otters",
      "yards": 0,
      "meet": "074",
      "opponent": "Almaden"
    },
    {
      "name": "BriannaH",
      "stroke": "Butterfly",
      "age": "9-10",
      "gender": "Girls",
      "date": "2011-06-18",
      "time": "22.07",
      "place": "11",
      "team": "Otters",
      "yards": 0,
      "meet": "075",
      "opponent": "Creekside"
    },
    {
      "name": "BriannaH",
      "stroke": "Back",
      "age": "9-10",
      "gender": "Girls",
      "date": "2011-06-18",
      "time": "27.72",
      "place": "25",
      "team": "Otters",
      "yards": 0,
      "meet": "075",
      "opponent": "Creekside"
    },
    {
      "name": "BriannaH",
      "stroke": "Freestyle",
      "age": "9-10",
      "gender": "Girls",
      "date": "2011-06-18",
      "time": "18.96",
      "place": "17",
      "team": "Otters",
      "yards": 0,
      "meet": "075",
      "opponent": "Creekside"
    },
    {
      "name": "BriannaH",
      "stroke": "Butterfly",
      "age": "9-10",
      "gender": "Girls",
      "date": "2011-06-25",
      "time": "21.29",
      "place": "8",
      "team": "Otters",
      "yards": 0,
      "meet": "076",
      "opponent": "Shadowbrook"
    },
    {
      "name": "BriannaH",
      "stroke": "Back",
      "age": "9-10",
      "gender": "Girls",
      "date": "2011-06-25",
      "time": "30.32",
      "place": "21",
      "team": "Otters",
      "yards": 0,
      "meet": "076",
      "opponent": "Shadowbrook"
    },
    {
      "name": "BriannaH",
      "stroke": "Freestyle",
      "age": "9-10",
      "gender": "Girls",
      "date": "2011-06-25",
      "time": "19.30",
      "place": "13",
      "team": "Otters",
      "yards": 0,
      "meet": "076",
      "opponent": "Shadowbrook"
    },
    {
      "name": "BriannaH",
      "stroke": "Butterfly",
      "age": "9-10",
      "gender": "Girls",
      "date": "2011-07-009",
      "time": "22.85",
      "place": "5",
      "team": "Otters",
      "yards": 0,
      "meet": "077",
      "opponent": "Pinehurst"
    },
    {
      "name": "BriannaH",
      "stroke": "Back",
      "age": "9-10",
      "gender": "Girls",
      "date": "2011-07-009",
      "time": "26.00",
      "place": "11",
      "team": "Otters",
      "yards": 0,
      "meet": "077",
      "opponent": "Pinehurst"
    },
    {
      "name": "BriannaH",
      "stroke": "Freestyle",
      "age": "9-10",
      "gender": "Girls",
      "date": "2011-07-009",
      "time": "18.45",
      "place": "8",
      "team": "Otters",
      "yards": 0,
      "meet": "077",
      "opponent": "Pinehurst"
    },
    {
      "name": "BriannaH",
      "stroke": "Butterfly",
      "age": "9-10",
      "gender": "Girls",
      "date": "2011-07-16",
      "time": "20.21",
      "place": "26",
      "team": "Otters",
      "yards": 0,
      "meet": "078",
      "opponent": "Champs"
    },
    {
      "name": "BriannaH",
      "stroke": "Back",
      "age": "9-10",
      "gender": "Girls",
      "date": "2011-07-16",
      "time": "27.00",
      "place": "56",
      "team": "Otters",
      "yards": 0,
      "meet": "078",
      "opponent": "Champs"
    },
    {
      "name": "BriannaH",
      "stroke": "Freestyle",
      "age": "9-10",
      "gender": "Girls",
      "date": "2011-07-16",
      "time": "18.83",
      "place": "55",
      "team": "Otters",
      "yards": 0,
      "meet": "078",
      "opponent": "Champs"
    },
    {
      "name": "BriannaH",
      "stroke": "Butterfly",
      "age": "11-12",
      "gender": "Girls",
      "date": "2012-05-19",
      "time": "39.43",
      "place": "5",
      "team": "Otters",
      "yards": 0,
      "meet": "079",
      "opponent": "Trials"
    },
    {
      "name": "BriannaH",
      "stroke": "Back",
      "age": "11-12",
      "gender": "Girls",
      "date": "2012-05-19",
      "time": "49.30",
      "place": "11",
      "team": "Otters",
      "yards": 0,
      "meet": "079",
      "opponent": "Trials"
    },
    {
      "name": "BriannaH",
      "stroke": "Breast",
      "age": "11-12",
      "gender": "Girls",
      "date": "2012-05-19",
      "time": "1:01.91",
      "place": "23",
      "team": "Otters",
      "yards": 0,
      "meet": "079",
      "opponent": "Trials"
    },
    {
      "name": "BriannaH",
      "stroke": "Freestyle",
      "age": "11-12",
      "gender": "Girls",
      "date": "2012-05-19",
      "time": "40.50",
      "place": "14",
      "team": "Otters",
      "yards": 0,
      "meet": "079",
      "opponent": "Trials"
    },
    {
      "name": "BriannaH",
      "stroke": "Back",
      "age": "11-12",
      "gender": "Girls",
      "date": "2012-06-002",
      "time": "48.97",
      "place": "17",
      "team": "Otters",
      "yards": 0,
      "meet": "080",
      "opponent": "Pinehurst"
    },
    {
      "name": "BriannaH",
      "stroke": "Breast",
      "age": "11-12",
      "gender": "Girls",
      "date": "2012-06-002",
      "time": "1:00.67",
      "place": "14",
      "team": "Otters",
      "yards": 0,
      "meet": "080",
      "opponent": "Pinehurst"
    },
    {
      "name": "BriannaH",
      "stroke": "Freestyle",
      "age": "11-12",
      "gender": "Girls",
      "date": "2012-06-002",
      "time": "37.93",
      "place": "16",
      "team": "Otters",
      "yards": 0,
      "meet": "080",
      "opponent": "Pinehurst"
    },
    {
      "name": "BriannaH",
      "stroke": "Back",
      "age": "11-12",
      "gender": "Girls",
      "date": "2012-06-009",
      "time": "47.19",
      "place": "11",
      "team": "Otters",
      "yards": 0,
      "meet": "081",
      "opponent": "Crossgates"
    },
    {
      "name": "BriannaH",
      "stroke": "Freestyle",
      "age": "11-12",
      "gender": "Girls",
      "date": "2012-06-009",
      "time": "37.69",
      "place": "19",
      "team": "Otters",
      "yards": 0,
      "meet": "081",
      "opponent": "Crossgates"
    },
    {
      "name": "BriannaH",
      "stroke": "Butterfly",
      "age": "11-12",
      "gender": "Girls",
      "date": "2012-06-16",
      "time": "40.49",
      "place": "11",
      "team": "Otters",
      "yards": 0,
      "meet": "082",
      "opponent": "Almaden"
    },
    {
      "name": "BriannaH",
      "stroke": "Back",
      "age": "11-12",
      "gender": "Girls",
      "date": "2012-06-16",
      "time": "52.53",
      "place": "21",
      "team": "Otters",
      "yards": 0,
      "meet": "082",
      "opponent": "Almaden"
    },
    {
      "name": "BriannaH",
      "stroke": "Freestyle",
      "age": "11-12",
      "gender": "Girls",
      "date": "2012-06-16",
      "time": "38.89",
      "place": "28",
      "team": "Otters",
      "yards": 0,
      "meet": "082",
      "opponent": "Almaden"
    },
    {
      "name": "BriannaH",
      "stroke": "Butterfly",
      "age": "11-12",
      "gender": "Girls",
      "date": "2012-06-23",
      "time": "42.50",
      "place": "9",
      "team": "Otters",
      "yards": 0,
      "meet": "083",
      "opponent": "Creekside"
    },
    {
      "name": "BriannaH",
      "stroke": "Back",
      "age": "11-12",
      "gender": "Girls",
      "date": "2012-06-23",
      "time": "DQ",
      "place": "--",
      "team": "Otters",
      "yards": 0,
      "meet": "083",
      "opponent": "Creekside"
    },
    {
      "name": "BriannaH",
      "stroke": "Freestyle",
      "age": "11-12",
      "gender": "Girls",
      "date": "2012-06-23",
      "time": "38.92",
      "place": "22",
      "team": "Otters",
      "yards": 0,
      "meet": "083",
      "opponent": "Creekside"
    },
    {
      "name": "BriannaH",
      "stroke": "Butterfly",
      "age": "11-12",
      "gender": "Girls",
      "date": "2012-07-14",
      "time": "42.24",
      "place": "39",
      "team": "Otters",
      "yards": 0,
      "meet": "085",
      "opponent": "Champs"
    },
    {
      "name": "BriannaH",
      "stroke": "Back",
      "age": "11-12",
      "gender": "Girls",
      "date": "2012-07-14",
      "time": "DQ",
      "place": "--",
      "team": "Otters",
      "yards": 0,
      "meet": "085",
      "opponent": "Champs"
    },
    {
      "name": "BriannaH",
      "stroke": "Freestyle",
      "age": "11-12",
      "gender": "Girls",
      "date": "2012-07-14",
      "time": "37.25",
      "place": "64",
      "team": "Otters",
      "yards": 0,
      "meet": "085",
      "opponent": "Champs"
    }
  ]
}