{
  "scores": [
    {
      "name": "BrittanyF",
      "stroke": "Butterfly",
      "age": "15-18",
      "gender": "Girls",
      "date": "2001-06-09",
      "time": "33.75",
      "place": "5",
      "team": "Otters",
      "yards": 0,
      "meet": "001",
      "opponent": "Crossgates"
    },
    {
      "name": "BrittanyF",
      "stroke": "Breast",
      "age": "15-18",
      "gender": "Girls",
      "date": "2001-06-09",
      "time": "41.18",
      "place": "3",
      "team": "Otters",
      "yards": 0,
      "meet": "001",
      "opponent": "Crossgates"
    },
    {
      "name": "BrittanyF",
      "stroke": "Freestyle",
      "age": "15-18",
      "gender": "Girls",
      "date": "2001-06-09",
      "time": "29.55",
      "place": "3",
      "team": "Otters",
      "yards": 0,
      "meet": "001",
      "opponent": "Crossgates"
    },
    {
      "name": "BrittanyF",
      "stroke": "Butterfly",
      "age": "15-18",
      "gender": "Girls",
      "date": "2001-06-16",
      "time": "33.54",
      "place": "7",
      "team": "Otters",
      "yards": 0,
      "meet": "002",
      "opponent": "Almaden"
    },
    {
      "name": "BrittanyF",
      "stroke": "Breast",
      "age": "15-18",
      "gender": "Girls",
      "date": "2001-06-16",
      "time": "39.44",
      "place": "1",
      "team": "Otters",
      "yards": 0,
      "meet": "002",
      "opponent": "Almaden"
    },
    {
      "name": "BrittanyF",
      "stroke": "Freestyle",
      "age": "15-18",
      "gender": "Girls",
      "date": "2001-06-16",
      "time": "29.15",
      "place": "6",
      "team": "Otters",
      "yards": 0,
      "meet": "002",
      "opponent": "Almaden"
    },
    {
      "name": "BrittanyF",
      "stroke": "Butterfly",
      "age": "15-18",
      "gender": "Girls",
      "date": "2001-06-23",
      "time": "32.88",
      "place": "6",
      "team": "Otters",
      "yards": 0,
      "meet": "003",
      "opponent": "Creekside"
    },
    {
      "name": "BrittanyF",
      "stroke": "Breast",
      "age": "15-18",
      "gender": "Girls",
      "date": "2001-06-23",
      "time": "39.27",
      "place": "3",
      "team": "Otters",
      "yards": 0,
      "meet": "003",
      "opponent": "Creekside"
    },
    {
      "name": "BrittanyF",
      "stroke": "Freestyle",
      "age": "15-18",
      "gender": "Girls",
      "date": "2001-06-23",
      "time": "28.93",
      "place": "6",
      "team": "Otters",
      "yards": 0,
      "meet": "003",
      "opponent": "Creekside"
    },
    {
      "name": "BrittanyF",
      "stroke": "Butterfly",
      "age": "15-18",
      "gender": "Girls",
      "date": "2001-06-30",
      "time": "32.18",
      "place": "4",
      "team": "Otters",
      "yards": 0,
      "meet": "004",
      "opponent": "Shadowbrook"
    },
    {
      "name": "BrittanyF",
      "stroke": "Breast",
      "age": "15-18",
      "gender": "Girls",
      "date": "2001-06-30",
      "time": "39.73",
      "place": "3",
      "team": "Otters",
      "yards": 0,
      "meet": "004",
      "opponent": "Shadowbrook"
    },
    {
      "name": "BrittanyF",
      "stroke": "Freestyle",
      "age": "15-18",
      "gender": "Girls",
      "date": "2001-06-30",
      "time": "29.07",
      "place": "5",
      "team": "Otters",
      "yards": 0,
      "meet": "004",
      "opponent": "Shadowbrook"
    },
    {
      "name": "BrittanyF",
      "stroke": "Butterfly",
      "age": "15-18",
      "gender": "Girls",
      "date": "2001-07-14",
      "time": "32.24",
      "place": "4",
      "team": "Otters",
      "yards": 0,
      "meet": "005",
      "opponent": "Pinehurst"
    },
    {
      "name": "BrittanyF",
      "stroke": "Breast",
      "age": "15-18",
      "gender": "Girls",
      "date": "2001-07-14",
      "time": "38.81",
      "place": "6",
      "team": "Otters",
      "yards": 0,
      "meet": "005",
      "opponent": "Pinehurst"
    },
    {
      "name": "BrittanyF",
      "stroke": "Freestyle",
      "age": "15-18",
      "gender": "Girls",
      "date": "2001-07-14",
      "time": "29.28",
      "place": "8",
      "team": "Otters",
      "yards": 0,
      "meet": "005",
      "opponent": "Pinehurst"
    },
    {
      "name": "BrittanyF",
      "stroke": "Butterfly",
      "age": "15-18",
      "gender": "Girls",
      "date": "2002-06-008",
      "time": "34.17",
      "place": "4",
      "team": "Otters",
      "yards": 0,
      "meet": "009",
      "opponent": "Pinehurst"
    },
    {
      "name": "BrittanyF",
      "stroke": "Breast",
      "age": "15-18",
      "gender": "Girls",
      "date": "2002-06-008",
      "time": "37.69",
      "place": "1",
      "team": "Otters",
      "yards": 0,
      "meet": "009",
      "opponent": "Pinehurst"
    },
    {
      "name": "BrittanyF",
      "stroke": "Freestyle",
      "age": "15-18",
      "gender": "Girls",
      "date": "2002-06-008",
      "time": "29.41",
      "place": "2",
      "team": "Otters",
      "yards": 0,
      "meet": "009",
      "opponent": "Pinehurst"
    },
    {
      "name": "BrittanyF",
      "stroke": "Breast",
      "age": "15-18",
      "gender": "Girls",
      "date": "2002-06-15",
      "time": "37.48",
      "place": "1",
      "team": "Otters",
      "yards": 0,
      "meet": "010",
      "opponent": "Crossgates"
    },
    {
      "name": "BrittanyF",
      "stroke": "Freestyle",
      "age": "15-18",
      "gender": "Girls",
      "date": "2002-06-15",
      "time": "28.54",
      "place": "3",
      "team": "Otters",
      "yards": 0,
      "meet": "010",
      "opponent": "Crossgates"
    },
    {
      "name": "BrittanyF",
      "stroke": "Back",
      "age": "15-18",
      "gender": "Girls",
      "date": "2002-06-22",
      "time": "36.57",
      "place": "6",
      "team": "Otters",
      "yards": 0,
      "meet": "011",
      "opponent": "Almaden"
    },
    {
      "name": "BrittanyF",
      "stroke": "Breast",
      "age": "15-18",
      "gender": "Girls",
      "date": "2002-06-22",
      "time": "38.38",
      "place": "1",
      "team": "Otters",
      "yards": 0,
      "meet": "011",
      "opponent": "Almaden"
    },
    {
      "name": "BrittanyF",
      "stroke": "Freestyle",
      "age": "15-18",
      "gender": "Girls",
      "date": "2002-06-22",
      "time": "28.91",
      "place": "4",
      "team": "Otters",
      "yards": 0,
      "meet": "011",
      "opponent": "Almaden"
    },
    {
      "name": "BrittanyF",
      "stroke": "Butterfly",
      "age": "15-18",
      "gender": "Girls",
      "date": "2002-06-29",
      "time": "34.69",
      "place": "9",
      "team": "Otters",
      "yards": 0,
      "meet": "012",
      "opponent": "Creekside"
    },
    {
      "name": "BrittanyF",
      "stroke": "Breast",
      "age": "15-18",
      "gender": "Girls",
      "date": "2002-06-29",
      "time": "37.44",
      "place": "1",
      "team": "Otters",
      "yards": 0,
      "meet": "012",
      "opponent": "Creekside"
    },
    {
      "name": "BrittanyF",
      "stroke": "Freestyle",
      "age": "15-18",
      "gender": "Girls",
      "date": "2002-06-29",
      "time": "29.29",
      "place": "7",
      "team": "Otters",
      "yards": 0,
      "meet": "012",
      "opponent": "Creekside"
    },
    {
      "name": "BrittanyF",
      "stroke": "Butterfly",
      "age": "15-18",
      "gender": "Girls",
      "date": "2002-07-13",
      "time": "34.37",
      "place": "4",
      "team": "Otters",
      "yards": 0,
      "meet": "013",
      "opponent": "Shadowbrook"
    },
    {
      "name": "BrittanyF",
      "stroke": "Breast",
      "age": "15-18",
      "gender": "Girls",
      "date": "2002-07-13",
      "time": "38.49",
      "place": "2",
      "team": "Otters",
      "yards": 0,
      "meet": "013",
      "opponent": "Shadowbrook"
    },
    {
      "name": "BrittanyF",
      "stroke": "Freestyle",
      "age": "15-18",
      "gender": "Girls",
      "date": "2002-07-13",
      "time": "29.56",
      "place": "2",
      "team": "Otters",
      "yards": 0,
      "meet": "013",
      "opponent": "Shadowbrook"
    },
    {
      "name": "BrittanyF",
      "stroke": "Butterfly",
      "age": "15-18",
      "gender": "Girls",
      "date": "2002-07-20",
      "time": "34.44",
      "place": "19",
      "team": "Otters",
      "yards": 0,
      "meet": "014",
      "opponent": "Champs"
    },
    {
      "name": "BrittanyF",
      "stroke": "Breast",
      "age": "15-18",
      "gender": "Girls",
      "date": "2002-07-20",
      "time": "37.40",
      "place": "3",
      "team": "Otters",
      "yards": 0,
      "meet": "014",
      "opponent": "Champs"
    },
    {
      "name": "BrittanyF",
      "stroke": "Freestyle",
      "age": "15-18",
      "gender": "Girls",
      "date": "2002-07-20",
      "time": "28.73",
      "place": "12",
      "team": "Otters",
      "yards": 0,
      "meet": "014",
      "opponent": "Champs"
    },
    {
      "name": "BrittanyF",
      "stroke": "Butterfly",
      "age": "15-18",
      "gender": "Girls",
      "date": "2003-05-31",
      "time": "33.26",
      "place": "3",
      "team": "Otters",
      "yards": 0,
      "meet": "016",
      "opponent": "Pinehurst"
    },
    {
      "name": "BrittanyF",
      "stroke": "Back",
      "age": "15-18",
      "gender": "Girls",
      "date": "2003-05-31",
      "time": "35.71",
      "place": "2",
      "team": "Otters",
      "yards": 0,
      "meet": "016",
      "opponent": "Pinehurst"
    },
    {
      "name": "BrittanyF",
      "stroke": "Breast",
      "age": "15-18",
      "gender": "Girls",
      "date": "2003-05-31",
      "time": "38.34",
      "place": "1",
      "team": "Otters",
      "yards": 0,
      "meet": "016",
      "opponent": "Pinehurst"
    },
    {
      "name": "BrittanyF",
      "stroke": "Freestyle",
      "age": "15-18",
      "gender": "Girls",
      "date": "2003-05-31",
      "time": "29.41",
      "place": "1",
      "team": "Otters",
      "yards": 0,
      "meet": "016",
      "opponent": "Pinehurst"
    },
    {
      "name": "BrittanyF",
      "stroke": "Back",
      "age": "15-18",
      "gender": "Girls",
      "date": "2003-06-009",
      "time": "35.20",
      "place": "1",
      "team": "Otters",
      "yards": 0,
      "meet": "017",
      "opponent": "Shadowbrook"
    },
    {
      "name": "BrittanyF",
      "stroke": "Breast",
      "age": "15-18",
      "gender": "Girls",
      "date": "2003-06-009",
      "time": "39.63",
      "place": "2",
      "team": "Otters",
      "yards": 0,
      "meet": "017",
      "opponent": "Shadowbrook"
    },
    {
      "name": "BrittanyF",
      "stroke": "Butterfly",
      "age": "15-18",
      "gender": "Girls",
      "date": "2003-06-14",
      "time": "34.73",
      "place": "3",
      "team": "Otters",
      "yards": 0,
      "meet": "018",
      "opponent": "Pinehurst"
    },
    {
      "name": "BrittanyF",
      "stroke": "Breast",
      "age": "15-18",
      "gender": "Girls",
      "date": "2003-06-14",
      "time": "38.88",
      "place": "4",
      "team": "Otters",
      "yards": 0,
      "meet": "018",
      "opponent": "Pinehurst"
    },
    {
      "name": "BrittanyF",
      "stroke": "Freestyle",
      "age": "15-18",
      "gender": "Girls",
      "date": "2003-06-14",
      "time": "29.67",
      "place": "5",
      "team": "Otters",
      "yards": 0,
      "meet": "018",
      "opponent": "Pinehurst"
    },
    {
      "name": "BrittanyF",
      "stroke": "Butterfly",
      "age": "15-18",
      "gender": "Girls",
      "date": "2003-06-21",
      "time": "33.95",
      "place": "4",
      "team": "Otters",
      "yards": 0,
      "meet": "019",
      "opponent": "Crossgates"
    },
    {
      "name": "BrittanyF",
      "stroke": "Breast",
      "age": "15-18",
      "gender": "Girls",
      "date": "2003-06-21",
      "time": "39.13",
      "place": "1",
      "team": "Otters",
      "yards": 0,
      "meet": "019",
      "opponent": "Crossgates"
    },
    {
      "name": "BrittanyF",
      "stroke": "Freestyle",
      "age": "15-18",
      "gender": "Girls",
      "date": "2003-06-21",
      "time": "28.57",
      "place": "2",
      "team": "Otters",
      "yards": 0,
      "meet": "019",
      "opponent": "Crossgates"
    },
    {
      "name": "BrittanyF",
      "stroke": "Butterfly",
      "age": "15-18",
      "gender": "Girls",
      "date": "2003-06-28",
      "time": "34.90",
      "place": "6",
      "team": "Otters",
      "yards": 0,
      "meet": "020",
      "opponent": "Almaden"
    },
    {
      "name": "BrittanyF",
      "stroke": "Breast",
      "age": "15-18",
      "gender": "Girls",
      "date": "2003-06-28",
      "time": "37.91",
      "place": "1",
      "team": "Otters",
      "yards": 0,
      "meet": "020",
      "opponent": "Almaden"
    },
    {
      "name": "BrittanyF",
      "stroke": "Freestyle",
      "age": "15-18",
      "gender": "Girls",
      "date": "2003-06-28",
      "time": "28.74",
      "place": "4",
      "team": "Otters",
      "yards": 0,
      "meet": "020",
      "opponent": "Almaden"
    },
    {
      "name": "BrittanyF",
      "stroke": "Butterfly",
      "age": "15-18",
      "gender": "Girls",
      "date": "2003-07-19",
      "time": "33.13",
      "place": "17",
      "team": "Otters",
      "yards": 0,
      "meet": "022",
      "opponent": "Champs"
    },
    {
      "name": "BrittanyF",
      "stroke": "Breast",
      "age": "15-18",
      "gender": "Girls",
      "date": "2003-07-19",
      "time": "37.24",
      "place": "5",
      "team": "Otters",
      "yards": 0,
      "meet": "022",
      "opponent": "Champs"
    },
    {
      "name": "BrittanyF",
      "stroke": "Freestyle",
      "age": "15-18",
      "gender": "Girls",
      "date": "2003-07-19",
      "time": "28.56",
      "place": "15",
      "team": "Otters",
      "yards": 0,
      "meet": "022",
      "opponent": "Champs"
    }
  ]
}