{
  "scores": [
    {
      "name": "BryanC",
      "stroke": "Butterfly",
      "age": "15-18",
      "gender": "Boys",
      "date": "2011-06-004",
      "time": "25.75",
      "place": "1",
      "team": "Otters",
      "yards": 0,
      "meet": "073",
      "opponent": "Crossgates"
    },
    {
      "name": "BryanC",
      "stroke": "Back",
      "age": "15-18",
      "gender": "Boys",
      "date": "2011-06-004",
      "time": "27.76",
      "place": "1",
      "team": "Otters",
      "yards": 0,
      "meet": "073",
      "opponent": "Crossgates"
    },
    {
      "name": "BryanC",
      "stroke": "Freestyle",
      "age": "15-18",
      "gender": "Boys",
      "date": "2011-06-004",
      "time": "22.88",
      "place": "1",
      "team": "Otters",
      "yards": 0,
      "meet": "073",
      "opponent": "Crossgates"
    },
    {
      "name": "BryanC",
      "stroke": "Butterfly",
      "age": "15-18",
      "gender": "Boys",
      "date": "2011-06-18",
      "time": "26.19",
      "place": "1",
      "team": "Otters",
      "yards": 0,
      "meet": "075",
      "opponent": "Creekside"
    },
    {
      "name": "BryanC",
      "stroke": "Back",
      "age": "15-18",
      "gender": "Boys",
      "date": "2011-06-18",
      "time": "28.46",
      "place": "2",
      "team": "Otters",
      "yards": 0,
      "meet": "075",
      "opponent": "Creekside"
    },
    {
      "name": "BryanC",
      "stroke": "Breast",
      "age": "15-18",
      "gender": "Boys",
      "date": "2011-06-18",
      "time": "36.76",
      "place": "12",
      "team": "Otters",
      "yards": 0,
      "meet": "075",
      "opponent": "Creekside"
    },
    {
      "name": "BryanC",
      "stroke": "Butterfly",
      "age": "15-18",
      "gender": "Boys",
      "date": "2011-06-25",
      "time": "26.02",
      "place": "2",
      "team": "Otters",
      "yards": 0,
      "meet": "076",
      "opponent": "Shadowbrook"
    },
    {
      "name": "BryanC",
      "stroke": "Back",
      "age": "15-18",
      "gender": "Boys",
      "date": "2011-06-25",
      "time": "27.69",
      "place": "3",
      "team": "Otters",
      "yards": 0,
      "meet": "076",
      "opponent": "Shadowbrook"
    },
    {
      "name": "BryanC",
      "stroke": "Freestyle",
      "age": "15-18",
      "gender": "Boys",
      "date": "2011-06-25",
      "time": "22.99",
      "place": "2",
      "team": "Otters",
      "yards": 0,
      "meet": "076",
      "opponent": "Shadowbrook"
    },
    {
      "name": "BryanC",
      "stroke": "Butterfly",
      "age": "15-18",
      "gender": "Boys",
      "date": "2011-07-009",
      "time": "25.95",
      "place": "1",
      "team": "Otters",
      "yards": 0,
      "meet": "077",
      "opponent": "Pinehurst"
    },
    {
      "name": "BryanC",
      "stroke": "Back",
      "age": "15-18",
      "gender": "Boys",
      "date": "2011-07-009",
      "time": "28.22",
      "place": "2",
      "team": "Otters",
      "yards": 0,
      "meet": "077",
      "opponent": "Pinehurst"
    },
    {
      "name": "BryanC",
      "stroke": "Freestyle",
      "age": "15-18",
      "gender": "Boys",
      "date": "2011-07-009",
      "time": "23.19",
      "place": "1",
      "team": "Otters",
      "yards": 0,
      "meet": "077",
      "opponent": "Pinehurst"
    },
    {
      "name": "BryanC",
      "stroke": "Butterfly",
      "age": "15-18",
      "gender": "Boys",
      "date": "2011-07-16",
      "time": "24.65",
      "place": "1",
      "team": "Otters",
      "yards": 0,
      "meet": "078",
      "opponent": "Champs"
    },
    {
      "name": "BryanC",
      "stroke": "Back",
      "age": "15-18",
      "gender": "Boys",
      "date": "2011-07-16",
      "time": "26.77",
      "place": "2",
      "team": "Otters",
      "yards": 0,
      "meet": "078",
      "opponent": "Champs"
    },
    {
      "name": "BryanC",
      "stroke": "Freestyle",
      "age": "15-18",
      "gender": "Boys",
      "date": "2011-07-16",
      "time": "22.47",
      "place": "3",
      "team": "Otters",
      "yards": 0,
      "meet": "078",
      "opponent": "Champs"
    }
  ]
}