{
  "scores": [
    {
      "name": "ChelseaH",
      "stroke": "Freestyle",
      "age": "6 & Under",
      "gender": "Girls",
      "date": "2004-05-20",
      "time": "48.21",
      "place": "10",
      "team": "Otters",
      "yards": 0,
      "meet": "023",
      "opponent": "Trials"
    },
    {
      "name": "ChelseaH",
      "stroke": "Back",
      "age": "6 & Under",
      "gender": "Girls",
      "date": "2004-06-005",
      "time": "DQ",
      "place": "--",
      "team": "Otters",
      "yards": 0,
      "meet": "024",
      "opponent": "Creekside"
    },
    {
      "name": "ChelseaH",
      "stroke": "Freestyle",
      "age": "6 & Under",
      "gender": "Girls",
      "date": "2004-06-005",
      "time": "47.68",
      "place": "9",
      "team": "Otters",
      "yards": 0,
      "meet": "024",
      "opponent": "Creekside"
    },
    {
      "name": "ChelseaH",
      "stroke": "Back",
      "age": "6 & Under",
      "gender": "Girls",
      "date": "2004-06-12",
      "time": "46.77",
      "place": "15",
      "team": "Otters",
      "yards": 0,
      "meet": "025",
      "opponent": "Shadowbrook"
    },
    {
      "name": "ChelseaH",
      "stroke": "Freestyle",
      "age": "6 & Under",
      "gender": "Girls",
      "date": "2004-06-12",
      "time": "41.41",
      "place": "14",
      "team": "Otters",
      "yards": 0,
      "meet": "025",
      "opponent": "Shadowbrook"
    },
    {
      "name": "ChelseaH",
      "stroke": "Back",
      "age": "6 & Under",
      "gender": "Girls",
      "date": "2004-06-19",
      "time": "46.84",
      "place": "11",
      "team": "Otters",
      "yards": 0,
      "meet": "026",
      "opponent": "Pinehurst"
    },
    {
      "name": "ChelseaH",
      "stroke": "Freestyle",
      "age": "6 & Under",
      "gender": "Girls",
      "date": "2004-06-19",
      "time": "37.03",
      "place": "10",
      "team": "Otters",
      "yards": 0,
      "meet": "026",
      "opponent": "Pinehurst"
    },
    {
      "name": "ChelseaH",
      "stroke": "Back",
      "age": "6 & Under",
      "gender": "Girls",
      "date": "2004-06-26",
      "time": "38.62",
      "place": "8",
      "team": "Otters",
      "yards": 0,
      "meet": "027",
      "opponent": "Crossgates"
    },
    {
      "name": "ChelseaH",
      "stroke": "Freestyle",
      "age": "6 & Under",
      "gender": "Girls",
      "date": "2004-06-26",
      "time": "35.25",
      "place": "12",
      "team": "Otters",
      "yards": 0,
      "meet": "027",
      "opponent": "Crossgates"
    },
    {
      "name": "ChelseaH",
      "stroke": "Back",
      "age": "6 & Under",
      "gender": "Girls",
      "date": "2004-07-10",
      "time": "34.21",
      "place": "4",
      "team": "Otters",
      "yards": 0,
      "meet": "028",
      "opponent": "Almaden"
    },
    {
      "name": "ChelseaH",
      "stroke": "Freestyle",
      "age": "6 & Under",
      "gender": "Girls",
      "date": "2004-07-10",
      "time": "33.78",
      "place": "9",
      "team": "Otters",
      "yards": 0,
      "meet": "028",
      "opponent": "Almaden"
    },
    {
      "name": "ChelseaH",
      "stroke": "Back",
      "age": "6 & Under",
      "gender": "Girls",
      "date": "2004-07-17",
      "time": "36.15",
      "place": "16",
      "team": "Otters",
      "yards": 0,
      "meet": "029",
      "opponent": "Champs"
    },
    {
      "name": "ChelseaH",
      "stroke": "Freestyle",
      "age": "6 & Under",
      "gender": "Girls",
      "date": "2004-07-17",
      "time": "33.72",
      "place": "29",
      "team": "Otters",
      "yards": 0,
      "meet": "029",
      "opponent": "Champs"
    },
    {
      "name": "ChelseaH",
      "stroke": "Back",
      "age": "6 & Under",
      "gender": "Girls",
      "date": "2005-06-004",
      "time": "36.11",
      "place": "10",
      "team": "Otters",
      "yards": 0,
      "meet": "031",
      "opponent": "Almaden"
    },
    {
      "name": "ChelseaH",
      "stroke": "Freestyle",
      "age": "6 & Under",
      "gender": "Girls",
      "date": "2005-06-004",
      "time": "31.37",
      "place": "9",
      "team": "Otters",
      "yards": 0,
      "meet": "031",
      "opponent": "Almaden"
    },
    {
      "name": "ChelseaH",
      "stroke": "Back",
      "age": "6 & Under",
      "gender": "Girls",
      "date": "2005-06-11",
      "time": "33.44",
      "place": "4",
      "team": "Otters",
      "yards": 0,
      "meet": "032",
      "opponent": "Creekside"
    },
    {
      "name": "ChelseaH",
      "stroke": "Freestyle",
      "age": "6 & Under",
      "gender": "Girls",
      "date": "2005-06-11",
      "time": "28.71",
      "place": "5",
      "team": "Otters",
      "yards": 0,
      "meet": "032",
      "opponent": "Creekside"
    },
    {
      "name": "ChelseaH",
      "stroke": "Back",
      "age": "6 & Under",
      "gender": "Girls",
      "date": "2005-06-18",
      "time": "32.57",
      "place": "3",
      "team": "Otters",
      "yards": 0,
      "meet": "033",
      "opponent": "Shadowbrook"
    },
    {
      "name": "ChelseaH",
      "stroke": "Freestyle",
      "age": "6 & Under",
      "gender": "Girls",
      "date": "2005-06-18",
      "time": "25.43",
      "place": "3",
      "team": "Otters",
      "yards": 0,
      "meet": "033",
      "opponent": "Shadowbrook"
    },
    {
      "name": "ChelseaH",
      "stroke": "Back",
      "age": "6 & Under",
      "gender": "Girls",
      "date": "2005-06-25",
      "time": "31.62",
      "place": "5",
      "team": "Otters",
      "yards": 0,
      "meet": "034",
      "opponent": "Pinehurst"
    },
    {
      "name": "ChelseaH",
      "stroke": "Freestyle",
      "age": "6 & Under",
      "gender": "Girls",
      "date": "2005-06-25",
      "time": "28.21",
      "place": "2",
      "team": "Otters",
      "yards": 0,
      "meet": "034",
      "opponent": "Pinehurst"
    },
    {
      "name": "ChelseaH",
      "stroke": "Back",
      "age": "6 & Under",
      "gender": "Girls",
      "date": "2005-07-009",
      "time": "30.98",
      "place": "9",
      "team": "Otters",
      "yards": 0,
      "meet": "035",
      "opponent": "Crossgates"
    },
    {
      "name": "ChelseaH",
      "stroke": "Breast",
      "age": "8 & Under",
      "gender": "Girls",
      "date": "2005-07-009",
      "time": "DQ",
      "place": "--",
      "team": "Otters",
      "yards": 0,
      "meet": "035",
      "opponent": "Crossgates"
    },
    {
      "name": "ChelseaH",
      "stroke": "Freestyle",
      "age": "6 & Under",
      "gender": "Girls",
      "date": "2005-07-009",
      "time": "26.71",
      "place": "7",
      "team": "Otters",
      "yards": 0,
      "meet": "035",
      "opponent": "Crossgates"
    },
    {
      "name": "ChelseaH",
      "stroke": "Back",
      "age": "6 & Under",
      "gender": "Girls",
      "date": "2005-07-16",
      "time": "32.86",
      "place": "21",
      "team": "Otters",
      "yards": 0,
      "meet": "036",
      "opponent": "Champs"
    },
    {
      "name": "ChelseaH",
      "stroke": "Freestyle",
      "age": "6 & Under",
      "gender": "Girls",
      "date": "2005-07-16",
      "time": "25.25",
      "place": "8",
      "team": "Otters",
      "yards": 0,
      "meet": "036",
      "opponent": "Champs"
    },
    {
      "name": "ChelseaH",
      "stroke": "Butterfly",
      "age": "8 & Under",
      "gender": "Girls",
      "date": "2006-05-20",
      "time": "31.98",
      "place": "10",
      "team": "Otters",
      "yards": 0,
      "meet": "037",
      "opponent": "Trials"
    },
    {
      "name": "ChelseaH",
      "stroke": "Back",
      "age": "7-8",
      "gender": "Girls",
      "date": "2006-05-20",
      "time": "29.25",
      "place": "7",
      "team": "Otters",
      "yards": 0,
      "meet": "037",
      "opponent": "Trials"
    },
    {
      "name": "ChelseaH",
      "stroke": "Breast",
      "age": "8 & Under",
      "gender": "Girls",
      "date": "2006-05-20",
      "time": "28.47",
      "place": "3",
      "team": "Otters",
      "yards": 0,
      "meet": "037",
      "opponent": "Trials"
    },
    {
      "name": "ChelseaH",
      "stroke": "Freestyle",
      "age": "7-8",
      "gender": "Girls",
      "date": "2006-05-20",
      "time": "30.46",
      "place": "17",
      "team": "Otters",
      "yards": 0,
      "meet": "037",
      "opponent": "Trials"
    },
    {
      "name": "ChelseaH",
      "stroke": "Back",
      "age": "7-8",
      "gender": "Girls",
      "date": "2006-06-003",
      "time": "26.35",
      "place": "7",
      "team": "Otters",
      "yards": 0,
      "meet": "038",
      "opponent": "Crossgates"
    },
    {
      "name": "ChelseaH",
      "stroke": "Breast",
      "age": "8 & Under",
      "gender": "Girls",
      "date": "2006-06-003",
      "time": "27.63",
      "place": "3",
      "team": "Otters",
      "yards": 0,
      "meet": "038",
      "opponent": "Crossgates"
    },
    {
      "name": "ChelseaH",
      "stroke": "Freestyle",
      "age": "7-8",
      "gender": "Girls",
      "date": "2006-06-003",
      "time": "25.78",
      "place": "17",
      "team": "Otters",
      "yards": 0,
      "meet": "038",
      "opponent": "Crossgates"
    },
    {
      "name": "ChelseaH",
      "stroke": "Back",
      "age": "7-8",
      "gender": "Girls",
      "date": "2006-06-17",
      "time": "30.95",
      "place": "10",
      "team": "Otters",
      "yards": 0,
      "meet": "040",
      "opponent": "Creekside"
    },
    {
      "name": "ChelseaH",
      "stroke": "Breast",
      "age": "8 & Under",
      "gender": "Girls",
      "date": "2006-06-17",
      "time": "25.22",
      "place": "1",
      "team": "Otters",
      "yards": 0,
      "meet": "040",
      "opponent": "Creekside"
    },
    {
      "name": "ChelseaH",
      "stroke": "Freestyle",
      "age": "7-8",
      "gender": "Girls",
      "date": "2006-06-17",
      "time": "26.72",
      "place": "9",
      "team": "Otters",
      "yards": 0,
      "meet": "040",
      "opponent": "Creekside"
    },
    {
      "name": "ChelseaH",
      "stroke": "Back",
      "age": "7-8",
      "gender": "Girls",
      "date": "2006-06-24",
      "time": "25.51",
      "place": "5",
      "team": "Otters",
      "yards": 0,
      "meet": "041",
      "opponent": "Shadowbrook"
    },
    {
      "name": "ChelseaH",
      "stroke": "Breast",
      "age": "8 & Under",
      "gender": "Girls",
      "date": "2006-06-24",
      "time": "26.25",
      "place": "4",
      "team": "Otters",
      "yards": 0,
      "meet": "041",
      "opponent": "Shadowbrook"
    },
    {
      "name": "ChelseaH",
      "stroke": "Freestyle",
      "age": "7-8",
      "gender": "Girls",
      "date": "2006-06-24",
      "time": "22.17",
      "place": "8",
      "team": "Otters",
      "yards": 0,
      "meet": "041",
      "opponent": "Shadowbrook"
    },
    {
      "name": "ChelseaH",
      "stroke": "Back",
      "age": "7-8",
      "gender": "Girls",
      "date": "2006-07-008",
      "time": "27.50",
      "place": "6",
      "team": "Otters",
      "yards": 0,
      "meet": "042",
      "opponent": "Pinehurst"
    },
    {
      "name": "ChelseaH",
      "stroke": "Breast",
      "age": "8 & Under",
      "gender": "Girls",
      "date": "2006-07-008",
      "time": "25.52",
      "place": "2",
      "team": "Otters",
      "yards": 0,
      "meet": "042",
      "opponent": "Pinehurst"
    },
    {
      "name": "ChelseaH",
      "stroke": "Freestyle",
      "age": "7-8",
      "gender": "Girls",
      "date": "2006-07-008",
      "time": "22.11",
      "place": "9",
      "team": "Otters",
      "yards": 0,
      "meet": "042",
      "opponent": "Pinehurst"
    },
    {
      "name": "ChelseaH",
      "stroke": "Back",
      "age": "7-8",
      "gender": "Girls",
      "date": "2006-07-15",
      "time": "28.66",
      "place": "35",
      "team": "Otters",
      "yards": 0,
      "meet": "043",
      "opponent": "Champs"
    },
    {
      "name": "ChelseaH",
      "stroke": "Breast",
      "age": "8 & Under",
      "gender": "Girls",
      "date": "2006-07-15",
      "time": "25.82",
      "place": "7",
      "team": "Otters",
      "yards": 0,
      "meet": "043",
      "opponent": "Champs"
    },
    {
      "name": "ChelseaH",
      "stroke": "Freestyle",
      "age": "7-8",
      "gender": "Girls",
      "date": "2006-07-15",
      "time": "21.37",
      "place": "28",
      "team": "Otters",
      "yards": 0,
      "meet": "043",
      "opponent": "Champs"
    },
    {
      "name": "ChelseaH",
      "stroke": "Butterfly",
      "age": "8 & Under",
      "gender": "Girls",
      "date": "2007-06-002",
      "time": "25.67",
      "place": "6",
      "team": "Otters",
      "yards": 0,
      "meet": "044",
      "opponent": "Trials"
    },
    {
      "name": "ChelseaH",
      "stroke": "Back",
      "age": "7-8",
      "gender": "Girls",
      "date": "2007-06-002",
      "time": "25.00",
      "place": "5",
      "team": "Otters",
      "yards": 0,
      "meet": "044",
      "opponent": "Trials"
    },
    {
      "name": "ChelseaH",
      "stroke": "Breast",
      "age": "8 & Under",
      "gender": "Girls",
      "date": "2007-06-002",
      "time": "23.93",
      "place": "2",
      "team": "Otters",
      "yards": 0,
      "meet": "044",
      "opponent": "Trials"
    },
    {
      "name": "ChelseaH",
      "stroke": "Freestyle",
      "age": "7-8",
      "gender": "Girls",
      "date": "2007-06-002",
      "time": "21.39",
      "place": "4",
      "team": "Otters",
      "yards": 0,
      "meet": "044",
      "opponent": "Trials"
    },
    {
      "name": "ChelseaH",
      "stroke": "Back",
      "age": "7-8",
      "gender": "Girls",
      "date": "2007-06-009",
      "time": "27.07",
      "place": "8",
      "team": "Otters",
      "yards": 0,
      "meet": "045",
      "opponent": "Pinehurst"
    },
    {
      "name": "ChelseaH",
      "stroke": "Breast",
      "age": "8 & Under",
      "gender": "Girls",
      "date": "2007-06-009",
      "time": "24.03",
      "place": "3",
      "team": "Otters",
      "yards": 0,
      "meet": "045",
      "opponent": "Pinehurst"
    },
    {
      "name": "ChelseaH",
      "stroke": "Freestyle",
      "age": "7-8",
      "gender": "Girls",
      "date": "2007-06-009",
      "time": "22.70",
      "place": "12",
      "team": "Otters",
      "yards": 0,
      "meet": "045",
      "opponent": "Pinehurst"
    },
    {
      "name": "ChelseaH",
      "stroke": "Back",
      "age": "7-8",
      "gender": "Girls",
      "date": "2007-06-16",
      "time": "25.62",
      "place": "7",
      "team": "Otters",
      "yards": 0,
      "meet": "046",
      "opponent": "Crossgates"
    },
    {
      "name": "ChelseaH",
      "stroke": "Breast",
      "age": "8 & Under",
      "gender": "Girls",
      "date": "2007-06-16",
      "time": "25.37",
      "place": "4",
      "team": "Otters",
      "yards": 0,
      "meet": "046",
      "opponent": "Crossgates"
    },
    {
      "name": "ChelseaH",
      "stroke": "Freestyle",
      "age": "7-8",
      "gender": "Girls",
      "date": "2007-06-16",
      "time": "20.22",
      "place": "10",
      "team": "Otters",
      "yards": 0,
      "meet": "046",
      "opponent": "Crossgates"
    },
    {
      "name": "ChelseaH",
      "stroke": "Back",
      "age": "7-8",
      "gender": "Girls",
      "date": "2007-07-007",
      "time": "24.38",
      "place": "3",
      "team": "Otters",
      "yards": 0,
      "meet": "049",
      "opponent": "Shadowbrook"
    },
    {
      "name": "ChelseaH",
      "stroke": "Breast",
      "age": "8 & Under",
      "gender": "Girls",
      "date": "2007-07-007",
      "time": "23.33",
      "place": "2",
      "team": "Otters",
      "yards": 0,
      "meet": "049",
      "opponent": "Shadowbrook"
    },
    {
      "name": "ChelseaH",
      "stroke": "Freestyle",
      "age": "7-8",
      "gender": "Girls",
      "date": "2007-07-007",
      "time": "21.54",
      "place": "8",
      "team": "Otters",
      "yards": 0,
      "meet": "049",
      "opponent": "Shadowbrook"
    },
    {
      "name": "ChelseaH",
      "stroke": "Back",
      "age": "9-10",
      "gender": "Girls",
      "date": "2008-06-007",
      "time": "21.93",
      "place": "5",
      "team": "Otters",
      "yards": 0,
      "meet": "052",
      "opponent": "Shadowbrook"
    },
    {
      "name": "ChelseaH",
      "stroke": "Breast",
      "age": "9-10",
      "gender": "Girls",
      "date": "2008-06-007",
      "time": "21.39",
      "place": "3",
      "team": "Otters",
      "yards": 0,
      "meet": "052",
      "opponent": "Shadowbrook"
    },
    {
      "name": "ChelseaH",
      "stroke": "Freestyle",
      "age": "9-10",
      "gender": "Girls",
      "date": "2008-06-007",
      "time": "18.49",
      "place": "8",
      "team": "Otters",
      "yards": 0,
      "meet": "052",
      "opponent": "Shadowbrook"
    },
    {
      "name": "ChelseaH",
      "stroke": "Butterfly",
      "age": "9-10",
      "gender": "Girls",
      "date": "2008-06-14",
      "time": "23.89",
      "place": "14",
      "team": "Otters",
      "yards": 0,
      "meet": "053",
      "opponent": "Pinehurst"
    },
    {
      "name": "ChelseaH",
      "stroke": "Back",
      "age": "9-10",
      "gender": "Girls",
      "date": "2008-06-14",
      "time": "23.00",
      "place": "3",
      "team": "Otters",
      "yards": 0,
      "meet": "053",
      "opponent": "Pinehurst"
    },
    {
      "name": "ChelseaH",
      "stroke": "Freestyle",
      "age": "9-10",
      "gender": "Girls",
      "date": "2008-06-14",
      "time": "19.53",
      "place": "12",
      "team": "Otters",
      "yards": 0,
      "meet": "053",
      "opponent": "Pinehurst"
    },
    {
      "name": "ChelseaH",
      "stroke": "Butterfly",
      "age": "9-10",
      "gender": "Girls",
      "date": "2008-06-21",
      "time": "20.77",
      "place": "7",
      "team": "Otters",
      "yards": 0,
      "meet": "054",
      "opponent": "Crossgates"
    },
    {
      "name": "ChelseaH",
      "stroke": "Breast",
      "age": "9-10",
      "gender": "Girls",
      "date": "2008-06-21",
      "time": "21.73",
      "place": "4",
      "team": "Otters",
      "yards": 0,
      "meet": "054",
      "opponent": "Crossgates"
    },
    {
      "name": "ChelseaH",
      "stroke": "Freestyle",
      "age": "9-10",
      "gender": "Girls",
      "date": "2008-06-21",
      "time": "18.63",
      "place": "12",
      "team": "Otters",
      "yards": 0,
      "meet": "054",
      "opponent": "Crossgates"
    },
    {
      "name": "ChelseaH",
      "stroke": "Butterfly",
      "age": "9-10",
      "gender": "Girls",
      "date": "2008-06-28",
      "time": "20.34",
      "place": "6",
      "team": "Otters",
      "yards": 0,
      "meet": "055",
      "opponent": "Almaden"
    },
    {
      "name": "ChelseaH",
      "stroke": "Breast",
      "age": "9-10",
      "gender": "Girls",
      "date": "2008-06-28",
      "time": "20.75",
      "place": "3",
      "team": "Otters",
      "yards": 0,
      "meet": "055",
      "opponent": "Almaden"
    },
    {
      "name": "ChelseaH",
      "stroke": "Freestyle",
      "age": "9-10",
      "gender": "Girls",
      "date": "2008-06-28",
      "time": "17.72",
      "place": "9",
      "team": "Otters",
      "yards": 0,
      "meet": "055",
      "opponent": "Almaden"
    },
    {
      "name": "ChelseaH",
      "stroke": "Back",
      "age": "9-10",
      "gender": "Girls",
      "date": "2008-07-12",
      "time": "21.93",
      "place": "4",
      "team": "Otters",
      "yards": 0,
      "meet": "056",
      "opponent": "Creekside"
    },
    {
      "name": "ChelseaH",
      "stroke": "Breast",
      "age": "9-10",
      "gender": "Girls",
      "date": "2008-07-12",
      "time": "21.72",
      "place": "1",
      "team": "Otters",
      "yards": 0,
      "meet": "056",
      "opponent": "Creekside"
    },
    {
      "name": "ChelseaH",
      "stroke": "Freestyle",
      "age": "9-10",
      "gender": "Girls",
      "date": "2008-07-12",
      "time": "18.65",
      "place": "9",
      "team": "Otters",
      "yards": 0,
      "meet": "056",
      "opponent": "Creekside"
    },
    {
      "name": "ChelseaH",
      "stroke": "Back",
      "age": "9-10",
      "gender": "Girls",
      "date": "2008-07-19",
      "time": "21.01",
      "place": "15",
      "team": "Otters",
      "yards": 0,
      "meet": "057",
      "opponent": "Champs"
    },
    {
      "name": "ChelseaH",
      "stroke": "Breast",
      "age": "9-10",
      "gender": "Girls",
      "date": "2008-07-19",
      "time": "21.36",
      "place": "9",
      "team": "Otters",
      "yards": 0,
      "meet": "057",
      "opponent": "Champs"
    },
    {
      "name": "ChelseaH",
      "stroke": "Freestyle",
      "age": "9-10",
      "gender": "Girls",
      "date": "2008-07-19",
      "time": "18.57",
      "place": "40",
      "team": "Otters",
      "yards": 0,
      "meet": "057",
      "opponent": "Champs"
    },
    {
      "name": "ChelseaH",
      "stroke": "Butterfly",
      "age": "9-10",
      "gender": "Girls",
      "date": "2009-05-30",
      "time": "19.19",
      "place": "3",
      "team": "Otters",
      "yards": 0,
      "meet": "058",
      "opponent": "Trials"
    },
    {
      "name": "ChelseaH",
      "stroke": "Back",
      "age": "9-10",
      "gender": "Girls",
      "date": "2009-05-30",
      "time": "22.75",
      "place": "9",
      "team": "Otters",
      "yards": 0,
      "meet": "058",
      "opponent": "Trials"
    },
    {
      "name": "ChelseaH",
      "stroke": "Breast",
      "age": "9-10",
      "gender": "Girls",
      "date": "2009-05-30",
      "time": "20.60",
      "place": "3",
      "team": "Otters",
      "yards": 0,
      "meet": "058",
      "opponent": "Trials"
    },
    {
      "name": "ChelseaH",
      "stroke": "Freestyle",
      "age": "9-10",
      "gender": "Girls",
      "date": "2009-05-30",
      "time": "17.30",
      "place": "3",
      "team": "Otters",
      "yards": 0,
      "meet": "058",
      "opponent": "Trials"
    },
    {
      "name": "ChelseaH",
      "stroke": "Butterfly",
      "age": "9-10",
      "gender": "Girls",
      "date": "2009-06-006",
      "time": "18.63",
      "place": "3",
      "team": "Otters",
      "yards": 0,
      "meet": "059",
      "opponent": "Creekside"
    },
    {
      "name": "ChelseaH",
      "stroke": "Breast",
      "age": "9-10",
      "gender": "Girls",
      "date": "2009-06-006",
      "time": "21.53",
      "place": "2",
      "team": "Otters",
      "yards": 0,
      "meet": "059",
      "opponent": "Creekside"
    },
    {
      "name": "ChelseaH",
      "stroke": "Freestyle",
      "age": "9-10",
      "gender": "Girls",
      "date": "2009-06-006",
      "time": "18.28",
      "place": "10",
      "team": "Otters",
      "yards": 0,
      "meet": "059",
      "opponent": "Creekside"
    },
    {
      "name": "ChelseaH",
      "stroke": "Butterfly",
      "age": "9-10",
      "gender": "Girls",
      "date": "2009-06-13",
      "time": "19.21",
      "place": "4",
      "team": "Otters",
      "yards": 0,
      "meet": "060",
      "opponent": "Shadowbrook"
    },
    {
      "name": "ChelseaH",
      "stroke": "Butterfly",
      "age": "9-10",
      "gender": "Girls",
      "date": "2009-06-20",
      "time": "19.66",
      "place": "5",
      "team": "Otters",
      "yards": 0,
      "meet": "061",
      "opponent": "Pinehurst"
    },
    {
      "name": "ChelseaH",
      "stroke": "Breast",
      "age": "9-10",
      "gender": "Girls",
      "date": "2009-06-20",
      "time": "21.40",
      "place": "3",
      "team": "Otters",
      "yards": 0,
      "meet": "061",
      "opponent": "Pinehurst"
    },
    {
      "name": "ChelseaH",
      "stroke": "Freestyle",
      "age": "9-10",
      "gender": "Girls",
      "date": "2009-06-20",
      "time": "18.00",
      "place": "10",
      "team": "Otters",
      "yards": 0,
      "meet": "061",
      "opponent": "Pinehurst"
    },
    {
      "name": "ChelseaH",
      "stroke": "Butterfly",
      "age": "9-10",
      "gender": "Girls",
      "date": "2009-06-27",
      "time": "19.25",
      "place": "5",
      "team": "Otters",
      "yards": 0,
      "meet": "062",
      "opponent": "Crossgates"
    },
    {
      "name": "ChelseaH",
      "stroke": "Breast",
      "age": "9-10",
      "gender": "Girls",
      "date": "2009-06-27",
      "time": "20.71",
      "place": "3",
      "team": "Otters",
      "yards": 0,
      "meet": "062",
      "opponent": "Crossgates"
    },
    {
      "name": "ChelseaH",
      "stroke": "Freestyle",
      "age": "9-10",
      "gender": "Girls",
      "date": "2009-06-27",
      "time": "16.84",
      "place": "8",
      "team": "Otters",
      "yards": 0,
      "meet": "062",
      "opponent": "Crossgates"
    },
    {
      "name": "ChelseaH",
      "stroke": "Butterfly",
      "age": "9-10",
      "gender": "Girls",
      "date": "2009-07-11",
      "time": "18.09",
      "place": "6",
      "team": "Otters",
      "yards": 0,
      "meet": "063",
      "opponent": "Almaden"
    },
    {
      "name": "ChelseaH",
      "stroke": "Breast",
      "age": "9-10",
      "gender": "Girls",
      "date": "2009-07-11",
      "time": "19.99",
      "place": "3",
      "team": "Otters",
      "yards": 0,
      "meet": "063",
      "opponent": "Almaden"
    },
    {
      "name": "ChelseaH",
      "stroke": "Freestyle",
      "age": "9-10",
      "gender": "Girls",
      "date": "2009-07-11",
      "time": "17.10",
      "place": "14",
      "team": "Otters",
      "yards": 0,
      "meet": "063",
      "opponent": "Almaden"
    },
    {
      "name": "ChelseaH",
      "stroke": "Butterfly",
      "age": "9-10",
      "gender": "Girls",
      "date": "2009-07-18",
      "time": "18.02",
      "place": "13",
      "team": "Otters",
      "yards": 0,
      "meet": "064",
      "opponent": "Champs"
    },
    {
      "name": "ChelseaH",
      "stroke": "Breast",
      "age": "9-10",
      "gender": "Girls",
      "date": "2009-07-18",
      "time": "19.42",
      "place": "5",
      "team": "Otters",
      "yards": 0,
      "meet": "064",
      "opponent": "Champs"
    },
    {
      "name": "ChelseaH",
      "stroke": "Freestyle",
      "age": "9-10",
      "gender": "Girls",
      "date": "2009-07-18",
      "time": "16.94",
      "place": "31",
      "team": "Otters",
      "yards": 0,
      "meet": "064",
      "opponent": "Champs"
    },
    {
      "name": "ChelseaH",
      "stroke": "Back",
      "age": "11-12",
      "gender": "Girls",
      "date": "2010-06-12",
      "time": "DQ",
      "place": "--",
      "team": "Otters",
      "yards": 0,
      "meet": "067",
      "opponent": "Creekside"
    },
    {
      "name": "ChelseaH",
      "stroke": "Breast",
      "age": "11-12",
      "gender": "Girls",
      "date": "2010-06-12",
      "time": "44.91",
      "place": "2",
      "team": "Otters",
      "yards": 0,
      "meet": "067",
      "opponent": "Creekside"
    },
    {
      "name": "ChelseaH",
      "stroke": "Freestyle",
      "age": "11-12",
      "gender": "Girls",
      "date": "2010-06-12",
      "time": "38.28",
      "place": "12",
      "team": "Otters",
      "yards": 0,
      "meet": "067",
      "opponent": "Creekside"
    },
    {
      "name": "ChelseaH",
      "stroke": "Back",
      "age": "11-12",
      "gender": "Girls",
      "date": "2010-07-10",
      "time": "43.97",
      "place": "11",
      "team": "Otters",
      "yards": 0,
      "meet": "070",
      "opponent": "Crossgates"
    },
    {
      "name": "ChelseaH",
      "stroke": "Breast",
      "age": "11-12",
      "gender": "Girls",
      "date": "2010-07-10",
      "time": "44.09",
      "place": "6",
      "team": "Otters",
      "yards": 0,
      "meet": "070",
      "opponent": "Crossgates"
    },
    {
      "name": "ChelseaH",
      "stroke": "Freestyle",
      "age": "11-12",
      "gender": "Girls",
      "date": "2010-07-10",
      "time": "39.00",
      "place": "18",
      "team": "Otters",
      "yards": 0,
      "meet": "070",
      "opponent": "Crossgates"
    },
    {
      "name": "ChelseaH",
      "stroke": "Back",
      "age": "11-12",
      "gender": "Girls",
      "date": "2011-06-004",
      "time": "42.78",
      "place": "11",
      "team": "Otters",
      "yards": 0,
      "meet": "073",
      "opponent": "Crossgates"
    },
    {
      "name": "ChelseaH",
      "stroke": "Breast",
      "age": "11-12",
      "gender": "Girls",
      "date": "2011-06-004",
      "time": "44.03",
      "place": "3",
      "team": "Otters",
      "yards": 0,
      "meet": "073",
      "opponent": "Crossgates"
    },
    {
      "name": "ChelseaH",
      "stroke": "Freestyle",
      "age": "11-12",
      "gender": "Girls",
      "date": "2011-06-004",
      "time": "36.77",
      "place": "13",
      "team": "Otters",
      "yards": 0,
      "meet": "073",
      "opponent": "Crossgates"
    },
    {
      "name": "ChelseaH",
      "stroke": "Back",
      "age": "11-12",
      "gender": "Girls",
      "date": "2011-06-11",
      "time": "41.68",
      "place": "12",
      "team": "Otters",
      "yards": 0,
      "meet": "074",
      "opponent": "Almaden"
    },
    {
      "name": "ChelseaH",
      "stroke": "Breast",
      "age": "11-12",
      "gender": "Girls",
      "date": "2011-06-11",
      "time": "43.67",
      "place": "6",
      "team": "Otters",
      "yards": 0,
      "meet": "074",
      "opponent": "Almaden"
    },
    {
      "name": "ChelseaH",
      "stroke": "Freestyle",
      "age": "11-12",
      "gender": "Girls",
      "date": "2011-06-11",
      "time": "36.53",
      "place": "20",
      "team": "Otters",
      "yards": 0,
      "meet": "074",
      "opponent": "Almaden"
    },
    {
      "name": "ChelseaH",
      "stroke": "Back",
      "age": "11-12",
      "gender": "Girls",
      "date": "2011-06-25",
      "time": "42.54",
      "place": "6",
      "team": "Otters",
      "yards": 0,
      "meet": "076",
      "opponent": "Shadowbrook"
    },
    {
      "name": "ChelseaH",
      "stroke": "Breast",
      "age": "11-12",
      "gender": "Girls",
      "date": "2011-06-25",
      "time": "42.05",
      "place": "4",
      "team": "Otters",
      "yards": 0,
      "meet": "076",
      "opponent": "Shadowbrook"
    },
    {
      "name": "ChelseaH",
      "stroke": "Freestyle",
      "age": "11-12",
      "gender": "Girls",
      "date": "2011-06-25",
      "time": "38.20",
      "place": "15",
      "team": "Otters",
      "yards": 0,
      "meet": "076",
      "opponent": "Shadowbrook"
    },
    {
      "name": "ChelseaH",
      "stroke": "Back",
      "age": "11-12",
      "gender": "Girls",
      "date": "2011-07-16",
      "time": "41.84",
      "place": "27",
      "team": "Otters",
      "yards": 0,
      "meet": "078",
      "opponent": "Champs"
    },
    {
      "name": "ChelseaH",
      "stroke": "Breast",
      "age": "11-12",
      "gender": "Girls",
      "date": "2011-07-16",
      "time": "41.59",
      "place": "10",
      "team": "Otters",
      "yards": 0,
      "meet": "078",
      "opponent": "Champs"
    },
    {
      "name": "ChelseaH",
      "stroke": "Freestyle",
      "age": "11-12",
      "gender": "Girls",
      "date": "2011-07-16",
      "time": "35.27",
      "place": "36",
      "team": "Otters",
      "yards": 0,
      "meet": "078",
      "opponent": "Champs"
    },
    {
      "name": "ChelseaH",
      "stroke": "Breast",
      "age": "13-14",
      "gender": "Girls",
      "date": "2012-05-19",
      "time": "40.30",
      "place": "3",
      "team": "Otters",
      "yards": 0,
      "meet": "079",
      "opponent": "Trials"
    },
    {
      "name": "ChelseaH",
      "stroke": "Freestyle",
      "age": "13-14",
      "gender": "Girls",
      "date": "2012-05-19",
      "time": "33.77",
      "place": "4",
      "team": "Otters",
      "yards": 0,
      "meet": "079",
      "opponent": "Trials"
    },
    {
      "name": "ChelseaH",
      "stroke": "Back",
      "age": "13-14",
      "gender": "Girls",
      "date": "2012-06-002",
      "time": "38.73",
      "place": "4",
      "team": "Otters",
      "yards": 0,
      "meet": "080",
      "opponent": "Pinehurst"
    },
    {
      "name": "ChelseaH",
      "stroke": "Back",
      "age": "13-14",
      "gender": "Girls",
      "date": "2012-06-009",
      "time": "39.04",
      "place": "8",
      "team": "Otters",
      "yards": 0,
      "meet": "081",
      "opponent": "Crossgates"
    },
    {
      "name": "ChelseaH",
      "stroke": "Breast",
      "age": "13-14",
      "gender": "Girls",
      "date": "2012-06-009",
      "time": "40.00",
      "place": "4",
      "team": "Otters",
      "yards": 0,
      "meet": "081",
      "opponent": "Crossgates"
    },
    {
      "name": "ChelseaH",
      "stroke": "Freestyle",
      "age": "13-14",
      "gender": "Girls",
      "date": "2012-06-009",
      "time": "32.59",
      "place": "11",
      "team": "Otters",
      "yards": 0,
      "meet": "081",
      "opponent": "Crossgates"
    },
    {
      "name": "ChelseaH",
      "stroke": "Back",
      "age": "13-14",
      "gender": "Girls",
      "date": "2012-06-16",
      "time": "DQ",
      "place": "--",
      "team": "Otters",
      "yards": 0,
      "meet": "082",
      "opponent": "Almaden"
    },
    {
      "name": "ChelseaH",
      "stroke": "Breast",
      "age": "13-14",
      "gender": "Girls",
      "date": "2012-06-16",
      "time": "40.38",
      "place": "3",
      "team": "Otters",
      "yards": 0,
      "meet": "082",
      "opponent": "Almaden"
    },
    {
      "name": "ChelseaH",
      "stroke": "Freestyle",
      "age": "13-14",
      "gender": "Girls",
      "date": "2012-06-16",
      "time": "32.87",
      "place": "8",
      "team": "Otters",
      "yards": 0,
      "meet": "082",
      "opponent": "Almaden"
    },
    {
      "name": "ChelseaH",
      "stroke": "Back",
      "age": "13-14",
      "gender": "Girls",
      "date": "2012-06-23",
      "time": "39.65",
      "place": "3",
      "team": "Otters",
      "yards": 0,
      "meet": "083",
      "opponent": "Creekside"
    },
    {
      "name": "ChelseaH",
      "stroke": "Breast",
      "age": "13-14",
      "gender": "Girls",
      "date": "2012-06-23",
      "time": "40.62",
      "place": "3",
      "team": "Otters",
      "yards": 0,
      "meet": "083",
      "opponent": "Creekside"
    },
    {
      "name": "ChelseaH",
      "stroke": "Freestyle",
      "age": "13-14",
      "gender": "Girls",
      "date": "2012-06-23",
      "time": "32.34",
      "place": "4",
      "team": "Otters",
      "yards": 0,
      "meet": "083",
      "opponent": "Creekside"
    },
    {
      "name": "ChelseaH",
      "stroke": "Back",
      "age": "13-14",
      "gender": "Girls",
      "date": "2012-06-30",
      "time": "39.03",
      "place": "5",
      "team": "Otters",
      "yards": 0,
      "meet": "084",
      "opponent": "Shadowbrook"
    },
    {
      "name": "ChelseaH",
      "stroke": "Breast",
      "age": "13-14",
      "gender": "Girls",
      "date": "2012-06-30",
      "time": "39.67",
      "place": "5",
      "team": "Otters",
      "yards": 0,
      "meet": "084",
      "opponent": "Shadowbrook"
    },
    {
      "name": "ChelseaH",
      "stroke": "Freestyle",
      "age": "13-14",
      "gender": "Girls",
      "date": "2012-06-30",
      "time": "32.67",
      "place": "11",
      "team": "Otters",
      "yards": 0,
      "meet": "084",
      "opponent": "Shadowbrook"
    },
    {
      "name": "ChelseaH",
      "stroke": "Back",
      "age": "13-14",
      "gender": "Girls",
      "date": "2012-07-14",
      "time": "38.27",
      "place": "17",
      "team": "Otters",
      "yards": 0,
      "meet": "085",
      "opponent": "Champs"
    },
    {
      "name": "ChelseaH",
      "stroke": "Breast",
      "age": "13-14",
      "gender": "Girls",
      "date": "2012-07-14",
      "time": "38.72",
      "place": "8",
      "team": "Otters",
      "yards": 0,
      "meet": "085",
      "opponent": "Champs"
    },
    {
      "name": "ChelseaH",
      "stroke": "Freestyle",
      "age": "13-14",
      "gender": "Girls",
      "date": "2012-07-14",
      "time": "31.76",
      "place": "28",
      "team": "Otters",
      "yards": 0,
      "meet": "085",
      "opponent": "Champs"
    },
    {
      "name": "ChelseaH",
      "stroke": "Breast",
      "age": "13-14",
      "gender": "Girls",
      "date": "2013-05-18",
      "time": "39.05",
      "place": "4",
      "team": "Otters",
      "yards": 0,
      "meet": "086",
      "opponent": "Trials"
    },
    {
      "name": "ChelseaH",
      "stroke": "Freestyle",
      "age": "13-14",
      "gender": "Girls",
      "date": "2013-05-18",
      "time": "30.01",
      "place": "4",
      "team": "Otters",
      "yards": 0,
      "meet": "086",
      "opponent": "Trials"
    },
    {
      "name": "ChelseaH",
      "stroke": "Back",
      "age": "13-14",
      "gender": "Girls",
      "date": "2013-06-008",
      "time": "36.21",
      "place": "8",
      "team": "Otters",
      "yards": 0,
      "meet": "088",
      "opponent": "Pinehurst"
    },
    {
      "name": "ChelseaH",
      "stroke": "Breast",
      "age": "13-14",
      "gender": "Girls",
      "date": "2013-06-008",
      "time": "35.25",
      "place": "4",
      "team": "Otters",
      "yards": 0,
      "meet": "088",
      "opponent": "Pinehurst"
    },
    {
      "name": "ChelseaH",
      "stroke": "Freestyle",
      "age": "13-14",
      "gender": "Girls",
      "date": "2013-06-008",
      "time": "29.89",
      "place": "7",
      "team": "Otters",
      "yards": 0,
      "meet": "088",
      "opponent": "Pinehurst"
    },
    {
      "name": "ChelseaH",
      "stroke": "Back",
      "age": "13-14",
      "gender": "Girls",
      "date": "2013-06-15",
      "time": "36.42",
      "place": "8",
      "team": "Otters",
      "yards": 0,
      "meet": "089",
      "opponent": "Crossgates"
    },
    {
      "name": "ChelseaH",
      "stroke": "Breast",
      "age": "13-14",
      "gender": "Girls",
      "date": "2013-06-15",
      "time": "37.99",
      "place": "4",
      "team": "Otters",
      "yards": 0,
      "meet": "089",
      "opponent": "Crossgates"
    },
    {
      "name": "ChelseaH",
      "stroke": "Freestyle",
      "age": "13-14",
      "gender": "Girls",
      "date": "2013-06-15",
      "time": "29.78",
      "place": "7",
      "team": "Otters",
      "yards": 0,
      "meet": "089",
      "opponent": "Crossgates"
    },
    {
      "name": "ChelseaH",
      "stroke": "Back",
      "age": "13-14",
      "gender": "Girls",
      "date": "2013-06-29",
      "time": "36.43",
      "place": "8",
      "team": "Otters",
      "yards": 0,
      "meet": "091",
      "opponent": "Creekside"
    },
    {
      "name": "ChelseaH",
      "stroke": "Breast",
      "age": "13-14",
      "gender": "Girls",
      "date": "2013-06-29",
      "time": "37.36",
      "place": "4",
      "team": "Otters",
      "yards": 0,
      "meet": "091",
      "opponent": "Creekside"
    },
    {
      "name": "ChelseaH",
      "stroke": "Freestyle",
      "age": "13-14",
      "gender": "Girls",
      "date": "2013-06-29",
      "time": "29.32",
      "place": "3",
      "team": "Otters",
      "yards": 0,
      "meet": "091",
      "opponent": "Creekside"
    },
    {
      "name": "ChelseaH",
      "stroke": "Back",
      "age": "13-14",
      "gender": "Girls",
      "date": "2013-07-13",
      "time": "37.56",
      "place": "19",
      "team": "Otters",
      "yards": 0,
      "meet": "092",
      "opponent": "Almaden"
    },
    {
      "name": "ChelseaH",
      "stroke": "Breast",
      "age": "13-14",
      "gender": "Girls",
      "date": "2013-07-13",
      "time": "37.61",
      "place": "10",
      "team": "Otters",
      "yards": 0,
      "meet": "092",
      "opponent": "Almaden"
    },
    {
      "name": "ChelseaH",
      "stroke": "Freestyle",
      "age": "13-14",
      "gender": "Girls",
      "date": "2013-07-13",
      "time": "29.54",
      "place": "12",
      "team": "Otters",
      "yards": 0,
      "meet": "092",
      "opponent": "Almaden"
    },
    {
      "name": "ChelseaH",
      "stroke": "Back",
      "age": "15-18",
      "gender": "Girls",
      "date": "2014-05-17",
      "time": "36.91",
      "place": "8",
      "team": "Otters",
      "yards": 0,
      "meet": "093",
      "opponent": "Trials"
    },
    {
      "name": "ChelseaH",
      "stroke": "Breast",
      "age": "15-18",
      "gender": "Girls",
      "date": "2014-05-17",
      "time": "38.13",
      "place": "5",
      "team": "Otters",
      "yards": 0,
      "meet": "093",
      "opponent": "Trials"
    },
    {
      "name": "ChelseaH",
      "stroke": "Freestyle",
      "age": "15-18",
      "gender": "Girls",
      "date": "2014-05-17",
      "time": "30.41",
      "place": "6",
      "team": "Otters",
      "yards": 0,
      "meet": "093",
      "opponent": "Trials"
    }
  ]
}