{
  "scores": [
    {
      "name": "ChristineA",
      "stroke": "Butterfly",
      "age": "11-12",
      "gender": "Girls",
      "date": "2013-06-001",
      "time": "41.95",
      "place": "10",
      "team": "Otters",
      "yards": 0,
      "meet": "087",
      "opponent": "Shadowbrook"
    },
    {
      "name": "ChristineA",
      "stroke": "Breast",
      "age": "11-12",
      "gender": "Girls",
      "date": "2013-06-001",
      "time": "44.51",
      "place": "9",
      "team": "Otters",
      "yards": 0,
      "meet": "087",
      "opponent": "Shadowbrook"
    },
    {
      "name": "ChristineA",
      "stroke": "Freestyle",
      "age": "11-12",
      "gender": "Girls",
      "date": "2013-06-001",
      "time": "37.52",
      "place": "18",
      "team": "Otters",
      "yards": 0,
      "meet": "087",
      "opponent": "Shadowbrook"
    },
    {
      "name": "ChristineA",
      "stroke": "Butterfly",
      "age": "11-12",
      "gender": "Girls",
      "date": "2013-06-008",
      "time": "42.57",
      "place": "7",
      "team": "Otters",
      "yards": 0,
      "meet": "088",
      "opponent": "Pinehurst"
    },
    {
      "name": "ChristineA",
      "stroke": "Breast",
      "age": "11-12",
      "gender": "Girls",
      "date": "2013-06-008",
      "time": "43.87",
      "place": "7",
      "team": "Otters",
      "yards": 0,
      "meet": "088",
      "opponent": "Pinehurst"
    },
    {
      "name": "ChristineA",
      "stroke": "Freestyle",
      "age": "11-12",
      "gender": "Girls",
      "date": "2013-06-008",
      "time": "36.35",
      "place": "11",
      "team": "Otters",
      "yards": 0,
      "meet": "088",
      "opponent": "Pinehurst"
    },
    {
      "name": "ChristineA",
      "stroke": "Back",
      "age": "11-12",
      "gender": "Girls",
      "date": "2013-06-15",
      "time": "42.37",
      "place": "8",
      "team": "Otters",
      "yards": 0,
      "meet": "089",
      "opponent": "Crossgates"
    },
    {
      "name": "ChristineA",
      "stroke": "Breast",
      "age": "11-12",
      "gender": "Girls",
      "date": "2013-06-15",
      "time": "43.78",
      "place": "10",
      "team": "Otters",
      "yards": 0,
      "meet": "089",
      "opponent": "Crossgates"
    },
    {
      "name": "ChristineA",
      "stroke": "Freestyle",
      "age": "11-12",
      "gender": "Girls",
      "date": "2013-06-15",
      "time": "35.77",
      "place": "18",
      "team": "Otters",
      "yards": 0,
      "meet": "089",
      "opponent": "Crossgates"
    },
    {
      "name": "ChristineA",
      "stroke": "Back",
      "age": "11-12",
      "gender": "Girls",
      "date": "2013-06-22",
      "time": "41.06",
      "place": "7",
      "team": "Otters",
      "yards": 0,
      "meet": "090",
      "opponent": "Almaden"
    },
    {
      "name": "ChristineA",
      "stroke": "Breast",
      "age": "11-12",
      "gender": "Girls",
      "date": "2013-06-22",
      "time": "44.47",
      "place": "11",
      "team": "Otters",
      "yards": 0,
      "meet": "090",
      "opponent": "Almaden"
    },
    {
      "name": "ChristineA",
      "stroke": "Freestyle",
      "age": "11-12",
      "gender": "Girls",
      "date": "2013-06-22",
      "time": "35.19",
      "place": "19",
      "team": "Otters",
      "yards": 0,
      "meet": "090",
      "opponent": "Almaden"
    },
    {
      "name": "ChristineA",
      "stroke": "Back",
      "age": "11-12",
      "gender": "Girls",
      "date": "2013-06-29",
      "time": "39.03",
      "place": "9",
      "team": "Otters",
      "yards": 0,
      "meet": "091",
      "opponent": "Creekside"
    },
    {
      "name": "ChristineA",
      "stroke": "Breast",
      "age": "11-12",
      "gender": "Girls",
      "date": "2013-06-29",
      "time": "42.66",
      "place": "6",
      "team": "Otters",
      "yards": 0,
      "meet": "091",
      "opponent": "Creekside"
    },
    {
      "name": "ChristineA",
      "stroke": "Freestyle",
      "age": "11-12",
      "gender": "Girls",
      "date": "2013-06-29",
      "time": "34.75",
      "place": "17",
      "team": "Otters",
      "yards": 0,
      "meet": "091",
      "opponent": "Creekside"
    },
    {
      "name": "ChristineA",
      "stroke": "Back",
      "age": "11-12",
      "gender": "Girls",
      "date": "2013-07-13",
      "time": "39.04",
      "place": "17",
      "team": "Otters",
      "yards": 0,
      "meet": "092",
      "opponent": "Almaden"
    },
    {
      "name": "ChristineA",
      "stroke": "Breast",
      "age": "11-12",
      "gender": "Girls",
      "date": "2013-07-13",
      "time": "41.42",
      "place": "14",
      "team": "Otters",
      "yards": 0,
      "meet": "092",
      "opponent": "Almaden"
    },
    {
      "name": "ChristineA",
      "stroke": "Freestyle",
      "age": "11-12",
      "gender": "Girls",
      "date": "2013-07-13",
      "time": "34.34",
      "place": "43",
      "team": "Otters",
      "yards": 0,
      "meet": "092",
      "opponent": "Almaden"
    },
    {
      "name": "ChristineA",
      "stroke": "Butterfly",
      "age": "13-14",
      "gender": "Girls",
      "date": "2014-05-17",
      "time": "36.59",
      "place": "9",
      "team": "Otters",
      "yards": 0,
      "meet": "093",
      "opponent": "Trials"
    },
    {
      "name": "ChristineA",
      "stroke": "Back",
      "age": "13-14",
      "gender": "Girls",
      "date": "2014-05-17",
      "time": "36.96",
      "place": "5",
      "team": "Otters",
      "yards": 0,
      "meet": "093",
      "opponent": "Trials"
    },
    {
      "name": "ChristineA",
      "stroke": "Breast",
      "age": "13-14",
      "gender": "Girls",
      "date": "2014-05-17",
      "time": "39.03",
      "place": "3",
      "team": "Otters",
      "yards": 0,
      "meet": "093",
      "opponent": "Trials"
    },
    {
      "name": "ChristineA",
      "stroke": "Freestyle",
      "age": "13-14",
      "gender": "Girls",
      "date": "2014-05-17",
      "time": "30.91",
      "place": "3",
      "team": "Otters",
      "yards": 0,
      "meet": "093",
      "opponent": "Trials"
    },
    {
      "name": "ChristineA",
      "stroke": "Back",
      "age": "13-14",
      "gender": "Girls",
      "date": "2014-06-28",
      "time": "35.67",
      "place": "7",
      "team": "Otters",
      "yards": 0,
      "meet": "098",
      "opponent": "Almaden"
    },
    {
      "name": "ChristineA",
      "stroke": "Breast",
      "age": "13-14",
      "gender": "Girls",
      "date": "2014-06-28",
      "time": "39.23",
      "place": "7",
      "team": "Otters",
      "yards": 0,
      "meet": "098",
      "opponent": "Almaden"
    },
    {
      "name": "ChristineA",
      "stroke": "Freestyle",
      "age": "13-14",
      "gender": "Girls",
      "date": "2014-06-28",
      "time": "31.19",
      "place": "15",
      "team": "Otters",
      "yards": 0,
      "meet": "098",
      "opponent": "Almaden"
    },
    {
      "name": "ChristineA",
      "stroke": "Butterfly",
      "age": "13-14",
      "gender": "Girls",
      "date": "2015-05-31",
      "time": "34.93",
      "place": "8",
      "team": "Otters",
      "yards": 0,
      "meet": "100",
      "opponent": "Trials"
    },
    {
      "name": "ChristineA",
      "stroke": "Back",
      "age": "13-14",
      "gender": "Girls",
      "date": "2015-05-31",
      "time": "34.95",
      "place": "3",
      "team": "Otters",
      "yards": 0,
      "meet": "100",
      "opponent": "Trials"
    },
    {
      "name": "ChristineA",
      "stroke": "Breast",
      "age": "13-14",
      "gender": "Girls",
      "date": "2015-05-31",
      "time": "37.70",
      "place": "2",
      "team": "Otters",
      "yards": 0,
      "meet": "100",
      "opponent": "Trials"
    },
    {
      "name": "ChristineA",
      "stroke": "Freestyle",
      "age": "13-14",
      "gender": "Girls",
      "date": "2015-05-31",
      "time": "30.54",
      "place": "6",
      "team": "Otters",
      "yards": 0,
      "meet": "100",
      "opponent": "Trials"
    },
    {
      "name": "ChristineA",
      "stroke": "Back",
      "age": "13-14",
      "gender": "Girls",
      "date": "2015-05-30",
      "time": "35.22",
      "place": "4",
      "team": "Otters",
      "yards": 0,
      "meet": "101",
      "opponent": "Almaden"
    },
    {
      "name": "ChristineA",
      "stroke": "Breast",
      "age": "13-14",
      "gender": "Girls",
      "date": "2015-05-30",
      "time": "36.41",
      "place": "3",
      "team": "Otters",
      "yards": 0,
      "meet": "101",
      "opponent": "Almaden"
    },
    {
      "name": "ChristineA",
      "stroke": "Freestyle",
      "age": "13-14",
      "gender": "Girls",
      "date": "2015-05-30",
      "time": "29.16",
      "place": "7",
      "team": "Otters",
      "yards": 0,
      "meet": "101",
      "opponent": "Almaden"
    },
    {
      "name": "ChristineA",
      "stroke": "Back",
      "age": "13-14",
      "gender": "Girls",
      "date": "2015-06-006",
      "time": "34.22",
      "place": "5",
      "team": "Otters",
      "yards": 0,
      "meet": "102",
      "opponent": "Creekside"
    },
    {
      "name": "ChristineA",
      "stroke": "Breast",
      "age": "13-14",
      "gender": "Girls",
      "date": "2015-06-006",
      "time": "37.12",
      "place": "3",
      "team": "Otters",
      "yards": 0,
      "meet": "102",
      "opponent": "Creekside"
    },
    {
      "name": "ChristineA",
      "stroke": "Back",
      "age": "13-14",
      "gender": "Girls",
      "date": "2015-06-13",
      "time": "35.22",
      "place": "4",
      "team": "Otters",
      "yards": 0,
      "meet": "103",
      "opponent": "Shadowbrook"
    },
    {
      "name": "ChristineA",
      "stroke": "Breast",
      "age": "13-14",
      "gender": "Girls",
      "date": "2015-06-13",
      "time": "36.49",
      "place": "1",
      "team": "Otters",
      "yards": 0,
      "meet": "103",
      "opponent": "Shadowbrook"
    },
    {
      "name": "ChristineA",
      "stroke": "Freestyle",
      "age": "13-14",
      "gender": "Girls",
      "date": "2015-06-13",
      "time": "29.13",
      "place": "3",
      "team": "Otters",
      "yards": 0,
      "meet": "103",
      "opponent": "Shadowbrook"
    },
    {
      "name": "ChristineA",
      "stroke": "Back",
      "age": "13-14",
      "gender": "Girls",
      "date": "2015-06-20",
      "time": "32.66",
      "place": "1",
      "team": "Otters",
      "yards": 0,
      "meet": "104",
      "opponent": "Pinehurst"
    },
    {
      "name": "ChristineA",
      "stroke": "Breast",
      "age": "13-14",
      "gender": "Girls",
      "date": "2015-06-20",
      "time": "36.30",
      "place": "2",
      "team": "Otters",
      "yards": 0,
      "meet": "104",
      "opponent": "Pinehurst"
    },
    {
      "name": "ChristineA",
      "stroke": "Freestyle",
      "age": "13-14",
      "gender": "Girls",
      "date": "2015-06-20",
      "time": "28.91",
      "place": "2",
      "team": "Otters",
      "yards": 0,
      "meet": "104",
      "opponent": "Pinehurst"
    },
    {
      "name": "ChristineA",
      "stroke": "Back",
      "age": "13-14",
      "gender": "Girls",
      "date": "2015-07-11",
      "time": "32.07",
      "place": "3",
      "team": "Otters",
      "yards": 0,
      "meet": "106",
      "opponent": "Champs"
    },
    {
      "name": "ChristineA",
      "stroke": "Breast",
      "age": "13-14",
      "gender": "Girls",
      "date": "2015-07-11",
      "time": "35.09",
      "place": "5",
      "team": "Otters",
      "yards": 0,
      "meet": "106",
      "opponent": "Champs"
    },
    {
      "name": "ChristineA",
      "stroke": "Freestyle",
      "age": "13-14",
      "gender": "Girls",
      "date": "2015-07-11",
      "time": "28.01",
      "place": "7",
      "team": "Otters",
      "yards": 0,
      "meet": "106",
      "opponent": "Champs"
    }
  ]
}