{
  "scores": [
    {
      "name": "ChristopherY",
      "stroke": "Butterfly",
      "age": "7-8",
      "gender": "Boys",
      "date": "2015-05-31",
      "time": "37.65",
      "place": "10",
      "team": "Otters",
      "yards": 0,
      "meet": "100",
      "opponent": "Trials"
    },
    {
      "name": "ChristopherY",
      "stroke": "Back",
      "age": "7-8",
      "gender": "Boys",
      "date": "2015-05-31",
      "time": "29.24",
      "place": "5",
      "team": "Otters",
      "yards": 0,
      "meet": "100",
      "opponent": "Trials"
    },
    {
      "name": "ChristopherY",
      "stroke": "Breast",
      "age": "7-8",
      "gender": "Boys",
      "date": "2015-05-31",
      "time": "33.12",
      "place": "2",
      "team": "Otters",
      "yards": 0,
      "meet": "100",
      "opponent": "Trials"
    },
    {
      "name": "ChristopherY",
      "stroke": "Freestyle",
      "age": "7-8",
      "gender": "Boys",
      "date": "2015-05-31",
      "time": "25.88",
      "place": "7",
      "team": "Otters",
      "yards": 0,
      "meet": "100",
      "opponent": "Trials"
    },
    {
      "name": "ChristopherY",
      "stroke": "Freestyle",
      "age": "7-8",
      "gender": "Boys",
      "date": "2015-06-006",
      "time": "23.67",
      "place": "6",
      "team": "Otters",
      "yards": 0,
      "meet": "102",
      "opponent": "Creekside"
    },
    {
      "name": "ChristopherY",
      "stroke": "Breast",
      "age": "8 & Under",
      "gender": "Boys",
      "date": "2015-06-13",
      "time": "DQ",
      "place": "--",
      "team": "Otters",
      "yards": 0,
      "meet": "103",
      "opponent": "Shadowbrook"
    },
    {
      "name": "ChristopherY",
      "stroke": "Freestyle",
      "age": "7-8",
      "gender": "Boys",
      "date": "2015-06-13",
      "time": "24.69",
      "place": "14",
      "team": "Otters",
      "yards": 0,
      "meet": "103",
      "opponent": "Shadowbrook"
    },
    {
      "name": "ChristopherY",
      "stroke": "Butterfly",
      "age": "8 & Under",
      "gender": "Boys",
      "date": "2015-06-27",
      "time": "DQ",
      "place": "--",
      "team": "Otters",
      "yards": 0,
      "meet": "105",
      "opponent": "Crossgates"
    },
    {
      "name": "ChristopherY",
      "stroke": "Breast",
      "age": "8 & Under",
      "gender": "Boys",
      "date": "2015-06-27",
      "time": "DQ",
      "place": "--",
      "team": "Otters",
      "yards": 0,
      "meet": "105",
      "opponent": "Crossgates"
    },
    {
      "name": "ChristopherY",
      "stroke": "Freestyle",
      "age": "7-8",
      "gender": "Boys",
      "date": "2015-06-27",
      "time": "22.39",
      "place": "7",
      "team": "Otters",
      "yards": 0,
      "meet": "105",
      "opponent": "Crossgates"
    },
    {
      "name": "ChristopherY",
      "stroke": "Butterfly",
      "age": "8 & Under",
      "gender": "Boys",
      "date": "2015-07-11",
      "time": "32.16",
      "place": "29",
      "team": "Otters",
      "yards": 0,
      "meet": "106",
      "opponent": "Champs"
    },
    {
      "name": "ChristopherY",
      "stroke": "Breast",
      "age": "8 & Under",
      "gender": "Boys",
      "date": "2015-07-11",
      "time": "33.75",
      "place": "19",
      "team": "Otters",
      "yards": 0,
      "meet": "106",
      "opponent": "Champs"
    },
    {
      "name": "ChristopherY",
      "stroke": "Freestyle",
      "age": "7-8",
      "gender": "Boys",
      "date": "2015-07-11",
      "time": "23.39",
      "place": "38",
      "team": "Otters",
      "yards": 0,
      "meet": "106",
      "opponent": "Champs"
    }
  ]
}