{
  "scores": [
    {
      "name": "ClaraL",
      "stroke": "Back",
      "age": "9-10",
      "gender": "Girls",
      "date": "2003-06-21",
      "time": "39.64",
      "place": "21",
      "team": "Otters",
      "yards": 0,
      "meet": "019",
      "opponent": "Crossgates"
    },
    {
      "name": "ClaraL",
      "stroke": "Breast",
      "age": "9-10",
      "gender": "Girls",
      "date": "2003-06-21",
      "time": "37.25",
      "place": "11",
      "team": "Otters",
      "yards": 0,
      "meet": "019",
      "opponent": "Crossgates"
    },
    {
      "name": "ClaraL",
      "stroke": "Freestyle",
      "age": "9-10",
      "gender": "Girls",
      "date": "2003-06-21",
      "time": "24.97",
      "place": "20",
      "team": "Otters",
      "yards": 0,
      "meet": "019",
      "opponent": "Crossgates"
    },
    {
      "name": "ClaraL",
      "stroke": "Back",
      "age": "9-10",
      "gender": "Girls",
      "date": "2003-06-28",
      "time": "38.83",
      "place": "21",
      "team": "Otters",
      "yards": 0,
      "meet": "020",
      "opponent": "Almaden"
    },
    {
      "name": "ClaraL",
      "stroke": "Breast",
      "age": "9-10",
      "gender": "Girls",
      "date": "2003-06-28",
      "time": "DQ",
      "place": "--",
      "team": "Otters",
      "yards": 0,
      "meet": "020",
      "opponent": "Almaden"
    },
    {
      "name": "ClaraL",
      "stroke": "Freestyle",
      "age": "9-10",
      "gender": "Girls",
      "date": "2003-06-28",
      "time": "24.70",
      "place": "20",
      "team": "Otters",
      "yards": 0,
      "meet": "020",
      "opponent": "Almaden"
    },
    {
      "name": "ClaraL",
      "stroke": "Back",
      "age": "9-10",
      "gender": "Girls",
      "date": "2003-07-12",
      "time": "40.02",
      "place": "17",
      "team": "Otters",
      "yards": 0,
      "meet": "021",
      "opponent": "Creekside"
    },
    {
      "name": "ClaraL",
      "stroke": "Breast",
      "age": "9-10",
      "gender": "Girls",
      "date": "2003-07-12",
      "time": "DQ",
      "place": "--",
      "team": "Otters",
      "yards": 0,
      "meet": "021",
      "opponent": "Creekside"
    },
    {
      "name": "ClaraL",
      "stroke": "Freestyle",
      "age": "9-10",
      "gender": "Girls",
      "date": "2003-07-12",
      "time": "22.00",
      "place": "15",
      "team": "Otters",
      "yards": 0,
      "meet": "021",
      "opponent": "Creekside"
    },
    {
      "name": "ClaraL",
      "stroke": "Back",
      "age": "9-10",
      "gender": "Girls",
      "date": "2003-07-19",
      "time": "31.73",
      "place": "64",
      "team": "Otters",
      "yards": 0,
      "meet": "022",
      "opponent": "Champs"
    },
    {
      "name": "ClaraL",
      "stroke": "Breast",
      "age": "9-10",
      "gender": "Girls",
      "date": "2003-07-19",
      "time": "27.20",
      "place": "29",
      "team": "Otters",
      "yards": 0,
      "meet": "022",
      "opponent": "Champs"
    },
    {
      "name": "ClaraL",
      "stroke": "Freestyle",
      "age": "9-10",
      "gender": "Girls",
      "date": "2003-07-19",
      "time": "19.39",
      "place": "46",
      "team": "Otters",
      "yards": 0,
      "meet": "022",
      "opponent": "Champs"
    },
    {
      "name": "ClaraL",
      "stroke": "Back",
      "age": "11-12",
      "gender": "Girls",
      "date": "2004-06-005",
      "time": "1:04.48",
      "place": "15",
      "team": "Otters",
      "yards": 0,
      "meet": "024",
      "opponent": "Creekside"
    },
    {
      "name": "ClaraL",
      "stroke": "Breast",
      "age": "11-12",
      "gender": "Girls",
      "date": "2004-06-005",
      "time": "53.00",
      "place": "11",
      "team": "Otters",
      "yards": 0,
      "meet": "024",
      "opponent": "Creekside"
    },
    {
      "name": "ClaraL",
      "stroke": "Freestyle",
      "age": "11-12",
      "gender": "Girls",
      "date": "2004-06-005",
      "time": "37.67",
      "place": "18",
      "team": "Otters",
      "yards": 0,
      "meet": "024",
      "opponent": "Creekside"
    },
    {
      "name": "ClaraL",
      "stroke": "Back",
      "age": "11-12",
      "gender": "Girls",
      "date": "2004-06-12",
      "time": "55.56",
      "place": "10",
      "team": "Otters",
      "yards": 0,
      "meet": "025",
      "opponent": "Shadowbrook"
    },
    {
      "name": "ClaraL",
      "stroke": "Breast",
      "age": "11-12",
      "gender": "Girls",
      "date": "2004-06-12",
      "time": "52.43",
      "place": "9",
      "team": "Otters",
      "yards": 0,
      "meet": "025",
      "opponent": "Shadowbrook"
    },
    {
      "name": "ClaraL",
      "stroke": "Freestyle",
      "age": "11-12",
      "gender": "Girls",
      "date": "2004-06-12",
      "time": "37.23",
      "place": "11",
      "team": "Otters",
      "yards": 0,
      "meet": "025",
      "opponent": "Shadowbrook"
    },
    {
      "name": "ClaraL",
      "stroke": "Back",
      "age": "11-12",
      "gender": "Girls",
      "date": "2004-06-19",
      "time": "54.56",
      "place": "11",
      "team": "Otters",
      "yards": 0,
      "meet": "026",
      "opponent": "Pinehurst"
    },
    {
      "name": "ClaraL",
      "stroke": "Breast",
      "age": "11-12",
      "gender": "Girls",
      "date": "2004-06-19",
      "time": "52.78",
      "place": "9",
      "team": "Otters",
      "yards": 0,
      "meet": "026",
      "opponent": "Pinehurst"
    },
    {
      "name": "ClaraL",
      "stroke": "Freestyle",
      "age": "11-12",
      "gender": "Girls",
      "date": "2004-06-19",
      "time": "38.52",
      "place": "12",
      "team": "Otters",
      "yards": 0,
      "meet": "026",
      "opponent": "Pinehurst"
    },
    {
      "name": "ClaraL",
      "stroke": "Back",
      "age": "11-12",
      "gender": "Girls",
      "date": "2004-06-26",
      "time": "49.81",
      "place": "12",
      "team": "Otters",
      "yards": 0,
      "meet": "027",
      "opponent": "Crossgates"
    },
    {
      "name": "ClaraL",
      "stroke": "Breast",
      "age": "11-12",
      "gender": "Girls",
      "date": "2004-06-26",
      "time": "50.96",
      "place": "9",
      "team": "Otters",
      "yards": 0,
      "meet": "027",
      "opponent": "Crossgates"
    },
    {
      "name": "ClaraL",
      "stroke": "Freestyle",
      "age": "11-12",
      "gender": "Girls",
      "date": "2004-06-26",
      "time": "36.81",
      "place": "12",
      "team": "Otters",
      "yards": 0,
      "meet": "027",
      "opponent": "Crossgates"
    },
    {
      "name": "ClaraL",
      "stroke": "Back",
      "age": "11-12",
      "gender": "Girls",
      "date": "2004-07-10",
      "time": "47.18",
      "place": "17",
      "team": "Otters",
      "yards": 0,
      "meet": "028",
      "opponent": "Almaden"
    },
    {
      "name": "ClaraL",
      "stroke": "Breast",
      "age": "11-12",
      "gender": "Girls",
      "date": "2004-07-10",
      "time": "47.96",
      "place": "12",
      "team": "Otters",
      "yards": 0,
      "meet": "028",
      "opponent": "Almaden"
    },
    {
      "name": "ClaraL",
      "stroke": "Freestyle",
      "age": "11-12",
      "gender": "Girls",
      "date": "2004-07-10",
      "time": "38.84",
      "place": "21",
      "team": "Otters",
      "yards": 0,
      "meet": "028",
      "opponent": "Almaden"
    },
    {
      "name": "ClaraL",
      "stroke": "Back",
      "age": "11-12",
      "gender": "Girls",
      "date": "2004-07-17",
      "time": "48.13",
      "place": "36",
      "team": "Otters",
      "yards": 0,
      "meet": "029",
      "opponent": "Champs"
    },
    {
      "name": "ClaraL",
      "stroke": "Breast",
      "age": "11-12",
      "gender": "Girls",
      "date": "2004-07-17",
      "time": "47.76",
      "place": "26",
      "team": "Otters",
      "yards": 0,
      "meet": "029",
      "opponent": "Champs"
    },
    {
      "name": "ClaraL",
      "stroke": "Freestyle",
      "age": "11-12",
      "gender": "Girls",
      "date": "2004-07-17",
      "time": "36.77",
      "place": "45",
      "team": "Otters",
      "yards": 0,
      "meet": "029",
      "opponent": "Champs"
    },
    {
      "name": "ClaraL",
      "stroke": "Butterfly",
      "age": "11-12",
      "gender": "Girls",
      "date": "2005-06-004",
      "time": "45.59",
      "place": "10",
      "team": "Otters",
      "yards": 0,
      "meet": "031",
      "opponent": "Almaden"
    },
    {
      "name": "ClaraL",
      "stroke": "Back",
      "age": "11-12",
      "gender": "Girls",
      "date": "2005-06-004",
      "time": "51.66",
      "place": "8",
      "team": "Otters",
      "yards": 0,
      "meet": "031",
      "opponent": "Almaden"
    },
    {
      "name": "ClaraL",
      "stroke": "Freestyle",
      "age": "11-12",
      "gender": "Girls",
      "date": "2005-06-004",
      "time": "37.34",
      "place": "15",
      "team": "Otters",
      "yards": 0,
      "meet": "031",
      "opponent": "Almaden"
    },
    {
      "name": "ClaraL",
      "stroke": "Back",
      "age": "11-12",
      "gender": "Girls",
      "date": "2005-06-11",
      "time": "49.09",
      "place": "9",
      "team": "Otters",
      "yards": 0,
      "meet": "032",
      "opponent": "Creekside"
    },
    {
      "name": "ClaraL",
      "stroke": "Breast",
      "age": "11-12",
      "gender": "Girls",
      "date": "2005-06-11",
      "time": "46.12",
      "place": "3",
      "team": "Otters",
      "yards": 0,
      "meet": "032",
      "opponent": "Creekside"
    },
    {
      "name": "ClaraL",
      "stroke": "Freestyle",
      "age": "11-12",
      "gender": "Girls",
      "date": "2005-06-11",
      "time": "37.28",
      "place": "8",
      "team": "Otters",
      "yards": 0,
      "meet": "032",
      "opponent": "Creekside"
    },
    {
      "name": "ClaraL",
      "stroke": "Back",
      "age": "11-12",
      "gender": "Girls",
      "date": "2005-06-18",
      "time": "50.15",
      "place": "7",
      "team": "Otters",
      "yards": 0,
      "meet": "033",
      "opponent": "Shadowbrook"
    },
    {
      "name": "ClaraL",
      "stroke": "Breast",
      "age": "11-12",
      "gender": "Girls",
      "date": "2005-06-18",
      "time": "44.38",
      "place": "1",
      "team": "Otters",
      "yards": 0,
      "meet": "033",
      "opponent": "Shadowbrook"
    },
    {
      "name": "ClaraL",
      "stroke": "Freestyle",
      "age": "11-12",
      "gender": "Girls",
      "date": "2005-06-18",
      "time": "37.19",
      "place": "5",
      "team": "Otters",
      "yards": 0,
      "meet": "033",
      "opponent": "Shadowbrook"
    },
    {
      "name": "ClaraL",
      "stroke": "Back",
      "age": "11-12",
      "gender": "Girls",
      "date": "2005-06-25",
      "time": "51.38",
      "place": "12",
      "team": "Otters",
      "yards": 0,
      "meet": "034",
      "opponent": "Pinehurst"
    },
    {
      "name": "ClaraL",
      "stroke": "Breast",
      "age": "11-12",
      "gender": "Girls",
      "date": "2005-06-25",
      "time": "44.71",
      "place": "7",
      "team": "Otters",
      "yards": 0,
      "meet": "034",
      "opponent": "Pinehurst"
    },
    {
      "name": "ClaraL",
      "stroke": "Freestyle",
      "age": "11-12",
      "gender": "Girls",
      "date": "2005-06-25",
      "time": "37.09",
      "place": "12",
      "team": "Otters",
      "yards": 0,
      "meet": "034",
      "opponent": "Pinehurst"
    },
    {
      "name": "ClaraL",
      "stroke": "Back",
      "age": "11-12",
      "gender": "Girls",
      "date": "2005-07-009",
      "time": "48.77",
      "place": "8",
      "team": "Otters",
      "yards": 0,
      "meet": "035",
      "opponent": "Crossgates"
    },
    {
      "name": "ClaraL",
      "stroke": "Breast",
      "age": "11-12",
      "gender": "Girls",
      "date": "2005-07-009",
      "time": "DQ",
      "place": "--",
      "team": "Otters",
      "yards": 0,
      "meet": "035",
      "opponent": "Crossgates"
    },
    {
      "name": "ClaraL",
      "stroke": "Freestyle",
      "age": "11-12",
      "gender": "Girls",
      "date": "2005-07-009",
      "time": "36.12",
      "place": "9",
      "team": "Otters",
      "yards": 0,
      "meet": "035",
      "opponent": "Crossgates"
    },
    {
      "name": "ClaraL",
      "stroke": "Back",
      "age": "11-12",
      "gender": "Girls",
      "date": "2005-07-16",
      "time": "47.72",
      "place": "30",
      "team": "Otters",
      "yards": 0,
      "meet": "036",
      "opponent": "Champs"
    },
    {
      "name": "ClaraL",
      "stroke": "Breast",
      "age": "11-12",
      "gender": "Girls",
      "date": "2005-07-16",
      "time": "43.74",
      "place": "12",
      "team": "Otters",
      "yards": 0,
      "meet": "036",
      "opponent": "Champs"
    },
    {
      "name": "ClaraL",
      "stroke": "Freestyle",
      "age": "11-12",
      "gender": "Girls",
      "date": "2005-07-16",
      "time": "36.37",
      "place": "35",
      "team": "Otters",
      "yards": 0,
      "meet": "036",
      "opponent": "Champs"
    },
    {
      "name": "ClaraL",
      "stroke": "Butterfly",
      "age": "13-14",
      "gender": "Girls",
      "date": "2006-05-20",
      "time": "40.97",
      "place": "5",
      "team": "Otters",
      "yards": 0,
      "meet": "037",
      "opponent": "Trials"
    },
    {
      "name": "ClaraL",
      "stroke": "Back",
      "age": "13-14",
      "gender": "Girls",
      "date": "2006-05-20",
      "time": "48.21",
      "place": "7",
      "team": "Otters",
      "yards": 0,
      "meet": "037",
      "opponent": "Trials"
    },
    {
      "name": "ClaraL",
      "stroke": "Breast",
      "age": "13-14",
      "gender": "Girls",
      "date": "2006-05-20",
      "time": "43.75",
      "place": "6",
      "team": "Otters",
      "yards": 0,
      "meet": "037",
      "opponent": "Trials"
    },
    {
      "name": "ClaraL",
      "stroke": "Freestyle",
      "age": "13-14",
      "gender": "Girls",
      "date": "2006-05-20",
      "time": "35.43",
      "place": "6",
      "team": "Otters",
      "yards": 0,
      "meet": "037",
      "opponent": "Trials"
    },
    {
      "name": "ClaraL",
      "stroke": "Butterfly",
      "age": "13-14",
      "gender": "Girls",
      "date": "2006-06-003",
      "time": "40.54",
      "place": "8",
      "team": "Otters",
      "yards": 0,
      "meet": "038",
      "opponent": "Crossgates"
    },
    {
      "name": "ClaraL",
      "stroke": "Breast",
      "age": "13-14",
      "gender": "Girls",
      "date": "2006-06-003",
      "time": "41.59",
      "place": "2",
      "team": "Otters",
      "yards": 0,
      "meet": "038",
      "opponent": "Crossgates"
    },
    {
      "name": "ClaraL",
      "stroke": "Freestyle",
      "age": "13-14",
      "gender": "Girls",
      "date": "2006-06-003",
      "time": "34.66",
      "place": "10",
      "team": "Otters",
      "yards": 0,
      "meet": "038",
      "opponent": "Crossgates"
    },
    {
      "name": "ClaraL",
      "stroke": "Butterfly",
      "age": "13-14",
      "gender": "Girls",
      "date": "2006-06-10",
      "time": "41.87",
      "place": "9",
      "team": "Otters",
      "yards": 0,
      "meet": "039",
      "opponent": "Almaden"
    },
    {
      "name": "ClaraL",
      "stroke": "Breast",
      "age": "13-14",
      "gender": "Girls",
      "date": "2006-06-10",
      "time": "42.10",
      "place": "4",
      "team": "Otters",
      "yards": 0,
      "meet": "039",
      "opponent": "Almaden"
    },
    {
      "name": "ClaraL",
      "stroke": "Freestyle",
      "age": "13-14",
      "gender": "Girls",
      "date": "2006-06-10",
      "time": "36.22",
      "place": "19",
      "team": "Otters",
      "yards": 0,
      "meet": "039",
      "opponent": "Almaden"
    },
    {
      "name": "ClaraL",
      "stroke": "Butterfly",
      "age": "13-14",
      "gender": "Girls",
      "date": "2006-06-17",
      "time": "42.26",
      "place": "12",
      "team": "Otters",
      "yards": 0,
      "meet": "040",
      "opponent": "Creekside"
    },
    {
      "name": "ClaraL",
      "stroke": "Breast",
      "age": "13-14",
      "gender": "Girls",
      "date": "2006-06-17",
      "time": "41.50",
      "place": "4",
      "team": "Otters",
      "yards": 0,
      "meet": "040",
      "opponent": "Creekside"
    },
    {
      "name": "ClaraL",
      "stroke": "Freestyle",
      "age": "13-14",
      "gender": "Girls",
      "date": "2006-06-17",
      "time": "33.75",
      "place": "15",
      "team": "Otters",
      "yards": 0,
      "meet": "040",
      "opponent": "Creekside"
    },
    {
      "name": "ClaraL",
      "stroke": "Butterfly",
      "age": "13-14",
      "gender": "Girls",
      "date": "2006-06-24",
      "time": "40.54",
      "place": "6",
      "team": "Otters",
      "yards": 0,
      "meet": "041",
      "opponent": "Shadowbrook"
    },
    {
      "name": "ClaraL",
      "stroke": "Breast",
      "age": "13-14",
      "gender": "Girls",
      "date": "2006-06-24",
      "time": "41.54",
      "place": "3",
      "team": "Otters",
      "yards": 0,
      "meet": "041",
      "opponent": "Shadowbrook"
    },
    {
      "name": "ClaraL",
      "stroke": "Freestyle",
      "age": "13-14",
      "gender": "Girls",
      "date": "2006-06-24",
      "time": "35.45",
      "place": "7",
      "team": "Otters",
      "yards": 0,
      "meet": "041",
      "opponent": "Shadowbrook"
    },
    {
      "name": "ClaraL",
      "stroke": "Butterfly",
      "age": "13-14",
      "gender": "Girls",
      "date": "2006-07-008",
      "time": "43.90",
      "place": "7",
      "team": "Otters",
      "yards": 0,
      "meet": "042",
      "opponent": "Pinehurst"
    },
    {
      "name": "ClaraL",
      "stroke": "Breast",
      "age": "13-14",
      "gender": "Girls",
      "date": "2006-07-008",
      "time": "42.05",
      "place": "4",
      "team": "Otters",
      "yards": 0,
      "meet": "042",
      "opponent": "Pinehurst"
    },
    {
      "name": "ClaraL",
      "stroke": "Freestyle",
      "age": "13-14",
      "gender": "Girls",
      "date": "2006-07-008",
      "time": "35.53",
      "place": "11",
      "team": "Otters",
      "yards": 0,
      "meet": "042",
      "opponent": "Pinehurst"
    },
    {
      "name": "ClaraL",
      "stroke": "Butterfly",
      "age": "13-14",
      "gender": "Girls",
      "date": "2006-07-15",
      "time": "40.16",
      "place": "24",
      "team": "Otters",
      "yards": 0,
      "meet": "043",
      "opponent": "Champs"
    },
    {
      "name": "ClaraL",
      "stroke": "Breast",
      "age": "13-14",
      "gender": "Girls",
      "date": "2006-07-15",
      "time": "40.20",
      "place": "7",
      "team": "Otters",
      "yards": 0,
      "meet": "043",
      "opponent": "Champs"
    },
    {
      "name": "ClaraL",
      "stroke": "Freestyle",
      "age": "13-14",
      "gender": "Girls",
      "date": "2006-07-15",
      "time": "34.10",
      "place": "38",
      "team": "Otters",
      "yards": 0,
      "meet": "043",
      "opponent": "Champs"
    },
    {
      "name": "ClaraL",
      "stroke": "Butterfly",
      "age": "13-14",
      "gender": "Girls",
      "date": "2007-06-002",
      "time": "39.07",
      "place": "7",
      "team": "Otters",
      "yards": 0,
      "meet": "044",
      "opponent": "Trials"
    },
    {
      "name": "ClaraL",
      "stroke": "Back",
      "age": "13-14",
      "gender": "Girls",
      "date": "2007-06-002",
      "time": "44.30",
      "place": "13",
      "team": "Otters",
      "yards": 0,
      "meet": "044",
      "opponent": "Trials"
    },
    {
      "name": "ClaraL",
      "stroke": "Breast",
      "age": "13-14",
      "gender": "Girls",
      "date": "2007-06-002",
      "time": "39.77",
      "place": "3",
      "team": "Otters",
      "yards": 0,
      "meet": "044",
      "opponent": "Trials"
    },
    {
      "name": "ClaraL",
      "stroke": "Freestyle",
      "age": "13-14",
      "gender": "Girls",
      "date": "2007-06-002",
      "time": "33.78",
      "place": "10",
      "team": "Otters",
      "yards": 0,
      "meet": "044",
      "opponent": "Trials"
    },
    {
      "name": "ClaraL",
      "stroke": "Butterfly",
      "age": "13-14",
      "gender": "Girls",
      "date": "2007-06-009",
      "time": "38.52",
      "place": "6",
      "team": "Otters",
      "yards": 0,
      "meet": "045",
      "opponent": "Pinehurst"
    },
    {
      "name": "ClaraL",
      "stroke": "Breast",
      "age": "13-14",
      "gender": "Girls",
      "date": "2007-06-009",
      "time": "39.07",
      "place": "2",
      "team": "Otters",
      "yards": 0,
      "meet": "045",
      "opponent": "Pinehurst"
    },
    {
      "name": "ClaraL",
      "stroke": "Freestyle",
      "age": "13-14",
      "gender": "Girls",
      "date": "2007-06-009",
      "time": "33.57",
      "place": "14",
      "team": "Otters",
      "yards": 0,
      "meet": "045",
      "opponent": "Pinehurst"
    },
    {
      "name": "ClaraL",
      "stroke": "Butterfly",
      "age": "13-14",
      "gender": "Girls",
      "date": "2007-06-16",
      "time": "37.25",
      "place": "3",
      "team": "Otters",
      "yards": 0,
      "meet": "046",
      "opponent": "Crossgates"
    },
    {
      "name": "ClaraL",
      "stroke": "Breast",
      "age": "13-14",
      "gender": "Girls",
      "date": "2007-06-16",
      "time": "38.78",
      "place": "1",
      "team": "Otters",
      "yards": 0,
      "meet": "046",
      "opponent": "Crossgates"
    },
    {
      "name": "ClaraL",
      "stroke": "Freestyle",
      "age": "13-14",
      "gender": "Girls",
      "date": "2007-06-16",
      "time": "33.00",
      "place": "7",
      "team": "Otters",
      "yards": 0,
      "meet": "046",
      "opponent": "Crossgates"
    },
    {
      "name": "ClaraL",
      "stroke": "Butterfly",
      "age": "13-14",
      "gender": "Girls",
      "date": "2007-06-23",
      "time": "38.43",
      "place": "8",
      "team": "Otters",
      "yards": 0,
      "meet": "047",
      "opponent": "Almaden"
    },
    {
      "name": "ClaraL",
      "stroke": "Breast",
      "age": "13-14",
      "gender": "Girls",
      "date": "2007-06-23",
      "time": "38.97",
      "place": "2",
      "team": "Otters",
      "yards": 0,
      "meet": "047",
      "opponent": "Almaden"
    },
    {
      "name": "ClaraL",
      "stroke": "Freestyle",
      "age": "13-14",
      "gender": "Girls",
      "date": "2007-06-23",
      "time": "32.66",
      "place": "11",
      "team": "Otters",
      "yards": 0,
      "meet": "047",
      "opponent": "Almaden"
    },
    {
      "name": "ClaraL",
      "stroke": "Butterfly",
      "age": "13-14",
      "gender": "Girls",
      "date": "2007-07-14",
      "time": "36.95",
      "place": "25",
      "team": "Otters",
      "yards": 0,
      "meet": "050",
      "opponent": "Champs"
    },
    {
      "name": "ClaraL",
      "stroke": "Back",
      "age": "13-14",
      "gender": "Girls",
      "date": "2007-07-14",
      "time": "42.41",
      "place": "32",
      "team": "Otters",
      "yards": 0,
      "meet": "050",
      "opponent": "Champs"
    },
    {
      "name": "ClaraL",
      "stroke": "Breast",
      "age": "13-14",
      "gender": "Girls",
      "date": "2007-07-14",
      "time": "39.26",
      "place": "6",
      "team": "Otters",
      "yards": 0,
      "meet": "050",
      "opponent": "Champs"
    },
    {
      "name": "ClaraL",
      "stroke": "Butterfly",
      "age": "15-18",
      "gender": "Girls",
      "date": "2008-06-007",
      "time": "36.17",
      "place": "6",
      "team": "Otters",
      "yards": 0,
      "meet": "052",
      "opponent": "Shadowbrook"
    },
    {
      "name": "ClaraL",
      "stroke": "Breast",
      "age": "15-18",
      "gender": "Girls",
      "date": "2008-06-007",
      "time": "37.18",
      "place": "1",
      "team": "Otters",
      "yards": 0,
      "meet": "052",
      "opponent": "Shadowbrook"
    },
    {
      "name": "ClaraL",
      "stroke": "Freestyle",
      "age": "15-18",
      "gender": "Girls",
      "date": "2008-06-007",
      "time": "31.73",
      "place": "9",
      "team": "Otters",
      "yards": 0,
      "meet": "052",
      "opponent": "Shadowbrook"
    },
    {
      "name": "ClaraL",
      "stroke": "Breast",
      "age": "15-18",
      "gender": "Girls",
      "date": "2008-06-14",
      "time": "37.87",
      "place": "3",
      "team": "Otters",
      "yards": 0,
      "meet": "053",
      "opponent": "Pinehurst"
    },
    {
      "name": "ClaraL",
      "stroke": "Freestyle",
      "age": "15-18",
      "gender": "Girls",
      "date": "2008-06-14",
      "time": "31.57",
      "place": "10",
      "team": "Otters",
      "yards": 0,
      "meet": "053",
      "opponent": "Pinehurst"
    },
    {
      "name": "ClaraL",
      "stroke": "Butterfly",
      "age": "15-18",
      "gender": "Girls",
      "date": "2008-06-21",
      "time": "34.78",
      "place": "10",
      "team": "Otters",
      "yards": 0,
      "meet": "054",
      "opponent": "Crossgates"
    },
    {
      "name": "ClaraL",
      "stroke": "Back",
      "age": "15-18",
      "gender": "Girls",
      "date": "2008-06-21",
      "time": "42.30",
      "place": "12",
      "team": "Otters",
      "yards": 0,
      "meet": "054",
      "opponent": "Crossgates"
    },
    {
      "name": "ClaraL",
      "stroke": "Breast",
      "age": "15-18",
      "gender": "Girls",
      "date": "2008-06-21",
      "time": "36.69",
      "place": "4",
      "team": "Otters",
      "yards": 0,
      "meet": "054",
      "opponent": "Crossgates"
    },
    {
      "name": "ClaraL",
      "stroke": "Butterfly",
      "age": "15-18",
      "gender": "Girls",
      "date": "2008-06-28",
      "time": "35.13",
      "place": "10",
      "team": "Otters",
      "yards": 0,
      "meet": "055",
      "opponent": "Almaden"
    },
    {
      "name": "ClaraL",
      "stroke": "Breast",
      "age": "15-18",
      "gender": "Girls",
      "date": "2008-06-28",
      "time": "37.25",
      "place": "4",
      "team": "Otters",
      "yards": 0,
      "meet": "055",
      "opponent": "Almaden"
    },
    {
      "name": "ClaraL",
      "stroke": "Freestyle",
      "age": "15-18",
      "gender": "Girls",
      "date": "2008-06-28",
      "time": "31.34",
      "place": "10",
      "team": "Otters",
      "yards": 0,
      "meet": "055",
      "opponent": "Almaden"
    },
    {
      "name": "ClaraL",
      "stroke": "Butterfly",
      "age": "15-18",
      "gender": "Girls",
      "date": "2008-07-12",
      "time": "34.72",
      "place": "6",
      "team": "Otters",
      "yards": 0,
      "meet": "056",
      "opponent": "Creekside"
    },
    {
      "name": "ClaraL",
      "stroke": "Breast",
      "age": "15-18",
      "gender": "Girls",
      "date": "2008-07-12",
      "time": "36.80",
      "place": "3",
      "team": "Otters",
      "yards": 0,
      "meet": "056",
      "opponent": "Creekside"
    },
    {
      "name": "ClaraL",
      "stroke": "Freestyle",
      "age": "15-18",
      "gender": "Girls",
      "date": "2008-07-12",
      "time": "30.91",
      "place": "10",
      "team": "Otters",
      "yards": 0,
      "meet": "056",
      "opponent": "Creekside"
    },
    {
      "name": "ClaraL",
      "stroke": "Butterfly",
      "age": "15-18",
      "gender": "Girls",
      "date": "2008-07-19",
      "time": "34.40",
      "place": "20",
      "team": "Otters",
      "yards": 0,
      "meet": "057",
      "opponent": "Champs"
    },
    {
      "name": "ClaraL",
      "stroke": "Breast",
      "age": "15-18",
      "gender": "Girls",
      "date": "2008-07-19",
      "time": "36.60",
      "place": "7",
      "team": "Otters",
      "yards": 0,
      "meet": "057",
      "opponent": "Champs"
    },
    {
      "name": "ClaraL",
      "stroke": "Freestyle",
      "age": "15-18",
      "gender": "Girls",
      "date": "2008-07-19",
      "time": "30.82",
      "place": "34",
      "team": "Otters",
      "yards": 0,
      "meet": "057",
      "opponent": "Champs"
    },
    {
      "name": "ClaraL",
      "stroke": "Back",
      "age": "15-18",
      "gender": "Girls",
      "date": "2009-06-006",
      "time": "40.37",
      "place": "11",
      "team": "Otters",
      "yards": 0,
      "meet": "059",
      "opponent": "Creekside"
    },
    {
      "name": "ClaraL",
      "stroke": "Breast",
      "age": "15-18",
      "gender": "Girls",
      "date": "2009-06-006",
      "time": "37.38",
      "place": "3",
      "team": "Otters",
      "yards": 0,
      "meet": "059",
      "opponent": "Creekside"
    },
    {
      "name": "ClaraL",
      "stroke": "Freestyle",
      "age": "15-18",
      "gender": "Girls",
      "date": "2009-06-006",
      "time": "31.97",
      "place": "13",
      "team": "Otters",
      "yards": 0,
      "meet": "059",
      "opponent": "Creekside"
    },
    {
      "name": "ClaraL",
      "stroke": "Butterfly",
      "age": "15-18",
      "gender": "Girls",
      "date": "2009-06-13",
      "time": "37.17",
      "place": "7",
      "team": "Otters",
      "yards": 0,
      "meet": "060",
      "opponent": "Shadowbrook"
    },
    {
      "name": "ClaraL",
      "stroke": "Breast",
      "age": "15-18",
      "gender": "Girls",
      "date": "2009-06-13",
      "time": "37.95",
      "place": "2",
      "team": "Otters",
      "yards": 0,
      "meet": "060",
      "opponent": "Shadowbrook"
    },
    {
      "name": "ClaraL",
      "stroke": "Freestyle",
      "age": "15-18",
      "gender": "Girls",
      "date": "2009-06-13",
      "time": "32.31",
      "place": "13",
      "team": "Otters",
      "yards": 0,
      "meet": "060",
      "opponent": "Shadowbrook"
    },
    {
      "name": "ClaraL",
      "stroke": "Back",
      "age": "15-18",
      "gender": "Girls",
      "date": "2009-06-20",
      "time": "41.12",
      "place": "12",
      "team": "Otters",
      "yards": 0,
      "meet": "061",
      "opponent": "Pinehurst"
    },
    {
      "name": "ClaraL",
      "stroke": "Breast",
      "age": "15-18",
      "gender": "Girls",
      "date": "2009-06-20",
      "time": "37.31",
      "place": "3",
      "team": "Otters",
      "yards": 0,
      "meet": "061",
      "opponent": "Pinehurst"
    },
    {
      "name": "ClaraL",
      "stroke": "Freestyle",
      "age": "15-18",
      "gender": "Girls",
      "date": "2009-06-20",
      "time": "32.90",
      "place": "15",
      "team": "Otters",
      "yards": 0,
      "meet": "061",
      "opponent": "Pinehurst"
    },
    {
      "name": "ClaraL",
      "stroke": "Back",
      "age": "15-18",
      "gender": "Girls",
      "date": "2009-07-11",
      "time": "39.77",
      "place": "12",
      "team": "Otters",
      "yards": 0,
      "meet": "063",
      "opponent": "Almaden"
    },
    {
      "name": "ClaraL",
      "stroke": "Breast",
      "age": "15-18",
      "gender": "Girls",
      "date": "2009-07-11",
      "time": "36.75",
      "place": "2",
      "team": "Otters",
      "yards": 0,
      "meet": "063",
      "opponent": "Almaden"
    },
    {
      "name": "ClaraL",
      "stroke": "Freestyle",
      "age": "15-18",
      "gender": "Girls",
      "date": "2009-07-11",
      "time": "32.07",
      "place": "15",
      "team": "Otters",
      "yards": 0,
      "meet": "063",
      "opponent": "Almaden"
    },
    {
      "name": "ClaraL",
      "stroke": "Back",
      "age": "15-18",
      "gender": "Girls",
      "date": "2009-07-18",
      "time": "38.29",
      "place": "30",
      "team": "Otters",
      "yards": 0,
      "meet": "064",
      "opponent": "Champs"
    },
    {
      "name": "ClaraL",
      "stroke": "Breast",
      "age": "15-18",
      "gender": "Girls",
      "date": "2009-07-18",
      "time": "36.89",
      "place": "5",
      "team": "Otters",
      "yards": 0,
      "meet": "064",
      "opponent": "Champs"
    },
    {
      "name": "ClaraL",
      "stroke": "Freestyle",
      "age": "15-18",
      "gender": "Girls",
      "date": "2009-07-18",
      "time": "32.23",
      "place": "40",
      "team": "Otters",
      "yards": 0,
      "meet": "064",
      "opponent": "Champs"
    },
    {
      "name": "ClaraL",
      "stroke": "Butterfly",
      "age": "15-18",
      "gender": "Girls",
      "date": "2010-05-22",
      "time": "38.28",
      "place": "8",
      "team": "Otters",
      "yards": 0,
      "meet": "065",
      "opponent": "Trials"
    },
    {
      "name": "ClaraL",
      "stroke": "Back",
      "age": "15-18",
      "gender": "Girls",
      "date": "2010-05-22",
      "time": "43.03",
      "place": "10",
      "team": "Otters",
      "yards": 0,
      "meet": "065",
      "opponent": "Trials"
    },
    {
      "name": "ClaraL",
      "stroke": "Breast",
      "age": "15-18",
      "gender": "Girls",
      "date": "2010-05-22",
      "time": "38.43",
      "place": "1",
      "team": "Otters",
      "yards": 0,
      "meet": "065",
      "opponent": "Trials"
    },
    {
      "name": "ClaraL",
      "stroke": "Freestyle",
      "age": "15-18",
      "gender": "Girls",
      "date": "2010-05-22",
      "time": "32.37",
      "place": "6",
      "team": "Otters",
      "yards": 0,
      "meet": "065",
      "opponent": "Trials"
    },
    {
      "name": "ClaraL",
      "stroke": "Butterfly",
      "age": "15-18",
      "gender": "Girls",
      "date": "2010-06-12",
      "time": "38.13",
      "place": "10",
      "team": "Otters",
      "yards": 0,
      "meet": "067",
      "opponent": "Creekside"
    },
    {
      "name": "ClaraL",
      "stroke": "Breast",
      "age": "15-18",
      "gender": "Girls",
      "date": "2010-06-12",
      "time": "37.62",
      "place": "3",
      "team": "Otters",
      "yards": 0,
      "meet": "067",
      "opponent": "Creekside"
    },
    {
      "name": "ClaraL",
      "stroke": "Freestyle",
      "age": "15-18",
      "gender": "Girls",
      "date": "2010-06-12",
      "time": "34.56",
      "place": "16",
      "team": "Otters",
      "yards": 0,
      "meet": "067",
      "opponent": "Creekside"
    },
    {
      "name": "ClaraL",
      "stroke": "Back",
      "age": "15-18",
      "gender": "Girls",
      "date": "2010-06-19",
      "time": "41.10",
      "place": "9",
      "team": "Otters",
      "yards": 0,
      "meet": "068",
      "opponent": "Shadowbrook"
    },
    {
      "name": "ClaraL",
      "stroke": "Breast",
      "age": "15-18",
      "gender": "Girls",
      "date": "2010-06-19",
      "time": "36.60",
      "place": "2",
      "team": "Otters",
      "yards": 0,
      "meet": "068",
      "opponent": "Shadowbrook"
    },
    {
      "name": "ClaraL",
      "stroke": "Freestyle",
      "age": "15-18",
      "gender": "Girls",
      "date": "2010-06-19",
      "time": "31.36",
      "place": "9",
      "team": "Otters",
      "yards": 0,
      "meet": "068",
      "opponent": "Shadowbrook"
    },
    {
      "name": "ClaraL",
      "stroke": "Butterfly",
      "age": "15-18",
      "gender": "Girls",
      "date": "2010-06-26",
      "time": "36.52",
      "place": "10",
      "team": "Otters",
      "yards": 0,
      "meet": "069",
      "opponent": "Pinehurst"
    },
    {
      "name": "ClaraL",
      "stroke": "Breast",
      "age": "15-18",
      "gender": "Girls",
      "date": "2010-06-26",
      "time": "37.15",
      "place": "3",
      "team": "Otters",
      "yards": 0,
      "meet": "069",
      "opponent": "Pinehurst"
    },
    {
      "name": "ClaraL",
      "stroke": "Freestyle",
      "age": "15-18",
      "gender": "Girls",
      "date": "2010-06-26",
      "time": "31.62",
      "place": "8",
      "team": "Otters",
      "yards": 0,
      "meet": "069",
      "opponent": "Pinehurst"
    },
    {
      "name": "ClaraL",
      "stroke": "Butterfly",
      "age": "15-18",
      "gender": "Girls",
      "date": "2010-07-17",
      "time": "33.77",
      "place": "26",
      "team": "Otters",
      "yards": 0,
      "meet": "071",
      "opponent": "Champs"
    },
    {
      "name": "ClaraL",
      "stroke": "Breast",
      "age": "15-18",
      "gender": "Girls",
      "date": "2010-07-17",
      "time": "35.79",
      "place": "5",
      "team": "Otters",
      "yards": 0,
      "meet": "071",
      "opponent": "Champs"
    },
    {
      "name": "ClaraL",
      "stroke": "Freestyle",
      "age": "15-18",
      "gender": "Girls",
      "date": "2010-07-17",
      "time": "30.66",
      "place": "36",
      "team": "Otters",
      "yards": 0,
      "meet": "071",
      "opponent": "Champs"
    },
    {
      "name": "ClaraL",
      "stroke": "Butterfly",
      "age": "15-18",
      "gender": "Girls",
      "date": "2011-05-21",
      "time": "39.38",
      "place": "8",
      "team": "Otters",
      "yards": 0,
      "meet": "072",
      "opponent": "Trials"
    },
    {
      "name": "ClaraL",
      "stroke": "Back",
      "age": "15-18",
      "gender": "Girls",
      "date": "2011-05-21",
      "time": "41.84",
      "place": "9",
      "team": "Otters",
      "yards": 0,
      "meet": "072",
      "opponent": "Trials"
    },
    {
      "name": "ClaraL",
      "stroke": "Breast",
      "age": "15-18",
      "gender": "Girls",
      "date": "2011-05-21",
      "time": "39.83",
      "place": "1",
      "team": "Otters",
      "yards": 0,
      "meet": "072",
      "opponent": "Trials"
    },
    {
      "name": "ClaraL",
      "stroke": "Freestyle",
      "age": "15-18",
      "gender": "Girls",
      "date": "2011-05-21",
      "time": "33.21",
      "place": "7",
      "team": "Otters",
      "yards": 0,
      "meet": "072",
      "opponent": "Trials"
    },
    {
      "name": "ClaraL",
      "stroke": "Butterfly",
      "age": "15-18",
      "gender": "Girls",
      "date": "2011-06-11",
      "time": "40.61",
      "place": "16",
      "team": "Otters",
      "yards": 0,
      "meet": "074",
      "opponent": "Almaden"
    },
    {
      "name": "ClaraL",
      "stroke": "Breast",
      "age": "15-18",
      "gender": "Girls",
      "date": "2011-06-11",
      "time": "38.98",
      "place": "5",
      "team": "Otters",
      "yards": 0,
      "meet": "074",
      "opponent": "Almaden"
    },
    {
      "name": "ClaraL",
      "stroke": "Freestyle",
      "age": "15-18",
      "gender": "Girls",
      "date": "2011-06-11",
      "time": "32.84",
      "place": "17",
      "team": "Otters",
      "yards": 0,
      "meet": "074",
      "opponent": "Almaden"
    },
    {
      "name": "ClaraL",
      "stroke": "Butterfly",
      "age": "15-18",
      "gender": "Girls",
      "date": "2011-06-18",
      "time": "40.18",
      "place": "21",
      "team": "Otters",
      "yards": 0,
      "meet": "075",
      "opponent": "Creekside"
    },
    {
      "name": "ClaraL",
      "stroke": "Breast",
      "age": "15-18",
      "gender": "Girls",
      "date": "2011-06-18",
      "time": "38.31",
      "place": "7",
      "team": "Otters",
      "yards": 0,
      "meet": "075",
      "opponent": "Creekside"
    },
    {
      "name": "ClaraL",
      "stroke": "Freestyle",
      "age": "15-18",
      "gender": "Girls",
      "date": "2011-06-18",
      "time": "31.99",
      "place": "19",
      "team": "Otters",
      "yards": 0,
      "meet": "075",
      "opponent": "Creekside"
    },
    {
      "name": "ClaraL",
      "stroke": "Butterfly",
      "age": "15-18",
      "gender": "Girls",
      "date": "2011-06-25",
      "time": "39.51",
      "place": "14",
      "team": "Otters",
      "yards": 0,
      "meet": "076",
      "opponent": "Shadowbrook"
    },
    {
      "name": "ClaraL",
      "stroke": "Breast",
      "age": "15-18",
      "gender": "Girls",
      "date": "2011-06-25",
      "time": "38.65",
      "place": "3",
      "team": "Otters",
      "yards": 0,
      "meet": "076",
      "opponent": "Shadowbrook"
    },
    {
      "name": "ClaraL",
      "stroke": "Freestyle",
      "age": "15-18",
      "gender": "Girls",
      "date": "2011-06-25",
      "time": "34.66",
      "place": "17",
      "team": "Otters",
      "yards": 0,
      "meet": "076",
      "opponent": "Shadowbrook"
    },
    {
      "name": "ClaraL",
      "stroke": "Butterfly",
      "age": "15-18",
      "gender": "Girls",
      "date": "2011-07-009",
      "time": "39.63",
      "place": "13",
      "team": "Otters",
      "yards": 0,
      "meet": "077",
      "opponent": "Pinehurst"
    },
    {
      "name": "ClaraL",
      "stroke": "Breast",
      "age": "15-18",
      "gender": "Girls",
      "date": "2011-07-009",
      "time": "38.32",
      "place": "5",
      "team": "Otters",
      "yards": 0,
      "meet": "077",
      "opponent": "Pinehurst"
    },
    {
      "name": "ClaraL",
      "stroke": "Freestyle",
      "age": "15-18",
      "gender": "Girls",
      "date": "2011-07-009",
      "time": "32.99",
      "place": "15",
      "team": "Otters",
      "yards": 0,
      "meet": "077",
      "opponent": "Pinehurst"
    },
    {
      "name": "ClaraL",
      "stroke": "Butterfly",
      "age": "15-18",
      "gender": "Girls",
      "date": "2011-07-16",
      "time": "37.83",
      "place": "48",
      "team": "Otters",
      "yards": 0,
      "meet": "078",
      "opponent": "Champs"
    },
    {
      "name": "ClaraL",
      "stroke": "Breast",
      "age": "15-18",
      "gender": "Girls",
      "date": "2011-07-16",
      "time": "37.96",
      "place": "15",
      "team": "Otters",
      "yards": 0,
      "meet": "078",
      "opponent": "Champs"
    },
    {
      "name": "ClaraL",
      "stroke": "Freestyle",
      "age": "15-18",
      "gender": "Girls",
      "date": "2011-07-16",
      "time": "33.43",
      "place": "63",
      "team": "Otters",
      "yards": 0,
      "meet": "078",
      "opponent": "Champs"
    }
  ]
}