{
  "scores": [
    {
      "name": "ColinR",
      "stroke": "Back",
      "age": "6 & Under",
      "gender": "Boys",
      "date": "2012-05-19",
      "time": "1:28.16",
      "place": "8",
      "team": "Otters",
      "yards": 0,
      "meet": "079",
      "opponent": "Trials"
    },
    {
      "name": "ColinR",
      "stroke": "Freestyle",
      "age": "6 & Under",
      "gender": "Boys",
      "date": "2012-05-19",
      "time": "1:20.55",
      "place": "8",
      "team": "Otters",
      "yards": 0,
      "meet": "079",
      "opponent": "Trials"
    },
    {
      "name": "ColinR",
      "stroke": "Back",
      "age": "6 & Under",
      "gender": "Boys",
      "date": "2012-06-002",
      "time": "1:20.99",
      "place": "15",
      "team": "Otters",
      "yards": 0,
      "meet": "080",
      "opponent": "Pinehurst"
    },
    {
      "name": "ColinR",
      "stroke": "Freestyle",
      "age": "6 & Under",
      "gender": "Boys",
      "date": "2012-06-002",
      "time": "1:07.17",
      "place": "11",
      "team": "Otters",
      "yards": 0,
      "meet": "080",
      "opponent": "Pinehurst"
    },
    {
      "name": "ColinR",
      "stroke": "Back",
      "age": "6 & Under",
      "gender": "Boys",
      "date": "2012-06-009",
      "time": "DQ",
      "place": "--",
      "team": "Otters",
      "yards": 0,
      "meet": "081",
      "opponent": "Crossgates"
    },
    {
      "name": "ColinR",
      "stroke": "Freestyle",
      "age": "6 & Under",
      "gender": "Boys",
      "date": "2012-06-009",
      "time": "1:26.63",
      "place": "14",
      "team": "Otters",
      "yards": 0,
      "meet": "081",
      "opponent": "Crossgates"
    },
    {
      "name": "ColinR",
      "stroke": "Back",
      "age": "6 & Under",
      "gender": "Boys",
      "date": "2012-06-16",
      "time": "59.25",
      "place": "11",
      "team": "Otters",
      "yards": 0,
      "meet": "082",
      "opponent": "Almaden"
    },
    {
      "name": "ColinR",
      "stroke": "Freestyle",
      "age": "6 & Under",
      "gender": "Boys",
      "date": "2012-06-16",
      "time": "1:05.20",
      "place": "15",
      "team": "Otters",
      "yards": 0,
      "meet": "082",
      "opponent": "Almaden"
    },
    {
      "name": "ColinR",
      "stroke": "Back",
      "age": "6 & Under",
      "gender": "Boys",
      "date": "2012-06-23",
      "time": "1:03.01",
      "place": "7",
      "team": "Otters",
      "yards": 0,
      "meet": "083",
      "opponent": "Creekside"
    },
    {
      "name": "ColinR",
      "stroke": "Freestyle",
      "age": "6 & Under",
      "gender": "Boys",
      "date": "2012-06-23",
      "time": "1:46.69",
      "place": "9",
      "team": "Otters",
      "yards": 0,
      "meet": "083",
      "opponent": "Creekside"
    },
    {
      "name": "ColinR",
      "stroke": "Back",
      "age": "6 & Under",
      "gender": "Boys",
      "date": "2012-06-30",
      "time": "1:01.93",
      "place": "9",
      "team": "Otters",
      "yards": 0,
      "meet": "084",
      "opponent": "Shadowbrook"
    },
    {
      "name": "ColinR",
      "stroke": "Freestyle",
      "age": "6 & Under",
      "gender": "Boys",
      "date": "2012-06-30",
      "time": "51.34",
      "place": "10",
      "team": "Otters",
      "yards": 0,
      "meet": "084",
      "opponent": "Shadowbrook"
    },
    {
      "name": "ColinR",
      "stroke": "Back",
      "age": "6 & Under",
      "gender": "Boys",
      "date": "2012-07-14",
      "time": "1:12.60",
      "place": "31",
      "team": "Otters",
      "yards": 0,
      "meet": "085",
      "opponent": "Champs"
    },
    {
      "name": "ColinR",
      "stroke": "Freestyle",
      "age": "6 & Under",
      "gender": "Boys",
      "date": "2012-07-14",
      "time": "51.97",
      "place": "35",
      "team": "Otters",
      "yards": 0,
      "meet": "085",
      "opponent": "Champs"
    },
    {
      "name": "ColinR",
      "stroke": "Butterfly",
      "age": "8 & Under",
      "gender": "Boys",
      "date": "2013-05-18",
      "time": "55.52",
      "place": "23",
      "team": "Otters",
      "yards": 0,
      "meet": "086",
      "opponent": "Trials"
    },
    {
      "name": "ColinR",
      "stroke": "Back",
      "age": "7-8",
      "gender": "Boys",
      "date": "2013-05-18",
      "time": "56.50",
      "place": "23",
      "team": "Otters",
      "yards": 0,
      "meet": "086",
      "opponent": "Trials"
    },
    {
      "name": "ColinR",
      "stroke": "Breast",
      "age": "8 & Under",
      "gender": "Boys",
      "date": "2013-05-18",
      "time": "56.18",
      "place": "27",
      "team": "Otters",
      "yards": 0,
      "meet": "086",
      "opponent": "Trials"
    },
    {
      "name": "ColinR",
      "stroke": "Freestyle",
      "age": "7-8",
      "gender": "Boys",
      "date": "2013-05-18",
      "time": "48.32",
      "place": "26",
      "team": "Otters",
      "yards": 0,
      "meet": "086",
      "opponent": "Trials"
    },
    {
      "name": "ColinR",
      "stroke": "Butterfly",
      "age": "8 & Under",
      "gender": "Boys",
      "date": "2013-06-001",
      "time": "DQ",
      "place": "--",
      "team": "Otters",
      "yards": 0,
      "meet": "087",
      "opponent": "Shadowbrook"
    },
    {
      "name": "ColinR",
      "stroke": "Breast",
      "age": "8 & Under",
      "gender": "Boys",
      "date": "2013-06-001",
      "time": "DQ",
      "place": "--",
      "team": "Otters",
      "yards": 0,
      "meet": "087",
      "opponent": "Shadowbrook"
    },
    {
      "name": "ColinR",
      "stroke": "Freestyle",
      "age": "7-8",
      "gender": "Boys",
      "date": "2013-06-001",
      "time": "41.88",
      "place": "33",
      "team": "Otters",
      "yards": 0,
      "meet": "087",
      "opponent": "Shadowbrook"
    },
    {
      "name": "ColinR",
      "stroke": "Back",
      "age": "7-8",
      "gender": "Boys",
      "date": "2013-06-008",
      "time": "46.32",
      "place": "27",
      "team": "Otters",
      "yards": 0,
      "meet": "088",
      "opponent": "Pinehurst"
    },
    {
      "name": "ColinR",
      "stroke": "Breast",
      "age": "8 & Under",
      "gender": "Boys",
      "date": "2013-06-008",
      "time": "DQ",
      "place": "--",
      "team": "Otters",
      "yards": 0,
      "meet": "088",
      "opponent": "Pinehurst"
    },
    {
      "name": "ColinR",
      "stroke": "Freestyle",
      "age": "7-8",
      "gender": "Boys",
      "date": "2013-06-008",
      "time": "44.66",
      "place": "30",
      "team": "Otters",
      "yards": 0,
      "meet": "088",
      "opponent": "Pinehurst"
    },
    {
      "name": "ColinR",
      "stroke": "Butterfly",
      "age": "8 & Under",
      "gender": "Boys",
      "date": "2013-06-15",
      "time": "DQ",
      "place": "--",
      "team": "Otters",
      "yards": 0,
      "meet": "089",
      "opponent": "Crossgates"
    },
    {
      "name": "ColinR",
      "stroke": "Back",
      "age": "7-8",
      "gender": "Boys",
      "date": "2013-06-15",
      "time": "56.87",
      "place": "25",
      "team": "Otters",
      "yards": 0,
      "meet": "089",
      "opponent": "Crossgates"
    },
    {
      "name": "ColinR",
      "stroke": "Freestyle",
      "age": "7-8",
      "gender": "Boys",
      "date": "2013-06-15",
      "time": "35.86",
      "place": "23",
      "team": "Otters",
      "yards": 0,
      "meet": "089",
      "opponent": "Crossgates"
    },
    {
      "name": "ColinR",
      "stroke": "Butterfly",
      "age": "8 & Under",
      "gender": "Boys",
      "date": "2013-06-22",
      "time": "DQ",
      "place": "--",
      "team": "Otters",
      "yards": 0,
      "meet": "090",
      "opponent": "Almaden"
    },
    {
      "name": "ColinR",
      "stroke": "Back",
      "age": "7-8",
      "gender": "Boys",
      "date": "2013-06-22",
      "time": "45.78",
      "place": "25",
      "team": "Otters",
      "yards": 0,
      "meet": "090",
      "opponent": "Almaden"
    },
    {
      "name": "ColinR",
      "stroke": "Freestyle",
      "age": "7-8",
      "gender": "Boys",
      "date": "2013-06-22",
      "time": "40.56",
      "place": "29",
      "team": "Otters",
      "yards": 0,
      "meet": "090",
      "opponent": "Almaden"
    },
    {
      "name": "ColinR",
      "stroke": "Butterfly",
      "age": "8 & Under",
      "gender": "Boys",
      "date": "2013-06-29",
      "time": "DQ",
      "place": "--",
      "team": "Otters",
      "yards": 0,
      "meet": "091",
      "opponent": "Creekside"
    },
    {
      "name": "ColinR",
      "stroke": "Back",
      "age": "7-8",
      "gender": "Boys",
      "date": "2013-06-29",
      "time": "45.27",
      "place": "18",
      "team": "Otters",
      "yards": 0,
      "meet": "091",
      "opponent": "Creekside"
    },
    {
      "name": "ColinR",
      "stroke": "Freestyle",
      "age": "7-8",
      "gender": "Boys",
      "date": "2013-06-29",
      "time": "42.87",
      "place": "21",
      "team": "Otters",
      "yards": 0,
      "meet": "091",
      "opponent": "Creekside"
    },
    {
      "name": "ColinR",
      "stroke": "Butterfly",
      "age": "8 & Under",
      "gender": "Boys",
      "date": "2013-07-13",
      "time": "DQ",
      "place": "--",
      "team": "Otters",
      "yards": 0,
      "meet": "092",
      "opponent": "Almaden"
    },
    {
      "name": "ColinR",
      "stroke": "Back",
      "age": "7-8",
      "gender": "Boys",
      "date": "2013-07-13",
      "time": "38.80",
      "place": "79",
      "team": "Otters",
      "yards": 0,
      "meet": "092",
      "opponent": "Almaden"
    },
    {
      "name": "ColinR",
      "stroke": "Freestyle",
      "age": "7-8",
      "gender": "Boys",
      "date": "2013-07-13",
      "time": "37.39",
      "place": "89",
      "team": "Otters",
      "yards": 0,
      "meet": "092",
      "opponent": "Almaden"
    },
    {
      "name": "ColinR",
      "stroke": "Butterfly",
      "age": "8 & Under",
      "gender": "Boys",
      "date": "2014-05-17",
      "time": "1:05.29",
      "place": "11",
      "team": "Otters",
      "yards": 0,
      "meet": "093",
      "opponent": "Trials"
    },
    {
      "name": "ColinR",
      "stroke": "Back",
      "age": "7-8",
      "gender": "Boys",
      "date": "2014-05-17",
      "time": "34.67",
      "place": "8",
      "team": "Otters",
      "yards": 0,
      "meet": "093",
      "opponent": "Trials"
    },
    {
      "name": "ColinR",
      "stroke": "Breast",
      "age": "8 & Under",
      "gender": "Boys",
      "date": "2014-05-17",
      "time": "1:04.22",
      "place": "13",
      "team": "Otters",
      "yards": 0,
      "meet": "093",
      "opponent": "Trials"
    },
    {
      "name": "ColinR",
      "stroke": "Freestyle",
      "age": "7-8",
      "gender": "Boys",
      "date": "2014-05-17",
      "time": "31.93",
      "place": "12",
      "team": "Otters",
      "yards": 0,
      "meet": "093",
      "opponent": "Trials"
    },
    {
      "name": "ColinR",
      "stroke": "Butterfly",
      "age": "8 & Under",
      "gender": "Boys",
      "date": "2014-06-007",
      "time": "DQ",
      "place": "--",
      "team": "Otters",
      "yards": 0,
      "meet": "095",
      "opponent": "Shadowbrook"
    },
    {
      "name": "ColinR",
      "stroke": "Back",
      "age": "7-8",
      "gender": "Boys",
      "date": "2014-06-007",
      "time": "36.27",
      "place": "15",
      "team": "Otters",
      "yards": 0,
      "meet": "095",
      "opponent": "Shadowbrook"
    },
    {
      "name": "ColinR",
      "stroke": "Freestyle",
      "age": "7-8",
      "gender": "Boys",
      "date": "2014-06-007",
      "time": "28.87",
      "place": "21",
      "team": "Otters",
      "yards": 0,
      "meet": "095",
      "opponent": "Shadowbrook"
    },
    {
      "name": "ColinR",
      "stroke": "Back",
      "age": "7-8",
      "gender": "Boys",
      "date": "2014-06-14",
      "time": "34.59",
      "place": "17",
      "team": "Otters",
      "yards": 0,
      "meet": "096",
      "opponent": "Pinehurst"
    },
    {
      "name": "ColinR",
      "stroke": "Breast",
      "age": "8 & Under",
      "gender": "Boys",
      "date": "2014-06-14",
      "time": "DQ",
      "place": "--",
      "team": "Otters",
      "yards": 0,
      "meet": "096",
      "opponent": "Pinehurst"
    },
    {
      "name": "ColinR",
      "stroke": "Freestyle",
      "age": "7-8",
      "gender": "Boys",
      "date": "2014-06-14",
      "time": "27.07",
      "place": "19",
      "team": "Otters",
      "yards": 0,
      "meet": "096",
      "opponent": "Pinehurst"
    },
    {
      "name": "ColinR",
      "stroke": "Back",
      "age": "7-8",
      "gender": "Boys",
      "date": "2014-06-21",
      "time": "33.78",
      "place": "15",
      "team": "Otters",
      "yards": 0,
      "meet": "097",
      "opponent": "Crossgates"
    },
    {
      "name": "ColinR",
      "stroke": "Breast",
      "age": "8 & Under",
      "gender": "Boys",
      "date": "2014-06-21",
      "time": "DQ",
      "place": "--",
      "team": "Otters",
      "yards": 0,
      "meet": "097",
      "opponent": "Crossgates"
    },
    {
      "name": "ColinR",
      "stroke": "Freestyle",
      "age": "7-8",
      "gender": "Boys",
      "date": "2014-06-21",
      "time": "27.57",
      "place": "19",
      "team": "Otters",
      "yards": 0,
      "meet": "097",
      "opponent": "Crossgates"
    },
    {
      "name": "ColinR",
      "stroke": "Butterfly",
      "age": "8 & Under",
      "gender": "Boys",
      "date": "2014-06-28",
      "time": "DQ",
      "place": "--",
      "team": "Otters",
      "yards": 0,
      "meet": "098",
      "opponent": "Almaden"
    },
    {
      "name": "ColinR",
      "stroke": "Back",
      "age": "7-8",
      "gender": "Boys",
      "date": "2014-06-28",
      "time": "34.00",
      "place": "17",
      "team": "Otters",
      "yards": 0,
      "meet": "098",
      "opponent": "Almaden"
    },
    {
      "name": "ColinR",
      "stroke": "Freestyle",
      "age": "7-8",
      "gender": "Boys",
      "date": "2014-06-28",
      "time": "24.57",
      "place": "18",
      "team": "Otters",
      "yards": 0,
      "meet": "098",
      "opponent": "Almaden"
    },
    {
      "name": "ColinR",
      "stroke": "Butterfly",
      "age": "8 & Under",
      "gender": "Boys",
      "date": "2014-07-12",
      "time": "DQ",
      "place": "--",
      "team": "Otters",
      "yards": 0,
      "meet": "099",
      "opponent": "Champs"
    },
    {
      "name": "ColinR",
      "stroke": "Back",
      "age": "7-8",
      "gender": "Boys",
      "date": "2014-07-12",
      "time": "31.55",
      "place": "49",
      "team": "Otters",
      "yards": 0,
      "meet": "099",
      "opponent": "Champs"
    },
    {
      "name": "ColinR",
      "stroke": "Freestyle",
      "age": "7-8",
      "gender": "Boys",
      "date": "2014-07-12",
      "time": "27.31",
      "place": "65",
      "team": "Otters",
      "yards": 0,
      "meet": "099",
      "opponent": "Champs"
    },
    {
      "name": "ColinR",
      "stroke": "Butterfly",
      "age": "9-10",
      "gender": "Boys",
      "date": "2015-05-31",
      "time": "37.99",
      "place": "13",
      "team": "Otters",
      "yards": 0,
      "meet": "100",
      "opponent": "Trials"
    },
    {
      "name": "ColinR",
      "stroke": "Back",
      "age": "9-10",
      "gender": "Boys",
      "date": "2015-05-31",
      "time": "31.10",
      "place": "13",
      "team": "Otters",
      "yards": 0,
      "meet": "100",
      "opponent": "Trials"
    },
    {
      "name": "ColinR",
      "stroke": "Breast",
      "age": "9-10",
      "gender": "Boys",
      "date": "2015-05-31",
      "time": "44.63",
      "place": "15",
      "team": "Otters",
      "yards": 0,
      "meet": "100",
      "opponent": "Trials"
    },
    {
      "name": "ColinR",
      "stroke": "Freestyle",
      "age": "9-10",
      "gender": "Boys",
      "date": "2015-05-31",
      "time": "26.65",
      "place": "14",
      "team": "Otters",
      "yards": 0,
      "meet": "100",
      "opponent": "Trials"
    },
    {
      "name": "ColinR",
      "stroke": "Butterfly",
      "age": "9-10",
      "gender": "Boys",
      "date": "2015-05-30",
      "time": "DQ",
      "place": "--",
      "team": "Otters",
      "yards": 0,
      "meet": "101",
      "opponent": "Almaden"
    },
    {
      "name": "ColinR",
      "stroke": "Back",
      "age": "9-10",
      "gender": "Boys",
      "date": "2015-05-30",
      "time": "34.56",
      "place": "23",
      "team": "Otters",
      "yards": 0,
      "meet": "101",
      "opponent": "Almaden"
    },
    {
      "name": "ColinR",
      "stroke": "Freestyle",
      "age": "9-10",
      "gender": "Boys",
      "date": "2015-05-30",
      "time": "26.03",
      "place": "30",
      "team": "Otters",
      "yards": 0,
      "meet": "101",
      "opponent": "Almaden"
    },
    {
      "name": "ColinR",
      "stroke": "Butterfly",
      "age": "9-10",
      "gender": "Boys",
      "date": "2015-06-006",
      "time": "49.18",
      "place": "13",
      "team": "Otters",
      "yards": 0,
      "meet": "102",
      "opponent": "Creekside"
    },
    {
      "name": "ColinR",
      "stroke": "Back",
      "age": "9-10",
      "gender": "Boys",
      "date": "2015-06-006",
      "time": "32.26",
      "place": "16",
      "team": "Otters",
      "yards": 0,
      "meet": "102",
      "opponent": "Creekside"
    },
    {
      "name": "ColinR",
      "stroke": "Freestyle",
      "age": "9-10",
      "gender": "Boys",
      "date": "2015-06-006",
      "time": "24.22",
      "place": "21",
      "team": "Otters",
      "yards": 0,
      "meet": "102",
      "opponent": "Creekside"
    },
    {
      "name": "ColinR",
      "stroke": "Back",
      "age": "9-10",
      "gender": "Boys",
      "date": "2015-06-13",
      "time": "29.45",
      "place": "28",
      "team": "Otters",
      "yards": 0,
      "meet": "103",
      "opponent": "Shadowbrook"
    },
    {
      "name": "ColinR",
      "stroke": "Breast",
      "age": "9-10",
      "gender": "Boys",
      "date": "2015-06-13",
      "time": "48.05",
      "place": "15",
      "team": "Otters",
      "yards": 0,
      "meet": "103",
      "opponent": "Shadowbrook"
    },
    {
      "name": "ColinR",
      "stroke": "Freestyle",
      "age": "9-10",
      "gender": "Boys",
      "date": "2015-06-13",
      "time": "24.81",
      "place": "36",
      "team": "Otters",
      "yards": 0,
      "meet": "103",
      "opponent": "Shadowbrook"
    },
    {
      "name": "ColinR",
      "stroke": "Butterfly",
      "age": "9-10",
      "gender": "Boys",
      "date": "2015-06-20",
      "time": "DQ",
      "place": "--",
      "team": "Otters",
      "yards": 0,
      "meet": "104",
      "opponent": "Pinehurst"
    },
    {
      "name": "ColinR",
      "stroke": "Back",
      "age": "9-10",
      "gender": "Boys",
      "date": "2015-06-20",
      "time": "28.93",
      "place": "21",
      "team": "Otters",
      "yards": 0,
      "meet": "104",
      "opponent": "Pinehurst"
    },
    {
      "name": "ColinR",
      "stroke": "Freestyle",
      "age": "9-10",
      "gender": "Boys",
      "date": "2015-06-20",
      "time": "23.75",
      "place": "32",
      "team": "Otters",
      "yards": 0,
      "meet": "104",
      "opponent": "Pinehurst"
    },
    {
      "name": "ColinR",
      "stroke": "Back",
      "age": "9-10",
      "gender": "Boys",
      "date": "2015-06-27",
      "time": "28.69",
      "place": "16",
      "team": "Otters",
      "yards": 0,
      "meet": "105",
      "opponent": "Crossgates"
    },
    {
      "name": "ColinR",
      "stroke": "Breast",
      "age": "9-10",
      "gender": "Boys",
      "date": "2015-06-27",
      "time": "41.76",
      "place": "14",
      "team": "Otters",
      "yards": 0,
      "meet": "105",
      "opponent": "Crossgates"
    },
    {
      "name": "ColinR",
      "stroke": "Freestyle",
      "age": "9-10",
      "gender": "Boys",
      "date": "2015-06-27",
      "time": "22.79",
      "place": "24",
      "team": "Otters",
      "yards": 0,
      "meet": "105",
      "opponent": "Crossgates"
    },
    {
      "name": "ColinR",
      "stroke": "Back",
      "age": "9-10",
      "gender": "Boys",
      "date": "2015-07-11",
      "time": "27.69",
      "place": "58",
      "team": "Otters",
      "yards": 0,
      "meet": "106",
      "opponent": "Champs"
    },
    {
      "name": "ColinR",
      "stroke": "Breast",
      "age": "9-10",
      "gender": "Boys",
      "date": "2015-07-11",
      "time": "36.85",
      "place": "42",
      "team": "Otters",
      "yards": 0,
      "meet": "106",
      "opponent": "Champs"
    },
    {
      "name": "ColinR",
      "stroke": "Freestyle",
      "age": "9-10",
      "gender": "Boys",
      "date": "2015-07-11",
      "time": "26.02",
      "place": "86",
      "team": "Otters",
      "yards": 0,
      "meet": "106",
      "opponent": "Champs"
    },
    {
      "name": "ColinR",
      "stroke": "Butterfly",
      "age": "9-10",
      "gender": "Boys",
      "date": "2016-05-20",
      "time": "48.24",
      "place": "15",
      "team": "Otters",
      "yards": 0,
      "meet": "107",
      "opponent": "Trials"
    },
    {
      "name": "ColinR",
      "stroke": "Back",
      "age": "9-10",
      "gender": "Boys",
      "date": "2016-05-20",
      "time": "28.47",
      "place": "11",
      "team": "Otters",
      "yards": 0,
      "meet": "107",
      "opponent": "Trials"
    },
    {
      "name": "ColinR",
      "stroke": "Breast",
      "age": "9-10",
      "gender": "Boys",
      "date": "2016-05-20",
      "time": "35.93",
      "place": "11",
      "team": "Otters",
      "yards": 0,
      "meet": "107",
      "opponent": "Trials"
    },
    {
      "name": "ColinR",
      "stroke": "Freestyle",
      "age": "9-10",
      "gender": "Boys",
      "date": "2016-05-20",
      "time": "24.36",
      "place": "14",
      "team": "Otters",
      "yards": 0,
      "meet": "107",
      "opponent": "Trials"
    }
  ]
}