{
  "scores": [
    {
      "name": "ConnerW",
      "stroke": "Butterfly",
      "age": "13-14",
      "gender": "Boys",
      "date": "2001-06-09",
      "time": "40.60",
      "place": "10",
      "team": "Otters",
      "yards": 0,
      "meet": "001",
      "opponent": "Crossgates"
    },
    {
      "name": "ConnerW",
      "stroke": "Breast",
      "age": "13-14",
      "gender": "Boys",
      "date": "2001-06-09",
      "time": "42.29",
      "place": "5",
      "team": "Otters",
      "yards": 0,
      "meet": "001",
      "opponent": "Crossgates"
    },
    {
      "name": "ConnerW",
      "stroke": "Freestyle",
      "age": "13-14",
      "gender": "Boys",
      "date": "2001-06-09",
      "time": "32.02",
      "place": "10",
      "team": "Otters",
      "yards": 0,
      "meet": "001",
      "opponent": "Crossgates"
    },
    {
      "name": "ConnerW",
      "stroke": "Butterfly",
      "age": "13-14",
      "gender": "Boys",
      "date": "2001-06-16",
      "time": "40.37",
      "place": "7",
      "team": "Otters",
      "yards": 0,
      "meet": "002",
      "opponent": "Almaden"
    },
    {
      "name": "ConnerW",
      "stroke": "Breast",
      "age": "13-14",
      "gender": "Boys",
      "date": "2001-06-16",
      "time": "40.52",
      "place": "7",
      "team": "Otters",
      "yards": 0,
      "meet": "002",
      "opponent": "Almaden"
    },
    {
      "name": "ConnerW",
      "stroke": "Freestyle",
      "age": "13-14",
      "gender": "Boys",
      "date": "2001-06-16",
      "time": "32.22",
      "place": "10",
      "team": "Otters",
      "yards": 0,
      "meet": "002",
      "opponent": "Almaden"
    },
    {
      "name": "ConnerW",
      "stroke": "Butterfly",
      "age": "13-14",
      "gender": "Boys",
      "date": "2001-06-23",
      "time": "40.68",
      "place": "4",
      "team": "Otters",
      "yards": 0,
      "meet": "003",
      "opponent": "Creekside"
    },
    {
      "name": "ConnerW",
      "stroke": "Breast",
      "age": "13-14",
      "gender": "Boys",
      "date": "2001-06-23",
      "time": "41.27",
      "place": "3",
      "team": "Otters",
      "yards": 0,
      "meet": "003",
      "opponent": "Creekside"
    },
    {
      "name": "ConnerW",
      "stroke": "Freestyle",
      "age": "13-14",
      "gender": "Boys",
      "date": "2001-06-23",
      "time": "31.28",
      "place": "5",
      "team": "Otters",
      "yards": 0,
      "meet": "003",
      "opponent": "Creekside"
    },
    {
      "name": "ConnerW",
      "stroke": "Butterfly",
      "age": "13-14",
      "gender": "Boys",
      "date": "2001-06-30",
      "time": "39.93",
      "place": "3",
      "team": "Otters",
      "yards": 0,
      "meet": "004",
      "opponent": "Shadowbrook"
    },
    {
      "name": "ConnerW",
      "stroke": "Breast",
      "age": "13-14",
      "gender": "Boys",
      "date": "2001-06-30",
      "time": "41.70",
      "place": "4",
      "team": "Otters",
      "yards": 0,
      "meet": "004",
      "opponent": "Shadowbrook"
    },
    {
      "name": "ConnerW",
      "stroke": "Freestyle",
      "age": "13-14",
      "gender": "Boys",
      "date": "2001-06-30",
      "time": "32.20",
      "place": "7",
      "team": "Otters",
      "yards": 0,
      "meet": "004",
      "opponent": "Shadowbrook"
    },
    {
      "name": "ConnerW",
      "stroke": "Back",
      "age": "13-14",
      "gender": "Boys",
      "date": "2001-07-14",
      "time": "43.09",
      "place": "6",
      "team": "Otters",
      "yards": 0,
      "meet": "005",
      "opponent": "Pinehurst"
    },
    {
      "name": "ConnerW",
      "stroke": "Breast",
      "age": "13-14",
      "gender": "Boys",
      "date": "2001-07-14",
      "time": "42.78",
      "place": "4",
      "team": "Otters",
      "yards": 0,
      "meet": "005",
      "opponent": "Pinehurst"
    },
    {
      "name": "ConnerW",
      "stroke": "Freestyle",
      "age": "13-14",
      "gender": "Boys",
      "date": "2001-07-14",
      "time": "31.08",
      "place": "7",
      "team": "Otters",
      "yards": 0,
      "meet": "005",
      "opponent": "Pinehurst"
    },
    {
      "name": "ConnerW",
      "stroke": "Butterfly",
      "age": "13-14",
      "gender": "Boys",
      "date": "2001-07-21",
      "time": "40.75",
      "place": "19",
      "team": "Otters",
      "yards": 0,
      "meet": "006",
      "opponent": "Champs"
    },
    {
      "name": "ConnerW",
      "stroke": "Breast",
      "age": "13-14",
      "gender": "Boys",
      "date": "2001-07-21",
      "time": "41.10",
      "place": "13",
      "team": "Otters",
      "yards": 0,
      "meet": "006",
      "opponent": "Champs"
    },
    {
      "name": "ConnerW",
      "stroke": "Freestyle",
      "age": "13-14",
      "gender": "Boys",
      "date": "2001-07-21",
      "time": "31.24",
      "place": "26",
      "team": "Otters",
      "yards": 0,
      "meet": "006",
      "opponent": "Champs"
    },
    {
      "name": "ConnerW",
      "stroke": "Butterfly",
      "age": "13-14",
      "gender": "Boys",
      "date": "2002-05-11",
      "time": "42.08",
      "place": "5",
      "team": "Otters",
      "yards": 0,
      "meet": "007",
      "opponent": "Trials"
    },
    {
      "name": "ConnerW",
      "stroke": "Back",
      "age": "13-14",
      "gender": "Boys",
      "date": "2002-05-11",
      "time": "46.24",
      "place": "5",
      "team": "Otters",
      "yards": 0,
      "meet": "007",
      "opponent": "Trials"
    },
    {
      "name": "ConnerW",
      "stroke": "Breast",
      "age": "13-14",
      "gender": "Boys",
      "date": "2002-05-11",
      "time": "42.93",
      "place": "4",
      "team": "Otters",
      "yards": 0,
      "meet": "007",
      "opponent": "Trials"
    },
    {
      "name": "ConnerW",
      "stroke": "Freestyle",
      "age": "13-14",
      "gender": "Boys",
      "date": "2002-05-11",
      "time": "33.61",
      "place": "3",
      "team": "Otters",
      "yards": 0,
      "meet": "007",
      "opponent": "Trials"
    },
    {
      "name": "ConnerW",
      "stroke": "Back",
      "age": "13-14",
      "gender": "Boys",
      "date": "2002-06-15",
      "time": "36.69",
      "place": "4",
      "team": "Otters",
      "yards": 0,
      "meet": "010",
      "opponent": "Crossgates"
    },
    {
      "name": "ConnerW",
      "stroke": "Breast",
      "age": "13-14",
      "gender": "Boys",
      "date": "2002-06-15",
      "time": "40.38",
      "place": "4",
      "team": "Otters",
      "yards": 0,
      "meet": "010",
      "opponent": "Crossgates"
    },
    {
      "name": "ConnerW",
      "stroke": "Freestyle",
      "age": "13-14",
      "gender": "Boys",
      "date": "2002-06-15",
      "time": "29.84",
      "place": "8",
      "team": "Otters",
      "yards": 0,
      "meet": "010",
      "opponent": "Crossgates"
    },
    {
      "name": "ConnerW",
      "stroke": "Back",
      "age": "13-14",
      "gender": "Boys",
      "date": "2002-06-22",
      "time": "41.01",
      "place": "7",
      "team": "Otters",
      "yards": 0,
      "meet": "011",
      "opponent": "Almaden"
    },
    {
      "name": "ConnerW",
      "stroke": "Breast",
      "age": "13-14",
      "gender": "Boys",
      "date": "2002-06-22",
      "time": "39.94",
      "place": "3",
      "team": "Otters",
      "yards": 0,
      "meet": "011",
      "opponent": "Almaden"
    },
    {
      "name": "ConnerW",
      "stroke": "Freestyle",
      "age": "13-14",
      "gender": "Boys",
      "date": "2002-06-22",
      "time": "30.38",
      "place": "7",
      "team": "Otters",
      "yards": 0,
      "meet": "011",
      "opponent": "Almaden"
    },
    {
      "name": "ConnerW",
      "stroke": "Back",
      "age": "13-14",
      "gender": "Boys",
      "date": "2002-06-29",
      "time": "42.61",
      "place": "2",
      "team": "Otters",
      "yards": 0,
      "meet": "012",
      "opponent": "Creekside"
    },
    {
      "name": "ConnerW",
      "stroke": "Breast",
      "age": "13-14",
      "gender": "Boys",
      "date": "2002-06-29",
      "time": "39.90",
      "place": "4",
      "team": "Otters",
      "yards": 0,
      "meet": "012",
      "opponent": "Creekside"
    },
    {
      "name": "ConnerW",
      "stroke": "Freestyle",
      "age": "13-14",
      "gender": "Boys",
      "date": "2002-06-29",
      "time": "30.03",
      "place": "6",
      "team": "Otters",
      "yards": 0,
      "meet": "012",
      "opponent": "Creekside"
    },
    {
      "name": "ConnerW",
      "stroke": "Back",
      "age": "13-14",
      "gender": "Boys",
      "date": "2002-07-20",
      "time": "40.09",
      "place": "18",
      "team": "Otters",
      "yards": 0,
      "meet": "014",
      "opponent": "Champs"
    },
    {
      "name": "ConnerW",
      "stroke": "Breast",
      "age": "13-14",
      "gender": "Boys",
      "date": "2002-07-20",
      "time": "39.83",
      "place": "12",
      "team": "Otters",
      "yards": 0,
      "meet": "014",
      "opponent": "Champs"
    },
    {
      "name": "ConnerW",
      "stroke": "Freestyle",
      "age": "13-14",
      "gender": "Boys",
      "date": "2002-07-20",
      "time": "29.36",
      "place": "19",
      "team": "Otters",
      "yards": 0,
      "meet": "014",
      "opponent": "Champs"
    },
    {
      "name": "ConnerW",
      "stroke": "Butterfly",
      "age": "15-18",
      "gender": "Boys",
      "date": "2003-05-10",
      "time": "36.49",
      "place": "2",
      "team": "Otters",
      "yards": 0,
      "meet": "015",
      "opponent": "Trials"
    },
    {
      "name": "ConnerW",
      "stroke": "Back",
      "age": "15-18",
      "gender": "Boys",
      "date": "2003-05-10",
      "time": "39.99",
      "place": "2",
      "team": "Otters",
      "yards": 0,
      "meet": "015",
      "opponent": "Trials"
    },
    {
      "name": "ConnerW",
      "stroke": "Breast",
      "age": "15-18",
      "gender": "Boys",
      "date": "2003-05-10",
      "time": "40.24",
      "place": "2",
      "team": "Otters",
      "yards": 0,
      "meet": "015",
      "opponent": "Trials"
    },
    {
      "name": "ConnerW",
      "stroke": "Back",
      "age": "15-18",
      "gender": "Boys",
      "date": "2003-05-31",
      "time": "41.18",
      "place": "8",
      "team": "Otters",
      "yards": 0,
      "meet": "016",
      "opponent": "Pinehurst"
    },
    {
      "name": "ConnerW",
      "stroke": "Breast",
      "age": "15-18",
      "gender": "Boys",
      "date": "2003-05-31",
      "time": "40.33",
      "place": "8",
      "team": "Otters",
      "yards": 0,
      "meet": "016",
      "opponent": "Pinehurst"
    },
    {
      "name": "ConnerW",
      "stroke": "Breast",
      "age": "15-18",
      "gender": "Boys",
      "date": "2003-06-009",
      "time": "38.87",
      "place": "1",
      "team": "Otters",
      "yards": 0,
      "meet": "017",
      "opponent": "Shadowbrook"
    },
    {
      "name": "ConnerW",
      "stroke": "Freestyle",
      "age": "15-18",
      "gender": "Boys",
      "date": "2003-06-009",
      "time": "28.47",
      "place": "4",
      "team": "Otters",
      "yards": 0,
      "meet": "017",
      "opponent": "Shadowbrook"
    },
    {
      "name": "ConnerW",
      "stroke": "Back",
      "age": "15-18",
      "gender": "Boys",
      "date": "2003-06-28",
      "time": "41.88",
      "place": "8",
      "team": "Otters",
      "yards": 0,
      "meet": "020",
      "opponent": "Almaden"
    },
    {
      "name": "ConnerW",
      "stroke": "Back",
      "age": "15-18",
      "gender": "Boys",
      "date": "2003-07-12",
      "time": "39.72",
      "place": "3",
      "team": "Otters",
      "yards": 0,
      "meet": "021",
      "opponent": "Creekside"
    },
    {
      "name": "ConnerW",
      "stroke": "Breast",
      "age": "15-18",
      "gender": "Boys",
      "date": "2003-07-12",
      "time": "40.37",
      "place": "5",
      "team": "Otters",
      "yards": 0,
      "meet": "021",
      "opponent": "Creekside"
    },
    {
      "name": "ConnerW",
      "stroke": "Freestyle",
      "age": "15-18",
      "gender": "Boys",
      "date": "2003-07-12",
      "time": "28.13",
      "place": "6",
      "team": "Otters",
      "yards": 0,
      "meet": "021",
      "opponent": "Creekside"
    },
    {
      "name": "ConnerW",
      "stroke": "Back",
      "age": "15-18",
      "gender": "Boys",
      "date": "2003-07-19",
      "time": "40.95",
      "place": "28",
      "team": "Otters",
      "yards": 0,
      "meet": "022",
      "opponent": "Champs"
    },
    {
      "name": "ConnerW",
      "stroke": "Breast",
      "age": "15-18",
      "gender": "Boys",
      "date": "2003-07-19",
      "time": "40.83",
      "place": "27",
      "team": "Otters",
      "yards": 0,
      "meet": "022",
      "opponent": "Champs"
    },
    {
      "name": "ConnerW",
      "stroke": "Freestyle",
      "age": "15-18",
      "gender": "Boys",
      "date": "2003-07-19",
      "time": "28.31",
      "place": "32",
      "team": "Otters",
      "yards": 0,
      "meet": "022",
      "opponent": "Champs"
    },
    {
      "name": "ConnerW",
      "stroke": "Butterfly",
      "age": "15-18",
      "gender": "Boys",
      "date": "2004-05-20",
      "time": "35.65",
      "place": "11",
      "team": "Otters",
      "yards": 0,
      "meet": "023",
      "opponent": "Trials"
    },
    {
      "name": "ConnerW",
      "stroke": "Back",
      "age": "15-18",
      "gender": "Boys",
      "date": "2004-05-20",
      "time": "38.09",
      "place": "9",
      "team": "Otters",
      "yards": 0,
      "meet": "023",
      "opponent": "Trials"
    },
    {
      "name": "ConnerW",
      "stroke": "Breast",
      "age": "15-18",
      "gender": "Boys",
      "date": "2004-05-20",
      "time": "39.56",
      "place": "7",
      "team": "Otters",
      "yards": 0,
      "meet": "023",
      "opponent": "Trials"
    },
    {
      "name": "ConnerW",
      "stroke": "Freestyle",
      "age": "15-18",
      "gender": "Boys",
      "date": "2004-05-20",
      "time": "28.52",
      "place": "8",
      "team": "Otters",
      "yards": 0,
      "meet": "023",
      "opponent": "Trials"
    }
  ]
}