{
  "scores": [
    {
      "name": "CorbettW",
      "stroke": "Butterfly",
      "age": "9-10",
      "gender": "Boys",
      "date": "2015-05-31",
      "time": "31.38",
      "place": "11",
      "team": "Otters",
      "yards": 0,
      "meet": "100",
      "opponent": "Trials"
    },
    {
      "name": "CorbettW",
      "stroke": "Back",
      "age": "9-10",
      "gender": "Boys",
      "date": "2015-05-31",
      "time": "26.78",
      "place": "9",
      "team": "Otters",
      "yards": 0,
      "meet": "100",
      "opponent": "Trials"
    },
    {
      "name": "CorbettW",
      "stroke": "Back",
      "age": "9-10",
      "gender": "Boys",
      "date": "2015-05-30",
      "time": "28.44",
      "place": "19",
      "team": "Otters",
      "yards": 0,
      "meet": "101",
      "opponent": "Almaden"
    },
    {
      "name": "CorbettW",
      "stroke": "Breast",
      "age": "9-10",
      "gender": "Boys",
      "date": "2015-05-30",
      "time": "DQ",
      "place": "--",
      "team": "Otters",
      "yards": 0,
      "meet": "101",
      "opponent": "Almaden"
    },
    {
      "name": "CorbettW",
      "stroke": "Freestyle",
      "age": "9-10",
      "gender": "Boys",
      "date": "2015-05-30",
      "time": "24.47",
      "place": "28",
      "team": "Otters",
      "yards": 0,
      "meet": "101",
      "opponent": "Almaden"
    },
    {
      "name": "CorbettW",
      "stroke": "Back",
      "age": "9-10",
      "gender": "Boys",
      "date": "2015-06-006",
      "time": "26.48",
      "place": "10",
      "team": "Otters",
      "yards": 0,
      "meet": "102",
      "opponent": "Creekside"
    },
    {
      "name": "CorbettW",
      "stroke": "Freestyle",
      "age": "9-10",
      "gender": "Boys",
      "date": "2015-06-006",
      "time": "23.87",
      "place": "20",
      "team": "Otters",
      "yards": 0,
      "meet": "102",
      "opponent": "Creekside"
    },
    {
      "name": "CorbettW",
      "stroke": "Back",
      "age": "9-10",
      "gender": "Boys",
      "date": "2015-06-13",
      "time": "26.28",
      "place": "23",
      "team": "Otters",
      "yards": 0,
      "meet": "103",
      "opponent": "Shadowbrook"
    },
    {
      "name": "CorbettW",
      "stroke": "Breast",
      "age": "9-10",
      "gender": "Boys",
      "date": "2015-06-13",
      "time": "DQ",
      "place": "--",
      "team": "Otters",
      "yards": 0,
      "meet": "103",
      "opponent": "Shadowbrook"
    },
    {
      "name": "CorbettW",
      "stroke": "Freestyle",
      "age": "9-10",
      "gender": "Boys",
      "date": "2015-06-13",
      "time": "23.83",
      "place": "34",
      "team": "Otters",
      "yards": 0,
      "meet": "103",
      "opponent": "Shadowbrook"
    },
    {
      "name": "CorbettW",
      "stroke": "Back",
      "age": "9-10",
      "gender": "Boys",
      "date": "2015-06-20",
      "time": "26.88",
      "place": "17",
      "team": "Otters",
      "yards": 0,
      "meet": "104",
      "opponent": "Pinehurst"
    },
    {
      "name": "CorbettW",
      "stroke": "Breast",
      "age": "9-10",
      "gender": "Boys",
      "date": "2015-06-20",
      "time": "30.83",
      "place": "13",
      "team": "Otters",
      "yards": 0,
      "meet": "104",
      "opponent": "Pinehurst"
    },
    {
      "name": "CorbettW",
      "stroke": "Freestyle",
      "age": "9-10",
      "gender": "Boys",
      "date": "2015-06-20",
      "time": "27.68",
      "place": "35",
      "team": "Otters",
      "yards": 0,
      "meet": "104",
      "opponent": "Pinehurst"
    },
    {
      "name": "CorbettW",
      "stroke": "Back",
      "age": "9-10",
      "gender": "Boys",
      "date": "2015-06-27",
      "time": "26.12",
      "place": "11",
      "team": "Otters",
      "yards": 0,
      "meet": "105",
      "opponent": "Crossgates"
    },
    {
      "name": "CorbettW",
      "stroke": "Breast",
      "age": "9-10",
      "gender": "Boys",
      "date": "2015-06-27",
      "time": "DQ",
      "place": "--",
      "team": "Otters",
      "yards": 0,
      "meet": "105",
      "opponent": "Crossgates"
    },
    {
      "name": "CorbettW",
      "stroke": "Freestyle",
      "age": "9-10",
      "gender": "Boys",
      "date": "2015-06-27",
      "time": "22.88",
      "place": "25",
      "team": "Otters",
      "yards": 0,
      "meet": "105",
      "opponent": "Crossgates"
    },
    {
      "name": "CorbettW",
      "stroke": "Back",
      "age": "9-10",
      "gender": "Boys",
      "date": "2015-07-11",
      "time": "27.24",
      "place": "55",
      "team": "Otters",
      "yards": 0,
      "meet": "106",
      "opponent": "Champs"
    },
    {
      "name": "CorbettW",
      "stroke": "Breast",
      "age": "9-10",
      "gender": "Boys",
      "date": "2015-07-11",
      "time": "DQ",
      "place": "--",
      "team": "Otters",
      "yards": 0,
      "meet": "106",
      "opponent": "Champs"
    },
    {
      "name": "CorbettW",
      "stroke": "Freestyle",
      "age": "9-10",
      "gender": "Boys",
      "date": "2015-07-11",
      "time": "22.55",
      "place": "73",
      "team": "Otters",
      "yards": 0,
      "meet": "106",
      "opponent": "Champs"
    },
    {
      "name": "CorbettW",
      "stroke": "Butterfly",
      "age": "9-10",
      "gender": "Boys",
      "date": "2016-05-20",
      "time": "26.09",
      "place": "6",
      "team": "Otters",
      "yards": 0,
      "meet": "107",
      "opponent": "Trials"
    },
    {
      "name": "CorbettW",
      "stroke": "Back",
      "age": "9-10",
      "gender": "Boys",
      "date": "2016-05-20",
      "time": "22.31",
      "place": "2",
      "team": "Otters",
      "yards": 0,
      "meet": "107",
      "opponent": "Trials"
    },
    {
      "name": "CorbettW",
      "stroke": "Breast",
      "age": "9-10",
      "gender": "Boys",
      "date": "2016-05-20",
      "time": "25.56",
      "place": "5",
      "team": "Otters",
      "yards": 0,
      "meet": "107",
      "opponent": "Trials"
    },
    {
      "name": "CorbettW",
      "stroke": "Freestyle",
      "age": "9-10",
      "gender": "Boys",
      "date": "2016-05-20",
      "time": "18.27",
      "place": "5",
      "team": "Otters",
      "yards": 0,
      "meet": "107",
      "opponent": "Trials"
    }
  ]
}