{
  "scores": [
    {
      "name": "CoreyG",
      "stroke": "Back",
      "age": "6 & Under",
      "gender": "Boys",
      "date": "2003-05-10",
      "time": "51.89",
      "place": "3",
      "team": "Otters",
      "yards": 0,
      "meet": "015",
      "opponent": "Trials"
    },
    {
      "name": "CoreyG",
      "stroke": "Freestyle",
      "age": "6 & Under",
      "gender": "Boys",
      "date": "2003-05-10",
      "time": "49.42",
      "place": "3",
      "team": "Otters",
      "yards": 0,
      "meet": "015",
      "opponent": "Trials"
    },
    {
      "name": "CoreyG",
      "stroke": "Back",
      "age": "6 & Under",
      "gender": "Boys",
      "date": "2003-05-31",
      "time": "40.46",
      "place": "3",
      "team": "Otters",
      "yards": 0,
      "meet": "016",
      "opponent": "Pinehurst"
    },
    {
      "name": "CoreyG",
      "stroke": "Freestyle",
      "age": "6 & Under",
      "gender": "Boys",
      "date": "2003-05-31",
      "time": "37.81",
      "place": "3",
      "team": "Otters",
      "yards": 0,
      "meet": "016",
      "opponent": "Pinehurst"
    },
    {
      "name": "CoreyG",
      "stroke": "Back",
      "age": "6 & Under",
      "gender": "Boys",
      "date": "2003-06-009",
      "time": "37.59",
      "place": "4",
      "team": "Otters",
      "yards": 0,
      "meet": "017",
      "opponent": "Shadowbrook"
    },
    {
      "name": "CoreyG",
      "stroke": "Freestyle",
      "age": "6 & Under",
      "gender": "Boys",
      "date": "2003-06-009",
      "time": "40.69",
      "place": "6",
      "team": "Otters",
      "yards": 0,
      "meet": "017",
      "opponent": "Shadowbrook"
    },
    {
      "name": "CoreyG",
      "stroke": "Back",
      "age": "6 & Under",
      "gender": "Boys",
      "date": "2003-06-14",
      "time": "40.45",
      "place": "2",
      "team": "Otters",
      "yards": 0,
      "meet": "018",
      "opponent": "Pinehurst"
    },
    {
      "name": "CoreyG",
      "stroke": "Freestyle",
      "age": "6 & Under",
      "gender": "Boys",
      "date": "2003-06-14",
      "time": "33.28",
      "place": "3",
      "team": "Otters",
      "yards": 0,
      "meet": "018",
      "opponent": "Pinehurst"
    },
    {
      "name": "CoreyG",
      "stroke": "Back",
      "age": "6 & Under",
      "gender": "Boys",
      "date": "2003-06-21",
      "time": "32.93",
      "place": "4",
      "team": "Otters",
      "yards": 0,
      "meet": "019",
      "opponent": "Crossgates"
    },
    {
      "name": "CoreyG",
      "stroke": "Freestyle",
      "age": "6 & Under",
      "gender": "Boys",
      "date": "2003-06-21",
      "time": "36.55",
      "place": "7",
      "team": "Otters",
      "yards": 0,
      "meet": "019",
      "opponent": "Crossgates"
    },
    {
      "name": "CoreyG",
      "stroke": "Back",
      "age": "6 & Under",
      "gender": "Boys",
      "date": "2003-06-28",
      "time": "34.01",
      "place": "2",
      "team": "Otters",
      "yards": 0,
      "meet": "020",
      "opponent": "Almaden"
    },
    {
      "name": "CoreyG",
      "stroke": "Freestyle",
      "age": "6 & Under",
      "gender": "Boys",
      "date": "2003-06-28",
      "time": "34.66",
      "place": "4",
      "team": "Otters",
      "yards": 0,
      "meet": "020",
      "opponent": "Almaden"
    },
    {
      "name": "CoreyG",
      "stroke": "Back",
      "age": "6 & Under",
      "gender": "Boys",
      "date": "2003-07-12",
      "time": "30.55",
      "place": "2",
      "team": "Otters",
      "yards": 0,
      "meet": "021",
      "opponent": "Creekside"
    },
    {
      "name": "CoreyG",
      "stroke": "Freestyle",
      "age": "6 & Under",
      "gender": "Boys",
      "date": "2003-07-12",
      "time": "30.10",
      "place": "4",
      "team": "Otters",
      "yards": 0,
      "meet": "021",
      "opponent": "Creekside"
    },
    {
      "name": "CoreyG",
      "stroke": "Back",
      "age": "6 & Under",
      "gender": "Boys",
      "date": "2003-07-19",
      "time": "31.77",
      "place": "6",
      "team": "Otters",
      "yards": 0,
      "meet": "022",
      "opponent": "Champs"
    },
    {
      "name": "CoreyG",
      "stroke": "Freestyle",
      "age": "6 & Under",
      "gender": "Boys",
      "date": "2003-07-19",
      "time": "30.29",
      "place": "13",
      "team": "Otters",
      "yards": 0,
      "meet": "022",
      "opponent": "Champs"
    },
    {
      "name": "CoreyG",
      "stroke": "Back",
      "age": "6 & Under",
      "gender": "Boys",
      "date": "2004-05-20",
      "time": "25.68",
      "place": "1",
      "team": "Otters",
      "yards": 0,
      "meet": "023",
      "opponent": "Trials"
    },
    {
      "name": "CoreyG",
      "stroke": "Freestyle",
      "age": "6 & Under",
      "gender": "Boys",
      "date": "2004-05-20",
      "time": "25.42",
      "place": "2",
      "team": "Otters",
      "yards": 0,
      "meet": "023",
      "opponent": "Trials"
    },
    {
      "name": "CoreyG",
      "stroke": "Back",
      "age": "6 & Under",
      "gender": "Boys",
      "date": "2004-06-005",
      "time": "26.44",
      "place": "1",
      "team": "Otters",
      "yards": 0,
      "meet": "024",
      "opponent": "Creekside"
    },
    {
      "name": "CoreyG",
      "stroke": "Freestyle",
      "age": "6 & Under",
      "gender": "Boys",
      "date": "2004-06-005",
      "time": "21.87",
      "place": "1",
      "team": "Otters",
      "yards": 0,
      "meet": "024",
      "opponent": "Creekside"
    },
    {
      "name": "CoreyG",
      "stroke": "Butterfly",
      "age": "8 & Under",
      "gender": "Boys",
      "date": "2004-06-12",
      "time": "DQ",
      "place": "--",
      "team": "Otters",
      "yards": 0,
      "meet": "025",
      "opponent": "Shadowbrook"
    },
    {
      "name": "CoreyG",
      "stroke": "Back",
      "age": "6 & Under",
      "gender": "Boys",
      "date": "2004-06-12",
      "time": "29.08",
      "place": "2",
      "team": "Otters",
      "yards": 0,
      "meet": "025",
      "opponent": "Shadowbrook"
    },
    {
      "name": "CoreyG",
      "stroke": "Freestyle",
      "age": "6 & Under",
      "gender": "Boys",
      "date": "2004-06-12",
      "time": "27.67",
      "place": "2",
      "team": "Otters",
      "yards": 0,
      "meet": "025",
      "opponent": "Shadowbrook"
    },
    {
      "name": "CoreyG",
      "stroke": "Butterfly",
      "age": "8 & Under",
      "gender": "Boys",
      "date": "2004-06-19",
      "time": "32.15",
      "place": "4",
      "team": "Otters",
      "yards": 0,
      "meet": "026",
      "opponent": "Pinehurst"
    },
    {
      "name": "CoreyG",
      "stroke": "Back",
      "age": "6 & Under",
      "gender": "Boys",
      "date": "2004-06-19",
      "time": "26.96",
      "place": "1",
      "team": "Otters",
      "yards": 0,
      "meet": "026",
      "opponent": "Pinehurst"
    },
    {
      "name": "CoreyG",
      "stroke": "Freestyle",
      "age": "6 & Under",
      "gender": "Boys",
      "date": "2004-06-19",
      "time": "26.00",
      "place": "2",
      "team": "Otters",
      "yards": 0,
      "meet": "026",
      "opponent": "Pinehurst"
    },
    {
      "name": "CoreyG",
      "stroke": "Butterfly",
      "age": "8 & Under",
      "gender": "Boys",
      "date": "2004-06-26",
      "time": "27.53",
      "place": "6",
      "team": "Otters",
      "yards": 0,
      "meet": "027",
      "opponent": "Crossgates"
    },
    {
      "name": "CoreyG",
      "stroke": "Back",
      "age": "6 & Under",
      "gender": "Boys",
      "date": "2004-06-26",
      "time": "25.18",
      "place": "1",
      "team": "Otters",
      "yards": 0,
      "meet": "027",
      "opponent": "Crossgates"
    },
    {
      "name": "CoreyG",
      "stroke": "Freestyle",
      "age": "6 & Under",
      "gender": "Boys",
      "date": "2004-06-26",
      "time": "23.91",
      "place": "3",
      "team": "Otters",
      "yards": 0,
      "meet": "027",
      "opponent": "Crossgates"
    },
    {
      "name": "CoreyG",
      "stroke": "Butterfly",
      "age": "8 & Under",
      "gender": "Boys",
      "date": "2004-07-10",
      "time": "30.91",
      "place": "6",
      "team": "Otters",
      "yards": 0,
      "meet": "028",
      "opponent": "Almaden"
    },
    {
      "name": "CoreyG",
      "stroke": "Back",
      "age": "6 & Under",
      "gender": "Boys",
      "date": "2004-07-10",
      "time": "25.21",
      "place": "1",
      "team": "Otters",
      "yards": 0,
      "meet": "028",
      "opponent": "Almaden"
    },
    {
      "name": "CoreyG",
      "stroke": "Freestyle",
      "age": "6 & Under",
      "gender": "Boys",
      "date": "2004-07-10",
      "time": "22.84",
      "place": "2",
      "team": "Otters",
      "yards": 0,
      "meet": "028",
      "opponent": "Almaden"
    },
    {
      "name": "CoreyG",
      "stroke": "Butterfly",
      "age": "8 & Under",
      "gender": "Boys",
      "date": "2004-07-17",
      "time": "27.51",
      "place": "9",
      "team": "Otters",
      "yards": 0,
      "meet": "029",
      "opponent": "Champs"
    },
    {
      "name": "CoreyG",
      "stroke": "Back",
      "age": "6 & Under",
      "gender": "Boys",
      "date": "2004-07-17",
      "time": "25.42",
      "place": "2",
      "team": "Otters",
      "yards": 0,
      "meet": "029",
      "opponent": "Champs"
    },
    {
      "name": "CoreyG",
      "stroke": "Freestyle",
      "age": "6 & Under",
      "gender": "Boys",
      "date": "2004-07-17",
      "time": "22.19",
      "place": "4",
      "team": "Otters",
      "yards": 0,
      "meet": "029",
      "opponent": "Champs"
    },
    {
      "name": "CoreyG",
      "stroke": "Butterfly",
      "age": "8 & Under",
      "gender": "Boys",
      "date": "2005-06-004",
      "time": "25.84",
      "place": "5",
      "team": "Otters",
      "yards": 0,
      "meet": "031",
      "opponent": "Almaden"
    },
    {
      "name": "CoreyG",
      "stroke": "Back",
      "age": "7-8",
      "gender": "Boys",
      "date": "2005-06-004",
      "time": "23.62",
      "place": "1",
      "team": "Otters",
      "yards": 0,
      "meet": "031",
      "opponent": "Almaden"
    },
    {
      "name": "CoreyG",
      "stroke": "Freestyle",
      "age": "7-8",
      "gender": "Boys",
      "date": "2005-06-004",
      "time": "19.87",
      "place": "5",
      "team": "Otters",
      "yards": 0,
      "meet": "031",
      "opponent": "Almaden"
    },
    {
      "name": "CoreyG",
      "stroke": "Butterfly",
      "age": "8 & Under",
      "gender": "Boys",
      "date": "2005-06-11",
      "time": "25.62",
      "place": "5",
      "team": "Otters",
      "yards": 0,
      "meet": "032",
      "opponent": "Creekside"
    },
    {
      "name": "CoreyG",
      "stroke": "Back",
      "age": "7-8",
      "gender": "Boys",
      "date": "2005-06-11",
      "time": "22.93",
      "place": "1",
      "team": "Otters",
      "yards": 0,
      "meet": "032",
      "opponent": "Creekside"
    },
    {
      "name": "CoreyG",
      "stroke": "Freestyle",
      "age": "7-8",
      "gender": "Boys",
      "date": "2005-06-11",
      "time": "19.93",
      "place": "4",
      "team": "Otters",
      "yards": 0,
      "meet": "032",
      "opponent": "Creekside"
    },
    {
      "name": "CoreyG",
      "stroke": "Butterfly",
      "age": "8 & Under",
      "gender": "Boys",
      "date": "2005-06-18",
      "time": "26.03",
      "place": "4",
      "team": "Otters",
      "yards": 0,
      "meet": "033",
      "opponent": "Shadowbrook"
    },
    {
      "name": "CoreyG",
      "stroke": "Back",
      "age": "7-8",
      "gender": "Boys",
      "date": "2005-06-18",
      "time": "23.18",
      "place": "1",
      "team": "Otters",
      "yards": 0,
      "meet": "033",
      "opponent": "Shadowbrook"
    },
    {
      "name": "CoreyG",
      "stroke": "Freestyle",
      "age": "7-8",
      "gender": "Boys",
      "date": "2005-06-18",
      "time": "20.59",
      "place": "4",
      "team": "Otters",
      "yards": 0,
      "meet": "033",
      "opponent": "Shadowbrook"
    },
    {
      "name": "CoreyG",
      "stroke": "Butterfly",
      "age": "8 & Under",
      "gender": "Boys",
      "date": "2005-06-25",
      "time": "DQ",
      "place": "--",
      "team": "Otters",
      "yards": 0,
      "meet": "034",
      "opponent": "Pinehurst"
    },
    {
      "name": "CoreyG",
      "stroke": "Back",
      "age": "7-8",
      "gender": "Boys",
      "date": "2005-06-25",
      "time": "22.73",
      "place": "1",
      "team": "Otters",
      "yards": 0,
      "meet": "034",
      "opponent": "Pinehurst"
    },
    {
      "name": "CoreyG",
      "stroke": "Freestyle",
      "age": "7-8",
      "gender": "Boys",
      "date": "2005-06-25",
      "time": "19.94",
      "place": "3",
      "team": "Otters",
      "yards": 0,
      "meet": "034",
      "opponent": "Pinehurst"
    },
    {
      "name": "CoreyG",
      "stroke": "Butterfly",
      "age": "8 & Under",
      "gender": "Boys",
      "date": "2005-07-009",
      "time": "26.60",
      "place": "5",
      "team": "Otters",
      "yards": 0,
      "meet": "035",
      "opponent": "Crossgates"
    },
    {
      "name": "CoreyG",
      "stroke": "Back",
      "age": "7-8",
      "gender": "Boys",
      "date": "2005-07-009",
      "time": "25.10",
      "place": "4",
      "team": "Otters",
      "yards": 0,
      "meet": "035",
      "opponent": "Crossgates"
    },
    {
      "name": "CoreyG",
      "stroke": "Freestyle",
      "age": "7-8",
      "gender": "Boys",
      "date": "2005-07-009",
      "time": "19.73",
      "place": "5",
      "team": "Otters",
      "yards": 0,
      "meet": "035",
      "opponent": "Crossgates"
    },
    {
      "name": "CoreyG",
      "stroke": "Butterfly",
      "age": "8 & Under",
      "gender": "Boys",
      "date": "2005-07-16",
      "time": "25.17",
      "place": "8",
      "team": "Otters",
      "yards": 0,
      "meet": "036",
      "opponent": "Champs"
    },
    {
      "name": "CoreyG",
      "stroke": "Back",
      "age": "7-8",
      "gender": "Boys",
      "date": "2005-07-16",
      "time": "23.69",
      "place": "3",
      "team": "Otters",
      "yards": 0,
      "meet": "036",
      "opponent": "Champs"
    },
    {
      "name": "CoreyG",
      "stroke": "Freestyle",
      "age": "7-8",
      "gender": "Boys",
      "date": "2005-07-16",
      "time": "18.59",
      "place": "8",
      "team": "Otters",
      "yards": 0,
      "meet": "036",
      "opponent": "Champs"
    },
    {
      "name": "CoreyG",
      "stroke": "Butterfly",
      "age": "8 & Under",
      "gender": "Boys",
      "date": "2006-05-20",
      "time": "21.24",
      "place": "1",
      "team": "Otters",
      "yards": 0,
      "meet": "037",
      "opponent": "Trials"
    },
    {
      "name": "CoreyG",
      "stroke": "Back",
      "age": "7-8",
      "gender": "Boys",
      "date": "2006-05-20",
      "time": "22.56",
      "place": "2",
      "team": "Otters",
      "yards": 0,
      "meet": "037",
      "opponent": "Trials"
    },
    {
      "name": "CoreyG",
      "stroke": "Breast",
      "age": "8 & Under",
      "gender": "Boys",
      "date": "2006-05-20",
      "time": "29.53",
      "place": "1",
      "team": "Otters",
      "yards": 0,
      "meet": "037",
      "opponent": "Trials"
    },
    {
      "name": "CoreyG",
      "stroke": "Freestyle",
      "age": "7-8",
      "gender": "Boys",
      "date": "2006-05-20",
      "time": "18.36",
      "place": "1",
      "team": "Otters",
      "yards": 0,
      "meet": "037",
      "opponent": "Trials"
    },
    {
      "name": "CoreyG",
      "stroke": "Butterfly",
      "age": "9-10",
      "gender": "Boys",
      "date": "2006-06-003",
      "time": "23.85",
      "place": "6",
      "team": "Otters",
      "yards": 0,
      "meet": "038",
      "opponent": "Crossgates"
    },
    {
      "name": "CoreyG",
      "stroke": "Back",
      "age": "9-10",
      "gender": "Boys",
      "date": "2006-06-003",
      "time": "22.10",
      "place": "2",
      "team": "Otters",
      "yards": 0,
      "meet": "038",
      "opponent": "Crossgates"
    },
    {
      "name": "CoreyG",
      "stroke": "Freestyle",
      "age": "9-10",
      "gender": "Boys",
      "date": "2006-06-003",
      "time": "18.97",
      "place": "6",
      "team": "Otters",
      "yards": 0,
      "meet": "038",
      "opponent": "Crossgates"
    },
    {
      "name": "CoreyG",
      "stroke": "Butterfly",
      "age": "8 & Under",
      "gender": "Boys",
      "date": "2006-06-10",
      "time": "23.15",
      "place": "1",
      "team": "Otters",
      "yards": 0,
      "meet": "039",
      "opponent": "Almaden"
    },
    {
      "name": "CoreyG",
      "stroke": "Back",
      "age": "7-8",
      "gender": "Boys",
      "date": "2006-06-10",
      "time": "22.50",
      "place": "1",
      "team": "Otters",
      "yards": 0,
      "meet": "039",
      "opponent": "Almaden"
    },
    {
      "name": "CoreyG",
      "stroke": "Freestyle",
      "age": "7-8",
      "gender": "Boys",
      "date": "2006-06-10",
      "time": "19.21",
      "place": "1",
      "team": "Otters",
      "yards": 0,
      "meet": "039",
      "opponent": "Almaden"
    },
    {
      "name": "CoreyG",
      "stroke": "Butterfly",
      "age": "8 & Under",
      "gender": "Boys",
      "date": "2006-06-17",
      "time": "20.47",
      "place": "1",
      "team": "Otters",
      "yards": 0,
      "meet": "040",
      "opponent": "Creekside"
    },
    {
      "name": "CoreyG",
      "stroke": "Back",
      "age": "7-8",
      "gender": "Boys",
      "date": "2006-06-17",
      "time": "22.04",
      "place": "1",
      "team": "Otters",
      "yards": 0,
      "meet": "040",
      "opponent": "Creekside"
    },
    {
      "name": "CoreyG",
      "stroke": "Freestyle",
      "age": "7-8",
      "gender": "Boys",
      "date": "2006-06-17",
      "time": "18.12",
      "place": "3",
      "team": "Otters",
      "yards": 0,
      "meet": "040",
      "opponent": "Creekside"
    },
    {
      "name": "CoreyG",
      "stroke": "Butterfly",
      "age": "8 & Under",
      "gender": "Boys",
      "date": "2006-06-24",
      "time": "21.00",
      "place": "2",
      "team": "Otters",
      "yards": 0,
      "meet": "041",
      "opponent": "Shadowbrook"
    },
    {
      "name": "CoreyG",
      "stroke": "Back",
      "age": "7-8",
      "gender": "Boys",
      "date": "2006-06-24",
      "time": "22.37",
      "place": "1",
      "team": "Otters",
      "yards": 0,
      "meet": "041",
      "opponent": "Shadowbrook"
    },
    {
      "name": "CoreyG",
      "stroke": "Freestyle",
      "age": "7-8",
      "gender": "Boys",
      "date": "2006-06-24",
      "time": "17.03",
      "place": "2",
      "team": "Otters",
      "yards": 0,
      "meet": "041",
      "opponent": "Shadowbrook"
    },
    {
      "name": "CoreyG",
      "stroke": "Butterfly",
      "age": "8 & Under",
      "gender": "Boys",
      "date": "2006-07-008",
      "time": "20.31",
      "place": "2",
      "team": "Otters",
      "yards": 0,
      "meet": "042",
      "opponent": "Pinehurst"
    },
    {
      "name": "CoreyG",
      "stroke": "Back",
      "age": "7-8",
      "gender": "Boys",
      "date": "2006-07-008",
      "time": "21.25",
      "place": "2",
      "team": "Otters",
      "yards": 0,
      "meet": "042",
      "opponent": "Pinehurst"
    },
    {
      "name": "CoreyG",
      "stroke": "Freestyle",
      "age": "7-8",
      "gender": "Boys",
      "date": "2006-07-008",
      "time": "17.53",
      "place": "2",
      "team": "Otters",
      "yards": 0,
      "meet": "042",
      "opponent": "Pinehurst"
    },
    {
      "name": "CoreyG",
      "stroke": "Butterfly",
      "age": "8 & Under",
      "gender": "Boys",
      "date": "2006-07-15",
      "time": "19.91",
      "place": "3",
      "team": "Otters",
      "yards": 0,
      "meet": "043",
      "opponent": "Champs"
    },
    {
      "name": "CoreyG",
      "stroke": "Back",
      "age": "7-8",
      "gender": "Boys",
      "date": "2006-07-15",
      "time": "21.61",
      "place": "3",
      "team": "Otters",
      "yards": 0,
      "meet": "043",
      "opponent": "Champs"
    },
    {
      "name": "CoreyG",
      "stroke": "Freestyle",
      "age": "7-8",
      "gender": "Boys",
      "date": "2006-07-15",
      "time": "17.56",
      "place": "6",
      "team": "Otters",
      "yards": 0,
      "meet": "043",
      "opponent": "Champs"
    },
    {
      "name": "CoreyG",
      "stroke": "Butterfly",
      "age": "9-10",
      "gender": "Boys",
      "date": "2007-06-009",
      "time": "18.47",
      "place": "3",
      "team": "Otters",
      "yards": 0,
      "meet": "045",
      "opponent": "Pinehurst"
    },
    {
      "name": "CoreyG",
      "stroke": "Back",
      "age": "9-10",
      "gender": "Boys",
      "date": "2007-06-009",
      "time": "20.13",
      "place": "2",
      "team": "Otters",
      "yards": 0,
      "meet": "045",
      "opponent": "Pinehurst"
    },
    {
      "name": "CoreyG",
      "stroke": "Freestyle",
      "age": "9-10",
      "gender": "Boys",
      "date": "2007-06-009",
      "time": "16.19",
      "place": "3",
      "team": "Otters",
      "yards": 0,
      "meet": "045",
      "opponent": "Pinehurst"
    },
    {
      "name": "CoreyG",
      "stroke": "Butterfly",
      "age": "9-10",
      "gender": "Boys",
      "date": "2007-06-16",
      "time": "18.17",
      "place": "2",
      "team": "Otters",
      "yards": 0,
      "meet": "046",
      "opponent": "Crossgates"
    },
    {
      "name": "CoreyG",
      "stroke": "Back",
      "age": "9-10",
      "gender": "Boys",
      "date": "2007-06-16",
      "time": "20.34",
      "place": "4",
      "team": "Otters",
      "yards": 0,
      "meet": "046",
      "opponent": "Crossgates"
    },
    {
      "name": "CoreyG",
      "stroke": "Freestyle",
      "age": "9-10",
      "gender": "Boys",
      "date": "2007-06-16",
      "time": "16.03",
      "place": "4",
      "team": "Otters",
      "yards": 0,
      "meet": "046",
      "opponent": "Crossgates"
    },
    {
      "name": "CoreyG",
      "stroke": "Butterfly",
      "age": "9-10",
      "gender": "Boys",
      "date": "2007-06-23",
      "time": "18.87",
      "place": "3",
      "team": "Otters",
      "yards": 0,
      "meet": "047",
      "opponent": "Almaden"
    },
    {
      "name": "CoreyG",
      "stroke": "Back",
      "age": "9-10",
      "gender": "Boys",
      "date": "2007-06-23",
      "time": "21.45",
      "place": "2",
      "team": "Otters",
      "yards": 0,
      "meet": "047",
      "opponent": "Almaden"
    },
    {
      "name": "CoreyG",
      "stroke": "Freestyle",
      "age": "9-10",
      "gender": "Boys",
      "date": "2007-06-23",
      "time": "16.77",
      "place": "4",
      "team": "Otters",
      "yards": 0,
      "meet": "047",
      "opponent": "Almaden"
    },
    {
      "name": "CoreyG",
      "stroke": "Back",
      "age": "9-10",
      "gender": "Boys",
      "date": "2007-06-30",
      "time": "19.56",
      "place": "1",
      "team": "Otters",
      "yards": 0,
      "meet": "048",
      "opponent": "Creekside"
    },
    {
      "name": "CoreyG",
      "stroke": "Breast",
      "age": "9-10",
      "gender": "Boys",
      "date": "2007-06-30",
      "time": "24.41",
      "place": "5",
      "team": "Otters",
      "yards": 0,
      "meet": "048",
      "opponent": "Creekside"
    },
    {
      "name": "CoreyG",
      "stroke": "Freestyle",
      "age": "9-10",
      "gender": "Boys",
      "date": "2007-06-30",
      "time": "15.71",
      "place": "2",
      "team": "Otters",
      "yards": 0,
      "meet": "048",
      "opponent": "Creekside"
    },
    {
      "name": "CoreyG",
      "stroke": "Butterfly",
      "age": "9-10",
      "gender": "Boys",
      "date": "2007-07-007",
      "time": "19.03",
      "place": "2",
      "team": "Otters",
      "yards": 0,
      "meet": "049",
      "opponent": "Shadowbrook"
    },
    {
      "name": "CoreyG",
      "stroke": "Back",
      "age": "9-10",
      "gender": "Boys",
      "date": "2007-07-007",
      "time": "20.53",
      "place": "1",
      "team": "Otters",
      "yards": 0,
      "meet": "049",
      "opponent": "Shadowbrook"
    },
    {
      "name": "CoreyG",
      "stroke": "Freestyle",
      "age": "9-10",
      "gender": "Boys",
      "date": "2007-07-007",
      "time": "15.67",
      "place": "2",
      "team": "Otters",
      "yards": 0,
      "meet": "049",
      "opponent": "Shadowbrook"
    },
    {
      "name": "CoreyG",
      "stroke": "Butterfly",
      "age": "9-10",
      "gender": "Boys",
      "date": "2007-07-14",
      "time": "17.79",
      "place": "7",
      "team": "Otters",
      "yards": 0,
      "meet": "050",
      "opponent": "Champs"
    },
    {
      "name": "CoreyG",
      "stroke": "Back",
      "age": "9-10",
      "gender": "Boys",
      "date": "2007-07-14",
      "time": "20.27",
      "place": "8",
      "team": "Otters",
      "yards": 0,
      "meet": "050",
      "opponent": "Champs"
    },
    {
      "name": "CoreyG",
      "stroke": "Freestyle",
      "age": "9-10",
      "gender": "Boys",
      "date": "2007-07-14",
      "time": "15.35",
      "place": "7",
      "team": "Otters",
      "yards": 0,
      "meet": "050",
      "opponent": "Champs"
    },
    {
      "name": "CoreyG",
      "stroke": "Butterfly",
      "age": "9-10",
      "gender": "Boys",
      "date": "2008-05-31",
      "time": "17.72",
      "place": "2",
      "team": "Otters",
      "yards": 0,
      "meet": "051",
      "opponent": "Trials"
    },
    {
      "name": "CoreyG",
      "stroke": "Back",
      "age": "9-10",
      "gender": "Boys",
      "date": "2008-05-31",
      "time": "20.94",
      "place": "2",
      "team": "Otters",
      "yards": 0,
      "meet": "051",
      "opponent": "Trials"
    },
    {
      "name": "CoreyG",
      "stroke": "Breast",
      "age": "9-10",
      "gender": "Boys",
      "date": "2008-05-31",
      "time": "22.55",
      "place": "3",
      "team": "Otters",
      "yards": 0,
      "meet": "051",
      "opponent": "Trials"
    },
    {
      "name": "CoreyG",
      "stroke": "Freestyle",
      "age": "9-10",
      "gender": "Boys",
      "date": "2008-05-31",
      "time": "14.93",
      "place": "1",
      "team": "Otters",
      "yards": 0,
      "meet": "051",
      "opponent": "Trials"
    },
    {
      "name": "CoreyG",
      "stroke": "Butterfly",
      "age": "9-10",
      "gender": "Boys",
      "date": "2008-06-007",
      "time": "18.49",
      "place": "2",
      "team": "Otters",
      "yards": 0,
      "meet": "052",
      "opponent": "Shadowbrook"
    },
    {
      "name": "CoreyG",
      "stroke": "Back",
      "age": "9-10",
      "gender": "Boys",
      "date": "2008-06-007",
      "time": "19.62",
      "place": "1",
      "team": "Otters",
      "yards": 0,
      "meet": "052",
      "opponent": "Shadowbrook"
    },
    {
      "name": "CoreyG",
      "stroke": "Freestyle",
      "age": "9-10",
      "gender": "Boys",
      "date": "2008-06-007",
      "time": "14.54",
      "place": "1",
      "team": "Otters",
      "yards": 0,
      "meet": "052",
      "opponent": "Shadowbrook"
    },
    {
      "name": "CoreyG",
      "stroke": "Butterfly",
      "age": "9-10",
      "gender": "Boys",
      "date": "2008-06-14",
      "time": "18.33",
      "place": "3",
      "team": "Otters",
      "yards": 0,
      "meet": "053",
      "opponent": "Pinehurst"
    },
    {
      "name": "CoreyG",
      "stroke": "Breast",
      "age": "9-10",
      "gender": "Boys",
      "date": "2008-06-14",
      "time": "22.97",
      "place": "4",
      "team": "Otters",
      "yards": 0,
      "meet": "053",
      "opponent": "Pinehurst"
    },
    {
      "name": "CoreyG",
      "stroke": "Freestyle",
      "age": "9-10",
      "gender": "Boys",
      "date": "2008-06-14",
      "time": "14.79",
      "place": "2",
      "team": "Otters",
      "yards": 0,
      "meet": "053",
      "opponent": "Pinehurst"
    },
    {
      "name": "CoreyG",
      "stroke": "Butterfly",
      "age": "9-10",
      "gender": "Boys",
      "date": "2008-06-21",
      "time": "17.49",
      "place": "1",
      "team": "Otters",
      "yards": 0,
      "meet": "054",
      "opponent": "Crossgates"
    },
    {
      "name": "CoreyG",
      "stroke": "Back",
      "age": "9-10",
      "gender": "Boys",
      "date": "2008-06-21",
      "time": "18.85",
      "place": "1",
      "team": "Otters",
      "yards": 0,
      "meet": "054",
      "opponent": "Crossgates"
    },
    {
      "name": "CoreyG",
      "stroke": "Freestyle",
      "age": "9-10",
      "gender": "Boys",
      "date": "2008-06-21",
      "time": "14.70",
      "place": "1",
      "team": "Otters",
      "yards": 0,
      "meet": "054",
      "opponent": "Crossgates"
    },
    {
      "name": "CoreyG",
      "stroke": "Butterfly",
      "age": "9-10",
      "gender": "Boys",
      "date": "2008-06-28",
      "time": "17.81",
      "place": "2",
      "team": "Otters",
      "yards": 0,
      "meet": "055",
      "opponent": "Almaden"
    },
    {
      "name": "CoreyG",
      "stroke": "Back",
      "age": "9-10",
      "gender": "Boys",
      "date": "2008-06-28",
      "time": "18.66",
      "place": "1",
      "team": "Otters",
      "yards": 0,
      "meet": "055",
      "opponent": "Almaden"
    },
    {
      "name": "CoreyG",
      "stroke": "Freestyle",
      "age": "9-10",
      "gender": "Boys",
      "date": "2008-06-28",
      "time": "14.43",
      "place": "1",
      "team": "Otters",
      "yards": 0,
      "meet": "055",
      "opponent": "Almaden"
    },
    {
      "name": "CoreyG",
      "stroke": "Butterfly",
      "age": "9-10",
      "gender": "Boys",
      "date": "2008-07-12",
      "time": "16.72",
      "place": "1",
      "team": "Otters",
      "yards": 0,
      "meet": "056",
      "opponent": "Creekside"
    },
    {
      "name": "CoreyG",
      "stroke": "Back",
      "age": "9-10",
      "gender": "Boys",
      "date": "2008-07-12",
      "time": "18.69",
      "place": "2",
      "team": "Otters",
      "yards": 0,
      "meet": "056",
      "opponent": "Creekside"
    },
    {
      "name": "CoreyG",
      "stroke": "Freestyle",
      "age": "9-10",
      "gender": "Boys",
      "date": "2008-07-12",
      "time": "14.44",
      "place": "1",
      "team": "Otters",
      "yards": 0,
      "meet": "056",
      "opponent": "Creekside"
    },
    {
      "name": "CoreyG",
      "stroke": "Butterfly",
      "age": "9-10",
      "gender": "Boys",
      "date": "2008-07-19",
      "time": "16.85",
      "place": "3",
      "team": "Otters",
      "yards": 0,
      "meet": "057",
      "opponent": "Champs"
    },
    {
      "name": "CoreyG",
      "stroke": "Back",
      "age": "9-10",
      "gender": "Boys",
      "date": "2008-07-19",
      "time": "18.83",
      "place": "3",
      "team": "Otters",
      "yards": 0,
      "meet": "057",
      "opponent": "Champs"
    },
    {
      "name": "CoreyG",
      "stroke": "Freestyle",
      "age": "9-10",
      "gender": "Boys",
      "date": "2008-07-19",
      "time": "14.53",
      "place": "1",
      "team": "Otters",
      "yards": 0,
      "meet": "057",
      "opponent": "Champs"
    },
    {
      "name": "CoreyG",
      "stroke": "Butterfly",
      "age": "11-12",
      "gender": "Boys",
      "date": "2009-05-30",
      "time": "36.17",
      "place": "2",
      "team": "Otters",
      "yards": 0,
      "meet": "058",
      "opponent": "Trials"
    },
    {
      "name": "CoreyG",
      "stroke": "Back",
      "age": "11-12",
      "gender": "Boys",
      "date": "2009-05-30",
      "time": "38.41",
      "place": "1",
      "team": "Otters",
      "yards": 0,
      "meet": "058",
      "opponent": "Trials"
    },
    {
      "name": "CoreyG",
      "stroke": "Breast",
      "age": "11-12",
      "gender": "Boys",
      "date": "2009-05-30",
      "time": "46.84",
      "place": "5",
      "team": "Otters",
      "yards": 0,
      "meet": "058",
      "opponent": "Trials"
    },
    {
      "name": "CoreyG",
      "stroke": "Freestyle",
      "age": "11-12",
      "gender": "Boys",
      "date": "2009-05-30",
      "time": "30.09",
      "place": "2",
      "team": "Otters",
      "yards": 0,
      "meet": "058",
      "opponent": "Trials"
    },
    {
      "name": "CoreyG",
      "stroke": "Butterfly",
      "age": "11-12",
      "gender": "Boys",
      "date": "2009-06-006",
      "time": "36.32",
      "place": "2",
      "team": "Otters",
      "yards": 0,
      "meet": "059",
      "opponent": "Creekside"
    },
    {
      "name": "CoreyG",
      "stroke": "Back",
      "age": "11-12",
      "gender": "Boys",
      "date": "2009-06-006",
      "time": "36.59",
      "place": "2",
      "team": "Otters",
      "yards": 0,
      "meet": "059",
      "opponent": "Creekside"
    },
    {
      "name": "CoreyG",
      "stroke": "Freestyle",
      "age": "11-12",
      "gender": "Boys",
      "date": "2009-06-006",
      "time": "29.97",
      "place": "1",
      "team": "Otters",
      "yards": 0,
      "meet": "059",
      "opponent": "Creekside"
    },
    {
      "name": "CoreyG",
      "stroke": "Back",
      "age": "11-12",
      "gender": "Boys",
      "date": "2009-06-13",
      "time": "36.61",
      "place": "1",
      "team": "Otters",
      "yards": 0,
      "meet": "060",
      "opponent": "Shadowbrook"
    },
    {
      "name": "CoreyG",
      "stroke": "Breast",
      "age": "11-12",
      "gender": "Boys",
      "date": "2009-06-13",
      "time": "44.46",
      "place": "4",
      "team": "Otters",
      "yards": 0,
      "meet": "060",
      "opponent": "Shadowbrook"
    },
    {
      "name": "CoreyG",
      "stroke": "Freestyle",
      "age": "11-12",
      "gender": "Boys",
      "date": "2009-06-13",
      "time": "29.83",
      "place": "1",
      "team": "Otters",
      "yards": 0,
      "meet": "060",
      "opponent": "Shadowbrook"
    },
    {
      "name": "CoreyG",
      "stroke": "Butterfly",
      "age": "11-12",
      "gender": "Boys",
      "date": "2009-06-20",
      "time": "37.84",
      "place": "2",
      "team": "Otters",
      "yards": 0,
      "meet": "061",
      "opponent": "Pinehurst"
    },
    {
      "name": "CoreyG",
      "stroke": "Freestyle",
      "age": "11-12",
      "gender": "Boys",
      "date": "2009-06-20",
      "time": "30.11",
      "place": "2",
      "team": "Otters",
      "yards": 0,
      "meet": "061",
      "opponent": "Pinehurst"
    },
    {
      "name": "CoreyG",
      "stroke": "Back",
      "age": "11-12",
      "gender": "Boys",
      "date": "2009-06-27",
      "time": "35.84",
      "place": "1",
      "team": "Otters",
      "yards": 0,
      "meet": "062",
      "opponent": "Crossgates"
    },
    {
      "name": "CoreyG",
      "stroke": "Breast",
      "age": "11-12",
      "gender": "Boys",
      "date": "2009-06-27",
      "time": "44.62",
      "place": "3",
      "team": "Otters",
      "yards": 0,
      "meet": "062",
      "opponent": "Crossgates"
    },
    {
      "name": "CoreyG",
      "stroke": "Freestyle",
      "age": "11-12",
      "gender": "Boys",
      "date": "2009-06-27",
      "time": "29.63",
      "place": "2",
      "team": "Otters",
      "yards": 0,
      "meet": "062",
      "opponent": "Crossgates"
    },
    {
      "name": "CoreyG",
      "stroke": "Butterfly",
      "age": "11-12",
      "gender": "Boys",
      "date": "2009-07-11",
      "time": "35.34",
      "place": "3",
      "team": "Otters",
      "yards": 0,
      "meet": "063",
      "opponent": "Almaden"
    },
    {
      "name": "CoreyG",
      "stroke": "Back",
      "age": "11-12",
      "gender": "Boys",
      "date": "2009-07-11",
      "time": "35.23",
      "place": "2",
      "team": "Otters",
      "yards": 0,
      "meet": "063",
      "opponent": "Almaden"
    },
    {
      "name": "CoreyG",
      "stroke": "Freestyle",
      "age": "11-12",
      "gender": "Boys",
      "date": "2009-07-11",
      "time": "29.19",
      "place": "3",
      "team": "Otters",
      "yards": 0,
      "meet": "063",
      "opponent": "Almaden"
    },
    {
      "name": "CoreyG",
      "stroke": "Butterfly",
      "age": "11-12",
      "gender": "Boys",
      "date": "2009-07-18",
      "time": "34.53",
      "place": "5",
      "team": "Otters",
      "yards": 0,
      "meet": "064",
      "opponent": "Champs"
    },
    {
      "name": "CoreyG",
      "stroke": "Back",
      "age": "11-12",
      "gender": "Boys",
      "date": "2009-07-18",
      "time": "36.12",
      "place": "4",
      "team": "Otters",
      "yards": 0,
      "meet": "064",
      "opponent": "Champs"
    },
    {
      "name": "CoreyG",
      "stroke": "Freestyle",
      "age": "11-12",
      "gender": "Boys",
      "date": "2009-07-18",
      "time": "29.31",
      "place": "5",
      "team": "Otters",
      "yards": 0,
      "meet": "064",
      "opponent": "Champs"
    },
    {
      "name": "CoreyG",
      "stroke": "Butterfly",
      "age": "11-12",
      "gender": "Boys",
      "date": "2010-05-22",
      "time": "34.21",
      "place": "2",
      "team": "Otters",
      "yards": 0,
      "meet": "065",
      "opponent": "Trials"
    },
    {
      "name": "CoreyG",
      "stroke": "Back",
      "age": "11-12",
      "gender": "Boys",
      "date": "2010-05-22",
      "time": "36.17",
      "place": "1",
      "team": "Otters",
      "yards": 0,
      "meet": "065",
      "opponent": "Trials"
    },
    {
      "name": "CoreyG",
      "stroke": "Breast",
      "age": "11-12",
      "gender": "Boys",
      "date": "2010-05-22",
      "time": "42.42",
      "place": "2",
      "team": "Otters",
      "yards": 0,
      "meet": "065",
      "opponent": "Trials"
    },
    {
      "name": "CoreyG",
      "stroke": "Freestyle",
      "age": "11-12",
      "gender": "Boys",
      "date": "2010-05-22",
      "time": "28.49",
      "place": "1",
      "team": "Otters",
      "yards": 0,
      "meet": "065",
      "opponent": "Trials"
    },
    {
      "name": "CoreyG",
      "stroke": "Butterfly",
      "age": "11-12",
      "gender": "Boys",
      "date": "2010-06-005",
      "time": "DQ",
      "place": "--",
      "team": "Otters",
      "yards": 0,
      "meet": "066",
      "opponent": "Almaden"
    },
    {
      "name": "CoreyG",
      "stroke": "Back",
      "age": "11-12",
      "gender": "Boys",
      "date": "2010-06-005",
      "time": "35.81",
      "place": "2",
      "team": "Otters",
      "yards": 0,
      "meet": "066",
      "opponent": "Almaden"
    },
    {
      "name": "CoreyG",
      "stroke": "Freestyle",
      "age": "11-12",
      "gender": "Boys",
      "date": "2010-06-005",
      "time": "28.50",
      "place": "1",
      "team": "Otters",
      "yards": 0,
      "meet": "066",
      "opponent": "Almaden"
    },
    {
      "name": "CoreyG",
      "stroke": "Butterfly",
      "age": "11-12",
      "gender": "Boys",
      "date": "2010-06-12",
      "time": "33.19",
      "place": "2",
      "team": "Otters",
      "yards": 0,
      "meet": "067",
      "opponent": "Creekside"
    },
    {
      "name": "CoreyG",
      "stroke": "Breast",
      "age": "11-12",
      "gender": "Boys",
      "date": "2010-06-12",
      "time": "39.88",
      "place": "1",
      "team": "Otters",
      "yards": 0,
      "meet": "067",
      "opponent": "Creekside"
    },
    {
      "name": "CoreyG",
      "stroke": "Freestyle",
      "age": "11-12",
      "gender": "Boys",
      "date": "2010-06-12",
      "time": "28.83",
      "place": "1",
      "team": "Otters",
      "yards": 0,
      "meet": "067",
      "opponent": "Creekside"
    },
    {
      "name": "CoreyG",
      "stroke": "Butterfly",
      "age": "11-12",
      "gender": "Boys",
      "date": "2010-06-19",
      "time": "33.63",
      "place": "2",
      "team": "Otters",
      "yards": 0,
      "meet": "068",
      "opponent": "Shadowbrook"
    },
    {
      "name": "CoreyG",
      "stroke": "Back",
      "age": "11-12",
      "gender": "Boys",
      "date": "2010-06-19",
      "time": "34.67",
      "place": "1",
      "team": "Otters",
      "yards": 0,
      "meet": "068",
      "opponent": "Shadowbrook"
    },
    {
      "name": "CoreyG",
      "stroke": "Freestyle",
      "age": "11-12",
      "gender": "Boys",
      "date": "2010-06-19",
      "time": "28.84",
      "place": "2",
      "team": "Otters",
      "yards": 0,
      "meet": "068",
      "opponent": "Shadowbrook"
    },
    {
      "name": "CoreyG",
      "stroke": "Butterfly",
      "age": "11-12",
      "gender": "Boys",
      "date": "2010-06-26",
      "time": "34.27",
      "place": "4",
      "team": "Otters",
      "yards": 0,
      "meet": "069",
      "opponent": "Pinehurst"
    },
    {
      "name": "CoreyG",
      "stroke": "Back",
      "age": "11-12",
      "gender": "Boys",
      "date": "2010-06-26",
      "time": "33.92",
      "place": "2",
      "team": "Otters",
      "yards": 0,
      "meet": "069",
      "opponent": "Pinehurst"
    },
    {
      "name": "CoreyG",
      "stroke": "Freestyle",
      "age": "11-12",
      "gender": "Boys",
      "date": "2010-06-26",
      "time": "27.27",
      "place": "2",
      "team": "Otters",
      "yards": 0,
      "meet": "069",
      "opponent": "Pinehurst"
    },
    {
      "name": "CoreyG",
      "stroke": "Butterfly",
      "age": "11-12",
      "gender": "Boys",
      "date": "2010-07-10",
      "time": "33.35",
      "place": "2",
      "team": "Otters",
      "yards": 0,
      "meet": "070",
      "opponent": "Crossgates"
    },
    {
      "name": "CoreyG",
      "stroke": "Back",
      "age": "11-12",
      "gender": "Boys",
      "date": "2010-07-10",
      "time": "34.44",
      "place": "1",
      "team": "Otters",
      "yards": 0,
      "meet": "070",
      "opponent": "Crossgates"
    },
    {
      "name": "CoreyG",
      "stroke": "Freestyle",
      "age": "11-12",
      "gender": "Boys",
      "date": "2010-07-10",
      "time": "27.85",
      "place": "1",
      "team": "Otters",
      "yards": 0,
      "meet": "070",
      "opponent": "Crossgates"
    },
    {
      "name": "CoreyG",
      "stroke": "Butterfly",
      "age": "11-12",
      "gender": "Boys",
      "date": "2010-07-17",
      "time": "32.62",
      "place": "3",
      "team": "Otters",
      "yards": 0,
      "meet": "071",
      "opponent": "Champs"
    },
    {
      "name": "CoreyG",
      "stroke": "Back",
      "age": "11-12",
      "gender": "Boys",
      "date": "2010-07-17",
      "time": "34.33",
      "place": "2",
      "team": "Otters",
      "yards": 0,
      "meet": "071",
      "opponent": "Champs"
    },
    {
      "name": "CoreyG",
      "stroke": "Freestyle",
      "age": "11-12",
      "gender": "Boys",
      "date": "2010-07-17",
      "time": "27.16",
      "place": "2",
      "team": "Otters",
      "yards": 0,
      "meet": "071",
      "opponent": "Champs"
    },
    {
      "name": "CoreyG",
      "stroke": "Butterfly",
      "age": "13-14",
      "gender": "Boys",
      "date": "2011-05-21",
      "time": "31.95",
      "place": "5",
      "team": "Otters",
      "yards": 0,
      "meet": "072",
      "opponent": "Trials"
    },
    {
      "name": "CoreyG",
      "stroke": "Back",
      "age": "13-14",
      "gender": "Boys",
      "date": "2011-05-21",
      "time": "33.09",
      "place": "2",
      "team": "Otters",
      "yards": 0,
      "meet": "072",
      "opponent": "Trials"
    },
    {
      "name": "CoreyG",
      "stroke": "Butterfly",
      "age": "13-14",
      "gender": "Boys",
      "date": "2011-06-004",
      "time": "32.80",
      "place": "4",
      "team": "Otters",
      "yards": 0,
      "meet": "073",
      "opponent": "Crossgates"
    },
    {
      "name": "CoreyG",
      "stroke": "Back",
      "age": "13-14",
      "gender": "Boys",
      "date": "2011-06-004",
      "time": "32.86",
      "place": "3",
      "team": "Otters",
      "yards": 0,
      "meet": "073",
      "opponent": "Crossgates"
    },
    {
      "name": "CoreyG",
      "stroke": "Freestyle",
      "age": "13-14",
      "gender": "Boys",
      "date": "2011-06-004",
      "time": "27.33",
      "place": "4",
      "team": "Otters",
      "yards": 0,
      "meet": "073",
      "opponent": "Crossgates"
    },
    {
      "name": "CoreyG",
      "stroke": "Butterfly",
      "age": "13-14",
      "gender": "Boys",
      "date": "2011-06-11",
      "time": "31.75",
      "place": "6",
      "team": "Otters",
      "yards": 0,
      "meet": "074",
      "opponent": "Almaden"
    },
    {
      "name": "CoreyG",
      "stroke": "Back",
      "age": "13-14",
      "gender": "Boys",
      "date": "2011-06-11",
      "time": "32.27",
      "place": "5",
      "team": "Otters",
      "yards": 0,
      "meet": "074",
      "opponent": "Almaden"
    },
    {
      "name": "CoreyG",
      "stroke": "Freestyle",
      "age": "13-14",
      "gender": "Boys",
      "date": "2011-06-11",
      "time": "27.03",
      "place": "8",
      "team": "Otters",
      "yards": 0,
      "meet": "074",
      "opponent": "Almaden"
    },
    {
      "name": "CoreyG",
      "stroke": "Butterfly",
      "age": "13-14",
      "gender": "Boys",
      "date": "2011-06-18",
      "time": "31.46",
      "place": "5",
      "team": "Otters",
      "yards": 0,
      "meet": "075",
      "opponent": "Creekside"
    },
    {
      "name": "CoreyG",
      "stroke": "Back",
      "age": "13-14",
      "gender": "Boys",
      "date": "2011-06-18",
      "time": "33.00",
      "place": "2",
      "team": "Otters",
      "yards": 0,
      "meet": "075",
      "opponent": "Creekside"
    },
    {
      "name": "CoreyG",
      "stroke": "Freestyle",
      "age": "13-14",
      "gender": "Boys",
      "date": "2011-06-18",
      "time": "27.07",
      "place": "6",
      "team": "Otters",
      "yards": 0,
      "meet": "075",
      "opponent": "Creekside"
    },
    {
      "name": "CoreyG",
      "stroke": "Back",
      "age": "13-14",
      "gender": "Boys",
      "date": "2011-06-25",
      "time": "DQ",
      "place": "--",
      "team": "Otters",
      "yards": 0,
      "meet": "076",
      "opponent": "Shadowbrook"
    },
    {
      "name": "CoreyG",
      "stroke": "Freestyle",
      "age": "13-14",
      "gender": "Boys",
      "date": "2011-06-25",
      "time": "26.34",
      "place": "3",
      "team": "Otters",
      "yards": 0,
      "meet": "076",
      "opponent": "Shadowbrook"
    },
    {
      "name": "CoreyG",
      "stroke": "Butterfly",
      "age": "13-14",
      "gender": "Boys",
      "date": "2011-07-009",
      "time": "31.24",
      "place": "7",
      "team": "Otters",
      "yards": 0,
      "meet": "077",
      "opponent": "Pinehurst"
    },
    {
      "name": "CoreyG",
      "stroke": "Back",
      "age": "13-14",
      "gender": "Boys",
      "date": "2011-07-009",
      "time": "32.97",
      "place": "2",
      "team": "Otters",
      "yards": 0,
      "meet": "077",
      "opponent": "Pinehurst"
    },
    {
      "name": "CoreyG",
      "stroke": "Freestyle",
      "age": "13-14",
      "gender": "Boys",
      "date": "2011-07-009",
      "time": "26.37",
      "place": "7",
      "team": "Otters",
      "yards": 0,
      "meet": "077",
      "opponent": "Pinehurst"
    },
    {
      "name": "CoreyG",
      "stroke": "Butterfly",
      "age": "13-14",
      "gender": "Boys",
      "date": "2011-07-16",
      "time": "30.60",
      "place": "12",
      "team": "Otters",
      "yards": 0,
      "meet": "078",
      "opponent": "Champs"
    },
    {
      "name": "CoreyG",
      "stroke": "Back",
      "age": "13-14",
      "gender": "Boys",
      "date": "2011-07-16",
      "time": "32.82",
      "place": "7",
      "team": "Otters",
      "yards": 0,
      "meet": "078",
      "opponent": "Champs"
    },
    {
      "name": "CoreyG",
      "stroke": "Freestyle",
      "age": "13-14",
      "gender": "Boys",
      "date": "2011-07-16",
      "time": "26.17",
      "place": "13",
      "team": "Otters",
      "yards": 0,
      "meet": "078",
      "opponent": "Champs"
    },
    {
      "name": "CoreyG",
      "stroke": "Back",
      "age": "13-14",
      "gender": "Boys",
      "date": "2012-06-002",
      "time": "34.46",
      "place": "5",
      "team": "Otters",
      "yards": 0,
      "meet": "080",
      "opponent": "Pinehurst"
    },
    {
      "name": "CoreyG",
      "stroke": "Breast",
      "age": "13-14",
      "gender": "Boys",
      "date": "2012-06-002",
      "time": "36.83",
      "place": "3",
      "team": "Otters",
      "yards": 0,
      "meet": "080",
      "opponent": "Pinehurst"
    },
    {
      "name": "CoreyG",
      "stroke": "Freestyle",
      "age": "13-14",
      "gender": "Boys",
      "date": "2012-06-002",
      "time": "26.19",
      "place": "5",
      "team": "Otters",
      "yards": 0,
      "meet": "080",
      "opponent": "Pinehurst"
    },
    {
      "name": "CoreyG",
      "stroke": "Back",
      "age": "13-14",
      "gender": "Boys",
      "date": "2012-06-009",
      "time": "31.72",
      "place": "1",
      "team": "Otters",
      "yards": 0,
      "meet": "081",
      "opponent": "Crossgates"
    },
    {
      "name": "CoreyG",
      "stroke": "Breast",
      "age": "13-14",
      "gender": "Boys",
      "date": "2012-06-009",
      "time": "36.09",
      "place": "2",
      "team": "Otters",
      "yards": 0,
      "meet": "081",
      "opponent": "Crossgates"
    },
    {
      "name": "CoreyG",
      "stroke": "Freestyle",
      "age": "13-14",
      "gender": "Boys",
      "date": "2012-06-009",
      "time": "26.09",
      "place": "3",
      "team": "Otters",
      "yards": 0,
      "meet": "081",
      "opponent": "Crossgates"
    },
    {
      "name": "CoreyG",
      "stroke": "Back",
      "age": "13-14",
      "gender": "Boys",
      "date": "2012-06-16",
      "time": "32.03",
      "place": "1",
      "team": "Otters",
      "yards": 0,
      "meet": "082",
      "opponent": "Almaden"
    },
    {
      "name": "CoreyG",
      "stroke": "Breast",
      "age": "13-14",
      "gender": "Boys",
      "date": "2012-06-16",
      "time": "36.84",
      "place": "5",
      "team": "Otters",
      "yards": 0,
      "meet": "082",
      "opponent": "Almaden"
    },
    {
      "name": "CoreyG",
      "stroke": "Freestyle",
      "age": "13-14",
      "gender": "Boys",
      "date": "2012-06-16",
      "time": "25.73",
      "place": "3",
      "team": "Otters",
      "yards": 0,
      "meet": "082",
      "opponent": "Almaden"
    },
    {
      "name": "CoreyG",
      "stroke": "Butterfly",
      "age": "13-14",
      "gender": "Boys",
      "date": "2012-06-23",
      "time": "31.39",
      "place": "4",
      "team": "Otters",
      "yards": 0,
      "meet": "083",
      "opponent": "Creekside"
    },
    {
      "name": "CoreyG",
      "stroke": "Back",
      "age": "13-14",
      "gender": "Boys",
      "date": "2012-06-23",
      "time": "33.11",
      "place": "3",
      "team": "Otters",
      "yards": 0,
      "meet": "083",
      "opponent": "Creekside"
    },
    {
      "name": "CoreyG",
      "stroke": "Breast",
      "age": "13-14",
      "gender": "Boys",
      "date": "2012-06-23",
      "time": "36.81",
      "place": "4",
      "team": "Otters",
      "yards": 0,
      "meet": "083",
      "opponent": "Creekside"
    },
    {
      "name": "CoreyG",
      "stroke": "Back",
      "age": "13-14",
      "gender": "Boys",
      "date": "2012-06-30",
      "time": "31.64",
      "place": "3",
      "team": "Otters",
      "yards": 0,
      "meet": "084",
      "opponent": "Shadowbrook"
    },
    {
      "name": "CoreyG",
      "stroke": "Breast",
      "age": "13-14",
      "gender": "Boys",
      "date": "2012-06-30",
      "time": "36.57",
      "place": "3",
      "team": "Otters",
      "yards": 0,
      "meet": "084",
      "opponent": "Shadowbrook"
    },
    {
      "name": "CoreyG",
      "stroke": "Freestyle",
      "age": "13-14",
      "gender": "Boys",
      "date": "2012-06-30",
      "time": "26.02",
      "place": "5",
      "team": "Otters",
      "yards": 0,
      "meet": "084",
      "opponent": "Shadowbrook"
    },
    {
      "name": "CoreyG",
      "stroke": "Back",
      "age": "13-14",
      "gender": "Boys",
      "date": "2012-07-14",
      "time": "31.12",
      "place": "3",
      "team": "Otters",
      "yards": 0,
      "meet": "085",
      "opponent": "Champs"
    },
    {
      "name": "CoreyG",
      "stroke": "Breast",
      "age": "13-14",
      "gender": "Boys",
      "date": "2012-07-14",
      "time": "36.38",
      "place": "7",
      "team": "Otters",
      "yards": 0,
      "meet": "085",
      "opponent": "Champs"
    },
    {
      "name": "CoreyG",
      "stroke": "Freestyle",
      "age": "13-14",
      "gender": "Boys",
      "date": "2012-07-14",
      "time": "25.96",
      "place": "9",
      "team": "Otters",
      "yards": 0,
      "meet": "085",
      "opponent": "Champs"
    },
    {
      "name": "CoreyG",
      "stroke": "Butterfly",
      "age": "15-18",
      "gender": "Boys",
      "date": "2013-05-18",
      "time": "31.13",
      "place": "7",
      "team": "Otters",
      "yards": 0,
      "meet": "086",
      "opponent": "Trials"
    },
    {
      "name": "CoreyG",
      "stroke": "Back",
      "age": "15-18",
      "gender": "Boys",
      "date": "2013-05-18",
      "time": "31.57",
      "place": "3",
      "team": "Otters",
      "yards": 0,
      "meet": "086",
      "opponent": "Trials"
    },
    {
      "name": "CoreyG",
      "stroke": "Breast",
      "age": "15-18",
      "gender": "Boys",
      "date": "2013-05-18",
      "time": "37.41",
      "place": "5",
      "team": "Otters",
      "yards": 0,
      "meet": "086",
      "opponent": "Trials"
    },
    {
      "name": "CoreyG",
      "stroke": "Butterfly",
      "age": "15-18",
      "gender": "Boys",
      "date": "2013-06-001",
      "time": "30.21",
      "place": "8",
      "team": "Otters",
      "yards": 0,
      "meet": "087",
      "opponent": "Shadowbrook"
    },
    {
      "name": "CoreyG",
      "stroke": "Back",
      "age": "15-18",
      "gender": "Boys",
      "date": "2013-06-001",
      "time": "31.93",
      "place": "7",
      "team": "Otters",
      "yards": 0,
      "meet": "087",
      "opponent": "Shadowbrook"
    },
    {
      "name": "CoreyG",
      "stroke": "Freestyle",
      "age": "15-18",
      "gender": "Boys",
      "date": "2013-06-001",
      "time": "25.72",
      "place": "7",
      "team": "Otters",
      "yards": 0,
      "meet": "087",
      "opponent": "Shadowbrook"
    },
    {
      "name": "CoreyG",
      "stroke": "Butterfly",
      "age": "15-18",
      "gender": "Boys",
      "date": "2013-06-008",
      "time": "30.13",
      "place": "10",
      "team": "Otters",
      "yards": 0,
      "meet": "088",
      "opponent": "Pinehurst"
    },
    {
      "name": "CoreyG",
      "stroke": "Back",
      "age": "15-18",
      "gender": "Boys",
      "date": "2013-06-008",
      "time": "31.89",
      "place": "4",
      "team": "Otters",
      "yards": 0,
      "meet": "088",
      "opponent": "Pinehurst"
    },
    {
      "name": "CoreyG",
      "stroke": "Freestyle",
      "age": "15-18",
      "gender": "Boys",
      "date": "2013-06-008",
      "time": "25.52",
      "place": "8",
      "team": "Otters",
      "yards": 0,
      "meet": "088",
      "opponent": "Pinehurst"
    },
    {
      "name": "CoreyG",
      "stroke": "Butterfly",
      "age": "15-18",
      "gender": "Boys",
      "date": "2013-06-15",
      "time": "30.49",
      "place": "12",
      "team": "Otters",
      "yards": 0,
      "meet": "089",
      "opponent": "Crossgates"
    },
    {
      "name": "CoreyG",
      "stroke": "Breast",
      "age": "15-18",
      "gender": "Boys",
      "date": "2013-06-15",
      "time": "37.24",
      "place": "5",
      "team": "Otters",
      "yards": 0,
      "meet": "089",
      "opponent": "Crossgates"
    },
    {
      "name": "CoreyG",
      "stroke": "Freestyle",
      "age": "15-18",
      "gender": "Boys",
      "date": "2013-06-15",
      "time": "26.07",
      "place": "5",
      "team": "Otters",
      "yards": 0,
      "meet": "089",
      "opponent": "Crossgates"
    },
    {
      "name": "CoreyG",
      "stroke": "Butterfly",
      "age": "15-18",
      "gender": "Boys",
      "date": "2013-06-22",
      "time": "31.94",
      "place": "15",
      "team": "Otters",
      "yards": 0,
      "meet": "090",
      "opponent": "Almaden"
    },
    {
      "name": "CoreyG",
      "stroke": "Back",
      "age": "15-18",
      "gender": "Boys",
      "date": "2013-06-22",
      "time": "32.53",
      "place": "8",
      "team": "Otters",
      "yards": 0,
      "meet": "090",
      "opponent": "Almaden"
    },
    {
      "name": "CoreyG",
      "stroke": "Freestyle",
      "age": "15-18",
      "gender": "Boys",
      "date": "2013-06-22",
      "time": "26.25",
      "place": "12",
      "team": "Otters",
      "yards": 0,
      "meet": "090",
      "opponent": "Almaden"
    },
    {
      "name": "CoreyG",
      "stroke": "Back",
      "age": "15-18",
      "gender": "Boys",
      "date": "2013-06-29",
      "time": "31.77",
      "place": "6",
      "team": "Otters",
      "yards": 0,
      "meet": "091",
      "opponent": "Creekside"
    },
    {
      "name": "CoreyG",
      "stroke": "Breast",
      "age": "15-18",
      "gender": "Boys",
      "date": "2013-06-29",
      "time": "36.52",
      "place": "9",
      "team": "Otters",
      "yards": 0,
      "meet": "091",
      "opponent": "Creekside"
    },
    {
      "name": "CoreyG",
      "stroke": "Freestyle",
      "age": "15-18",
      "gender": "Boys",
      "date": "2013-06-29",
      "time": "25.26",
      "place": "6",
      "team": "Otters",
      "yards": 0,
      "meet": "091",
      "opponent": "Creekside"
    },
    {
      "name": "CoreyG",
      "stroke": "Butterfly",
      "age": "15-18",
      "gender": "Boys",
      "date": "2013-07-13",
      "time": "29.80",
      "place": "29",
      "team": "Otters",
      "yards": 0,
      "meet": "092",
      "opponent": "Almaden"
    },
    {
      "name": "CoreyG",
      "stroke": "Back",
      "age": "15-18",
      "gender": "Boys",
      "date": "2013-07-13",
      "time": "31.41",
      "place": "12",
      "team": "Otters",
      "yards": 0,
      "meet": "092",
      "opponent": "Almaden"
    },
    {
      "name": "CoreyG",
      "stroke": "Freestyle",
      "age": "15-18",
      "gender": "Boys",
      "date": "2013-07-13",
      "time": "25.03",
      "place": "22",
      "team": "Otters",
      "yards": 0,
      "meet": "092",
      "opponent": "Almaden"
    }
  ]
}