{
  "scores": [
    {
      "name": "DaniaS",
      "stroke": "Butterfly",
      "age": "8 & Under",
      "gender": "Girls",
      "date": "2006-05-20",
      "time": "DQ",
      "place": "--",
      "team": "Otters",
      "yards": 0,
      "meet": "037",
      "opponent": "Trials"
    },
    {
      "name": "DaniaS",
      "stroke": "Back",
      "age": "7-8",
      "gender": "Girls",
      "date": "2006-05-20",
      "time": "47.91",
      "place": "22",
      "team": "Otters",
      "yards": 0,
      "meet": "037",
      "opponent": "Trials"
    },
    {
      "name": "DaniaS",
      "stroke": "Breast",
      "age": "8 & Under",
      "gender": "Girls",
      "date": "2006-05-20",
      "time": "39.03",
      "place": "16",
      "team": "Otters",
      "yards": 0,
      "meet": "037",
      "opponent": "Trials"
    },
    {
      "name": "DaniaS",
      "stroke": "Freestyle",
      "age": "7-8",
      "gender": "Girls",
      "date": "2006-05-20",
      "time": "40.31",
      "place": "23",
      "team": "Otters",
      "yards": 0,
      "meet": "037",
      "opponent": "Trials"
    },
    {
      "name": "DaniaS",
      "stroke": "Back",
      "age": "7-8",
      "gender": "Girls",
      "date": "2006-06-003",
      "time": "DQ",
      "place": "--",
      "team": "Otters",
      "yards": 0,
      "meet": "038",
      "opponent": "Crossgates"
    },
    {
      "name": "DaniaS",
      "stroke": "Breast",
      "age": "8 & Under",
      "gender": "Girls",
      "date": "2006-06-003",
      "time": "DQ",
      "place": "--",
      "team": "Otters",
      "yards": 0,
      "meet": "038",
      "opponent": "Crossgates"
    },
    {
      "name": "DaniaS",
      "stroke": "Back",
      "age": "7-8",
      "gender": "Girls",
      "date": "2006-06-10",
      "time": "37.53",
      "place": "15",
      "team": "Otters",
      "yards": 0,
      "meet": "039",
      "opponent": "Almaden"
    },
    {
      "name": "DaniaS",
      "stroke": "Breast",
      "age": "8 & Under",
      "gender": "Girls",
      "date": "2006-06-10",
      "time": "DQ",
      "place": "--",
      "team": "Otters",
      "yards": 0,
      "meet": "039",
      "opponent": "Almaden"
    },
    {
      "name": "DaniaS",
      "stroke": "Freestyle",
      "age": "7-8",
      "gender": "Girls",
      "date": "2006-06-10",
      "time": "35.29",
      "place": "15",
      "team": "Otters",
      "yards": 0,
      "meet": "039",
      "opponent": "Almaden"
    },
    {
      "name": "DaniaS",
      "stroke": "Butterfly",
      "age": "8 & Under",
      "gender": "Girls",
      "date": "2006-06-24",
      "time": "DQ",
      "place": "--",
      "team": "Otters",
      "yards": 0,
      "meet": "041",
      "opponent": "Shadowbrook"
    },
    {
      "name": "DaniaS",
      "stroke": "Back",
      "age": "7-8",
      "gender": "Girls",
      "date": "2006-06-24",
      "time": "38.04",
      "place": "15",
      "team": "Otters",
      "yards": 0,
      "meet": "041",
      "opponent": "Shadowbrook"
    },
    {
      "name": "DaniaS",
      "stroke": "Freestyle",
      "age": "7-8",
      "gender": "Girls",
      "date": "2006-06-24",
      "time": "36.43",
      "place": "19",
      "team": "Otters",
      "yards": 0,
      "meet": "041",
      "opponent": "Shadowbrook"
    },
    {
      "name": "DaniaS",
      "stroke": "Butterfly",
      "age": "8 & Under",
      "gender": "Girls",
      "date": "2006-07-008",
      "time": "38.16",
      "place": "9",
      "team": "Otters",
      "yards": 0,
      "meet": "042",
      "opponent": "Pinehurst"
    },
    {
      "name": "DaniaS",
      "stroke": "Back",
      "age": "7-8",
      "gender": "Girls",
      "date": "2006-07-008",
      "time": "40.28",
      "place": "21",
      "team": "Otters",
      "yards": 0,
      "meet": "042",
      "opponent": "Pinehurst"
    },
    {
      "name": "DaniaS",
      "stroke": "Freestyle",
      "age": "7-8",
      "gender": "Girls",
      "date": "2006-07-008",
      "time": "32.83",
      "place": "24",
      "team": "Otters",
      "yards": 0,
      "meet": "042",
      "opponent": "Pinehurst"
    }
  ]
}