{
  "scores": [
    {
      "name": "DanN",
      "stroke": "Butterfly",
      "age": "13-14",
      "gender": "Boys",
      "date": "2013-05-18",
      "time": "34.34",
      "place": "2",
      "team": "Otters",
      "yards": 0,
      "meet": "086",
      "opponent": "Trials"
    },
    {
      "name": "DanN",
      "stroke": "Back",
      "age": "13-14",
      "gender": "Boys",
      "date": "2013-05-18",
      "time": "38.87",
      "place": "2",
      "team": "Otters",
      "yards": 0,
      "meet": "086",
      "opponent": "Trials"
    },
    {
      "name": "DanN",
      "stroke": "Breast",
      "age": "13-14",
      "gender": "Boys",
      "date": "2013-05-18",
      "time": "36.72",
      "place": "1",
      "team": "Otters",
      "yards": 0,
      "meet": "086",
      "opponent": "Trials"
    },
    {
      "name": "DanN",
      "stroke": "Freestyle",
      "age": "13-14",
      "gender": "Boys",
      "date": "2013-05-18",
      "time": "30.35",
      "place": "2",
      "team": "Otters",
      "yards": 0,
      "meet": "086",
      "opponent": "Trials"
    },
    {
      "name": "DanN",
      "stroke": "Butterfly",
      "age": "13-14",
      "gender": "Boys",
      "date": "2013-06-001",
      "time": "35.55",
      "place": "8",
      "team": "Otters",
      "yards": 0,
      "meet": "087",
      "opponent": "Shadowbrook"
    },
    {
      "name": "DanN",
      "stroke": "Breast",
      "age": "13-14",
      "gender": "Boys",
      "date": "2013-06-001",
      "time": "36.91",
      "place": "3",
      "team": "Otters",
      "yards": 0,
      "meet": "087",
      "opponent": "Shadowbrook"
    },
    {
      "name": "DanN",
      "stroke": "Freestyle",
      "age": "13-14",
      "gender": "Boys",
      "date": "2013-06-001",
      "time": "29.70",
      "place": "8",
      "team": "Otters",
      "yards": 0,
      "meet": "087",
      "opponent": "Shadowbrook"
    },
    {
      "name": "DanN",
      "stroke": "Butterfly",
      "age": "13-14",
      "gender": "Boys",
      "date": "2013-06-008",
      "time": "35.57",
      "place": "5",
      "team": "Otters",
      "yards": 0,
      "meet": "088",
      "opponent": "Pinehurst"
    },
    {
      "name": "DanN",
      "stroke": "Breast",
      "age": "13-14",
      "gender": "Boys",
      "date": "2013-06-008",
      "time": "38.92",
      "place": "1",
      "team": "Otters",
      "yards": 0,
      "meet": "088",
      "opponent": "Pinehurst"
    },
    {
      "name": "DanN",
      "stroke": "Freestyle",
      "age": "13-14",
      "gender": "Boys",
      "date": "2013-06-008",
      "time": "29.96",
      "place": "7",
      "team": "Otters",
      "yards": 0,
      "meet": "088",
      "opponent": "Pinehurst"
    },
    {
      "name": "DanN",
      "stroke": "Butterfly",
      "age": "13-14",
      "gender": "Boys",
      "date": "2013-06-22",
      "time": "35.28",
      "place": "5",
      "team": "Otters",
      "yards": 0,
      "meet": "090",
      "opponent": "Almaden"
    },
    {
      "name": "DanN",
      "stroke": "Breast",
      "age": "13-14",
      "gender": "Boys",
      "date": "2013-06-22",
      "time": "36.31",
      "place": "3",
      "team": "Otters",
      "yards": 0,
      "meet": "090",
      "opponent": "Almaden"
    },
    {
      "name": "DanN",
      "stroke": "Freestyle",
      "age": "13-14",
      "gender": "Boys",
      "date": "2013-06-22",
      "time": "29.84",
      "place": "9",
      "team": "Otters",
      "yards": 0,
      "meet": "090",
      "opponent": "Almaden"
    },
    {
      "name": "DanN",
      "stroke": "Butterfly",
      "age": "13-14",
      "gender": "Boys",
      "date": "2013-06-29",
      "time": "33.77",
      "place": "6",
      "team": "Otters",
      "yards": 0,
      "meet": "091",
      "opponent": "Creekside"
    },
    {
      "name": "DanN",
      "stroke": "Breast",
      "age": "13-14",
      "gender": "Boys",
      "date": "2013-06-29",
      "time": "36.53",
      "place": "4",
      "team": "Otters",
      "yards": 0,
      "meet": "091",
      "opponent": "Creekside"
    },
    {
      "name": "DanN",
      "stroke": "Freestyle",
      "age": "13-14",
      "gender": "Boys",
      "date": "2013-06-29",
      "time": "29.54",
      "place": "10",
      "team": "Otters",
      "yards": 0,
      "meet": "091",
      "opponent": "Creekside"
    },
    {
      "name": "DanN",
      "stroke": "Butterfly",
      "age": "13-14",
      "gender": "Boys",
      "date": "2013-07-13",
      "time": "32.74",
      "place": "17",
      "team": "Otters",
      "yards": 0,
      "meet": "092",
      "opponent": "Almaden"
    },
    {
      "name": "DanN",
      "stroke": "Breast",
      "age": "13-14",
      "gender": "Boys",
      "date": "2013-07-13",
      "time": "36.48",
      "place": "10",
      "team": "Otters",
      "yards": 0,
      "meet": "092",
      "opponent": "Almaden"
    },
    {
      "name": "DanN",
      "stroke": "Freestyle",
      "age": "13-14",
      "gender": "Boys",
      "date": "2013-07-13",
      "time": "29.44",
      "place": "26",
      "team": "Otters",
      "yards": 0,
      "meet": "092",
      "opponent": "Almaden"
    },
    {
      "name": "DanN",
      "stroke": "Breast",
      "age": "15-18",
      "gender": "Boys",
      "date": "2014-06-007",
      "time": "33.62",
      "place": "8",
      "team": "Otters",
      "yards": 0,
      "meet": "095",
      "opponent": "Shadowbrook"
    },
    {
      "name": "DanN",
      "stroke": "Freestyle",
      "age": "15-18",
      "gender": "Boys",
      "date": "2014-06-007",
      "time": "27.77",
      "place": "16",
      "team": "Otters",
      "yards": 0,
      "meet": "095",
      "opponent": "Shadowbrook"
    },
    {
      "name": "DanN",
      "stroke": "Butterfly",
      "age": "15-18",
      "gender": "Boys",
      "date": "2014-06-14",
      "time": "30.47",
      "place": "9",
      "team": "Otters",
      "yards": 0,
      "meet": "096",
      "opponent": "Pinehurst"
    },
    {
      "name": "DanN",
      "stroke": "Breast",
      "age": "15-18",
      "gender": "Boys",
      "date": "2014-06-14",
      "time": "34.17",
      "place": "3",
      "team": "Otters",
      "yards": 0,
      "meet": "096",
      "opponent": "Pinehurst"
    },
    {
      "name": "DanN",
      "stroke": "Butterfly",
      "age": "15-18",
      "gender": "Boys",
      "date": "2014-06-21",
      "time": "30.32",
      "place": "10",
      "team": "Otters",
      "yards": 0,
      "meet": "097",
      "opponent": "Crossgates"
    },
    {
      "name": "DanN",
      "stroke": "Breast",
      "age": "15-18",
      "gender": "Boys",
      "date": "2014-06-21",
      "time": "34.03",
      "place": "7",
      "team": "Otters",
      "yards": 0,
      "meet": "097",
      "opponent": "Crossgates"
    },
    {
      "name": "DanN",
      "stroke": "Freestyle",
      "age": "15-18",
      "gender": "Boys",
      "date": "2014-06-21",
      "time": "27.47",
      "place": "11",
      "team": "Otters",
      "yards": 0,
      "meet": "097",
      "opponent": "Crossgates"
    },
    {
      "name": "DanN",
      "stroke": "Butterfly",
      "age": "15-18",
      "gender": "Boys",
      "date": "2014-06-28",
      "time": "30.72",
      "place": "12",
      "team": "Otters",
      "yards": 0,
      "meet": "098",
      "opponent": "Almaden"
    },
    {
      "name": "DanN",
      "stroke": "Breast",
      "age": "15-18",
      "gender": "Boys",
      "date": "2014-06-28",
      "time": "33.99",
      "place": "7",
      "team": "Otters",
      "yards": 0,
      "meet": "098",
      "opponent": "Almaden"
    },
    {
      "name": "DanN",
      "stroke": "Freestyle",
      "age": "15-18",
      "gender": "Boys",
      "date": "2014-06-28",
      "time": "26.97",
      "place": "14",
      "team": "Otters",
      "yards": 0,
      "meet": "098",
      "opponent": "Almaden"
    },
    {
      "name": "DanN",
      "stroke": "Breast",
      "age": "15-18",
      "gender": "Boys",
      "date": "2014-07-12",
      "time": "33.13",
      "place": "15",
      "team": "Otters",
      "yards": 0,
      "meet": "099",
      "opponent": "Champs"
    },
    {
      "name": "DanN",
      "stroke": "Freestyle",
      "age": "15-18",
      "gender": "Boys",
      "date": "2014-07-12",
      "time": "26.54",
      "place": "35",
      "team": "Otters",
      "yards": 0,
      "meet": "099",
      "opponent": "Champs"
    }
  ]
}