{
  "scores": [
    {
      "name": "DannyD",
      "stroke": "Back",
      "age": "9-10",
      "gender": "Boys",
      "date": "2001-06-09",
      "time": "24.35",
      "place": "5",
      "team": "Otters",
      "yards": 0,
      "meet": "001",
      "opponent": "Crossgates"
    },
    {
      "name": "DannyD",
      "stroke": "Breast",
      "age": "9-10",
      "gender": "Boys",
      "date": "2001-06-09",
      "time": "24.67",
      "place": "4",
      "team": "Otters",
      "yards": 0,
      "meet": "001",
      "opponent": "Crossgates"
    },
    {
      "name": "DannyD",
      "stroke": "Freestyle",
      "age": "9-10",
      "gender": "Boys",
      "date": "2001-06-09",
      "time": "17.07",
      "place": "4",
      "team": "Otters",
      "yards": 0,
      "meet": "001",
      "opponent": "Crossgates"
    },
    {
      "name": "DannyD",
      "stroke": "Back",
      "age": "9-10",
      "gender": "Boys",
      "date": "2001-06-16",
      "time": "25.04",
      "place": "7",
      "team": "Otters",
      "yards": 0,
      "meet": "002",
      "opponent": "Almaden"
    },
    {
      "name": "DannyD",
      "stroke": "Breast",
      "age": "9-10",
      "gender": "Boys",
      "date": "2001-06-16",
      "time": "24.19",
      "place": "5",
      "team": "Otters",
      "yards": 0,
      "meet": "002",
      "opponent": "Almaden"
    },
    {
      "name": "DannyD",
      "stroke": "Freestyle",
      "age": "9-10",
      "gender": "Boys",
      "date": "2001-06-16",
      "time": "17.58",
      "place": "6",
      "team": "Otters",
      "yards": 0,
      "meet": "002",
      "opponent": "Almaden"
    },
    {
      "name": "DannyD",
      "stroke": "Back",
      "age": "9-10",
      "gender": "Boys",
      "date": "2001-06-23",
      "time": "26.28",
      "place": "15",
      "team": "Otters",
      "yards": 0,
      "meet": "003",
      "opponent": "Creekside"
    },
    {
      "name": "DannyD",
      "stroke": "Breast",
      "age": "9-10",
      "gender": "Boys",
      "date": "2001-06-23",
      "time": "24.33",
      "place": "6",
      "team": "Otters",
      "yards": 0,
      "meet": "003",
      "opponent": "Creekside"
    },
    {
      "name": "DannyD",
      "stroke": "Freestyle",
      "age": "9-10",
      "gender": "Boys",
      "date": "2001-06-23",
      "time": "17.78",
      "place": "11",
      "team": "Otters",
      "yards": 0,
      "meet": "003",
      "opponent": "Creekside"
    },
    {
      "name": "DannyD",
      "stroke": "Butterfly",
      "age": "9-10",
      "gender": "Boys",
      "date": "2002-05-11",
      "time": "20.40",
      "place": "4",
      "team": "Otters",
      "yards": 0,
      "meet": "007",
      "opponent": "Trials"
    },
    {
      "name": "DannyD",
      "stroke": "Back",
      "age": "9-10",
      "gender": "Boys",
      "date": "2002-05-11",
      "time": "25.10",
      "place": "4",
      "team": "Otters",
      "yards": 0,
      "meet": "007",
      "opponent": "Trials"
    },
    {
      "name": "DannyD",
      "stroke": "Breast",
      "age": "9-10",
      "gender": "Boys",
      "date": "2002-05-11",
      "time": "23.57",
      "place": "5",
      "team": "Otters",
      "yards": 0,
      "meet": "007",
      "opponent": "Trials"
    },
    {
      "name": "DannyD",
      "stroke": "Freestyle",
      "age": "9-10",
      "gender": "Boys",
      "date": "2002-05-11",
      "time": "16.84",
      "place": "4",
      "team": "Otters",
      "yards": 0,
      "meet": "007",
      "opponent": "Trials"
    }
  ]
}