{
  "scores": [
    {
      "name": "DavidP",
      "stroke": "Butterfly",
      "age": "8 & Under",
      "gender": "Boys",
      "date": "2011-05-21",
      "time": "37.04",
      "place": "10",
      "team": "Otters",
      "yards": 0,
      "meet": "072",
      "opponent": "Trials"
    },
    {
      "name": "DavidP",
      "stroke": "Back",
      "age": "7-8",
      "gender": "Boys",
      "date": "2011-05-21",
      "time": "35.15",
      "place": "7",
      "team": "Otters",
      "yards": 0,
      "meet": "072",
      "opponent": "Trials"
    },
    {
      "name": "DavidP",
      "stroke": "Breast",
      "age": "8 & Under",
      "gender": "Boys",
      "date": "2011-05-21",
      "time": "41.93",
      "place": "11",
      "team": "Otters",
      "yards": 0,
      "meet": "072",
      "opponent": "Trials"
    },
    {
      "name": "DavidP",
      "stroke": "Freestyle",
      "age": "7-8",
      "gender": "Boys",
      "date": "2011-05-21",
      "time": "30.78",
      "place": "7",
      "team": "Otters",
      "yards": 0,
      "meet": "072",
      "opponent": "Trials"
    },
    {
      "name": "DavidP",
      "stroke": "Back",
      "age": "7-8",
      "gender": "Boys",
      "date": "2011-06-004",
      "time": "DQ",
      "place": "--",
      "team": "Otters",
      "yards": 0,
      "meet": "073",
      "opponent": "Crossgates"
    },
    {
      "name": "DavidP",
      "stroke": "Freestyle",
      "age": "7-8",
      "gender": "Boys",
      "date": "2011-06-004",
      "time": "29.56",
      "place": "14",
      "team": "Otters",
      "yards": 0,
      "meet": "073",
      "opponent": "Crossgates"
    },
    {
      "name": "DavidP",
      "stroke": "Back",
      "age": "7-8",
      "gender": "Boys",
      "date": "2011-06-18",
      "time": "26.41",
      "place": "3",
      "team": "Otters",
      "yards": 0,
      "meet": "075",
      "opponent": "Creekside"
    },
    {
      "name": "DavidP",
      "stroke": "Breast",
      "age": "8 & Under",
      "gender": "Boys",
      "date": "2011-06-18",
      "time": "DQ",
      "place": "--",
      "team": "Otters",
      "yards": 0,
      "meet": "075",
      "opponent": "Creekside"
    },
    {
      "name": "DavidP",
      "stroke": "Freestyle",
      "age": "7-8",
      "gender": "Boys",
      "date": "2011-06-18",
      "time": "25.94",
      "place": "8",
      "team": "Otters",
      "yards": 0,
      "meet": "075",
      "opponent": "Creekside"
    },
    {
      "name": "DavidP",
      "stroke": "Butterfly",
      "age": "8 & Under",
      "gender": "Boys",
      "date": "2011-06-25",
      "time": "28.00",
      "place": "6",
      "team": "Otters",
      "yards": 0,
      "meet": "076",
      "opponent": "Shadowbrook"
    },
    {
      "name": "DavidP",
      "stroke": "Back",
      "age": "7-8",
      "gender": "Boys",
      "date": "2011-06-25",
      "time": "25.36",
      "place": "4",
      "team": "Otters",
      "yards": 0,
      "meet": "076",
      "opponent": "Shadowbrook"
    },
    {
      "name": "DavidP",
      "stroke": "Freestyle",
      "age": "7-8",
      "gender": "Boys",
      "date": "2011-06-25",
      "time": "24.13",
      "place": "9",
      "team": "Otters",
      "yards": 0,
      "meet": "076",
      "opponent": "Shadowbrook"
    },
    {
      "name": "DavidP",
      "stroke": "Butterfly",
      "age": "8 & Under",
      "gender": "Boys",
      "date": "2011-07-009",
      "time": "DQ",
      "place": "--",
      "team": "Otters",
      "yards": 0,
      "meet": "077",
      "opponent": "Pinehurst"
    },
    {
      "name": "DavidP",
      "stroke": "Back",
      "age": "7-8",
      "gender": "Boys",
      "date": "2011-07-009",
      "time": "27.04",
      "place": "4",
      "team": "Otters",
      "yards": 0,
      "meet": "077",
      "opponent": "Pinehurst"
    },
    {
      "name": "DavidP",
      "stroke": "Freestyle",
      "age": "7-8",
      "gender": "Boys",
      "date": "2011-07-009",
      "time": "23.83",
      "place": "9",
      "team": "Otters",
      "yards": 0,
      "meet": "077",
      "opponent": "Pinehurst"
    },
    {
      "name": "DavidP",
      "stroke": "Butterfly",
      "age": "8 & Under",
      "gender": "Boys",
      "date": "2011-07-16",
      "time": "DQ",
      "place": "--",
      "team": "Otters",
      "yards": 0,
      "meet": "078",
      "opponent": "Champs"
    },
    {
      "name": "DavidP",
      "stroke": "Back",
      "age": "7-8",
      "gender": "Boys",
      "date": "2011-07-16",
      "time": "27.09",
      "place": "15",
      "team": "Otters",
      "yards": 0,
      "meet": "078",
      "opponent": "Champs"
    },
    {
      "name": "DavidP",
      "stroke": "Freestyle",
      "age": "7-8",
      "gender": "Boys",
      "date": "2011-07-16",
      "time": "22.76",
      "place": "22",
      "team": "Otters",
      "yards": 0,
      "meet": "078",
      "opponent": "Champs"
    },
    {
      "name": "DavidP",
      "stroke": "Butterfly",
      "age": "9-10",
      "gender": "Boys",
      "date": "2012-05-19",
      "time": "22.75",
      "place": "6",
      "team": "Otters",
      "yards": 0,
      "meet": "079",
      "opponent": "Trials"
    },
    {
      "name": "DavidP",
      "stroke": "Back",
      "age": "9-10",
      "gender": "Boys",
      "date": "2012-05-19",
      "time": "22.46",
      "place": "5",
      "team": "Otters",
      "yards": 0,
      "meet": "079",
      "opponent": "Trials"
    },
    {
      "name": "DavidP",
      "stroke": "Breast",
      "age": "9-10",
      "gender": "Boys",
      "date": "2012-05-19",
      "time": "31.44",
      "place": "12",
      "team": "Otters",
      "yards": 0,
      "meet": "079",
      "opponent": "Trials"
    },
    {
      "name": "DavidP",
      "stroke": "Freestyle",
      "age": "9-10",
      "gender": "Boys",
      "date": "2012-05-19",
      "time": "20.66",
      "place": "9",
      "team": "Otters",
      "yards": 0,
      "meet": "079",
      "opponent": "Trials"
    },
    {
      "name": "DavidP",
      "stroke": "Butterfly",
      "age": "9-10",
      "gender": "Boys",
      "date": "2012-06-002",
      "time": "23.17",
      "place": "10",
      "team": "Otters",
      "yards": 0,
      "meet": "080",
      "opponent": "Pinehurst"
    },
    {
      "name": "DavidP",
      "stroke": "Back",
      "age": "9-10",
      "gender": "Boys",
      "date": "2012-06-002",
      "time": "23.93",
      "place": "12",
      "team": "Otters",
      "yards": 0,
      "meet": "080",
      "opponent": "Pinehurst"
    },
    {
      "name": "DavidP",
      "stroke": "Freestyle",
      "age": "9-10",
      "gender": "Boys",
      "date": "2012-06-002",
      "time": "19.53",
      "place": "17",
      "team": "Otters",
      "yards": 0,
      "meet": "080",
      "opponent": "Pinehurst"
    },
    {
      "name": "DavidP",
      "stroke": "Butterfly",
      "age": "9-10",
      "gender": "Boys",
      "date": "2012-06-009",
      "time": "24.44",
      "place": "13",
      "team": "Otters",
      "yards": 0,
      "meet": "081",
      "opponent": "Crossgates"
    },
    {
      "name": "DavidP",
      "stroke": "Back",
      "age": "9-10",
      "gender": "Boys",
      "date": "2012-06-009",
      "time": "26.14",
      "place": "10",
      "team": "Otters",
      "yards": 0,
      "meet": "081",
      "opponent": "Crossgates"
    },
    {
      "name": "DavidP",
      "stroke": "Freestyle",
      "age": "9-10",
      "gender": "Boys",
      "date": "2012-06-009",
      "time": "20.59",
      "place": "19",
      "team": "Otters",
      "yards": 0,
      "meet": "081",
      "opponent": "Crossgates"
    },
    {
      "name": "DavidP",
      "stroke": "Butterfly",
      "age": "9-10",
      "gender": "Boys",
      "date": "2012-06-16",
      "time": "22.39",
      "place": "11",
      "team": "Otters",
      "yards": 0,
      "meet": "082",
      "opponent": "Almaden"
    },
    {
      "name": "DavidP",
      "stroke": "Back",
      "age": "9-10",
      "gender": "Boys",
      "date": "2012-06-16",
      "time": "23.53",
      "place": "6",
      "team": "Otters",
      "yards": 0,
      "meet": "082",
      "opponent": "Almaden"
    },
    {
      "name": "DavidP",
      "stroke": "Freestyle",
      "age": "9-10",
      "gender": "Boys",
      "date": "2012-06-16",
      "time": "19.55",
      "place": "16",
      "team": "Otters",
      "yards": 0,
      "meet": "082",
      "opponent": "Almaden"
    },
    {
      "name": "DavidP",
      "stroke": "Butterfly",
      "age": "9-10",
      "gender": "Boys",
      "date": "2012-06-23",
      "time": "DQ",
      "place": "--",
      "team": "Otters",
      "yards": 0,
      "meet": "083",
      "opponent": "Creekside"
    },
    {
      "name": "DavidP",
      "stroke": "Back",
      "age": "9-10",
      "gender": "Boys",
      "date": "2012-06-23",
      "time": "25.09",
      "place": "6",
      "team": "Otters",
      "yards": 0,
      "meet": "083",
      "opponent": "Creekside"
    },
    {
      "name": "DavidP",
      "stroke": "Freestyle",
      "age": "9-10",
      "gender": "Boys",
      "date": "2012-06-23",
      "time": "19.51",
      "place": "10",
      "team": "Otters",
      "yards": 0,
      "meet": "083",
      "opponent": "Creekside"
    },
    {
      "name": "DavidP",
      "stroke": "Butterfly",
      "age": "9-10",
      "gender": "Boys",
      "date": "2012-06-30",
      "time": "22.39",
      "place": "14",
      "team": "Otters",
      "yards": 0,
      "meet": "084",
      "opponent": "Shadowbrook"
    },
    {
      "name": "DavidP",
      "stroke": "Back",
      "age": "9-10",
      "gender": "Boys",
      "date": "2012-06-30",
      "time": "23.98",
      "place": "12",
      "team": "Otters",
      "yards": 0,
      "meet": "084",
      "opponent": "Shadowbrook"
    },
    {
      "name": "DavidP",
      "stroke": "Freestyle",
      "age": "9-10",
      "gender": "Boys",
      "date": "2012-06-30",
      "time": "19.34",
      "place": "17",
      "team": "Otters",
      "yards": 0,
      "meet": "084",
      "opponent": "Shadowbrook"
    },
    {
      "name": "DavidP",
      "stroke": "Butterfly",
      "age": "9-10",
      "gender": "Boys",
      "date": "2012-07-14",
      "time": "19.79",
      "place": "19",
      "team": "Otters",
      "yards": 0,
      "meet": "085",
      "opponent": "Champs"
    },
    {
      "name": "DavidP",
      "stroke": "Back",
      "age": "9-10",
      "gender": "Boys",
      "date": "2012-07-14",
      "time": "22.80",
      "place": "23",
      "team": "Otters",
      "yards": 0,
      "meet": "085",
      "opponent": "Champs"
    },
    {
      "name": "DavidP",
      "stroke": "Freestyle",
      "age": "9-10",
      "gender": "Boys",
      "date": "2012-07-14",
      "time": "18.15",
      "place": "45",
      "team": "Otters",
      "yards": 0,
      "meet": "085",
      "opponent": "Champs"
    },
    {
      "name": "DavidP",
      "stroke": "Butterfly",
      "age": "9-10",
      "gender": "Boys",
      "date": "2013-05-18",
      "time": "19.90",
      "place": "4",
      "team": "Otters",
      "yards": 0,
      "meet": "086",
      "opponent": "Trials"
    },
    {
      "name": "DavidP",
      "stroke": "Back",
      "age": "9-10",
      "gender": "Boys",
      "date": "2013-05-18",
      "time": "23.31",
      "place": "5",
      "team": "Otters",
      "yards": 0,
      "meet": "086",
      "opponent": "Trials"
    },
    {
      "name": "DavidP",
      "stroke": "Breast",
      "age": "9-10",
      "gender": "Boys",
      "date": "2013-05-18",
      "time": "26.97",
      "place": "5",
      "team": "Otters",
      "yards": 0,
      "meet": "086",
      "opponent": "Trials"
    },
    {
      "name": "DavidP",
      "stroke": "Freestyle",
      "age": "9-10",
      "gender": "Boys",
      "date": "2013-05-18",
      "time": "18.66",
      "place": "5",
      "team": "Otters",
      "yards": 0,
      "meet": "086",
      "opponent": "Trials"
    },
    {
      "name": "DavidP",
      "stroke": "Butterfly",
      "age": "9-10",
      "gender": "Boys",
      "date": "2013-06-001",
      "time": "18.78",
      "place": "4",
      "team": "Otters",
      "yards": 0,
      "meet": "087",
      "opponent": "Shadowbrook"
    },
    {
      "name": "DavidP",
      "stroke": "Back",
      "age": "9-10",
      "gender": "Boys",
      "date": "2013-06-001",
      "time": "22.99",
      "place": "8",
      "team": "Otters",
      "yards": 0,
      "meet": "087",
      "opponent": "Shadowbrook"
    },
    {
      "name": "DavidP",
      "stroke": "Freestyle",
      "age": "9-10",
      "gender": "Boys",
      "date": "2013-06-001",
      "time": "17.61",
      "place": "7",
      "team": "Otters",
      "yards": 0,
      "meet": "087",
      "opponent": "Shadowbrook"
    },
    {
      "name": "DavidP",
      "stroke": "Butterfly",
      "age": "9-10",
      "gender": "Boys",
      "date": "2013-06-008",
      "time": "18.84",
      "place": "3",
      "team": "Otters",
      "yards": 0,
      "meet": "088",
      "opponent": "Pinehurst"
    },
    {
      "name": "DavidP",
      "stroke": "Back",
      "age": "9-10",
      "gender": "Boys",
      "date": "2013-06-008",
      "time": "21.76",
      "place": "3",
      "team": "Otters",
      "yards": 0,
      "meet": "088",
      "opponent": "Pinehurst"
    },
    {
      "name": "DavidP",
      "stroke": "Freestyle",
      "age": "9-10",
      "gender": "Boys",
      "date": "2013-06-008",
      "time": "18.03",
      "place": "7",
      "team": "Otters",
      "yards": 0,
      "meet": "088",
      "opponent": "Pinehurst"
    },
    {
      "name": "DavidP",
      "stroke": "Butterfly",
      "age": "9-10",
      "gender": "Boys",
      "date": "2013-06-15",
      "time": "19.19",
      "place": "4",
      "team": "Otters",
      "yards": 0,
      "meet": "089",
      "opponent": "Crossgates"
    },
    {
      "name": "DavidP",
      "stroke": "Back",
      "age": "9-10",
      "gender": "Boys",
      "date": "2013-06-15",
      "time": "20.91",
      "place": "3",
      "team": "Otters",
      "yards": 0,
      "meet": "089",
      "opponent": "Crossgates"
    },
    {
      "name": "DavidP",
      "stroke": "Freestyle",
      "age": "9-10",
      "gender": "Boys",
      "date": "2013-06-15",
      "time": "16.74",
      "place": "6",
      "team": "Otters",
      "yards": 0,
      "meet": "089",
      "opponent": "Crossgates"
    },
    {
      "name": "DavidP",
      "stroke": "Butterfly",
      "age": "9-10",
      "gender": "Boys",
      "date": "2013-06-22",
      "time": "17.97",
      "place": "3",
      "team": "Otters",
      "yards": 0,
      "meet": "090",
      "opponent": "Almaden"
    },
    {
      "name": "DavidP",
      "stroke": "Back",
      "age": "9-10",
      "gender": "Boys",
      "date": "2013-06-22",
      "time": "22.09",
      "place": "5",
      "team": "Otters",
      "yards": 0,
      "meet": "090",
      "opponent": "Almaden"
    },
    {
      "name": "DavidP",
      "stroke": "Freestyle",
      "age": "9-10",
      "gender": "Boys",
      "date": "2013-06-22",
      "time": "17.00",
      "place": "8",
      "team": "Otters",
      "yards": 0,
      "meet": "090",
      "opponent": "Almaden"
    },
    {
      "name": "DavidP",
      "stroke": "Butterfly",
      "age": "9-10",
      "gender": "Boys",
      "date": "2013-06-29",
      "time": "18.13",
      "place": "2",
      "team": "Otters",
      "yards": 0,
      "meet": "091",
      "opponent": "Creekside"
    },
    {
      "name": "DavidP",
      "stroke": "Back",
      "age": "9-10",
      "gender": "Boys",
      "date": "2013-06-29",
      "time": "22.50",
      "place": "5",
      "team": "Otters",
      "yards": 0,
      "meet": "091",
      "opponent": "Creekside"
    },
    {
      "name": "DavidP",
      "stroke": "Freestyle",
      "age": "9-10",
      "gender": "Boys",
      "date": "2013-06-29",
      "time": "17.09",
      "place": "5",
      "team": "Otters",
      "yards": 0,
      "meet": "091",
      "opponent": "Creekside"
    },
    {
      "name": "DavidP",
      "stroke": "Butterfly",
      "age": "9-10",
      "gender": "Boys",
      "date": "2013-07-13",
      "time": "17.69",
      "place": "10",
      "team": "Otters",
      "yards": 0,
      "meet": "092",
      "opponent": "Almaden"
    },
    {
      "name": "DavidP",
      "stroke": "Back",
      "age": "9-10",
      "gender": "Boys",
      "date": "2013-07-13",
      "time": "22.19",
      "place": "15",
      "team": "Otters",
      "yards": 0,
      "meet": "092",
      "opponent": "Almaden"
    },
    {
      "name": "DavidP",
      "stroke": "Freestyle",
      "age": "9-10",
      "gender": "Boys",
      "date": "2013-07-13",
      "time": "16.40",
      "place": "17",
      "team": "Otters",
      "yards": 0,
      "meet": "092",
      "opponent": "Almaden"
    },
    {
      "name": "DavidP",
      "stroke": "Butterfly",
      "age": "11-12",
      "gender": "Boys",
      "date": "2014-05-17",
      "time": "40.55",
      "place": "6",
      "team": "Otters",
      "yards": 0,
      "meet": "093",
      "opponent": "Trials"
    },
    {
      "name": "DavidP",
      "stroke": "Back",
      "age": "11-12",
      "gender": "Boys",
      "date": "2014-05-17",
      "time": "45.93",
      "place": "6",
      "team": "Otters",
      "yards": 0,
      "meet": "093",
      "opponent": "Trials"
    },
    {
      "name": "DavidP",
      "stroke": "Breast",
      "age": "11-12",
      "gender": "Boys",
      "date": "2014-05-17",
      "time": "58.39",
      "place": "13",
      "team": "Otters",
      "yards": 0,
      "meet": "093",
      "opponent": "Trials"
    },
    {
      "name": "DavidP",
      "stroke": "Freestyle",
      "age": "11-12",
      "gender": "Boys",
      "date": "2014-05-17",
      "time": "37.28",
      "place": "9",
      "team": "Otters",
      "yards": 0,
      "meet": "093",
      "opponent": "Trials"
    },
    {
      "name": "DavidP",
      "stroke": "Butterfly",
      "age": "11-12",
      "gender": "Boys",
      "date": "2014-06-007",
      "time": "40.97",
      "place": "6",
      "team": "Otters",
      "yards": 0,
      "meet": "095",
      "opponent": "Shadowbrook"
    },
    {
      "name": "DavidP",
      "stroke": "Back",
      "age": "11-12",
      "gender": "Boys",
      "date": "2014-06-007",
      "time": "46.98",
      "place": "13",
      "team": "Otters",
      "yards": 0,
      "meet": "095",
      "opponent": "Shadowbrook"
    },
    {
      "name": "DavidP",
      "stroke": "Freestyle",
      "age": "11-12",
      "gender": "Boys",
      "date": "2014-06-007",
      "time": "34.93",
      "place": "15",
      "team": "Otters",
      "yards": 0,
      "meet": "095",
      "opponent": "Shadowbrook"
    },
    {
      "name": "DavidP",
      "stroke": "Butterfly",
      "age": "11-12",
      "gender": "Boys",
      "date": "2014-06-14",
      "time": "40.31",
      "place": "4",
      "team": "Otters",
      "yards": 0,
      "meet": "096",
      "opponent": "Pinehurst"
    },
    {
      "name": "DavidP",
      "stroke": "Back",
      "age": "11-12",
      "gender": "Boys",
      "date": "2014-06-14",
      "time": "45.66",
      "place": "15",
      "team": "Otters",
      "yards": 0,
      "meet": "096",
      "opponent": "Pinehurst"
    },
    {
      "name": "DavidP",
      "stroke": "Freestyle",
      "age": "11-12",
      "gender": "Boys",
      "date": "2014-06-14",
      "time": "35.16",
      "place": "14",
      "team": "Otters",
      "yards": 0,
      "meet": "096",
      "opponent": "Pinehurst"
    },
    {
      "name": "DavidP",
      "stroke": "Butterfly",
      "age": "11-12",
      "gender": "Boys",
      "date": "2014-06-21",
      "time": "41.41",
      "place": "7",
      "team": "Otters",
      "yards": 0,
      "meet": "097",
      "opponent": "Crossgates"
    },
    {
      "name": "DavidP",
      "stroke": "Back",
      "age": "11-12",
      "gender": "Boys",
      "date": "2014-06-21",
      "time": "43.72",
      "place": "9",
      "team": "Otters",
      "yards": 0,
      "meet": "097",
      "opponent": "Crossgates"
    },
    {
      "name": "DavidP",
      "stroke": "Freestyle",
      "age": "11-12",
      "gender": "Boys",
      "date": "2014-06-21",
      "time": "35.43",
      "place": "18",
      "team": "Otters",
      "yards": 0,
      "meet": "097",
      "opponent": "Crossgates"
    },
    {
      "name": "DavidP",
      "stroke": "Butterfly",
      "age": "11-12",
      "gender": "Boys",
      "date": "2014-07-12",
      "time": "43.14",
      "place": "21",
      "team": "Otters",
      "yards": 0,
      "meet": "099",
      "opponent": "Champs"
    },
    {
      "name": "DavidP",
      "stroke": "Back",
      "age": "11-12",
      "gender": "Boys",
      "date": "2014-07-12",
      "time": "44.56",
      "place": "30",
      "team": "Otters",
      "yards": 0,
      "meet": "099",
      "opponent": "Champs"
    },
    {
      "name": "DavidP",
      "stroke": "Freestyle",
      "age": "11-12",
      "gender": "Boys",
      "date": "2014-07-12",
      "time": "34.85",
      "place": "38",
      "team": "Otters",
      "yards": 0,
      "meet": "099",
      "opponent": "Champs"
    },
    {
      "name": "DavidP",
      "stroke": "Butterfly",
      "age": "11-12",
      "gender": "Boys",
      "date": "2015-05-31",
      "time": "34.20",
      "place": "1",
      "team": "Otters",
      "yards": 0,
      "meet": "100",
      "opponent": "Trials"
    },
    {
      "name": "DavidP",
      "stroke": "Back",
      "age": "11-12",
      "gender": "Boys",
      "date": "2015-05-31",
      "time": "37.58",
      "place": "1",
      "team": "Otters",
      "yards": 0,
      "meet": "100",
      "opponent": "Trials"
    },
    {
      "name": "DavidP",
      "stroke": "Breast",
      "age": "11-12",
      "gender": "Boys",
      "date": "2015-05-31",
      "time": "47.92",
      "place": "4",
      "team": "Otters",
      "yards": 0,
      "meet": "100",
      "opponent": "Trials"
    },
    {
      "name": "DavidP",
      "stroke": "Freestyle",
      "age": "11-12",
      "gender": "Boys",
      "date": "2015-05-31",
      "time": "30.99",
      "place": "1",
      "team": "Otters",
      "yards": 0,
      "meet": "100",
      "opponent": "Trials"
    },
    {
      "name": "DavidP",
      "stroke": "Butterfly",
      "age": "11-12",
      "gender": "Boys",
      "date": "2015-05-30",
      "time": "34.10",
      "place": "2",
      "team": "Otters",
      "yards": 0,
      "meet": "101",
      "opponent": "Almaden"
    },
    {
      "name": "DavidP",
      "stroke": "Back",
      "age": "11-12",
      "gender": "Boys",
      "date": "2015-05-30",
      "time": "37.50",
      "place": "2",
      "team": "Otters",
      "yards": 0,
      "meet": "101",
      "opponent": "Almaden"
    },
    {
      "name": "DavidP",
      "stroke": "Freestyle",
      "age": "11-12",
      "gender": "Boys",
      "date": "2015-05-30",
      "time": "31.19",
      "place": "4",
      "team": "Otters",
      "yards": 0,
      "meet": "101",
      "opponent": "Almaden"
    },
    {
      "name": "DavidP",
      "stroke": "Butterfly",
      "age": "11-12",
      "gender": "Boys",
      "date": "2015-06-006",
      "time": "35.23",
      "place": "1",
      "team": "Otters",
      "yards": 0,
      "meet": "102",
      "opponent": "Creekside"
    },
    {
      "name": "DavidP",
      "stroke": "Back",
      "age": "11-12",
      "gender": "Boys",
      "date": "2015-06-006",
      "time": "37.97",
      "place": "2",
      "team": "Otters",
      "yards": 0,
      "meet": "102",
      "opponent": "Creekside"
    },
    {
      "name": "DavidP",
      "stroke": "Freestyle",
      "age": "11-12",
      "gender": "Boys",
      "date": "2015-06-006",
      "time": "31.38",
      "place": "3",
      "team": "Otters",
      "yards": 0,
      "meet": "102",
      "opponent": "Creekside"
    },
    {
      "name": "DavidP",
      "stroke": "Butterfly",
      "age": "11-12",
      "gender": "Boys",
      "date": "2015-06-13",
      "time": "35.36",
      "place": "4",
      "team": "Otters",
      "yards": 0,
      "meet": "103",
      "opponent": "Shadowbrook"
    },
    {
      "name": "DavidP",
      "stroke": "Back",
      "age": "11-12",
      "gender": "Boys",
      "date": "2015-06-13",
      "time": "37.22",
      "place": "3",
      "team": "Otters",
      "yards": 0,
      "meet": "103",
      "opponent": "Shadowbrook"
    },
    {
      "name": "DavidP",
      "stroke": "Freestyle",
      "age": "11-12",
      "gender": "Boys",
      "date": "2015-06-13",
      "time": "30.55",
      "place": "3",
      "team": "Otters",
      "yards": 0,
      "meet": "103",
      "opponent": "Shadowbrook"
    },
    {
      "name": "DavidP",
      "stroke": "Butterfly",
      "age": "11-12",
      "gender": "Boys",
      "date": "2015-06-20",
      "time": "33.82",
      "place": "3",
      "team": "Otters",
      "yards": 0,
      "meet": "104",
      "opponent": "Pinehurst"
    },
    {
      "name": "DavidP",
      "stroke": "Back",
      "age": "11-12",
      "gender": "Boys",
      "date": "2015-06-20",
      "time": "36.27",
      "place": "3",
      "team": "Otters",
      "yards": 0,
      "meet": "104",
      "opponent": "Pinehurst"
    },
    {
      "name": "DavidP",
      "stroke": "Freestyle",
      "age": "11-12",
      "gender": "Boys",
      "date": "2015-06-20",
      "time": "31.06",
      "place": "3",
      "team": "Otters",
      "yards": 0,
      "meet": "104",
      "opponent": "Pinehurst"
    },
    {
      "name": "DavidP",
      "stroke": "Butterfly",
      "age": "11-12",
      "gender": "Boys",
      "date": "2015-06-27",
      "time": "34.62",
      "place": "3",
      "team": "Otters",
      "yards": 0,
      "meet": "105",
      "opponent": "Crossgates"
    },
    {
      "name": "DavidP",
      "stroke": "Back",
      "age": "11-12",
      "gender": "Boys",
      "date": "2015-06-27",
      "time": "38.56",
      "place": "3",
      "team": "Otters",
      "yards": 0,
      "meet": "105",
      "opponent": "Crossgates"
    },
    {
      "name": "DavidP",
      "stroke": "Freestyle",
      "age": "11-12",
      "gender": "Boys",
      "date": "2015-06-27",
      "time": "30.87",
      "place": "3",
      "team": "Otters",
      "yards": 0,
      "meet": "105",
      "opponent": "Crossgates"
    },
    {
      "name": "DavidP",
      "stroke": "Butterfly",
      "age": "11-12",
      "gender": "Boys",
      "date": "2015-07-11",
      "time": "34.42",
      "place": "7",
      "team": "Otters",
      "yards": 0,
      "meet": "106",
      "opponent": "Champs"
    },
    {
      "name": "DavidP",
      "stroke": "Back",
      "age": "11-12",
      "gender": "Boys",
      "date": "2015-07-11",
      "time": "36.95",
      "place": "7",
      "team": "Otters",
      "yards": 0,
      "meet": "106",
      "opponent": "Champs"
    },
    {
      "name": "DavidP",
      "stroke": "Freestyle",
      "age": "11-12",
      "gender": "Boys",
      "date": "2015-07-11",
      "time": "30.04",
      "place": "10",
      "team": "Otters",
      "yards": 0,
      "meet": "106",
      "opponent": "Champs"
    },
    {
      "name": "DavidP",
      "stroke": "Butterfly",
      "age": "13-14",
      "gender": "Boys",
      "date": "2016-05-20",
      "time": "32.56",
      "place": "5",
      "team": "Otters",
      "yards": 0,
      "meet": "107",
      "opponent": "Trials"
    },
    {
      "name": "DavidP",
      "stroke": "Back",
      "age": "13-14",
      "gender": "Boys",
      "date": "2016-05-20",
      "time": "33.28",
      "place": "4",
      "team": "Otters",
      "yards": 0,
      "meet": "107",
      "opponent": "Trials"
    },
    {
      "name": "DavidP",
      "stroke": "Breast",
      "age": "13-14",
      "gender": "Boys",
      "date": "2016-05-20",
      "time": "45.45",
      "place": "9",
      "team": "Otters",
      "yards": 0,
      "meet": "107",
      "opponent": "Trials"
    },
    {
      "name": "DavidP",
      "stroke": "Freestyle",
      "age": "13-14",
      "gender": "Boys",
      "date": "2016-05-20",
      "time": "28.47",
      "place": "5",
      "team": "Otters",
      "yards": 0,
      "meet": "107",
      "opponent": "Trials"
    }
  ]
}