{
  "scores": [
    {
      "name": "DeniseD",
      "stroke": "Butterfly",
      "age": "9-10",
      "gender": "Girls",
      "date": "2001-06-09",
      "time": "24.47",
      "place": "7",
      "team": "Otters",
      "yards": 0,
      "meet": "001",
      "opponent": "Crossgates"
    },
    {
      "name": "DeniseD",
      "stroke": "Breast",
      "age": "9-10",
      "gender": "Girls",
      "date": "2001-06-09",
      "time": "23.40",
      "place": "3",
      "team": "Otters",
      "yards": 0,
      "meet": "001",
      "opponent": "Crossgates"
    },
    {
      "name": "DeniseD",
      "stroke": "Freestyle",
      "age": "9-10",
      "gender": "Girls",
      "date": "2001-06-09",
      "time": "19.15",
      "place": "8",
      "team": "Otters",
      "yards": 0,
      "meet": "001",
      "opponent": "Crossgates"
    },
    {
      "name": "DeniseD",
      "stroke": "Butterfly",
      "age": "9-10",
      "gender": "Girls",
      "date": "2001-06-16",
      "time": "24.91",
      "place": "20",
      "team": "Otters",
      "yards": 0,
      "meet": "002",
      "opponent": "Almaden"
    },
    {
      "name": "DeniseD",
      "stroke": "Breast",
      "age": "9-10",
      "gender": "Girls",
      "date": "2001-06-16",
      "time": "23.73",
      "place": "11",
      "team": "Otters",
      "yards": 0,
      "meet": "002",
      "opponent": "Almaden"
    },
    {
      "name": "DeniseD",
      "stroke": "Freestyle",
      "age": "9-10",
      "gender": "Girls",
      "date": "2001-06-16",
      "time": "19.78",
      "place": "22",
      "team": "Otters",
      "yards": 0,
      "meet": "002",
      "opponent": "Almaden"
    },
    {
      "name": "DeniseD",
      "stroke": "Butterfly",
      "age": "9-10",
      "gender": "Girls",
      "date": "2001-06-23",
      "time": "25.06",
      "place": "8",
      "team": "Otters",
      "yards": 0,
      "meet": "003",
      "opponent": "Creekside"
    },
    {
      "name": "DeniseD",
      "stroke": "Breast",
      "age": "9-10",
      "gender": "Girls",
      "date": "2001-06-23",
      "time": "23.19",
      "place": "4",
      "team": "Otters",
      "yards": 0,
      "meet": "003",
      "opponent": "Creekside"
    },
    {
      "name": "DeniseD",
      "stroke": "Freestyle",
      "age": "9-10",
      "gender": "Girls",
      "date": "2001-06-23",
      "time": "19.35",
      "place": "12",
      "team": "Otters",
      "yards": 0,
      "meet": "003",
      "opponent": "Creekside"
    },
    {
      "name": "DeniseD",
      "stroke": "Back",
      "age": "9-10",
      "gender": "Girls",
      "date": "2001-06-30",
      "time": "27.61",
      "place": "9",
      "team": "Otters",
      "yards": 0,
      "meet": "004",
      "opponent": "Shadowbrook"
    },
    {
      "name": "DeniseD",
      "stroke": "Breast",
      "age": "9-10",
      "gender": "Girls",
      "date": "2001-06-30",
      "time": "25.32",
      "place": "6",
      "team": "Otters",
      "yards": 0,
      "meet": "004",
      "opponent": "Shadowbrook"
    },
    {
      "name": "DeniseD",
      "stroke": "Freestyle",
      "age": "9-10",
      "gender": "Girls",
      "date": "2001-06-30",
      "time": "20.59",
      "place": "12",
      "team": "Otters",
      "yards": 0,
      "meet": "004",
      "opponent": "Shadowbrook"
    },
    {
      "name": "DeniseD",
      "stroke": "Back",
      "age": "9-10",
      "gender": "Girls",
      "date": "2001-07-14",
      "time": "28.28",
      "place": "12",
      "team": "Otters",
      "yards": 0,
      "meet": "005",
      "opponent": "Pinehurst"
    },
    {
      "name": "DeniseD",
      "stroke": "Breast",
      "age": "9-10",
      "gender": "Girls",
      "date": "2001-07-14",
      "time": "24.40",
      "place": "5",
      "team": "Otters",
      "yards": 0,
      "meet": "005",
      "opponent": "Pinehurst"
    },
    {
      "name": "DeniseD",
      "stroke": "Freestyle",
      "age": "9-10",
      "gender": "Girls",
      "date": "2001-07-14",
      "time": "17.85",
      "place": "7",
      "team": "Otters",
      "yards": 0,
      "meet": "005",
      "opponent": "Pinehurst"
    },
    {
      "name": "DeniseD",
      "stroke": "Back",
      "age": "9-10",
      "gender": "Girls",
      "date": "2001-07-21",
      "time": "27.52",
      "place": "55",
      "team": "Otters",
      "yards": 0,
      "meet": "006",
      "opponent": "Champs"
    },
    {
      "name": "DeniseD",
      "stroke": "Breast",
      "age": "9-10",
      "gender": "Girls",
      "date": "2001-07-21",
      "time": "23.83",
      "place": "20",
      "team": "Otters",
      "yards": 0,
      "meet": "006",
      "opponent": "Champs"
    },
    {
      "name": "DeniseD",
      "stroke": "Freestyle",
      "age": "9-10",
      "gender": "Girls",
      "date": "2001-07-21",
      "time": "17.87",
      "place": "35",
      "team": "Otters",
      "yards": 0,
      "meet": "006",
      "opponent": "Champs"
    },
    {
      "name": "DeniseD",
      "stroke": "Butterfly",
      "age": "9-10",
      "gender": "Girls",
      "date": "2002-05-11",
      "time": "24.35",
      "place": "8",
      "team": "Otters",
      "yards": 0,
      "meet": "007",
      "opponent": "Trials"
    },
    {
      "name": "DeniseD",
      "stroke": "Back",
      "age": "9-10",
      "gender": "Girls",
      "date": "2002-05-11",
      "time": "25.72",
      "place": "11",
      "team": "Otters",
      "yards": 0,
      "meet": "007",
      "opponent": "Trials"
    },
    {
      "name": "DeniseD",
      "stroke": "Breast",
      "age": "9-10",
      "gender": "Girls",
      "date": "2002-05-11",
      "time": "22.34",
      "place": "3",
      "team": "Otters",
      "yards": 0,
      "meet": "007",
      "opponent": "Trials"
    },
    {
      "name": "DeniseD",
      "stroke": "Freestyle",
      "age": "9-10",
      "gender": "Girls",
      "date": "2002-05-11",
      "time": "17.85",
      "place": "3",
      "team": "Otters",
      "yards": 0,
      "meet": "007",
      "opponent": "Trials"
    },
    {
      "name": "DeniseD",
      "stroke": "Butterfly",
      "age": "9-10",
      "gender": "Girls",
      "date": "2002-05-31",
      "time": "25.73",
      "place": "6",
      "team": "Otters",
      "yards": 0,
      "meet": "008",
      "opponent": "Trials"
    },
    {
      "name": "DeniseD",
      "stroke": "Back",
      "age": "9-10",
      "gender": "Girls",
      "date": "2002-05-31",
      "time": "24.71",
      "place": "6",
      "team": "Otters",
      "yards": 0,
      "meet": "008",
      "opponent": "Trials"
    },
    {
      "name": "DeniseD",
      "stroke": "Breast",
      "age": "9-10",
      "gender": "Girls",
      "date": "2002-05-31",
      "time": "22.52",
      "place": "2",
      "team": "Otters",
      "yards": 0,
      "meet": "008",
      "opponent": "Trials"
    },
    {
      "name": "DeniseD",
      "stroke": "Freestyle",
      "age": "9-10",
      "gender": "Girls",
      "date": "2002-05-31",
      "time": "18.37",
      "place": "5",
      "team": "Otters",
      "yards": 0,
      "meet": "008",
      "opponent": "Trials"
    },
    {
      "name": "DeniseD",
      "stroke": "Back",
      "age": "9-10",
      "gender": "Girls",
      "date": "2002-06-008",
      "time": "21.47",
      "place": "6",
      "team": "Otters",
      "yards": 0,
      "meet": "009",
      "opponent": "Pinehurst"
    },
    {
      "name": "DeniseD",
      "stroke": "Breast",
      "age": "9-10",
      "gender": "Girls",
      "date": "2002-06-008",
      "time": "22.45",
      "place": "3",
      "team": "Otters",
      "yards": 0,
      "meet": "009",
      "opponent": "Pinehurst"
    },
    {
      "name": "DeniseD",
      "stroke": "Freestyle",
      "age": "9-10",
      "gender": "Girls",
      "date": "2002-06-008",
      "time": "17.97",
      "place": "11",
      "team": "Otters",
      "yards": 0,
      "meet": "009",
      "opponent": "Pinehurst"
    },
    {
      "name": "DeniseD",
      "stroke": "Back",
      "age": "9-10",
      "gender": "Girls",
      "date": "2002-06-22",
      "time": "22.55",
      "place": "11",
      "team": "Otters",
      "yards": 0,
      "meet": "011",
      "opponent": "Almaden"
    },
    {
      "name": "DeniseD",
      "stroke": "Breast",
      "age": "9-10",
      "gender": "Girls",
      "date": "2002-06-22",
      "time": "22.36",
      "place": "5",
      "team": "Otters",
      "yards": 0,
      "meet": "011",
      "opponent": "Almaden"
    },
    {
      "name": "DeniseD",
      "stroke": "Freestyle",
      "age": "9-10",
      "gender": "Girls",
      "date": "2002-06-22",
      "time": "16.99",
      "place": "10",
      "team": "Otters",
      "yards": 0,
      "meet": "011",
      "opponent": "Almaden"
    },
    {
      "name": "DeniseD",
      "stroke": "Back",
      "age": "9-10",
      "gender": "Girls",
      "date": "2002-07-13",
      "time": "22.69",
      "place": "11",
      "team": "Otters",
      "yards": 0,
      "meet": "013",
      "opponent": "Shadowbrook"
    },
    {
      "name": "DeniseD",
      "stroke": "Breast",
      "age": "9-10",
      "gender": "Girls",
      "date": "2002-07-13",
      "time": "23.13",
      "place": "6",
      "team": "Otters",
      "yards": 0,
      "meet": "013",
      "opponent": "Shadowbrook"
    },
    {
      "name": "DeniseD",
      "stroke": "Freestyle",
      "age": "9-10",
      "gender": "Girls",
      "date": "2002-07-13",
      "time": "17.19",
      "place": "8",
      "team": "Otters",
      "yards": 0,
      "meet": "013",
      "opponent": "Shadowbrook"
    },
    {
      "name": "DeniseD",
      "stroke": "Back",
      "age": "9-10",
      "gender": "Girls",
      "date": "2002-07-20",
      "time": "22.65",
      "place": "24",
      "team": "Otters",
      "yards": 0,
      "meet": "014",
      "opponent": "Champs"
    },
    {
      "name": "DeniseD",
      "stroke": "Breast",
      "age": "9-10",
      "gender": "Girls",
      "date": "2002-07-20",
      "time": "21.86",
      "place": "10",
      "team": "Otters",
      "yards": 0,
      "meet": "014",
      "opponent": "Champs"
    },
    {
      "name": "DeniseD",
      "stroke": "Freestyle",
      "age": "9-10",
      "gender": "Girls",
      "date": "2002-07-20",
      "time": "17.08",
      "place": "26",
      "team": "Otters",
      "yards": 0,
      "meet": "014",
      "opponent": "Champs"
    },
    {
      "name": "DeniseD",
      "stroke": "Butterfly",
      "age": "11-12",
      "gender": "Girls",
      "date": "2003-05-10",
      "time": "47.27",
      "place": "4",
      "team": "Otters",
      "yards": 0,
      "meet": "015",
      "opponent": "Trials"
    },
    {
      "name": "DeniseD",
      "stroke": "Back",
      "age": "11-12",
      "gender": "Girls",
      "date": "2003-05-10",
      "time": "48.51",
      "place": "5",
      "team": "Otters",
      "yards": 0,
      "meet": "015",
      "opponent": "Trials"
    },
    {
      "name": "DeniseD",
      "stroke": "Breast",
      "age": "11-12",
      "gender": "Girls",
      "date": "2003-05-10",
      "time": "46.08",
      "place": "3",
      "team": "Otters",
      "yards": 0,
      "meet": "015",
      "opponent": "Trials"
    },
    {
      "name": "DeniseD",
      "stroke": "Freestyle",
      "age": "11-12",
      "gender": "Girls",
      "date": "2003-05-10",
      "time": "37.08",
      "place": "3",
      "team": "Otters",
      "yards": 0,
      "meet": "015",
      "opponent": "Trials"
    },
    {
      "name": "DeniseD",
      "stroke": "Butterfly",
      "age": "11-12",
      "gender": "Girls",
      "date": "2003-05-31",
      "time": "48.20",
      "place": "9",
      "team": "Otters",
      "yards": 0,
      "meet": "016",
      "opponent": "Pinehurst"
    },
    {
      "name": "DeniseD",
      "stroke": "Back",
      "age": "11-12",
      "gender": "Girls",
      "date": "2003-05-31",
      "time": "50.09",
      "place": "7",
      "team": "Otters",
      "yards": 0,
      "meet": "016",
      "opponent": "Pinehurst"
    },
    {
      "name": "DeniseD",
      "stroke": "Breast",
      "age": "11-12",
      "gender": "Girls",
      "date": "2003-05-31",
      "time": "46.33",
      "place": "4",
      "team": "Otters",
      "yards": 0,
      "meet": "016",
      "opponent": "Pinehurst"
    },
    {
      "name": "DeniseD",
      "stroke": "Freestyle",
      "age": "11-12",
      "gender": "Girls",
      "date": "2003-05-31",
      "time": "38.53",
      "place": "6",
      "team": "Otters",
      "yards": 0,
      "meet": "016",
      "opponent": "Pinehurst"
    },
    {
      "name": "DeniseD",
      "stroke": "Back",
      "age": "11-12",
      "gender": "Girls",
      "date": "2003-06-009",
      "time": "50.26",
      "place": "10",
      "team": "Otters",
      "yards": 0,
      "meet": "017",
      "opponent": "Shadowbrook"
    },
    {
      "name": "DeniseD",
      "stroke": "Breast",
      "age": "11-12",
      "gender": "Girls",
      "date": "2003-06-009",
      "time": "DQ",
      "place": "--",
      "team": "Otters",
      "yards": 0,
      "meet": "017",
      "opponent": "Shadowbrook"
    },
    {
      "name": "DeniseD",
      "stroke": "Freestyle",
      "age": "11-12",
      "gender": "Girls",
      "date": "2003-06-009",
      "time": "38.17",
      "place": "10",
      "team": "Otters",
      "yards": 0,
      "meet": "017",
      "opponent": "Shadowbrook"
    },
    {
      "name": "DeniseD",
      "stroke": "Back",
      "age": "11-12",
      "gender": "Girls",
      "date": "2003-06-14",
      "time": "48.77",
      "place": "9",
      "team": "Otters",
      "yards": 0,
      "meet": "018",
      "opponent": "Pinehurst"
    },
    {
      "name": "DeniseD",
      "stroke": "Breast",
      "age": "11-12",
      "gender": "Girls",
      "date": "2003-06-14",
      "time": "44.91",
      "place": "2",
      "team": "Otters",
      "yards": 0,
      "meet": "018",
      "opponent": "Pinehurst"
    },
    {
      "name": "DeniseD",
      "stroke": "Freestyle",
      "age": "11-12",
      "gender": "Girls",
      "date": "2003-06-14",
      "time": "37.16",
      "place": "5",
      "team": "Otters",
      "yards": 0,
      "meet": "018",
      "opponent": "Pinehurst"
    },
    {
      "name": "DeniseD",
      "stroke": "Back",
      "age": "11-12",
      "gender": "Girls",
      "date": "2003-06-21",
      "time": "45.05",
      "place": "7",
      "team": "Otters",
      "yards": 0,
      "meet": "019",
      "opponent": "Crossgates"
    },
    {
      "name": "DeniseD",
      "stroke": "Breast",
      "age": "11-12",
      "gender": "Girls",
      "date": "2003-06-21",
      "time": "44.16",
      "place": "3",
      "team": "Otters",
      "yards": 0,
      "meet": "019",
      "opponent": "Crossgates"
    },
    {
      "name": "DeniseD",
      "stroke": "Freestyle",
      "age": "11-12",
      "gender": "Girls",
      "date": "2003-06-21",
      "time": "36.74",
      "place": "10",
      "team": "Otters",
      "yards": 0,
      "meet": "019",
      "opponent": "Crossgates"
    },
    {
      "name": "DeniseD",
      "stroke": "Back",
      "age": "11-12",
      "gender": "Girls",
      "date": "2003-06-28",
      "time": "46.29",
      "place": "14",
      "team": "Otters",
      "yards": 0,
      "meet": "020",
      "opponent": "Almaden"
    },
    {
      "name": "DeniseD",
      "stroke": "Freestyle",
      "age": "11-12",
      "gender": "Girls",
      "date": "2003-06-28",
      "time": "35.77",
      "place": "11",
      "team": "Otters",
      "yards": 0,
      "meet": "020",
      "opponent": "Almaden"
    },
    {
      "name": "DeniseD",
      "stroke": "Back",
      "age": "11-12",
      "gender": "Girls",
      "date": "2003-07-12",
      "time": "46.22",
      "place": "13",
      "team": "Otters",
      "yards": 0,
      "meet": "021",
      "opponent": "Creekside"
    },
    {
      "name": "DeniseD",
      "stroke": "Breast",
      "age": "11-12",
      "gender": "Girls",
      "date": "2003-07-12",
      "time": "44.20",
      "place": "5",
      "team": "Otters",
      "yards": 0,
      "meet": "021",
      "opponent": "Creekside"
    },
    {
      "name": "DeniseD",
      "stroke": "Freestyle",
      "age": "11-12",
      "gender": "Girls",
      "date": "2003-07-12",
      "time": "38.68",
      "place": "18",
      "team": "Otters",
      "yards": 0,
      "meet": "021",
      "opponent": "Creekside"
    },
    {
      "name": "DeniseD",
      "stroke": "Back",
      "age": "13-14",
      "gender": "Girls",
      "date": "2003-07-19",
      "time": "43.54",
      "place": "29",
      "team": "Otters",
      "yards": 0,
      "meet": "022",
      "opponent": "Champs"
    },
    {
      "name": "DeniseD",
      "stroke": "Breast",
      "age": "13-14",
      "gender": "Girls",
      "date": "2003-07-19",
      "time": "43.35",
      "place": "19",
      "team": "Otters",
      "yards": 0,
      "meet": "022",
      "opponent": "Champs"
    },
    {
      "name": "DeniseD",
      "stroke": "Freestyle",
      "age": "13-14",
      "gender": "Girls",
      "date": "2003-07-19",
      "time": "34.69",
      "place": "38",
      "team": "Otters",
      "yards": 0,
      "meet": "022",
      "opponent": "Champs"
    },
    {
      "name": "DeniseD",
      "stroke": "Butterfly",
      "age": "11-12",
      "gender": "Girls",
      "date": "2004-05-20",
      "time": "46.33",
      "place": "6",
      "team": "Otters",
      "yards": 0,
      "meet": "023",
      "opponent": "Trials"
    },
    {
      "name": "DeniseD",
      "stroke": "Back",
      "age": "11-12",
      "gender": "Girls",
      "date": "2004-05-20",
      "time": "46.56",
      "place": "9",
      "team": "Otters",
      "yards": 0,
      "meet": "023",
      "opponent": "Trials"
    },
    {
      "name": "DeniseD",
      "stroke": "Breast",
      "age": "11-12",
      "gender": "Girls",
      "date": "2004-05-20",
      "time": "48.59",
      "place": "7",
      "team": "Otters",
      "yards": 0,
      "meet": "023",
      "opponent": "Trials"
    },
    {
      "name": "DeniseD",
      "stroke": "Freestyle",
      "age": "11-12",
      "gender": "Girls",
      "date": "2004-05-20",
      "time": "36.44",
      "place": "7",
      "team": "Otters",
      "yards": 0,
      "meet": "023",
      "opponent": "Trials"
    },
    {
      "name": "DeniseD",
      "stroke": "Butterfly",
      "age": "11-12",
      "gender": "Girls",
      "date": "2004-06-005",
      "time": "DQ",
      "place": "--",
      "team": "Otters",
      "yards": 0,
      "meet": "024",
      "opponent": "Creekside"
    },
    {
      "name": "DeniseD",
      "stroke": "Freestyle",
      "age": "11-12",
      "gender": "Girls",
      "date": "2004-06-005",
      "time": "34.17",
      "place": "8",
      "team": "Otters",
      "yards": 0,
      "meet": "024",
      "opponent": "Creekside"
    },
    {
      "name": "DeniseD",
      "stroke": "Butterfly",
      "age": "11-12",
      "gender": "Girls",
      "date": "2004-06-12",
      "time": "DQ",
      "place": "--",
      "team": "Otters",
      "yards": 0,
      "meet": "025",
      "opponent": "Shadowbrook"
    },
    {
      "name": "DeniseD",
      "stroke": "Breast",
      "age": "11-12",
      "gender": "Girls",
      "date": "2004-06-12",
      "time": "44.63",
      "place": "3",
      "team": "Otters",
      "yards": 0,
      "meet": "025",
      "opponent": "Shadowbrook"
    },
    {
      "name": "DeniseD",
      "stroke": "Freestyle",
      "age": "11-12",
      "gender": "Girls",
      "date": "2004-06-12",
      "time": "35.12",
      "place": "6",
      "team": "Otters",
      "yards": 0,
      "meet": "025",
      "opponent": "Shadowbrook"
    },
    {
      "name": "DeniseD",
      "stroke": "Back",
      "age": "11-12",
      "gender": "Girls",
      "date": "2004-06-19",
      "time": "44.46",
      "place": "7",
      "team": "Otters",
      "yards": 0,
      "meet": "026",
      "opponent": "Pinehurst"
    },
    {
      "name": "DeniseD",
      "stroke": "Breast",
      "age": "11-12",
      "gender": "Girls",
      "date": "2004-06-19",
      "time": "45.71",
      "place": "5",
      "team": "Otters",
      "yards": 0,
      "meet": "026",
      "opponent": "Pinehurst"
    },
    {
      "name": "DeniseD",
      "stroke": "Freestyle",
      "age": "11-12",
      "gender": "Girls",
      "date": "2004-06-19",
      "time": "35.87",
      "place": "9",
      "team": "Otters",
      "yards": 0,
      "meet": "026",
      "opponent": "Pinehurst"
    },
    {
      "name": "DeniseD",
      "stroke": "Back",
      "age": "11-12",
      "gender": "Girls",
      "date": "2004-06-26",
      "time": "43.95",
      "place": "7",
      "team": "Otters",
      "yards": 0,
      "meet": "027",
      "opponent": "Crossgates"
    },
    {
      "name": "DeniseD",
      "stroke": "Breast",
      "age": "11-12",
      "gender": "Girls",
      "date": "2004-06-26",
      "time": "44.33",
      "place": "4",
      "team": "Otters",
      "yards": 0,
      "meet": "027",
      "opponent": "Crossgates"
    },
    {
      "name": "DeniseD",
      "stroke": "Freestyle",
      "age": "11-12",
      "gender": "Girls",
      "date": "2004-06-26",
      "time": "35.72",
      "place": "11",
      "team": "Otters",
      "yards": 0,
      "meet": "027",
      "opponent": "Crossgates"
    },
    {
      "name": "DeniseD",
      "stroke": "Back",
      "age": "11-12",
      "gender": "Girls",
      "date": "2004-07-10",
      "time": "45.03",
      "place": "16",
      "team": "Otters",
      "yards": 0,
      "meet": "028",
      "opponent": "Almaden"
    },
    {
      "name": "DeniseD",
      "stroke": "Breast",
      "age": "11-12",
      "gender": "Girls",
      "date": "2004-07-10",
      "time": "44.56",
      "place": "6",
      "team": "Otters",
      "yards": 0,
      "meet": "028",
      "opponent": "Almaden"
    },
    {
      "name": "DeniseD",
      "stroke": "Freestyle",
      "age": "11-12",
      "gender": "Girls",
      "date": "2004-07-10",
      "time": "35.31",
      "place": "14",
      "team": "Otters",
      "yards": 0,
      "meet": "028",
      "opponent": "Almaden"
    },
    {
      "name": "DeniseD",
      "stroke": "Back",
      "age": "13-14",
      "gender": "Girls",
      "date": "2005-06-004",
      "time": "DQ",
      "place": "--",
      "team": "Otters",
      "yards": 0,
      "meet": "031",
      "opponent": "Almaden"
    },
    {
      "name": "DeniseD",
      "stroke": "Breast",
      "age": "13-14",
      "gender": "Girls",
      "date": "2005-06-004",
      "time": "45.53",
      "place": "13",
      "team": "Otters",
      "yards": 0,
      "meet": "031",
      "opponent": "Almaden"
    },
    {
      "name": "DeniseD",
      "stroke": "Freestyle",
      "age": "13-14",
      "gender": "Girls",
      "date": "2005-06-004",
      "time": "35.85",
      "place": "19",
      "team": "Otters",
      "yards": 0,
      "meet": "031",
      "opponent": "Almaden"
    },
    {
      "name": "DeniseD",
      "stroke": "Back",
      "age": "13-14",
      "gender": "Girls",
      "date": "2005-06-11",
      "time": "46.12",
      "place": "13",
      "team": "Otters",
      "yards": 0,
      "meet": "032",
      "opponent": "Creekside"
    },
    {
      "name": "DeniseD",
      "stroke": "Breast",
      "age": "13-14",
      "gender": "Girls",
      "date": "2005-06-11",
      "time": "43.53",
      "place": "8",
      "team": "Otters",
      "yards": 0,
      "meet": "032",
      "opponent": "Creekside"
    },
    {
      "name": "DeniseD",
      "stroke": "Freestyle",
      "age": "13-14",
      "gender": "Girls",
      "date": "2005-06-11",
      "time": "37.29",
      "place": "14",
      "team": "Otters",
      "yards": 0,
      "meet": "032",
      "opponent": "Creekside"
    },
    {
      "name": "DeniseD",
      "stroke": "Back",
      "age": "13-14",
      "gender": "Girls",
      "date": "2005-07-009",
      "time": "48.37",
      "place": "10",
      "team": "Otters",
      "yards": 0,
      "meet": "035",
      "opponent": "Crossgates"
    },
    {
      "name": "DeniseD",
      "stroke": "Freestyle",
      "age": "13-14",
      "gender": "Girls",
      "date": "2005-07-009",
      "time": "34.96",
      "place": "7",
      "team": "Otters",
      "yards": 0,
      "meet": "035",
      "opponent": "Crossgates"
    },
    {
      "name": "DeniseD",
      "stroke": "Back",
      "age": "13-14",
      "gender": "Girls",
      "date": "2005-07-16",
      "time": "48.37",
      "place": "38",
      "team": "Otters",
      "yards": 0,
      "meet": "036",
      "opponent": "Champs"
    },
    {
      "name": "DeniseD",
      "stroke": "Breast",
      "age": "13-14",
      "gender": "Girls",
      "date": "2005-07-16",
      "time": "43.82",
      "place": "24",
      "team": "Otters",
      "yards": 0,
      "meet": "036",
      "opponent": "Champs"
    },
    {
      "name": "DeniseD",
      "stroke": "Freestyle",
      "age": "13-14",
      "gender": "Girls",
      "date": "2005-07-16",
      "time": "36.23",
      "place": "47",
      "team": "Otters",
      "yards": 0,
      "meet": "036",
      "opponent": "Champs"
    },
    {
      "name": "DeniseD",
      "stroke": "Butterfly",
      "age": "13-14",
      "gender": "Girls",
      "date": "2006-05-20",
      "time": "44.22",
      "place": "8",
      "team": "Otters",
      "yards": 0,
      "meet": "037",
      "opponent": "Trials"
    },
    {
      "name": "DeniseD",
      "stroke": "Back",
      "age": "13-14",
      "gender": "Girls",
      "date": "2006-05-20",
      "time": "48.43",
      "place": "8",
      "team": "Otters",
      "yards": 0,
      "meet": "037",
      "opponent": "Trials"
    },
    {
      "name": "DeniseD",
      "stroke": "Back",
      "age": "13-14",
      "gender": "Girls",
      "date": "2006-06-003",
      "time": "47.15",
      "place": "11",
      "team": "Otters",
      "yards": 0,
      "meet": "038",
      "opponent": "Crossgates"
    },
    {
      "name": "DeniseD",
      "stroke": "Breast",
      "age": "13-14",
      "gender": "Girls",
      "date": "2006-06-003",
      "time": "43.85",
      "place": "4",
      "team": "Otters",
      "yards": 0,
      "meet": "038",
      "opponent": "Crossgates"
    },
    {
      "name": "DeniseD",
      "stroke": "Back",
      "age": "13-14",
      "gender": "Girls",
      "date": "2006-06-10",
      "time": "45.44",
      "place": "15",
      "team": "Otters",
      "yards": 0,
      "meet": "039",
      "opponent": "Almaden"
    },
    {
      "name": "DeniseD",
      "stroke": "Breast",
      "age": "13-14",
      "gender": "Girls",
      "date": "2006-06-10",
      "time": "43.18",
      "place": "6",
      "team": "Otters",
      "yards": 0,
      "meet": "039",
      "opponent": "Almaden"
    },
    {
      "name": "DeniseD",
      "stroke": "Freestyle",
      "age": "13-14",
      "gender": "Girls",
      "date": "2006-06-10",
      "time": "34.25",
      "place": "15",
      "team": "Otters",
      "yards": 0,
      "meet": "039",
      "opponent": "Almaden"
    },
    {
      "name": "DeniseD",
      "stroke": "Back",
      "age": "13-14",
      "gender": "Girls",
      "date": "2006-06-17",
      "time": "45.75",
      "place": "16",
      "team": "Otters",
      "yards": 0,
      "meet": "040",
      "opponent": "Creekside"
    },
    {
      "name": "DeniseD",
      "stroke": "Breast",
      "age": "13-14",
      "gender": "Girls",
      "date": "2006-06-17",
      "time": "43.06",
      "place": "5",
      "team": "Otters",
      "yards": 0,
      "meet": "040",
      "opponent": "Creekside"
    },
    {
      "name": "DeniseD",
      "stroke": "Freestyle",
      "age": "13-14",
      "gender": "Girls",
      "date": "2006-06-17",
      "time": "34.62",
      "place": "17",
      "team": "Otters",
      "yards": 0,
      "meet": "040",
      "opponent": "Creekside"
    },
    {
      "name": "DeniseD",
      "stroke": "Back",
      "age": "13-14",
      "gender": "Girls",
      "date": "2006-07-15",
      "time": "44.18",
      "place": "39",
      "team": "Otters",
      "yards": 0,
      "meet": "043",
      "opponent": "Champs"
    },
    {
      "name": "DeniseD",
      "stroke": "Breast",
      "age": "13-14",
      "gender": "Girls",
      "date": "2006-07-15",
      "time": "41.07",
      "place": "9",
      "team": "Otters",
      "yards": 0,
      "meet": "043",
      "opponent": "Champs"
    },
    {
      "name": "DeniseD",
      "stroke": "Freestyle",
      "age": "13-14",
      "gender": "Girls",
      "date": "2006-07-15",
      "time": "34.38",
      "place": "39",
      "team": "Otters",
      "yards": 0,
      "meet": "043",
      "opponent": "Champs"
    },
    {
      "name": "DeniseD",
      "stroke": "Back",
      "age": "15-18",
      "gender": "Girls",
      "date": "2007-06-009",
      "time": "46.67",
      "place": "13",
      "team": "Otters",
      "yards": 0,
      "meet": "045",
      "opponent": "Pinehurst"
    },
    {
      "name": "DeniseD",
      "stroke": "Breast",
      "age": "15-18",
      "gender": "Girls",
      "date": "2007-06-009",
      "time": "43.27",
      "place": "3",
      "team": "Otters",
      "yards": 0,
      "meet": "045",
      "opponent": "Pinehurst"
    },
    {
      "name": "DeniseD",
      "stroke": "Freestyle",
      "age": "15-18",
      "gender": "Girls",
      "date": "2007-06-009",
      "time": "35.51",
      "place": "15",
      "team": "Otters",
      "yards": 0,
      "meet": "045",
      "opponent": "Pinehurst"
    },
    {
      "name": "DeniseD",
      "stroke": "Back",
      "age": "15-18",
      "gender": "Girls",
      "date": "2007-06-16",
      "time": "47.53",
      "place": "10",
      "team": "Otters",
      "yards": 0,
      "meet": "046",
      "opponent": "Crossgates"
    },
    {
      "name": "DeniseD",
      "stroke": "Breast",
      "age": "15-18",
      "gender": "Girls",
      "date": "2007-06-16",
      "time": "43.22",
      "place": "8",
      "team": "Otters",
      "yards": 0,
      "meet": "046",
      "opponent": "Crossgates"
    },
    {
      "name": "DeniseD",
      "stroke": "Freestyle",
      "age": "15-18",
      "gender": "Girls",
      "date": "2007-06-16",
      "time": "34.91",
      "place": "11",
      "team": "Otters",
      "yards": 0,
      "meet": "046",
      "opponent": "Crossgates"
    },
    {
      "name": "DeniseD",
      "stroke": "Breast",
      "age": "15-18",
      "gender": "Girls",
      "date": "2007-06-30",
      "time": "43.60",
      "place": "9",
      "team": "Otters",
      "yards": 0,
      "meet": "048",
      "opponent": "Creekside"
    },
    {
      "name": "DeniseD",
      "stroke": "Freestyle",
      "age": "15-18",
      "gender": "Girls",
      "date": "2007-06-30",
      "time": "34.69",
      "place": "20",
      "team": "Otters",
      "yards": 0,
      "meet": "048",
      "opponent": "Creekside"
    },
    {
      "name": "DeniseD",
      "stroke": "Back",
      "age": "15-18",
      "gender": "Girls",
      "date": "2007-07-007",
      "time": "47.99",
      "place": "10",
      "team": "Otters",
      "yards": 0,
      "meet": "049",
      "opponent": "Shadowbrook"
    },
    {
      "name": "DeniseD",
      "stroke": "Breast",
      "age": "15-18",
      "gender": "Girls",
      "date": "2007-07-007",
      "time": "43.97",
      "place": "6",
      "team": "Otters",
      "yards": 0,
      "meet": "049",
      "opponent": "Shadowbrook"
    },
    {
      "name": "DeniseD",
      "stroke": "Back",
      "age": "15-18",
      "gender": "Girls",
      "date": "2007-07-14",
      "time": "44.69",
      "place": "49",
      "team": "Otters",
      "yards": 0,
      "meet": "050",
      "opponent": "Champs"
    },
    {
      "name": "DeniseD",
      "stroke": "Breast",
      "age": "15-18",
      "gender": "Girls",
      "date": "2007-07-14",
      "time": "42.70",
      "place": "22",
      "team": "Otters",
      "yards": 0,
      "meet": "050",
      "opponent": "Champs"
    },
    {
      "name": "DeniseD",
      "stroke": "Freestyle",
      "age": "15-18",
      "gender": "Girls",
      "date": "2007-07-14",
      "time": "37.52",
      "place": "64",
      "team": "Otters",
      "yards": 0,
      "meet": "050",
      "opponent": "Champs"
    }
  ]
}