{
  "scores": [
    {
      "name": "DonovanM",
      "stroke": "Back",
      "age": "6 & Under",
      "gender": "Boys",
      "date": "2016-05-20",
      "time": "51.86",
      "place": "9",
      "team": "Otters",
      "yards": 0,
      "meet": "107",
      "opponent": "Trials"
    },
    {
      "name": "DonovanM",
      "stroke": "Freestyle",
      "age": "6 & Under",
      "gender": "Boys",
      "date": "2016-05-20",
      "time": "47.34",
      "place": "12",
      "team": "Otters",
      "yards": 0,
      "meet": "107",
      "opponent": "Trials"
    }
  ]
}