{
  "scores": [
    {
      "name": "DustinD",
      "stroke": "Back",
      "age": "11-12",
      "gender": "Boys",
      "date": "2001-06-16",
      "time": "41.40",
      "place": "3",
      "team": "Otters",
      "yards": 0,
      "meet": "002",
      "opponent": "Almaden"
    },
    {
      "name": "DustinD",
      "stroke": "Breast",
      "age": "11-12",
      "gender": "Boys",
      "date": "2001-06-16",
      "time": "1:00.03",
      "place": "7",
      "team": "Otters",
      "yards": 0,
      "meet": "002",
      "opponent": "Almaden"
    },
    {
      "name": "DustinD",
      "stroke": "Freestyle",
      "age": "11-12",
      "gender": "Boys",
      "date": "2001-06-16",
      "time": "40.89",
      "place": "13",
      "team": "Otters",
      "yards": 0,
      "meet": "002",
      "opponent": "Almaden"
    },
    {
      "name": "DustinD",
      "stroke": "Back",
      "age": "11-12",
      "gender": "Boys",
      "date": "2001-06-23",
      "time": "52.43",
      "place": "9",
      "team": "Otters",
      "yards": 0,
      "meet": "003",
      "opponent": "Creekside"
    },
    {
      "name": "DustinD",
      "stroke": "Breast",
      "age": "11-12",
      "gender": "Boys",
      "date": "2001-06-23",
      "time": "56.63",
      "place": "8",
      "team": "Otters",
      "yards": 0,
      "meet": "003",
      "opponent": "Creekside"
    },
    {
      "name": "DustinD",
      "stroke": "Freestyle",
      "age": "11-12",
      "gender": "Boys",
      "date": "2001-06-23",
      "time": "41.09",
      "place": "10",
      "team": "Otters",
      "yards": 0,
      "meet": "003",
      "opponent": "Creekside"
    },
    {
      "name": "DustinD",
      "stroke": "Back",
      "age": "11-12",
      "gender": "Boys",
      "date": "2001-06-30",
      "time": "50.97",
      "place": "8",
      "team": "Otters",
      "yards": 0,
      "meet": "004",
      "opponent": "Shadowbrook"
    },
    {
      "name": "DustinD",
      "stroke": "Breast",
      "age": "11-12",
      "gender": "Boys",
      "date": "2001-06-30",
      "time": "55.66",
      "place": "6",
      "team": "Otters",
      "yards": 0,
      "meet": "004",
      "opponent": "Shadowbrook"
    },
    {
      "name": "DustinD",
      "stroke": "Freestyle",
      "age": "11-12",
      "gender": "Boys",
      "date": "2001-06-30",
      "time": "40.62",
      "place": "9",
      "team": "Otters",
      "yards": 0,
      "meet": "004",
      "opponent": "Shadowbrook"
    },
    {
      "name": "DustinD",
      "stroke": "Butterfly",
      "age": "11-12",
      "gender": "Boys",
      "date": "2001-07-14",
      "time": "56.35",
      "place": "5",
      "team": "Otters",
      "yards": 0,
      "meet": "005",
      "opponent": "Pinehurst"
    },
    {
      "name": "DustinD",
      "stroke": "Breast",
      "age": "11-12",
      "gender": "Boys",
      "date": "2001-07-14",
      "time": "54.94",
      "place": "6",
      "team": "Otters",
      "yards": 0,
      "meet": "005",
      "opponent": "Pinehurst"
    },
    {
      "name": "DustinD",
      "stroke": "Freestyle",
      "age": "11-12",
      "gender": "Boys",
      "date": "2001-07-14",
      "time": "41.12",
      "place": "8",
      "team": "Otters",
      "yards": 0,
      "meet": "005",
      "opponent": "Pinehurst"
    },
    {
      "name": "DustinD",
      "stroke": "Back",
      "age": "11-12",
      "gender": "Boys",
      "date": "2001-07-21",
      "time": "49.79",
      "place": "25",
      "team": "Otters",
      "yards": 0,
      "meet": "006",
      "opponent": "Champs"
    },
    {
      "name": "DustinD",
      "stroke": "Breast",
      "age": "11-12",
      "gender": "Boys",
      "date": "2001-07-21",
      "time": "51.55",
      "place": "18",
      "team": "Otters",
      "yards": 0,
      "meet": "006",
      "opponent": "Champs"
    },
    {
      "name": "DustinD",
      "stroke": "Freestyle",
      "age": "11-12",
      "gender": "Boys",
      "date": "2001-07-21",
      "time": "40.51",
      "place": "30",
      "team": "Otters",
      "yards": 0,
      "meet": "006",
      "opponent": "Champs"
    },
    {
      "name": "DustinD",
      "stroke": "Back",
      "age": "13-14",
      "gender": "Boys",
      "date": "2003-06-009",
      "time": "43.93",
      "place": "6",
      "team": "Otters",
      "yards": 0,
      "meet": "017",
      "opponent": "Shadowbrook"
    },
    {
      "name": "DustinD",
      "stroke": "Breast",
      "age": "13-14",
      "gender": "Boys",
      "date": "2003-06-009",
      "time": "45.89",
      "place": "5",
      "team": "Otters",
      "yards": 0,
      "meet": "017",
      "opponent": "Shadowbrook"
    },
    {
      "name": "DustinD",
      "stroke": "Freestyle",
      "age": "13-14",
      "gender": "Boys",
      "date": "2003-06-009",
      "time": "34.17",
      "place": "8",
      "team": "Otters",
      "yards": 0,
      "meet": "017",
      "opponent": "Shadowbrook"
    },
    {
      "name": "DustinD",
      "stroke": "Back",
      "age": "13-14",
      "gender": "Boys",
      "date": "2003-06-14",
      "time": "44.22",
      "place": "8",
      "team": "Otters",
      "yards": 0,
      "meet": "018",
      "opponent": "Pinehurst"
    },
    {
      "name": "DustinD",
      "stroke": "Breast",
      "age": "13-14",
      "gender": "Boys",
      "date": "2003-06-14",
      "time": "42.69",
      "place": "4",
      "team": "Otters",
      "yards": 0,
      "meet": "018",
      "opponent": "Pinehurst"
    },
    {
      "name": "DustinD",
      "stroke": "Freestyle",
      "age": "13-14",
      "gender": "Boys",
      "date": "2003-06-14",
      "time": "32.77",
      "place": "7",
      "team": "Otters",
      "yards": 0,
      "meet": "018",
      "opponent": "Pinehurst"
    },
    {
      "name": "DustinD",
      "stroke": "Back",
      "age": "13-14",
      "gender": "Boys",
      "date": "2003-06-21",
      "time": "44.85",
      "place": "8",
      "team": "Otters",
      "yards": 0,
      "meet": "019",
      "opponent": "Crossgates"
    },
    {
      "name": "DustinD",
      "stroke": "Breast",
      "age": "13-14",
      "gender": "Boys",
      "date": "2003-06-21",
      "time": "42.46",
      "place": "6",
      "team": "Otters",
      "yards": 0,
      "meet": "019",
      "opponent": "Crossgates"
    },
    {
      "name": "DustinD",
      "stroke": "Freestyle",
      "age": "13-14",
      "gender": "Boys",
      "date": "2003-06-21",
      "time": "34.13",
      "place": "9",
      "team": "Otters",
      "yards": 0,
      "meet": "019",
      "opponent": "Crossgates"
    },
    {
      "name": "DustinD",
      "stroke": "Back",
      "age": "13-14",
      "gender": "Boys",
      "date": "2003-06-28",
      "time": "42.49",
      "place": "5",
      "team": "Otters",
      "yards": 0,
      "meet": "020",
      "opponent": "Almaden"
    },
    {
      "name": "DustinD",
      "stroke": "Breast",
      "age": "13-14",
      "gender": "Boys",
      "date": "2003-06-28",
      "time": "44.24",
      "place": "4",
      "team": "Otters",
      "yards": 0,
      "meet": "020",
      "opponent": "Almaden"
    },
    {
      "name": "DustinD",
      "stroke": "Freestyle",
      "age": "13-14",
      "gender": "Boys",
      "date": "2003-06-28",
      "time": "32.24",
      "place": "8",
      "team": "Otters",
      "yards": 0,
      "meet": "020",
      "opponent": "Almaden"
    },
    {
      "name": "DustinD",
      "stroke": "Back",
      "age": "13-14",
      "gender": "Boys",
      "date": "2003-07-12",
      "time": "42.91",
      "place": "9",
      "team": "Otters",
      "yards": 0,
      "meet": "021",
      "opponent": "Creekside"
    },
    {
      "name": "DustinD",
      "stroke": "Breast",
      "age": "13-14",
      "gender": "Boys",
      "date": "2003-07-12",
      "time": "40.85",
      "place": "4",
      "team": "Otters",
      "yards": 0,
      "meet": "021",
      "opponent": "Creekside"
    },
    {
      "name": "DustinD",
      "stroke": "Freestyle",
      "age": "13-14",
      "gender": "Boys",
      "date": "2003-07-12",
      "time": "32.76",
      "place": "10",
      "team": "Otters",
      "yards": 0,
      "meet": "021",
      "opponent": "Creekside"
    },
    {
      "name": "DustinD",
      "stroke": "Back",
      "age": "15-18",
      "gender": "Boys",
      "date": "2003-07-19",
      "time": "41.79",
      "place": "29",
      "team": "Otters",
      "yards": 0,
      "meet": "022",
      "opponent": "Champs"
    },
    {
      "name": "DustinD",
      "stroke": "Breast",
      "age": "15-18",
      "gender": "Boys",
      "date": "2003-07-19",
      "time": "40.05",
      "place": "26",
      "team": "Otters",
      "yards": 0,
      "meet": "022",
      "opponent": "Champs"
    },
    {
      "name": "DustinD",
      "stroke": "Freestyle",
      "age": "15-18",
      "gender": "Boys",
      "date": "2003-07-19",
      "time": "31.44",
      "place": "40",
      "team": "Otters",
      "yards": 0,
      "meet": "022",
      "opponent": "Champs"
    },
    {
      "name": "DustinD",
      "stroke": "Back",
      "age": "13-14",
      "gender": "Boys",
      "date": "2004-05-20",
      "time": "42.18",
      "place": "6",
      "team": "Otters",
      "yards": 0,
      "meet": "023",
      "opponent": "Trials"
    },
    {
      "name": "DustinD",
      "stroke": "Breast",
      "age": "13-14",
      "gender": "Boys",
      "date": "2004-05-20",
      "time": "40.69",
      "place": "4",
      "team": "Otters",
      "yards": 0,
      "meet": "023",
      "opponent": "Trials"
    },
    {
      "name": "DustinD",
      "stroke": "Freestyle",
      "age": "13-14",
      "gender": "Boys",
      "date": "2004-05-20",
      "time": "30.65",
      "place": "5",
      "team": "Otters",
      "yards": 0,
      "meet": "023",
      "opponent": "Trials"
    },
    {
      "name": "DustinD",
      "stroke": "Back",
      "age": "13-14",
      "gender": "Boys",
      "date": "2004-06-005",
      "time": "36.07",
      "place": "6",
      "team": "Otters",
      "yards": 0,
      "meet": "024",
      "opponent": "Creekside"
    },
    {
      "name": "DustinD",
      "stroke": "Breast",
      "age": "13-14",
      "gender": "Boys",
      "date": "2004-06-005",
      "time": "39.43",
      "place": "6",
      "team": "Otters",
      "yards": 0,
      "meet": "024",
      "opponent": "Creekside"
    },
    {
      "name": "DustinD",
      "stroke": "Freestyle",
      "age": "13-14",
      "gender": "Boys",
      "date": "2004-06-005",
      "time": "30.64",
      "place": "10",
      "team": "Otters",
      "yards": 0,
      "meet": "024",
      "opponent": "Creekside"
    },
    {
      "name": "DustinD",
      "stroke": "Back",
      "age": "13-14",
      "gender": "Boys",
      "date": "2004-06-12",
      "time": "41.01",
      "place": "4",
      "team": "Otters",
      "yards": 0,
      "meet": "025",
      "opponent": "Shadowbrook"
    },
    {
      "name": "DustinD",
      "stroke": "Breast",
      "age": "13-14",
      "gender": "Boys",
      "date": "2004-06-12",
      "time": "41.51",
      "place": "3",
      "team": "Otters",
      "yards": 0,
      "meet": "025",
      "opponent": "Shadowbrook"
    },
    {
      "name": "DustinD",
      "stroke": "Freestyle",
      "age": "13-14",
      "gender": "Boys",
      "date": "2004-06-12",
      "time": "31.21",
      "place": "6",
      "team": "Otters",
      "yards": 0,
      "meet": "025",
      "opponent": "Shadowbrook"
    },
    {
      "name": "DustinD",
      "stroke": "Back",
      "age": "13-14",
      "gender": "Boys",
      "date": "2004-06-19",
      "time": "42.93",
      "place": "11",
      "team": "Otters",
      "yards": 0,
      "meet": "026",
      "opponent": "Pinehurst"
    },
    {
      "name": "DustinD",
      "stroke": "Breast",
      "age": "13-14",
      "gender": "Boys",
      "date": "2004-06-19",
      "time": "42.06",
      "place": "7",
      "team": "Otters",
      "yards": 0,
      "meet": "026",
      "opponent": "Pinehurst"
    },
    {
      "name": "DustinD",
      "stroke": "Freestyle",
      "age": "13-14",
      "gender": "Boys",
      "date": "2004-06-19",
      "time": "31.00",
      "place": "10",
      "team": "Otters",
      "yards": 0,
      "meet": "026",
      "opponent": "Pinehurst"
    },
    {
      "name": "DustinD",
      "stroke": "Back",
      "age": "13-14",
      "gender": "Boys",
      "date": "2004-06-26",
      "time": "40.93",
      "place": "6",
      "team": "Otters",
      "yards": 0,
      "meet": "027",
      "opponent": "Crossgates"
    },
    {
      "name": "DustinD",
      "stroke": "Breast",
      "age": "13-14",
      "gender": "Boys",
      "date": "2004-06-26",
      "time": "40.34",
      "place": "4",
      "team": "Otters",
      "yards": 0,
      "meet": "027",
      "opponent": "Crossgates"
    },
    {
      "name": "DustinD",
      "stroke": "Freestyle",
      "age": "13-14",
      "gender": "Boys",
      "date": "2004-06-26",
      "time": "30.50",
      "place": "5",
      "team": "Otters",
      "yards": 0,
      "meet": "027",
      "opponent": "Crossgates"
    },
    {
      "name": "DustinD",
      "stroke": "Back",
      "age": "13-14",
      "gender": "Boys",
      "date": "2004-07-10",
      "time": "40.75",
      "place": "6",
      "team": "Otters",
      "yards": 0,
      "meet": "028",
      "opponent": "Almaden"
    },
    {
      "name": "DustinD",
      "stroke": "Breast",
      "age": "13-14",
      "gender": "Boys",
      "date": "2004-07-10",
      "time": "40.62",
      "place": "5",
      "team": "Otters",
      "yards": 0,
      "meet": "028",
      "opponent": "Almaden"
    },
    {
      "name": "DustinD",
      "stroke": "Freestyle",
      "age": "13-14",
      "gender": "Boys",
      "date": "2004-07-10",
      "time": "32.34",
      "place": "11",
      "team": "Otters",
      "yards": 0,
      "meet": "028",
      "opponent": "Almaden"
    },
    {
      "name": "DustinD",
      "stroke": "Back",
      "age": "13-14",
      "gender": "Boys",
      "date": "2004-07-17",
      "time": "41.99",
      "place": "27",
      "team": "Otters",
      "yards": 0,
      "meet": "029",
      "opponent": "Champs"
    },
    {
      "name": "DustinD",
      "stroke": "Breast",
      "age": "13-14",
      "gender": "Boys",
      "date": "2004-07-17",
      "time": "39.61",
      "place": "13",
      "team": "Otters",
      "yards": 0,
      "meet": "029",
      "opponent": "Champs"
    },
    {
      "name": "DustinD",
      "stroke": "Freestyle",
      "age": "13-14",
      "gender": "Boys",
      "date": "2004-07-17",
      "time": "31.23",
      "place": "27",
      "team": "Otters",
      "yards": 0,
      "meet": "029",
      "opponent": "Champs"
    },
    {
      "name": "DustinD",
      "stroke": "Breast",
      "age": "15-18",
      "gender": "Boys",
      "date": "2005-07-009",
      "time": "37.94",
      "place": "6",
      "team": "Otters",
      "yards": 0,
      "meet": "035",
      "opponent": "Crossgates"
    },
    {
      "name": "DustinD",
      "stroke": "Freestyle",
      "age": "15-18",
      "gender": "Boys",
      "date": "2005-07-009",
      "time": "29.83",
      "place": "11",
      "team": "Otters",
      "yards": 0,
      "meet": "035",
      "opponent": "Crossgates"
    },
    {
      "name": "DustinD",
      "stroke": "Breast",
      "age": "15-18",
      "gender": "Boys",
      "date": "2005-07-16",
      "time": "1:17.49",
      "place": "23",
      "team": "Otters",
      "yards": 0,
      "meet": "036",
      "opponent": "Champs"
    },
    {
      "name": "DustinD",
      "stroke": "Freestyle",
      "age": "15-18",
      "gender": "Boys",
      "date": "2005-07-16",
      "time": "30.00",
      "place": "37",
      "team": "Otters",
      "yards": 0,
      "meet": "036",
      "opponent": "Champs"
    },
    {
      "name": "DustinD",
      "stroke": "Back",
      "age": "15-18",
      "gender": "Boys",
      "date": "2006-06-003",
      "time": "39.56",
      "place": "7",
      "team": "Otters",
      "yards": 0,
      "meet": "038",
      "opponent": "Crossgates"
    },
    {
      "name": "DustinD",
      "stroke": "Breast",
      "age": "15-18",
      "gender": "Boys",
      "date": "2006-06-003",
      "time": "37.65",
      "place": "4",
      "team": "Otters",
      "yards": 0,
      "meet": "038",
      "opponent": "Crossgates"
    },
    {
      "name": "DustinD",
      "stroke": "Freestyle",
      "age": "15-18",
      "gender": "Boys",
      "date": "2006-06-003",
      "time": "29.94",
      "place": "9",
      "team": "Otters",
      "yards": 0,
      "meet": "038",
      "opponent": "Crossgates"
    },
    {
      "name": "DustinD",
      "stroke": "Back",
      "age": "15-18",
      "gender": "Boys",
      "date": "2006-06-10",
      "time": "39.10",
      "place": "9",
      "team": "Otters",
      "yards": 0,
      "meet": "039",
      "opponent": "Almaden"
    },
    {
      "name": "DustinD",
      "stroke": "Breast",
      "age": "15-18",
      "gender": "Boys",
      "date": "2006-06-10",
      "time": "38.88",
      "place": "6",
      "team": "Otters",
      "yards": 0,
      "meet": "039",
      "opponent": "Almaden"
    },
    {
      "name": "DustinD",
      "stroke": "Freestyle",
      "age": "15-18",
      "gender": "Boys",
      "date": "2006-06-10",
      "time": "31.46",
      "place": "12",
      "team": "Otters",
      "yards": 0,
      "meet": "039",
      "opponent": "Almaden"
    },
    {
      "name": "DustinD",
      "stroke": "Back",
      "age": "15-18",
      "gender": "Boys",
      "date": "2006-06-17",
      "time": "38.87",
      "place": "13",
      "team": "Otters",
      "yards": 0,
      "meet": "040",
      "opponent": "Creekside"
    },
    {
      "name": "DustinD",
      "stroke": "Breast",
      "age": "15-18",
      "gender": "Boys",
      "date": "2006-06-17",
      "time": "37.33",
      "place": "8",
      "team": "Otters",
      "yards": 0,
      "meet": "040",
      "opponent": "Creekside"
    },
    {
      "name": "DustinD",
      "stroke": "Freestyle",
      "age": "15-18",
      "gender": "Boys",
      "date": "2006-06-17",
      "time": "29.47",
      "place": "16",
      "team": "Otters",
      "yards": 0,
      "meet": "040",
      "opponent": "Creekside"
    },
    {
      "name": "DustinD",
      "stroke": "Back",
      "age": "15-18",
      "gender": "Boys",
      "date": "2007-06-16",
      "time": "41.37",
      "place": "10",
      "team": "Otters",
      "yards": 0,
      "meet": "046",
      "opponent": "Crossgates"
    },
    {
      "name": "DustinD",
      "stroke": "Breast",
      "age": "15-18",
      "gender": "Boys",
      "date": "2007-06-16",
      "time": "39.19",
      "place": "7",
      "team": "Otters",
      "yards": 0,
      "meet": "046",
      "opponent": "Crossgates"
    },
    {
      "name": "DustinD",
      "stroke": "Freestyle",
      "age": "15-18",
      "gender": "Boys",
      "date": "2007-06-16",
      "time": "35.05",
      "place": "13",
      "team": "Otters",
      "yards": 0,
      "meet": "046",
      "opponent": "Crossgates"
    },
    {
      "name": "DustinD",
      "stroke": "Breast",
      "age": "15-18",
      "gender": "Boys",
      "date": "2007-06-23",
      "time": "36.97",
      "place": "5",
      "team": "Otters",
      "yards": 0,
      "meet": "047",
      "opponent": "Almaden"
    },
    {
      "name": "DustinD",
      "stroke": "Back",
      "age": "15-18",
      "gender": "Boys",
      "date": "2007-07-007",
      "time": "42.12",
      "place": "5",
      "team": "Otters",
      "yards": 0,
      "meet": "049",
      "opponent": "Shadowbrook"
    },
    {
      "name": "DustinD",
      "stroke": "Breast",
      "age": "15-18",
      "gender": "Boys",
      "date": "2007-07-007",
      "time": "37.87",
      "place": "5",
      "team": "Otters",
      "yards": 0,
      "meet": "049",
      "opponent": "Shadowbrook"
    },
    {
      "name": "DustinD",
      "stroke": "Back",
      "age": "15-18",
      "gender": "Boys",
      "date": "2007-07-14",
      "time": "38.29",
      "place": "32",
      "team": "Otters",
      "yards": 0,
      "meet": "050",
      "opponent": "Champs"
    },
    {
      "name": "DustinD",
      "stroke": "Breast",
      "age": "15-18",
      "gender": "Boys",
      "date": "2007-07-14",
      "time": "36.24",
      "place": "18",
      "team": "Otters",
      "yards": 0,
      "meet": "050",
      "opponent": "Champs"
    },
    {
      "name": "DustinD",
      "stroke": "Freestyle",
      "age": "15-18",
      "gender": "Boys",
      "date": "2007-07-14",
      "time": "29.18",
      "place": "38",
      "team": "Otters",
      "yards": 0,
      "meet": "050",
      "opponent": "Champs"
    },
    {
      "name": "DustinD",
      "stroke": "Back",
      "age": "15-18",
      "gender": "Boys",
      "date": "2008-06-21",
      "time": "40.84",
      "place": "4",
      "team": "Otters",
      "yards": 0,
      "meet": "054",
      "opponent": "Crossgates"
    },
    {
      "name": "DustinD",
      "stroke": "Breast",
      "age": "15-18",
      "gender": "Boys",
      "date": "2008-06-28",
      "time": "36.27",
      "place": "6",
      "team": "Otters",
      "yards": 0,
      "meet": "055",
      "opponent": "Almaden"
    },
    {
      "name": "DustinD",
      "stroke": "Freestyle",
      "age": "15-18",
      "gender": "Boys",
      "date": "2008-06-28",
      "time": "29.56",
      "place": "10",
      "team": "Otters",
      "yards": 0,
      "meet": "055",
      "opponent": "Almaden"
    }
  ]
}