{
  "scores": [
    {
      "name": "DylanV",
      "stroke": "Butterfly",
      "age": "8 & Under",
      "gender": "Boys",
      "date": "2010-05-22",
      "time": "36.42",
      "place": "3",
      "team": "Otters",
      "yards": 0,
      "meet": "065",
      "opponent": "Trials"
    },
    {
      "name": "DylanV",
      "stroke": "Back",
      "age": "7-8",
      "gender": "Boys",
      "date": "2010-05-22",
      "time": "33.13",
      "place": "5",
      "team": "Otters",
      "yards": 0,
      "meet": "065",
      "opponent": "Trials"
    },
    {
      "name": "DylanV",
      "stroke": "Breast",
      "age": "8 & Under",
      "gender": "Boys",
      "date": "2010-05-22",
      "time": "36.30",
      "place": "5",
      "team": "Otters",
      "yards": 0,
      "meet": "065",
      "opponent": "Trials"
    },
    {
      "name": "DylanV",
      "stroke": "Freestyle",
      "age": "7-8",
      "gender": "Boys",
      "date": "2010-05-22",
      "time": "27.01",
      "place": "6",
      "team": "Otters",
      "yards": 0,
      "meet": "065",
      "opponent": "Trials"
    },
    {
      "name": "DylanV",
      "stroke": "Butterfly",
      "age": "8 & Under",
      "gender": "Boys",
      "date": "2010-06-005",
      "time": "29.63",
      "place": "4",
      "team": "Otters",
      "yards": 0,
      "meet": "066",
      "opponent": "Almaden"
    },
    {
      "name": "DylanV",
      "stroke": "Breast",
      "age": "8 & Under",
      "gender": "Boys",
      "date": "2010-06-005",
      "time": "34.25",
      "place": "7",
      "team": "Otters",
      "yards": 0,
      "meet": "066",
      "opponent": "Almaden"
    },
    {
      "name": "DylanV",
      "stroke": "Back",
      "age": "7-8",
      "gender": "Boys",
      "date": "2010-06-12",
      "time": "32.89",
      "place": "7",
      "team": "Otters",
      "yards": 0,
      "meet": "067",
      "opponent": "Creekside"
    },
    {
      "name": "DylanV",
      "stroke": "Breast",
      "age": "8 & Under",
      "gender": "Boys",
      "date": "2010-06-12",
      "time": "33.02",
      "place": "3",
      "team": "Otters",
      "yards": 0,
      "meet": "067",
      "opponent": "Creekside"
    },
    {
      "name": "DylanV",
      "stroke": "Freestyle",
      "age": "7-8",
      "gender": "Boys",
      "date": "2010-06-12",
      "time": "28.50",
      "place": "9",
      "team": "Otters",
      "yards": 0,
      "meet": "067",
      "opponent": "Creekside"
    },
    {
      "name": "DylanV",
      "stroke": "Butterfly",
      "age": "8 & Under",
      "gender": "Boys",
      "date": "2010-06-19",
      "time": "DQ",
      "place": "--",
      "team": "Otters",
      "yards": 0,
      "meet": "068",
      "opponent": "Shadowbrook"
    },
    {
      "name": "DylanV",
      "stroke": "Breast",
      "age": "8 & Under",
      "gender": "Boys",
      "date": "2010-06-19",
      "time": "31.38",
      "place": "5",
      "team": "Otters",
      "yards": 0,
      "meet": "068",
      "opponent": "Shadowbrook"
    },
    {
      "name": "DylanV",
      "stroke": "Freestyle",
      "age": "7-8",
      "gender": "Boys",
      "date": "2010-06-19",
      "time": "26.56",
      "place": "10",
      "team": "Otters",
      "yards": 0,
      "meet": "068",
      "opponent": "Shadowbrook"
    },
    {
      "name": "DylanV",
      "stroke": "Back",
      "age": "7-8",
      "gender": "Boys",
      "date": "2010-06-26",
      "time": "28.59",
      "place": "13",
      "team": "Otters",
      "yards": 0,
      "meet": "069",
      "opponent": "Pinehurst"
    },
    {
      "name": "DylanV",
      "stroke": "Breast",
      "age": "8 & Under",
      "gender": "Boys",
      "date": "2010-06-26",
      "time": "31.19",
      "place": "5",
      "team": "Otters",
      "yards": 0,
      "meet": "069",
      "opponent": "Pinehurst"
    },
    {
      "name": "DylanV",
      "stroke": "Freestyle",
      "age": "7-8",
      "gender": "Boys",
      "date": "2010-06-26",
      "time": "24.36",
      "place": "16",
      "team": "Otters",
      "yards": 0,
      "meet": "069",
      "opponent": "Pinehurst"
    },
    {
      "name": "DylanV",
      "stroke": "Butterfly",
      "age": "9-10",
      "gender": "Boys",
      "date": "2011-05-21",
      "time": "25.34",
      "place": "8",
      "team": "Otters",
      "yards": 0,
      "meet": "072",
      "opponent": "Trials"
    },
    {
      "name": "DylanV",
      "stroke": "Back",
      "age": "9-10",
      "gender": "Boys",
      "date": "2011-05-21",
      "time": "28.94",
      "place": "12",
      "team": "Otters",
      "yards": 0,
      "meet": "072",
      "opponent": "Trials"
    },
    {
      "name": "DylanV",
      "stroke": "Breast",
      "age": "9-10",
      "gender": "Boys",
      "date": "2011-05-21",
      "time": "28.65",
      "place": "8",
      "team": "Otters",
      "yards": 0,
      "meet": "072",
      "opponent": "Trials"
    },
    {
      "name": "DylanV",
      "stroke": "Freestyle",
      "age": "9-10",
      "gender": "Boys",
      "date": "2011-05-21",
      "time": "20.06",
      "place": "8",
      "team": "Otters",
      "yards": 0,
      "meet": "072",
      "opponent": "Trials"
    },
    {
      "name": "DylanV",
      "stroke": "Butterfly",
      "age": "9-10",
      "gender": "Boys",
      "date": "2011-06-004",
      "time": "23.19",
      "place": "7",
      "team": "Otters",
      "yards": 0,
      "meet": "073",
      "opponent": "Crossgates"
    },
    {
      "name": "DylanV",
      "stroke": "Breast",
      "age": "9-10",
      "gender": "Boys",
      "date": "2011-06-004",
      "time": "DQ",
      "place": "--",
      "team": "Otters",
      "yards": 0,
      "meet": "073",
      "opponent": "Crossgates"
    },
    {
      "name": "DylanV",
      "stroke": "Freestyle",
      "age": "9-10",
      "gender": "Boys",
      "date": "2011-06-004",
      "time": "21.49",
      "place": "17",
      "team": "Otters",
      "yards": 0,
      "meet": "073",
      "opponent": "Crossgates"
    },
    {
      "name": "DylanV",
      "stroke": "Butterfly",
      "age": "9-10",
      "gender": "Boys",
      "date": "2011-06-11",
      "time": "22.69",
      "place": "7",
      "team": "Otters",
      "yards": 0,
      "meet": "074",
      "opponent": "Almaden"
    },
    {
      "name": "DylanV",
      "stroke": "Back",
      "age": "9-10",
      "gender": "Boys",
      "date": "2011-06-11",
      "time": "25.66",
      "place": "11",
      "team": "Otters",
      "yards": 0,
      "meet": "074",
      "opponent": "Almaden"
    },
    {
      "name": "DylanV",
      "stroke": "Freestyle",
      "age": "9-10",
      "gender": "Boys",
      "date": "2011-06-11",
      "time": "18.78",
      "place": "12",
      "team": "Otters",
      "yards": 0,
      "meet": "074",
      "opponent": "Almaden"
    },
    {
      "name": "DylanV",
      "stroke": "Butterfly",
      "age": "9-10",
      "gender": "Boys",
      "date": "2011-06-18",
      "time": "25.84",
      "place": "7",
      "team": "Otters",
      "yards": 0,
      "meet": "075",
      "opponent": "Creekside"
    },
    {
      "name": "DylanV",
      "stroke": "Breast",
      "age": "9-10",
      "gender": "Boys",
      "date": "2011-06-18",
      "time": "25.81",
      "place": "10",
      "team": "Otters",
      "yards": 0,
      "meet": "075",
      "opponent": "Creekside"
    },
    {
      "name": "DylanV",
      "stroke": "Freestyle",
      "age": "9-10",
      "gender": "Boys",
      "date": "2011-06-18",
      "time": "20.94",
      "place": "18",
      "team": "Otters",
      "yards": 0,
      "meet": "075",
      "opponent": "Creekside"
    },
    {
      "name": "DylanV",
      "stroke": "Butterfly",
      "age": "9-10",
      "gender": "Boys",
      "date": "2011-06-25",
      "time": "23.44",
      "place": "9",
      "team": "Otters",
      "yards": 0,
      "meet": "076",
      "opponent": "Shadowbrook"
    },
    {
      "name": "DylanV",
      "stroke": "Breast",
      "age": "9-10",
      "gender": "Boys",
      "date": "2011-06-25",
      "time": "25.59",
      "place": "6",
      "team": "Otters",
      "yards": 0,
      "meet": "076",
      "opponent": "Shadowbrook"
    },
    {
      "name": "DylanV",
      "stroke": "Freestyle",
      "age": "9-10",
      "gender": "Boys",
      "date": "2011-06-25",
      "time": "19.58",
      "place": "15",
      "team": "Otters",
      "yards": 0,
      "meet": "076",
      "opponent": "Shadowbrook"
    },
    {
      "name": "DylanV",
      "stroke": "Butterfly",
      "age": "9-10",
      "gender": "Boys",
      "date": "2011-07-009",
      "time": "22.16",
      "place": "8",
      "team": "Otters",
      "yards": 0,
      "meet": "077",
      "opponent": "Pinehurst"
    },
    {
      "name": "DylanV",
      "stroke": "Breast",
      "age": "9-10",
      "gender": "Boys",
      "date": "2011-07-009",
      "time": "24.38",
      "place": "6",
      "team": "Otters",
      "yards": 0,
      "meet": "077",
      "opponent": "Pinehurst"
    },
    {
      "name": "DylanV",
      "stroke": "Freestyle",
      "age": "9-10",
      "gender": "Boys",
      "date": "2011-07-009",
      "time": "18.29",
      "place": "12",
      "team": "Otters",
      "yards": 0,
      "meet": "077",
      "opponent": "Pinehurst"
    },
    {
      "name": "DylanV",
      "stroke": "Butterfly",
      "age": "9-10",
      "gender": "Boys",
      "date": "2011-07-16",
      "time": "21.17",
      "place": "23",
      "team": "Otters",
      "yards": 0,
      "meet": "078",
      "opponent": "Champs"
    },
    {
      "name": "DylanV",
      "stroke": "Breast",
      "age": "9-10",
      "gender": "Boys",
      "date": "2011-07-16",
      "time": "24.71",
      "place": "23",
      "team": "Otters",
      "yards": 0,
      "meet": "078",
      "opponent": "Champs"
    },
    {
      "name": "DylanV",
      "stroke": "Freestyle",
      "age": "9-10",
      "gender": "Boys",
      "date": "2011-07-16",
      "time": "19.31",
      "place": "48",
      "team": "Otters",
      "yards": 0,
      "meet": "078",
      "opponent": "Champs"
    },
    {
      "name": "DylanV",
      "stroke": "Butterfly",
      "age": "9-10",
      "gender": "Boys",
      "date": "2012-05-19",
      "time": "20.27",
      "place": "5",
      "team": "Otters",
      "yards": 0,
      "meet": "079",
      "opponent": "Trials"
    },
    {
      "name": "DylanV",
      "stroke": "Back",
      "age": "9-10",
      "gender": "Boys",
      "date": "2012-05-19",
      "time": "25.56",
      "place": "9",
      "team": "Otters",
      "yards": 0,
      "meet": "079",
      "opponent": "Trials"
    },
    {
      "name": "DylanV",
      "stroke": "Breast",
      "age": "9-10",
      "gender": "Boys",
      "date": "2012-05-19",
      "time": "23.61",
      "place": "5",
      "team": "Otters",
      "yards": 0,
      "meet": "079",
      "opponent": "Trials"
    },
    {
      "name": "DylanV",
      "stroke": "Freestyle",
      "age": "9-10",
      "gender": "Boys",
      "date": "2012-05-19",
      "time": "19.49",
      "place": "8",
      "team": "Otters",
      "yards": 0,
      "meet": "079",
      "opponent": "Trials"
    },
    {
      "name": "DylanV",
      "stroke": "Butterfly",
      "age": "9-10",
      "gender": "Boys",
      "date": "2012-06-002",
      "time": "22.77",
      "place": "9",
      "team": "Otters",
      "yards": 0,
      "meet": "080",
      "opponent": "Pinehurst"
    },
    {
      "name": "DylanV",
      "stroke": "Breast",
      "age": "9-10",
      "gender": "Boys",
      "date": "2012-06-002",
      "time": "24.12",
      "place": "7",
      "team": "Otters",
      "yards": 0,
      "meet": "080",
      "opponent": "Pinehurst"
    },
    {
      "name": "DylanV",
      "stroke": "Freestyle",
      "age": "9-10",
      "gender": "Boys",
      "date": "2012-06-002",
      "time": "19.27",
      "place": "16",
      "team": "Otters",
      "yards": 0,
      "meet": "080",
      "opponent": "Pinehurst"
    },
    {
      "name": "DylanV",
      "stroke": "Butterfly",
      "age": "9-10",
      "gender": "Boys",
      "date": "2012-06-009",
      "time": "20.85",
      "place": "6",
      "team": "Otters",
      "yards": 0,
      "meet": "081",
      "opponent": "Crossgates"
    },
    {
      "name": "DylanV",
      "stroke": "Breast",
      "age": "9-10",
      "gender": "Boys",
      "date": "2012-06-009",
      "time": "23.78",
      "place": "5",
      "team": "Otters",
      "yards": 0,
      "meet": "081",
      "opponent": "Crossgates"
    },
    {
      "name": "DylanV",
      "stroke": "Freestyle",
      "age": "9-10",
      "gender": "Boys",
      "date": "2012-06-009",
      "time": "19.34",
      "place": "17",
      "team": "Otters",
      "yards": 0,
      "meet": "081",
      "opponent": "Crossgates"
    },
    {
      "name": "DylanV",
      "stroke": "Butterfly",
      "age": "9-10",
      "gender": "Boys",
      "date": "2012-06-16",
      "time": "20.24",
      "place": "9",
      "team": "Otters",
      "yards": 0,
      "meet": "082",
      "opponent": "Almaden"
    },
    {
      "name": "DylanV",
      "stroke": "Back",
      "age": "9-10",
      "gender": "Boys",
      "date": "2012-06-16",
      "time": "23.60",
      "place": "7",
      "team": "Otters",
      "yards": 0,
      "meet": "082",
      "opponent": "Almaden"
    },
    {
      "name": "DylanV",
      "stroke": "Freestyle",
      "age": "9-10",
      "gender": "Boys",
      "date": "2012-06-16",
      "time": "18.11",
      "place": "13",
      "team": "Otters",
      "yards": 0,
      "meet": "082",
      "opponent": "Almaden"
    },
    {
      "name": "DylanV",
      "stroke": "Butterfly",
      "age": "9-10",
      "gender": "Boys",
      "date": "2012-06-30",
      "time": "19.26",
      "place": "6",
      "team": "Otters",
      "yards": 0,
      "meet": "084",
      "opponent": "Shadowbrook"
    },
    {
      "name": "DylanV",
      "stroke": "Breast",
      "age": "9-10",
      "gender": "Boys",
      "date": "2012-06-30",
      "time": "22.53",
      "place": "6",
      "team": "Otters",
      "yards": 0,
      "meet": "084",
      "opponent": "Shadowbrook"
    },
    {
      "name": "DylanV",
      "stroke": "Freestyle",
      "age": "9-10",
      "gender": "Boys",
      "date": "2012-06-30",
      "time": "18.54",
      "place": "15",
      "team": "Otters",
      "yards": 0,
      "meet": "084",
      "opponent": "Shadowbrook"
    },
    {
      "name": "DylanV",
      "stroke": "Butterfly",
      "age": "9-10",
      "gender": "Boys",
      "date": "2012-07-14",
      "time": "19.10",
      "place": "14",
      "team": "Otters",
      "yards": 0,
      "meet": "085",
      "opponent": "Champs"
    },
    {
      "name": "DylanV",
      "stroke": "Breast",
      "age": "9-10",
      "gender": "Boys",
      "date": "2012-07-14",
      "time": "23.00",
      "place": "21",
      "team": "Otters",
      "yards": 0,
      "meet": "085",
      "opponent": "Champs"
    },
    {
      "name": "DylanV",
      "stroke": "Freestyle",
      "age": "9-10",
      "gender": "Boys",
      "date": "2012-07-14",
      "time": "19.04",
      "place": "53",
      "team": "Otters",
      "yards": 0,
      "meet": "085",
      "opponent": "Champs"
    }
  ]
}