{
  "scores": [
    {
      "name": "EdgarG",
      "stroke": "Butterfly",
      "age": "8 & Under",
      "gender": "Boys",
      "date": "2012-05-19",
      "time": "1:01.60",
      "place": "16",
      "team": "Otters",
      "yards": 0,
      "meet": "079",
      "opponent": "Trials"
    },
    {
      "name": "EdgarG",
      "stroke": "Breast",
      "age": "8 & Under",
      "gender": "Boys",
      "date": "2012-05-19",
      "time": "59.07",
      "place": "17",
      "team": "Otters",
      "yards": 0,
      "meet": "079",
      "opponent": "Trials"
    },
    {
      "name": "EdgarG",
      "stroke": "Freestyle",
      "age": "7-8",
      "gender": "Boys",
      "date": "2012-05-19",
      "time": "38.05",
      "place": "16",
      "team": "Otters",
      "yards": 0,
      "meet": "079",
      "opponent": "Trials"
    },
    {
      "name": "EdgarG",
      "stroke": "Back",
      "age": "7-8",
      "gender": "Boys",
      "date": "2012-06-002",
      "time": "55.03",
      "place": "19",
      "team": "Otters",
      "yards": 0,
      "meet": "080",
      "opponent": "Pinehurst"
    },
    {
      "name": "EdgarG",
      "stroke": "Freestyle",
      "age": "7-8",
      "gender": "Boys",
      "date": "2012-06-002",
      "time": "38.83",
      "place": "19",
      "team": "Otters",
      "yards": 0,
      "meet": "080",
      "opponent": "Pinehurst"
    },
    {
      "name": "EdgarG",
      "stroke": "Butterfly",
      "age": "8 & Under",
      "gender": "Boys",
      "date": "2012-06-009",
      "time": "DQ",
      "place": "--",
      "team": "Otters",
      "yards": 0,
      "meet": "081",
      "opponent": "Crossgates"
    },
    {
      "name": "EdgarG",
      "stroke": "Back",
      "age": "7-8",
      "gender": "Boys",
      "date": "2012-06-009",
      "time": "1:10.60",
      "place": "24",
      "team": "Otters",
      "yards": 0,
      "meet": "081",
      "opponent": "Crossgates"
    },
    {
      "name": "EdgarG",
      "stroke": "Freestyle",
      "age": "7-8",
      "gender": "Boys",
      "date": "2012-06-009",
      "time": "42.13",
      "place": "24",
      "team": "Otters",
      "yards": 0,
      "meet": "081",
      "opponent": "Crossgates"
    },
    {
      "name": "EdgarG",
      "stroke": "Back",
      "age": "7-8",
      "gender": "Boys",
      "date": "2012-06-16",
      "time": "45.17",
      "place": "19",
      "team": "Otters",
      "yards": 0,
      "meet": "082",
      "opponent": "Almaden"
    },
    {
      "name": "EdgarG",
      "stroke": "Breast",
      "age": "8 & Under",
      "gender": "Boys",
      "date": "2012-06-16",
      "time": "DQ",
      "place": "--",
      "team": "Otters",
      "yards": 0,
      "meet": "082",
      "opponent": "Almaden"
    },
    {
      "name": "EdgarG",
      "stroke": "Freestyle",
      "age": "7-8",
      "gender": "Boys",
      "date": "2012-06-16",
      "time": "34.03",
      "place": "19",
      "team": "Otters",
      "yards": 0,
      "meet": "082",
      "opponent": "Almaden"
    },
    {
      "name": "EdgarG",
      "stroke": "Back",
      "age": "7-8",
      "gender": "Boys",
      "date": "2012-06-23",
      "time": "45.31",
      "place": "13",
      "team": "Otters",
      "yards": 0,
      "meet": "083",
      "opponent": "Creekside"
    },
    {
      "name": "EdgarG",
      "stroke": "Breast",
      "age": "8 & Under",
      "gender": "Boys",
      "date": "2012-06-23",
      "time": "DQ",
      "place": "--",
      "team": "Otters",
      "yards": 0,
      "meet": "083",
      "opponent": "Creekside"
    },
    {
      "name": "EdgarG",
      "stroke": "Freestyle",
      "age": "7-8",
      "gender": "Boys",
      "date": "2012-06-23",
      "time": "30.84",
      "place": "11",
      "team": "Otters",
      "yards": 0,
      "meet": "083",
      "opponent": "Creekside"
    },
    {
      "name": "EdgarG",
      "stroke": "Butterfly",
      "age": "8 & Under",
      "gender": "Boys",
      "date": "2012-06-30",
      "time": "DQ",
      "place": "--",
      "team": "Otters",
      "yards": 0,
      "meet": "084",
      "opponent": "Shadowbrook"
    },
    {
      "name": "EdgarG",
      "stroke": "Back",
      "age": "7-8",
      "gender": "Boys",
      "date": "2012-06-30",
      "time": "43.54",
      "place": "18",
      "team": "Otters",
      "yards": 0,
      "meet": "084",
      "opponent": "Shadowbrook"
    },
    {
      "name": "EdgarG",
      "stroke": "Freestyle",
      "age": "7-8",
      "gender": "Boys",
      "date": "2012-06-30",
      "time": "29.64",
      "place": "16",
      "team": "Otters",
      "yards": 0,
      "meet": "084",
      "opponent": "Shadowbrook"
    },
    {
      "name": "EdgarG",
      "stroke": "Back",
      "age": "7-8",
      "gender": "Boys",
      "date": "2012-07-14",
      "time": "x38.41",
      "place": "45",
      "team": "Otters",
      "yards": 0,
      "meet": "085",
      "opponent": "Champs"
    },
    {
      "name": "EdgarG",
      "stroke": "Freestyle",
      "age": "7-8",
      "gender": "Boys",
      "date": "2012-07-14",
      "time": "29.52",
      "place": "52",
      "team": "Otters",
      "yards": 0,
      "meet": "085",
      "opponent": "Champs"
    },
    {
      "name": "EdgarG",
      "stroke": "Butterfly",
      "age": "8 & Under",
      "gender": "Boys",
      "date": "2013-05-18",
      "time": "36.60",
      "place": "16",
      "team": "Otters",
      "yards": 0,
      "meet": "086",
      "opponent": "Trials"
    },
    {
      "name": "EdgarG",
      "stroke": "Back",
      "age": "7-8",
      "gender": "Boys",
      "date": "2013-05-18",
      "time": "30.25",
      "place": "9",
      "team": "Otters",
      "yards": 0,
      "meet": "086",
      "opponent": "Trials"
    },
    {
      "name": "EdgarG",
      "stroke": "Breast",
      "age": "8 & Under",
      "gender": "Boys",
      "date": "2013-05-18",
      "time": "41.39",
      "place": "17",
      "team": "Otters",
      "yards": 0,
      "meet": "086",
      "opponent": "Trials"
    },
    {
      "name": "EdgarG",
      "stroke": "Freestyle",
      "age": "7-8",
      "gender": "Boys",
      "date": "2013-05-18",
      "time": "23.91",
      "place": "11",
      "team": "Otters",
      "yards": 0,
      "meet": "086",
      "opponent": "Trials"
    },
    {
      "name": "EdgarG",
      "stroke": "Butterfly",
      "age": "8 & Under",
      "gender": "Boys",
      "date": "2013-06-008",
      "time": "DQ",
      "place": "--",
      "team": "Otters",
      "yards": 0,
      "meet": "088",
      "opponent": "Pinehurst"
    },
    {
      "name": "EdgarG",
      "stroke": "Back",
      "age": "7-8",
      "gender": "Boys",
      "date": "2013-06-008",
      "time": "31.49",
      "place": "10",
      "team": "Otters",
      "yards": 0,
      "meet": "088",
      "opponent": "Pinehurst"
    },
    {
      "name": "EdgarG",
      "stroke": "Freestyle",
      "age": "7-8",
      "gender": "Boys",
      "date": "2013-06-008",
      "time": "24.55",
      "place": "11",
      "team": "Otters",
      "yards": 0,
      "meet": "088",
      "opponent": "Pinehurst"
    },
    {
      "name": "EdgarG",
      "stroke": "Butterfly",
      "age": "8 & Under",
      "gender": "Boys",
      "date": "2013-06-15",
      "time": "DQ",
      "place": "--",
      "team": "Otters",
      "yards": 0,
      "meet": "089",
      "opponent": "Crossgates"
    },
    {
      "name": "EdgarG",
      "stroke": "Back",
      "age": "7-8",
      "gender": "Boys",
      "date": "2013-06-15",
      "time": "30.99",
      "place": "12",
      "team": "Otters",
      "yards": 0,
      "meet": "089",
      "opponent": "Crossgates"
    },
    {
      "name": "EdgarG",
      "stroke": "Freestyle",
      "age": "7-8",
      "gender": "Boys",
      "date": "2013-06-15",
      "time": "21.80",
      "place": "12",
      "team": "Otters",
      "yards": 0,
      "meet": "089",
      "opponent": "Crossgates"
    },
    {
      "name": "EdgarG",
      "stroke": "Back",
      "age": "7-8",
      "gender": "Boys",
      "date": "2013-06-22",
      "time": "35.31",
      "place": "19",
      "team": "Otters",
      "yards": 0,
      "meet": "090",
      "opponent": "Almaden"
    },
    {
      "name": "EdgarG",
      "stroke": "Breast",
      "age": "8 & Under",
      "gender": "Boys",
      "date": "2013-06-22",
      "time": "DQ",
      "place": "--",
      "team": "Otters",
      "yards": 0,
      "meet": "090",
      "opponent": "Almaden"
    },
    {
      "name": "EdgarG",
      "stroke": "Freestyle",
      "age": "7-8",
      "gender": "Boys",
      "date": "2013-06-22",
      "time": "21.60",
      "place": "11",
      "team": "Otters",
      "yards": 0,
      "meet": "090",
      "opponent": "Almaden"
    },
    {
      "name": "EdgarG",
      "stroke": "Butterfly",
      "age": "8 & Under",
      "gender": "Boys",
      "date": "2013-06-29",
      "time": "DQ",
      "place": "--",
      "team": "Otters",
      "yards": 0,
      "meet": "091",
      "opponent": "Creekside"
    },
    {
      "name": "EdgarG",
      "stroke": "Back",
      "age": "7-8",
      "gender": "Boys",
      "date": "2013-06-29",
      "time": "30.00",
      "place": "7",
      "team": "Otters",
      "yards": 0,
      "meet": "091",
      "opponent": "Creekside"
    },
    {
      "name": "EdgarG",
      "stroke": "Freestyle",
      "age": "7-8",
      "gender": "Boys",
      "date": "2013-06-29",
      "time": "20.94",
      "place": "7",
      "team": "Otters",
      "yards": 0,
      "meet": "091",
      "opponent": "Creekside"
    },
    {
      "name": "EdgarG",
      "stroke": "Back",
      "age": "7-8",
      "gender": "Boys",
      "date": "2013-07-13",
      "time": "27.14",
      "place": "32",
      "team": "Otters",
      "yards": 0,
      "meet": "092",
      "opponent": "Almaden"
    },
    {
      "name": "EdgarG",
      "stroke": "Freestyle",
      "age": "7-8",
      "gender": "Boys",
      "date": "2013-07-13",
      "time": "21.17",
      "place": "31",
      "team": "Otters",
      "yards": 0,
      "meet": "092",
      "opponent": "Almaden"
    },
    {
      "name": "EdgarG",
      "stroke": "Butterfly",
      "age": "9-10",
      "gender": "Boys",
      "date": "2014-05-17",
      "time": "35.87",
      "place": "15",
      "team": "Otters",
      "yards": 0,
      "meet": "093",
      "opponent": "Trials"
    },
    {
      "name": "EdgarG",
      "stroke": "Back",
      "age": "9-10",
      "gender": "Boys",
      "date": "2014-05-17",
      "time": "27.82",
      "place": "14",
      "team": "Otters",
      "yards": 0,
      "meet": "093",
      "opponent": "Trials"
    },
    {
      "name": "EdgarG",
      "stroke": "Breast",
      "age": "9-10",
      "gender": "Boys",
      "date": "2014-05-17",
      "time": "36.71",
      "place": "14",
      "team": "Otters",
      "yards": 0,
      "meet": "093",
      "opponent": "Trials"
    },
    {
      "name": "EdgarG",
      "stroke": "Freestyle",
      "age": "9-10",
      "gender": "Boys",
      "date": "2014-05-17",
      "time": "21.77",
      "place": "13",
      "team": "Otters",
      "yards": 0,
      "meet": "093",
      "opponent": "Trials"
    },
    {
      "name": "EdgarG",
      "stroke": "Butterfly",
      "age": "9-10",
      "gender": "Boys",
      "date": "2014-06-007",
      "time": "DQ",
      "place": "--",
      "team": "Otters",
      "yards": 0,
      "meet": "095",
      "opponent": "Shadowbrook"
    },
    {
      "name": "EdgarG",
      "stroke": "Back",
      "age": "9-10",
      "gender": "Boys",
      "date": "2014-06-007",
      "time": "25.23",
      "place": "20",
      "team": "Otters",
      "yards": 0,
      "meet": "095",
      "opponent": "Shadowbrook"
    },
    {
      "name": "EdgarG",
      "stroke": "Freestyle",
      "age": "9-10",
      "gender": "Boys",
      "date": "2014-06-007",
      "time": "19.79",
      "place": "20",
      "team": "Otters",
      "yards": 0,
      "meet": "095",
      "opponent": "Shadowbrook"
    },
    {
      "name": "EdgarG",
      "stroke": "Back",
      "age": "9-10",
      "gender": "Boys",
      "date": "2014-06-21",
      "time": "26.34",
      "place": "22",
      "team": "Otters",
      "yards": 0,
      "meet": "097",
      "opponent": "Crossgates"
    },
    {
      "name": "EdgarG",
      "stroke": "Freestyle",
      "age": "9-10",
      "gender": "Boys",
      "date": "2014-06-21",
      "time": "19.91",
      "place": "30",
      "team": "Otters",
      "yards": 0,
      "meet": "097",
      "opponent": "Crossgates"
    },
    {
      "name": "EdgarG",
      "stroke": "Butterfly",
      "age": "9-10",
      "gender": "Boys",
      "date": "2014-06-28",
      "time": "DQ",
      "place": "--",
      "team": "Otters",
      "yards": 0,
      "meet": "098",
      "opponent": "Almaden"
    },
    {
      "name": "EdgarG",
      "stroke": "Breast",
      "age": "9-10",
      "gender": "Boys",
      "date": "2014-06-28",
      "time": "DQ",
      "place": "--",
      "team": "Otters",
      "yards": 0,
      "meet": "098",
      "opponent": "Almaden"
    },
    {
      "name": "EdgarG",
      "stroke": "Freestyle",
      "age": "9-10",
      "gender": "Boys",
      "date": "2014-06-28",
      "time": "20.43",
      "place": "25",
      "team": "Otters",
      "yards": 0,
      "meet": "098",
      "opponent": "Almaden"
    },
    {
      "name": "EdgarG",
      "stroke": "Butterfly",
      "age": "9-10",
      "gender": "Boys",
      "date": "2014-07-12",
      "time": "DQ",
      "place": "--",
      "team": "Otters",
      "yards": 0,
      "meet": "099",
      "opponent": "Champs"
    },
    {
      "name": "EdgarG",
      "stroke": "Breast",
      "age": "9-10",
      "gender": "Boys",
      "date": "2014-07-12",
      "time": "DQ",
      "place": "--",
      "team": "Otters",
      "yards": 0,
      "meet": "099",
      "opponent": "Champs"
    },
    {
      "name": "EdgarG",
      "stroke": "Freestyle",
      "age": "9-10",
      "gender": "Boys",
      "date": "2014-07-12",
      "time": "21.60",
      "place": "66",
      "team": "Otters",
      "yards": 0,
      "meet": "099",
      "opponent": "Champs"
    }
  ]
}