{
  "scores": [
    {
      "name": "ElaineS",
      "stroke": "Back",
      "age": "11-12",
      "gender": "Girls",
      "date": "2001-06-09",
      "time": "1:01.15",
      "place": "10",
      "team": "Otters",
      "yards": 0,
      "meet": "001",
      "opponent": "Crossgates"
    },
    {
      "name": "ElaineS",
      "stroke": "Breast",
      "age": "11-12",
      "gender": "Girls",
      "date": "2001-06-09",
      "time": "1:01.83",
      "place": "14",
      "team": "Otters",
      "yards": 0,
      "meet": "001",
      "opponent": "Crossgates"
    },
    {
      "name": "ElaineS",
      "stroke": "Freestyle",
      "age": "11-12",
      "gender": "Girls",
      "date": "2001-06-09",
      "time": "41.67",
      "place": "13",
      "team": "Otters",
      "yards": 0,
      "meet": "001",
      "opponent": "Crossgates"
    },
    {
      "name": "ElaineS",
      "stroke": "Back",
      "age": "11-12",
      "gender": "Girls",
      "date": "2001-06-16",
      "time": "57.28",
      "place": "19",
      "team": "Otters",
      "yards": 0,
      "meet": "002",
      "opponent": "Almaden"
    },
    {
      "name": "ElaineS",
      "stroke": "Breast",
      "age": "11-12",
      "gender": "Girls",
      "date": "2001-06-16",
      "time": "1:00.32",
      "place": "15",
      "team": "Otters",
      "yards": 0,
      "meet": "002",
      "opponent": "Almaden"
    },
    {
      "name": "ElaineS",
      "stroke": "Freestyle",
      "age": "11-12",
      "gender": "Girls",
      "date": "2001-06-16",
      "time": "41.60",
      "place": "22",
      "team": "Otters",
      "yards": 0,
      "meet": "002",
      "opponent": "Almaden"
    },
    {
      "name": "ElaineS",
      "stroke": "Back",
      "age": "11-12",
      "gender": "Girls",
      "date": "2001-06-30",
      "time": "54.98",
      "place": "7",
      "team": "Otters",
      "yards": 0,
      "meet": "004",
      "opponent": "Shadowbrook"
    },
    {
      "name": "ElaineS",
      "stroke": "Breast",
      "age": "11-12",
      "gender": "Girls",
      "date": "2001-06-30",
      "time": "59.43",
      "place": "6",
      "team": "Otters",
      "yards": 0,
      "meet": "004",
      "opponent": "Shadowbrook"
    },
    {
      "name": "ElaineS",
      "stroke": "Freestyle",
      "age": "11-12",
      "gender": "Girls",
      "date": "2001-06-30",
      "time": "42.26",
      "place": "8",
      "team": "Otters",
      "yards": 0,
      "meet": "004",
      "opponent": "Shadowbrook"
    },
    {
      "name": "ElaineS",
      "stroke": "Back",
      "age": "11-12",
      "gender": "Girls",
      "date": "2001-07-14",
      "time": "57.09",
      "place": "14",
      "team": "Otters",
      "yards": 0,
      "meet": "005",
      "opponent": "Pinehurst"
    },
    {
      "name": "ElaineS",
      "stroke": "Breast",
      "age": "11-12",
      "gender": "Girls",
      "date": "2001-07-14",
      "time": "53.00",
      "place": "11",
      "team": "Otters",
      "yards": 0,
      "meet": "005",
      "opponent": "Pinehurst"
    },
    {
      "name": "ElaineS",
      "stroke": "Freestyle",
      "age": "11-12",
      "gender": "Girls",
      "date": "2001-07-14",
      "time": "43.11",
      "place": "19",
      "team": "Otters",
      "yards": 0,
      "meet": "005",
      "opponent": "Pinehurst"
    },
    {
      "name": "ElaineS",
      "stroke": "Back",
      "age": "11-12",
      "gender": "Girls",
      "date": "2001-07-21",
      "time": "57.12",
      "place": "49",
      "team": "Otters",
      "yards": 0,
      "meet": "006",
      "opponent": "Champs"
    },
    {
      "name": "ElaineS",
      "stroke": "Breast",
      "age": "11-12",
      "gender": "Girls",
      "date": "2001-07-21",
      "time": "55.99",
      "place": "37",
      "team": "Otters",
      "yards": 0,
      "meet": "006",
      "opponent": "Champs"
    },
    {
      "name": "ElaineS",
      "stroke": "Freestyle",
      "age": "11-12",
      "gender": "Girls",
      "date": "2001-07-21",
      "time": "41.04",
      "place": "53",
      "team": "Otters",
      "yards": 0,
      "meet": "006",
      "opponent": "Champs"
    },
    {
      "name": "ElaineS",
      "stroke": "Back",
      "age": "11-12",
      "gender": "Girls",
      "date": "2002-06-008",
      "time": "DQ",
      "place": "--",
      "team": "Otters",
      "yards": 0,
      "meet": "009",
      "opponent": "Pinehurst"
    },
    {
      "name": "ElaineS",
      "stroke": "Breast",
      "age": "11-12",
      "gender": "Girls",
      "date": "2002-06-008",
      "time": "58.62",
      "place": "8",
      "team": "Otters",
      "yards": 0,
      "meet": "009",
      "opponent": "Pinehurst"
    },
    {
      "name": "ElaineS",
      "stroke": "Freestyle",
      "age": "11-12",
      "gender": "Girls",
      "date": "2002-06-008",
      "time": "42.69",
      "place": "17",
      "team": "Otters",
      "yards": 0,
      "meet": "009",
      "opponent": "Pinehurst"
    },
    {
      "name": "ElaineS",
      "stroke": "Back",
      "age": "11-12",
      "gender": "Girls",
      "date": "2002-06-15",
      "time": "DQ",
      "place": "--",
      "team": "Otters",
      "yards": 0,
      "meet": "010",
      "opponent": "Crossgates"
    },
    {
      "name": "ElaineS",
      "stroke": "Breast",
      "age": "11-12",
      "gender": "Girls",
      "date": "2002-06-15",
      "time": "59.08",
      "place": "9",
      "team": "Otters",
      "yards": 0,
      "meet": "010",
      "opponent": "Crossgates"
    },
    {
      "name": "ElaineS",
      "stroke": "Freestyle",
      "age": "11-12",
      "gender": "Girls",
      "date": "2002-06-15",
      "time": "42.45",
      "place": "11",
      "team": "Otters",
      "yards": 0,
      "meet": "010",
      "opponent": "Crossgates"
    },
    {
      "name": "ElaineS",
      "stroke": "Back",
      "age": "11-12",
      "gender": "Girls",
      "date": "2002-06-29",
      "time": "58.27",
      "place": "20",
      "team": "Otters",
      "yards": 0,
      "meet": "012",
      "opponent": "Creekside"
    },
    {
      "name": "ElaineS",
      "stroke": "Breast",
      "age": "11-12",
      "gender": "Girls",
      "date": "2002-06-29",
      "time": "58.32",
      "place": "10",
      "team": "Otters",
      "yards": 0,
      "meet": "012",
      "opponent": "Creekside"
    },
    {
      "name": "ElaineS",
      "stroke": "Freestyle",
      "age": "11-12",
      "gender": "Girls",
      "date": "2002-06-29",
      "time": "41.38",
      "place": "20",
      "team": "Otters",
      "yards": 0,
      "meet": "012",
      "opponent": "Creekside"
    },
    {
      "name": "ElaineS",
      "stroke": "Back",
      "age": "11-12",
      "gender": "Girls",
      "date": "2002-07-13",
      "time": "55.47",
      "place": "8",
      "team": "Otters",
      "yards": 0,
      "meet": "013",
      "opponent": "Shadowbrook"
    },
    {
      "name": "ElaineS",
      "stroke": "Breast",
      "age": "11-12",
      "gender": "Girls",
      "date": "2002-07-13",
      "time": "56.15",
      "place": "6",
      "team": "Otters",
      "yards": 0,
      "meet": "013",
      "opponent": "Shadowbrook"
    },
    {
      "name": "ElaineS",
      "stroke": "Freestyle",
      "age": "11-12",
      "gender": "Girls",
      "date": "2002-07-13",
      "time": "41.49",
      "place": "10",
      "team": "Otters",
      "yards": 0,
      "meet": "013",
      "opponent": "Shadowbrook"
    },
    {
      "name": "ElaineS",
      "stroke": "Back",
      "age": "11-12",
      "gender": "Girls",
      "date": "2002-07-20",
      "time": "DQ",
      "place": "--",
      "team": "Otters",
      "yards": 0,
      "meet": "014",
      "opponent": "Champs"
    },
    {
      "name": "ElaineS",
      "stroke": "Breast",
      "age": "11-12",
      "gender": "Girls",
      "date": "2002-07-20",
      "time": "54.76",
      "place": "40",
      "team": "Otters",
      "yards": 0,
      "meet": "014",
      "opponent": "Champs"
    },
    {
      "name": "ElaineS",
      "stroke": "Freestyle",
      "age": "11-12",
      "gender": "Girls",
      "date": "2002-07-20",
      "time": "42.43",
      "place": "56",
      "team": "Otters",
      "yards": 0,
      "meet": "014",
      "opponent": "Champs"
    }
  ]
}