{
  "scores": [
    {
      "name": "EliC",
      "stroke": "Butterfly",
      "age": "13-14",
      "gender": "Girls",
      "date": "2013-05-18",
      "time": "54.28",
      "place": "17",
      "team": "Otters",
      "yards": 0,
      "meet": "086",
      "opponent": "Trials"
    },
    {
      "name": "EliC",
      "stroke": "Back",
      "age": "13-14",
      "gender": "Girls",
      "date": "2013-05-18",
      "time": "53.99",
      "place": "15",
      "team": "Otters",
      "yards": 0,
      "meet": "086",
      "opponent": "Trials"
    },
    {
      "name": "EliC",
      "stroke": "Breast",
      "age": "13-14",
      "gender": "Girls",
      "date": "2013-05-18",
      "time": "48.72",
      "place": "14",
      "team": "Otters",
      "yards": 0,
      "meet": "086",
      "opponent": "Trials"
    },
    {
      "name": "EliC",
      "stroke": "Freestyle",
      "age": "13-14",
      "gender": "Girls",
      "date": "2013-05-18",
      "time": "39.67",
      "place": "14",
      "team": "Otters",
      "yards": 0,
      "meet": "086",
      "opponent": "Trials"
    },
    {
      "name": "EliC",
      "stroke": "Breast",
      "age": "13-14",
      "gender": "Girls",
      "date": "2013-06-001",
      "time": "47.25",
      "place": "12",
      "team": "Otters",
      "yards": 0,
      "meet": "087",
      "opponent": "Shadowbrook"
    },
    {
      "name": "EliC",
      "stroke": "Freestyle",
      "age": "13-14",
      "gender": "Girls",
      "date": "2013-06-001",
      "time": "39.66",
      "place": "16",
      "team": "Otters",
      "yards": 0,
      "meet": "087",
      "opponent": "Shadowbrook"
    },
    {
      "name": "EliC",
      "stroke": "Back",
      "age": "13-14",
      "gender": "Girls",
      "date": "2013-06-008",
      "time": "52.33",
      "place": "15",
      "team": "Otters",
      "yards": 0,
      "meet": "088",
      "opponent": "Pinehurst"
    },
    {
      "name": "EliC",
      "stroke": "Breast",
      "age": "13-14",
      "gender": "Girls",
      "date": "2013-06-008",
      "time": "48.46",
      "place": "10",
      "team": "Otters",
      "yards": 0,
      "meet": "088",
      "opponent": "Pinehurst"
    },
    {
      "name": "EliC",
      "stroke": "Freestyle",
      "age": "13-14",
      "gender": "Girls",
      "date": "2013-06-008",
      "time": "38.88",
      "place": "22",
      "team": "Otters",
      "yards": 0,
      "meet": "088",
      "opponent": "Pinehurst"
    },
    {
      "name": "EliC",
      "stroke": "Back",
      "age": "13-14",
      "gender": "Girls",
      "date": "2013-06-29",
      "time": "46.92",
      "place": "17",
      "team": "Otters",
      "yards": 0,
      "meet": "091",
      "opponent": "Creekside"
    },
    {
      "name": "EliC",
      "stroke": "Breast",
      "age": "13-14",
      "gender": "Girls",
      "date": "2013-06-29",
      "time": "49.29",
      "place": "12",
      "team": "Otters",
      "yards": 0,
      "meet": "091",
      "opponent": "Creekside"
    },
    {
      "name": "EliC",
      "stroke": "Freestyle",
      "age": "13-14",
      "gender": "Girls",
      "date": "2013-06-29",
      "time": "37.37",
      "place": "20",
      "team": "Otters",
      "yards": 0,
      "meet": "091",
      "opponent": "Creekside"
    },
    {
      "name": "EliC",
      "stroke": "Back",
      "age": "13-14",
      "gender": "Girls",
      "date": "2013-07-13",
      "time": "46.52",
      "place": "40",
      "team": "Otters",
      "yards": 0,
      "meet": "092",
      "opponent": "Almaden"
    },
    {
      "name": "EliC",
      "stroke": "Breast",
      "age": "13-14",
      "gender": "Girls",
      "date": "2013-07-13",
      "time": "46.18",
      "place": "30",
      "team": "Otters",
      "yards": 0,
      "meet": "092",
      "opponent": "Almaden"
    },
    {
      "name": "EliC",
      "stroke": "Freestyle",
      "age": "13-14",
      "gender": "Girls",
      "date": "2013-07-13",
      "time": "36.89",
      "place": "51",
      "team": "Otters",
      "yards": 0,
      "meet": "092",
      "opponent": "Almaden"
    }
  ]
}