{
  "scores": [
    {
      "name": "ElissaB",
      "stroke": "Butterfly",
      "age": "8 & Under",
      "gender": "Girls",
      "date": "2015-05-31",
      "time": "38.03",
      "place": "11",
      "team": "Otters",
      "yards": 0,
      "meet": "100",
      "opponent": "Trials"
    },
    {
      "name": "ElissaB",
      "stroke": "Back",
      "age": "7-8",
      "gender": "Girls",
      "date": "2015-05-31",
      "time": "34.63",
      "place": "14",
      "team": "Otters",
      "yards": 0,
      "meet": "100",
      "opponent": "Trials"
    },
    {
      "name": "ElissaB",
      "stroke": "Breast",
      "age": "7-8",
      "gender": "Girls",
      "date": "2015-05-31",
      "time": "39.96",
      "place": "14",
      "team": "Otters",
      "yards": 0,
      "meet": "100",
      "opponent": "Trials"
    },
    {
      "name": "ElissaB",
      "stroke": "Freestyle",
      "age": "7-8",
      "gender": "Girls",
      "date": "2015-05-31",
      "time": "31.67",
      "place": "17",
      "team": "Otters",
      "yards": 0,
      "meet": "100",
      "opponent": "Trials"
    },
    {
      "name": "ElissaB",
      "stroke": "Back",
      "age": "7-8",
      "gender": "Girls",
      "date": "2015-05-30",
      "time": "33.38",
      "place": "21",
      "team": "Otters",
      "yards": 0,
      "meet": "101",
      "opponent": "Almaden"
    },
    {
      "name": "ElissaB",
      "stroke": "Breast",
      "age": "8 & Under",
      "gender": "Girls",
      "date": "2015-05-30",
      "time": "DQ",
      "place": "--",
      "team": "Otters",
      "yards": 0,
      "meet": "101",
      "opponent": "Almaden"
    },
    {
      "name": "ElissaB",
      "stroke": "Freestyle",
      "age": "7-8",
      "gender": "Girls",
      "date": "2015-05-30",
      "time": "28.82",
      "place": "25",
      "team": "Otters",
      "yards": 0,
      "meet": "101",
      "opponent": "Almaden"
    },
    {
      "name": "ElissaB",
      "stroke": "Butterfly",
      "age": "8 & Under",
      "gender": "Girls",
      "date": "2015-06-006",
      "time": "33.93",
      "place": "8",
      "team": "Otters",
      "yards": 0,
      "meet": "102",
      "opponent": "Creekside"
    },
    {
      "name": "ElissaB",
      "stroke": "Back",
      "age": "7-8",
      "gender": "Girls",
      "date": "2015-06-006",
      "time": "32.87",
      "place": "20",
      "team": "Otters",
      "yards": 0,
      "meet": "102",
      "opponent": "Creekside"
    },
    {
      "name": "ElissaB",
      "stroke": "Freestyle",
      "age": "7-8",
      "gender": "Girls",
      "date": "2015-06-006",
      "time": "28.19",
      "place": "22",
      "team": "Otters",
      "yards": 0,
      "meet": "102",
      "opponent": "Creekside"
    },
    {
      "name": "ElissaB",
      "stroke": "Butterfly",
      "age": "8 & Under",
      "gender": "Girls",
      "date": "2015-06-13",
      "time": "DQ",
      "place": "--",
      "team": "Otters",
      "yards": 0,
      "meet": "103",
      "opponent": "Shadowbrook"
    },
    {
      "name": "ElissaB",
      "stroke": "Back",
      "age": "7-8",
      "gender": "Girls",
      "date": "2015-06-13",
      "time": "35.88",
      "place": "27",
      "team": "Otters",
      "yards": 0,
      "meet": "103",
      "opponent": "Shadowbrook"
    },
    {
      "name": "ElissaB",
      "stroke": "Freestyle",
      "age": "7-8",
      "gender": "Girls",
      "date": "2015-06-13",
      "time": "29.50",
      "place": "27",
      "team": "Otters",
      "yards": 0,
      "meet": "103",
      "opponent": "Shadowbrook"
    },
    {
      "name": "ElissaB",
      "stroke": "Butterfly",
      "age": "8 & Under",
      "gender": "Girls",
      "date": "2015-06-20",
      "time": "DQ",
      "place": "--",
      "team": "Otters",
      "yards": 0,
      "meet": "104",
      "opponent": "Pinehurst"
    },
    {
      "name": "ElissaB",
      "stroke": "Back",
      "age": "7-8",
      "gender": "Girls",
      "date": "2015-06-20",
      "time": "36.05",
      "place": "28",
      "team": "Otters",
      "yards": 0,
      "meet": "104",
      "opponent": "Pinehurst"
    },
    {
      "name": "ElissaB",
      "stroke": "Freestyle",
      "age": "7-8",
      "gender": "Girls",
      "date": "2015-06-20",
      "time": "27.49",
      "place": "26",
      "team": "Otters",
      "yards": 0,
      "meet": "104",
      "opponent": "Pinehurst"
    },
    {
      "name": "ElissaB",
      "stroke": "Back",
      "age": "7-8",
      "gender": "Girls",
      "date": "2015-06-27",
      "time": "35.89",
      "place": "21",
      "team": "Otters",
      "yards": 0,
      "meet": "105",
      "opponent": "Crossgates"
    },
    {
      "name": "ElissaB",
      "stroke": "Freestyle",
      "age": "7-8",
      "gender": "Girls",
      "date": "2015-06-27",
      "time": "26.35",
      "place": "23",
      "team": "Otters",
      "yards": 0,
      "meet": "105",
      "opponent": "Crossgates"
    },
    {
      "name": "ElissaB",
      "stroke": "Butterfly",
      "age": "8 & Under",
      "gender": "Girls",
      "date": "2015-07-11",
      "time": "31.07",
      "place": "26",
      "team": "Otters",
      "yards": 0,
      "meet": "106",
      "opponent": "Champs"
    },
    {
      "name": "ElissaB",
      "stroke": "Back",
      "age": "7-8",
      "gender": "Girls",
      "date": "2015-07-11",
      "time": "31.63",
      "place": "57",
      "team": "Otters",
      "yards": 0,
      "meet": "106",
      "opponent": "Champs"
    },
    {
      "name": "ElissaB",
      "stroke": "Freestyle",
      "age": "7-8",
      "gender": "Girls",
      "date": "2015-07-11",
      "time": "24.24",
      "place": "48",
      "team": "Otters",
      "yards": 0,
      "meet": "106",
      "opponent": "Champs"
    }
  ]
}