{
  "scores": [
    {
      "name": "ElizabethS",
      "stroke": "Butterfly",
      "age": "9-10",
      "gender": "Girls",
      "date": "2001-06-09",
      "time": "22.38",
      "place": "5",
      "team": "Otters",
      "yards": 0,
      "meet": "001",
      "opponent": "Crossgates"
    },
    {
      "name": "ElizabethS",
      "stroke": "Breast",
      "age": "9-10",
      "gender": "Girls",
      "date": "2001-06-09",
      "time": "24.26",
      "place": "5",
      "team": "Otters",
      "yards": 0,
      "meet": "001",
      "opponent": "Crossgates"
    },
    {
      "name": "ElizabethS",
      "stroke": "Freestyle",
      "age": "9-10",
      "gender": "Girls",
      "date": "2001-06-09",
      "time": "19.57",
      "place": "10",
      "team": "Otters",
      "yards": 0,
      "meet": "001",
      "opponent": "Crossgates"
    },
    {
      "name": "ElizabethS",
      "stroke": "Butterfly",
      "age": "9-10",
      "gender": "Girls",
      "date": "2001-06-23",
      "time": "19.96",
      "place": "3",
      "team": "Otters",
      "yards": 0,
      "meet": "003",
      "opponent": "Creekside"
    },
    {
      "name": "ElizabethS",
      "stroke": "Back",
      "age": "9-10",
      "gender": "Girls",
      "date": "2001-06-23",
      "time": "22.57",
      "place": "6",
      "team": "Otters",
      "yards": 0,
      "meet": "003",
      "opponent": "Creekside"
    },
    {
      "name": "ElizabethS",
      "stroke": "Freestyle",
      "age": "9-10",
      "gender": "Girls",
      "date": "2001-06-23",
      "time": "18.53",
      "place": "9",
      "team": "Otters",
      "yards": 0,
      "meet": "003",
      "opponent": "Creekside"
    },
    {
      "name": "ElizabethS",
      "stroke": "Back",
      "age": "9-10",
      "gender": "Girls",
      "date": "2001-06-30",
      "time": "22.03",
      "place": "3",
      "team": "Otters",
      "yards": 0,
      "meet": "004",
      "opponent": "Shadowbrook"
    },
    {
      "name": "ElizabethS",
      "stroke": "Breast",
      "age": "9-10",
      "gender": "Girls",
      "date": "2001-06-30",
      "time": "24.38",
      "place": "3",
      "team": "Otters",
      "yards": 0,
      "meet": "004",
      "opponent": "Shadowbrook"
    },
    {
      "name": "ElizabethS",
      "stroke": "Freestyle",
      "age": "9-10",
      "gender": "Girls",
      "date": "2001-06-30",
      "time": "19.25",
      "place": "10",
      "team": "Otters",
      "yards": 0,
      "meet": "004",
      "opponent": "Shadowbrook"
    },
    {
      "name": "ElizabethS",
      "stroke": "Butterfly",
      "age": "9-10",
      "gender": "Girls",
      "date": "2001-07-14",
      "time": "20.22",
      "place": "3",
      "team": "Otters",
      "yards": 0,
      "meet": "005",
      "opponent": "Pinehurst"
    },
    {
      "name": "ElizabethS",
      "stroke": "Back",
      "age": "9-10",
      "gender": "Girls",
      "date": "2001-07-14",
      "time": "20.31",
      "place": "2",
      "team": "Otters",
      "yards": 0,
      "meet": "005",
      "opponent": "Pinehurst"
    },
    {
      "name": "ElizabethS",
      "stroke": "Breast",
      "age": "9-10",
      "gender": "Girls",
      "date": "2001-07-14",
      "time": "23.72",
      "place": "3",
      "team": "Otters",
      "yards": 0,
      "meet": "005",
      "opponent": "Pinehurst"
    },
    {
      "name": "ElizabethS",
      "stroke": "Butterfly",
      "age": "9-10",
      "gender": "Girls",
      "date": "2001-07-21",
      "time": "19.75",
      "place": "23",
      "team": "Otters",
      "yards": 0,
      "meet": "006",
      "opponent": "Champs"
    },
    {
      "name": "ElizabethS",
      "stroke": "Back",
      "age": "9-10",
      "gender": "Girls",
      "date": "2001-07-21",
      "time": "22.34",
      "place": "25",
      "team": "Otters",
      "yards": 0,
      "meet": "006",
      "opponent": "Champs"
    },
    {
      "name": "ElizabethS",
      "stroke": "Breast",
      "age": "9-10",
      "gender": "Girls",
      "date": "2001-07-21",
      "time": "24.16",
      "place": "27",
      "team": "Otters",
      "yards": 0,
      "meet": "006",
      "opponent": "Champs"
    },
    {
      "name": "ElizabethS",
      "stroke": "Butterfly",
      "age": "11-12",
      "gender": "Girls",
      "date": "2002-05-11",
      "time": "43.09",
      "place": "3",
      "team": "Otters",
      "yards": 0,
      "meet": "007",
      "opponent": "Trials"
    },
    {
      "name": "ElizabethS",
      "stroke": "Back",
      "age": "11-12",
      "gender": "Girls",
      "date": "2002-05-11",
      "time": "44.43",
      "place": "3",
      "team": "Otters",
      "yards": 0,
      "meet": "007",
      "opponent": "Trials"
    },
    {
      "name": "ElizabethS",
      "stroke": "Breast",
      "age": "11-12",
      "gender": "Girls",
      "date": "2002-05-11",
      "time": "46.54",
      "place": "3",
      "team": "Otters",
      "yards": 0,
      "meet": "007",
      "opponent": "Trials"
    },
    {
      "name": "ElizabethS",
      "stroke": "Freestyle",
      "age": "11-12",
      "gender": "Girls",
      "date": "2002-05-11",
      "time": "36.25",
      "place": "3",
      "team": "Otters",
      "yards": 0,
      "meet": "007",
      "opponent": "Trials"
    },
    {
      "name": "ElizabethS",
      "stroke": "Back",
      "age": "11-12",
      "gender": "Girls",
      "date": "2002-06-008",
      "time": "42.91",
      "place": "9",
      "team": "Otters",
      "yards": 0,
      "meet": "009",
      "opponent": "Pinehurst"
    },
    {
      "name": "ElizabethS",
      "stroke": "Breast",
      "age": "11-12",
      "gender": "Girls",
      "date": "2002-06-008",
      "time": "46.57",
      "place": "4",
      "team": "Otters",
      "yards": 0,
      "meet": "009",
      "opponent": "Pinehurst"
    },
    {
      "name": "ElizabethS",
      "stroke": "Freestyle",
      "age": "11-12",
      "gender": "Girls",
      "date": "2002-06-008",
      "time": "34.74",
      "place": "8",
      "team": "Otters",
      "yards": 0,
      "meet": "009",
      "opponent": "Pinehurst"
    },
    {
      "name": "ElizabethS",
      "stroke": "Back",
      "age": "11-12",
      "gender": "Girls",
      "date": "2002-06-15",
      "time": "44.55",
      "place": "7",
      "team": "Otters",
      "yards": 0,
      "meet": "010",
      "opponent": "Crossgates"
    },
    {
      "name": "ElizabethS",
      "stroke": "Breast",
      "age": "11-12",
      "gender": "Girls",
      "date": "2002-06-15",
      "time": "46.97",
      "place": "3",
      "team": "Otters",
      "yards": 0,
      "meet": "010",
      "opponent": "Crossgates"
    },
    {
      "name": "ElizabethS",
      "stroke": "Freestyle",
      "age": "11-12",
      "gender": "Girls",
      "date": "2002-06-15",
      "time": "35.44",
      "place": "7",
      "team": "Otters",
      "yards": 0,
      "meet": "010",
      "opponent": "Crossgates"
    },
    {
      "name": "ElizabethS",
      "stroke": "Back",
      "age": "11-12",
      "gender": "Girls",
      "date": "2002-06-22",
      "time": "43.88",
      "place": "12",
      "team": "Otters",
      "yards": 0,
      "meet": "011",
      "opponent": "Almaden"
    },
    {
      "name": "ElizabethS",
      "stroke": "Breast",
      "age": "11-12",
      "gender": "Girls",
      "date": "2002-06-22",
      "time": "47.16",
      "place": "6",
      "team": "Otters",
      "yards": 0,
      "meet": "011",
      "opponent": "Almaden"
    },
    {
      "name": "ElizabethS",
      "stroke": "Freestyle",
      "age": "11-12",
      "gender": "Girls",
      "date": "2002-06-22",
      "time": "36.47",
      "place": "15",
      "team": "Otters",
      "yards": 0,
      "meet": "011",
      "opponent": "Almaden"
    },
    {
      "name": "ElizabethS",
      "stroke": "Back",
      "age": "11-12",
      "gender": "Girls",
      "date": "2002-06-29",
      "time": "44.84",
      "place": "10",
      "team": "Otters",
      "yards": 0,
      "meet": "012",
      "opponent": "Creekside"
    },
    {
      "name": "ElizabethS",
      "stroke": "Breast",
      "age": "11-12",
      "gender": "Girls",
      "date": "2002-06-29",
      "time": "48.19",
      "place": "4",
      "team": "Otters",
      "yards": 0,
      "meet": "012",
      "opponent": "Creekside"
    },
    {
      "name": "ElizabethS",
      "stroke": "Freestyle",
      "age": "11-12",
      "gender": "Girls",
      "date": "2002-06-29",
      "time": "35.58",
      "place": "10",
      "team": "Otters",
      "yards": 0,
      "meet": "012",
      "opponent": "Creekside"
    },
    {
      "name": "ElizabethS",
      "stroke": "Back",
      "age": "11-12",
      "gender": "Girls",
      "date": "2002-07-13",
      "time": "44.63",
      "place": "3",
      "team": "Otters",
      "yards": 0,
      "meet": "013",
      "opponent": "Shadowbrook"
    },
    {
      "name": "ElizabethS",
      "stroke": "Breast",
      "age": "11-12",
      "gender": "Girls",
      "date": "2002-07-13",
      "time": "47.17",
      "place": "2",
      "team": "Otters",
      "yards": 0,
      "meet": "013",
      "opponent": "Shadowbrook"
    },
    {
      "name": "ElizabethS",
      "stroke": "Freestyle",
      "age": "11-12",
      "gender": "Girls",
      "date": "2002-07-13",
      "time": "37.94",
      "place": "4",
      "team": "Otters",
      "yards": 0,
      "meet": "013",
      "opponent": "Shadowbrook"
    },
    {
      "name": "ElizabethS",
      "stroke": "Back",
      "age": "11-12",
      "gender": "Girls",
      "date": "2002-07-20",
      "time": "44.34",
      "place": "30",
      "team": "Otters",
      "yards": 0,
      "meet": "014",
      "opponent": "Champs"
    },
    {
      "name": "ElizabethS",
      "stroke": "Breast",
      "age": "11-12",
      "gender": "Girls",
      "date": "2002-07-20",
      "time": "46.58",
      "place": "16",
      "team": "Otters",
      "yards": 0,
      "meet": "014",
      "opponent": "Champs"
    },
    {
      "name": "ElizabethS",
      "stroke": "Freestyle",
      "age": "11-12",
      "gender": "Girls",
      "date": "2002-07-20",
      "time": "36.52",
      "place": "36",
      "team": "Otters",
      "yards": 0,
      "meet": "014",
      "opponent": "Champs"
    }
  ]
}