{
  "scores": [
    {
      "name": "ElleC",
      "stroke": "Butterfly",
      "age": "8 & Under",
      "gender": "Girls",
      "date": "2012-05-19",
      "time": "35.60",
      "place": "12",
      "team": "Otters",
      "yards": 0,
      "meet": "079",
      "opponent": "Trials"
    },
    {
      "name": "ElleC",
      "stroke": "Back",
      "age": "7-8",
      "gender": "Girls",
      "date": "2012-05-19",
      "time": "43.03",
      "place": "16",
      "team": "Otters",
      "yards": 0,
      "meet": "079",
      "opponent": "Trials"
    },
    {
      "name": "ElleC",
      "stroke": "Breast",
      "age": "8 & Under",
      "gender": "Girls",
      "date": "2012-05-19",
      "time": "31.19",
      "place": "4",
      "team": "Otters",
      "yards": 0,
      "meet": "079",
      "opponent": "Trials"
    },
    {
      "name": "ElleC",
      "stroke": "Freestyle",
      "age": "7-8",
      "gender": "Girls",
      "date": "2012-05-19",
      "time": "27.94",
      "place": "10",
      "team": "Otters",
      "yards": 0,
      "meet": "079",
      "opponent": "Trials"
    },
    {
      "name": "ElleC",
      "stroke": "Back",
      "age": "7-8",
      "gender": "Girls",
      "date": "2012-06-002",
      "time": "32.19",
      "place": "16",
      "team": "Otters",
      "yards": 0,
      "meet": "080",
      "opponent": "Pinehurst"
    },
    {
      "name": "ElleC",
      "stroke": "Breast",
      "age": "8 & Under",
      "gender": "Girls",
      "date": "2012-06-002",
      "time": "DQ",
      "place": "--",
      "team": "Otters",
      "yards": 0,
      "meet": "080",
      "opponent": "Pinehurst"
    },
    {
      "name": "ElleC",
      "stroke": "Freestyle",
      "age": "7-8",
      "gender": "Girls",
      "date": "2012-06-002",
      "time": "33.57",
      "place": "23",
      "team": "Otters",
      "yards": 0,
      "meet": "080",
      "opponent": "Pinehurst"
    },
    {
      "name": "ElleC",
      "stroke": "Butterfly",
      "age": "8 & Under",
      "gender": "Girls",
      "date": "2012-06-009",
      "time": "DQ",
      "place": "--",
      "team": "Otters",
      "yards": 0,
      "meet": "081",
      "opponent": "Crossgates"
    },
    {
      "name": "ElleC",
      "stroke": "Back",
      "age": "7-8",
      "gender": "Girls",
      "date": "2012-06-009",
      "time": "36.25",
      "place": "9",
      "team": "Otters",
      "yards": 0,
      "meet": "081",
      "opponent": "Crossgates"
    },
    {
      "name": "ElleC",
      "stroke": "Freestyle",
      "age": "7-8",
      "gender": "Girls",
      "date": "2012-06-009",
      "time": "30.87",
      "place": "13",
      "team": "Otters",
      "yards": 0,
      "meet": "081",
      "opponent": "Crossgates"
    },
    {
      "name": "ElleC",
      "stroke": "Butterfly",
      "age": "8 & Under",
      "gender": "Girls",
      "date": "2012-06-16",
      "time": "DQ",
      "place": "--",
      "team": "Otters",
      "yards": 0,
      "meet": "082",
      "opponent": "Almaden"
    },
    {
      "name": "ElleC",
      "stroke": "Back",
      "age": "7-8",
      "gender": "Girls",
      "date": "2012-06-16",
      "time": "30.21",
      "place": "22",
      "team": "Otters",
      "yards": 0,
      "meet": "082",
      "opponent": "Almaden"
    },
    {
      "name": "ElleC",
      "stroke": "Freestyle",
      "age": "7-8",
      "gender": "Girls",
      "date": "2012-06-16",
      "time": "26.53",
      "place": "28",
      "team": "Otters",
      "yards": 0,
      "meet": "082",
      "opponent": "Almaden"
    },
    {
      "name": "ElleC",
      "stroke": "Butterfly",
      "age": "8 & Under",
      "gender": "Girls",
      "date": "2012-06-30",
      "time": "DQ",
      "place": "--",
      "team": "Otters",
      "yards": 0,
      "meet": "084",
      "opponent": "Shadowbrook"
    },
    {
      "name": "ElleC",
      "stroke": "Back",
      "age": "7-8",
      "gender": "Girls",
      "date": "2012-06-30",
      "time": "34.22",
      "place": "17",
      "team": "Otters",
      "yards": 0,
      "meet": "084",
      "opponent": "Shadowbrook"
    },
    {
      "name": "ElleC",
      "stroke": "Freestyle",
      "age": "7-8",
      "gender": "Girls",
      "date": "2012-06-30",
      "time": "28.83",
      "place": "17",
      "team": "Otters",
      "yards": 0,
      "meet": "084",
      "opponent": "Shadowbrook"
    },
    {
      "name": "ElleC",
      "stroke": "Butterfly",
      "age": "8 & Under",
      "gender": "Girls",
      "date": "2012-07-14",
      "time": "DQ",
      "place": "--",
      "team": "Otters",
      "yards": 0,
      "meet": "085",
      "opponent": "Champs"
    },
    {
      "name": "ElleC",
      "stroke": "Back",
      "age": "7-8",
      "gender": "Girls",
      "date": "2012-07-14",
      "time": "x38.76",
      "place": "60",
      "team": "Otters",
      "yards": 0,
      "meet": "085",
      "opponent": "Champs"
    },
    {
      "name": "ElleC",
      "stroke": "Freestyle",
      "age": "7-8",
      "gender": "Girls",
      "date": "2012-07-14",
      "time": "26.99",
      "place": "59",
      "team": "Otters",
      "yards": 0,
      "meet": "085",
      "opponent": "Champs"
    },
    {
      "name": "ElleC",
      "stroke": "Butterfly",
      "age": "9-10",
      "gender": "Girls",
      "date": "2013-05-18",
      "time": "29.03",
      "place": "22",
      "team": "Otters",
      "yards": 0,
      "meet": "086",
      "opponent": "Trials"
    },
    {
      "name": "ElleC",
      "stroke": "Back",
      "age": "9-10",
      "gender": "Girls",
      "date": "2013-05-18",
      "time": "28.20",
      "place": "24",
      "team": "Otters",
      "yards": 0,
      "meet": "086",
      "opponent": "Trials"
    },
    {
      "name": "ElleC",
      "stroke": "Breast",
      "age": "9-10",
      "gender": "Girls",
      "date": "2013-05-18",
      "time": "28.72",
      "place": "19",
      "team": "Otters",
      "yards": 0,
      "meet": "086",
      "opponent": "Trials"
    },
    {
      "name": "ElleC",
      "stroke": "Freestyle",
      "age": "9-10",
      "gender": "Girls",
      "date": "2013-05-18",
      "time": "22.29",
      "place": "22",
      "team": "Otters",
      "yards": 0,
      "meet": "086",
      "opponent": "Trials"
    },
    {
      "name": "ElleC",
      "stroke": "Back",
      "age": "9-10",
      "gender": "Girls",
      "date": "2013-06-001",
      "time": "26.22",
      "place": "24",
      "team": "Otters",
      "yards": 0,
      "meet": "087",
      "opponent": "Shadowbrook"
    },
    {
      "name": "ElleC",
      "stroke": "Breast",
      "age": "9-10",
      "gender": "Girls",
      "date": "2013-06-001",
      "time": "DQ",
      "place": "--",
      "team": "Otters",
      "yards": 0,
      "meet": "087",
      "opponent": "Shadowbrook"
    },
    {
      "name": "ElleC",
      "stroke": "Freestyle",
      "age": "9-10",
      "gender": "Girls",
      "date": "2013-06-001",
      "time": "24.75",
      "place": "37",
      "team": "Otters",
      "yards": 0,
      "meet": "087",
      "opponent": "Shadowbrook"
    },
    {
      "name": "ElleC",
      "stroke": "Back",
      "age": "9-10",
      "gender": "Girls",
      "date": "2013-06-008",
      "time": "25.44",
      "place": "16",
      "team": "Otters",
      "yards": 0,
      "meet": "088",
      "opponent": "Pinehurst"
    },
    {
      "name": "ElleC",
      "stroke": "Breast",
      "age": "9-10",
      "gender": "Girls",
      "date": "2013-06-008",
      "time": "DQ",
      "place": "--",
      "team": "Otters",
      "yards": 0,
      "meet": "088",
      "opponent": "Pinehurst"
    },
    {
      "name": "ElleC",
      "stroke": "Freestyle",
      "age": "9-10",
      "gender": "Girls",
      "date": "2013-06-008",
      "time": "21.57",
      "place": "23",
      "team": "Otters",
      "yards": 0,
      "meet": "088",
      "opponent": "Pinehurst"
    },
    {
      "name": "ElleC",
      "stroke": "Butterfly",
      "age": "9-10",
      "gender": "Girls",
      "date": "2013-06-15",
      "time": "DQ",
      "place": "--",
      "team": "Otters",
      "yards": 0,
      "meet": "089",
      "opponent": "Crossgates"
    },
    {
      "name": "ElleC",
      "stroke": "Breast",
      "age": "9-10",
      "gender": "Girls",
      "date": "2013-06-15",
      "time": "DQ",
      "place": "--",
      "team": "Otters",
      "yards": 0,
      "meet": "089",
      "opponent": "Crossgates"
    },
    {
      "name": "ElleC",
      "stroke": "Freestyle",
      "age": "9-10",
      "gender": "Girls",
      "date": "2013-06-15",
      "time": "21.41",
      "place": "22",
      "team": "Otters",
      "yards": 0,
      "meet": "089",
      "opponent": "Crossgates"
    },
    {
      "name": "ElleC",
      "stroke": "Back",
      "age": "9-10",
      "gender": "Girls",
      "date": "2013-06-22",
      "time": "28.60",
      "place": "25",
      "team": "Otters",
      "yards": 0,
      "meet": "090",
      "opponent": "Almaden"
    },
    {
      "name": "ElleC",
      "stroke": "Breast",
      "age": "9-10",
      "gender": "Girls",
      "date": "2013-06-22",
      "time": "DQ",
      "place": "--",
      "team": "Otters",
      "yards": 0,
      "meet": "090",
      "opponent": "Almaden"
    },
    {
      "name": "ElleC",
      "stroke": "Freestyle",
      "age": "9-10",
      "gender": "Girls",
      "date": "2013-06-22",
      "time": "21.19",
      "place": "39",
      "team": "Otters",
      "yards": 0,
      "meet": "090",
      "opponent": "Almaden"
    },
    {
      "name": "ElleC",
      "stroke": "Back",
      "age": "9-10",
      "gender": "Girls",
      "date": "2013-06-29",
      "time": "29.67",
      "place": "26",
      "team": "Otters",
      "yards": 0,
      "meet": "091",
      "opponent": "Creekside"
    },
    {
      "name": "ElleC",
      "stroke": "Breast",
      "age": "9-10",
      "gender": "Girls",
      "date": "2013-06-29",
      "time": "DQ",
      "place": "--",
      "team": "Otters",
      "yards": 0,
      "meet": "091",
      "opponent": "Creekside"
    },
    {
      "name": "ElleC",
      "stroke": "Freestyle",
      "age": "9-10",
      "gender": "Girls",
      "date": "2013-06-29",
      "time": "21.65",
      "place": "32",
      "team": "Otters",
      "yards": 0,
      "meet": "091",
      "opponent": "Creekside"
    }
  ]
}