{
  "scores": [
    {
      "name": "EmilyB",
      "stroke": "Butterfly",
      "age": "15-18",
      "gender": "Girls",
      "date": "2001-06-16",
      "time": "31.25",
      "place": "3",
      "team": "Otters",
      "yards": 0,
      "meet": "002",
      "opponent": "Almaden"
    },
    {
      "name": "EmilyB",
      "stroke": "Breast",
      "age": "15-18",
      "gender": "Girls",
      "date": "2001-06-16",
      "time": "39.82",
      "place": "3",
      "team": "Otters",
      "yards": 0,
      "meet": "002",
      "opponent": "Almaden"
    },
    {
      "name": "EmilyB",
      "stroke": "Freestyle",
      "age": "15-18",
      "gender": "Girls",
      "date": "2001-06-16",
      "time": "28.56",
      "place": "5",
      "team": "Otters",
      "yards": 0,
      "meet": "002",
      "opponent": "Almaden"
    },
    {
      "name": "EmilyB",
      "stroke": "Butterfly",
      "age": "15-18",
      "gender": "Girls",
      "date": "2001-06-23",
      "time": "31.49",
      "place": "3",
      "team": "Otters",
      "yards": 0,
      "meet": "003",
      "opponent": "Creekside"
    },
    {
      "name": "EmilyB",
      "stroke": "Freestyle",
      "age": "15-18",
      "gender": "Girls",
      "date": "2001-06-23",
      "time": "27.55",
      "place": "2",
      "team": "Otters",
      "yards": 0,
      "meet": "003",
      "opponent": "Creekside"
    },
    {
      "name": "EmilyB",
      "stroke": "Butterfly",
      "age": "15-18",
      "gender": "Girls",
      "date": "2001-07-14",
      "time": "31.63",
      "place": "3",
      "team": "Otters",
      "yards": 0,
      "meet": "005",
      "opponent": "Pinehurst"
    },
    {
      "name": "EmilyB",
      "stroke": "Breast",
      "age": "15-18",
      "gender": "Girls",
      "date": "2001-07-14",
      "time": "38.62",
      "place": "5",
      "team": "Otters",
      "yards": 0,
      "meet": "005",
      "opponent": "Pinehurst"
    },
    {
      "name": "EmilyB",
      "stroke": "Freestyle",
      "age": "15-18",
      "gender": "Girls",
      "date": "2001-07-14",
      "time": "28.35",
      "place": "6",
      "team": "Otters",
      "yards": 0,
      "meet": "005",
      "opponent": "Pinehurst"
    },
    {
      "name": "EmilyB",
      "stroke": "Butterfly",
      "age": "15-18",
      "gender": "Girls",
      "date": "2001-07-21",
      "time": "30.43",
      "place": "7",
      "team": "Otters",
      "yards": 0,
      "meet": "006",
      "opponent": "Champs"
    },
    {
      "name": "EmilyB",
      "stroke": "Back",
      "age": "15-18",
      "gender": "Girls",
      "date": "2001-07-21",
      "time": "33.64",
      "place": "6",
      "team": "Otters",
      "yards": 0,
      "meet": "006",
      "opponent": "Champs"
    },
    {
      "name": "EmilyB",
      "stroke": "Freestyle",
      "age": "15-18",
      "gender": "Girls",
      "date": "2001-07-21",
      "time": "27.54",
      "place": "8",
      "team": "Otters",
      "yards": 0,
      "meet": "006",
      "opponent": "Champs"
    }
  ]
}