{
  "scores": [
    {
      "name": "EmmaD",
      "stroke": "Freestyle",
      "age": "6 & Under",
      "gender": "Girls",
      "date": "2002-05-11",
      "time": "1:53.15",
      "place": "6",
      "team": "Otters",
      "yards": 0,
      "meet": "007",
      "opponent": "Trials"
    },
    {
      "name": "EmmaD",
      "stroke": "Back",
      "age": "6 & Under",
      "gender": "Girls",
      "date": "2002-05-31",
      "time": "1:36.20",
      "place": "3",
      "team": "Otters",
      "yards": 0,
      "meet": "008",
      "opponent": "Trials"
    },
    {
      "name": "EmmaD",
      "stroke": "Freestyle",
      "age": "6 & Under",
      "gender": "Girls",
      "date": "2002-05-31",
      "time": "1:03.61",
      "place": "3",
      "team": "Otters",
      "yards": 0,
      "meet": "008",
      "opponent": "Trials"
    },
    {
      "name": "EmmaD",
      "stroke": "Back",
      "age": "6 & Under",
      "gender": "Girls",
      "date": "2002-06-008",
      "time": "1:22.20",
      "place": "6",
      "team": "Otters",
      "yards": 0,
      "meet": "009",
      "opponent": "Pinehurst"
    },
    {
      "name": "EmmaD",
      "stroke": "Freestyle",
      "age": "6 & Under",
      "gender": "Girls",
      "date": "2002-06-008",
      "time": "1:06.95",
      "place": "9",
      "team": "Otters",
      "yards": 0,
      "meet": "009",
      "opponent": "Pinehurst"
    },
    {
      "name": "EmmaD",
      "stroke": "Back",
      "age": "6 & Under",
      "gender": "Girls",
      "date": "2002-06-15",
      "time": "1:10.86",
      "place": "13",
      "team": "Otters",
      "yards": 0,
      "meet": "010",
      "opponent": "Crossgates"
    },
    {
      "name": "EmmaD",
      "stroke": "Freestyle",
      "age": "6 & Under",
      "gender": "Girls",
      "date": "2002-06-15",
      "time": "54.50",
      "place": "16",
      "team": "Otters",
      "yards": 0,
      "meet": "010",
      "opponent": "Crossgates"
    },
    {
      "name": "EmmaD",
      "stroke": "Back",
      "age": "6 & Under",
      "gender": "Girls",
      "date": "2002-06-22",
      "time": "54.13",
      "place": "13",
      "team": "Otters",
      "yards": 0,
      "meet": "011",
      "opponent": "Almaden"
    },
    {
      "name": "EmmaD",
      "stroke": "Freestyle",
      "age": "6 & Under",
      "gender": "Girls",
      "date": "2002-06-22",
      "time": "55.43",
      "place": "14",
      "team": "Otters",
      "yards": 0,
      "meet": "011",
      "opponent": "Almaden"
    },
    {
      "name": "EmmaD",
      "stroke": "Back",
      "age": "6 & Under",
      "gender": "Girls",
      "date": "2002-06-29",
      "time": "1:11.70",
      "place": "14",
      "team": "Otters",
      "yards": 0,
      "meet": "012",
      "opponent": "Creekside"
    },
    {
      "name": "EmmaD",
      "stroke": "Freestyle",
      "age": "6 & Under",
      "gender": "Girls",
      "date": "2002-06-29",
      "time": "46.93",
      "place": "13",
      "team": "Otters",
      "yards": 0,
      "meet": "012",
      "opponent": "Creekside"
    },
    {
      "name": "EmmaD",
      "stroke": "Back",
      "age": "6 & Under",
      "gender": "Girls",
      "date": "2002-07-13",
      "time": "52.00",
      "place": "15",
      "team": "Otters",
      "yards": 0,
      "meet": "013",
      "opponent": "Shadowbrook"
    },
    {
      "name": "EmmaD",
      "stroke": "Freestyle",
      "age": "6 & Under",
      "gender": "Girls",
      "date": "2002-07-13",
      "time": "48.86",
      "place": "17",
      "team": "Otters",
      "yards": 0,
      "meet": "013",
      "opponent": "Shadowbrook"
    },
    {
      "name": "EmmaD",
      "stroke": "Back",
      "age": "6 & Under",
      "gender": "Girls",
      "date": "2002-07-20",
      "time": "1:02.19",
      "place": "39",
      "team": "Otters",
      "yards": 0,
      "meet": "014",
      "opponent": "Champs"
    },
    {
      "name": "EmmaD",
      "stroke": "Freestyle",
      "age": "6 & Under",
      "gender": "Girls",
      "date": "2002-07-20",
      "time": "41.42",
      "place": "36",
      "team": "Otters",
      "yards": 0,
      "meet": "014",
      "opponent": "Champs"
    },
    {
      "name": "EmmaD",
      "stroke": "Butterfly",
      "age": "8 & Under",
      "gender": "Girls",
      "date": "2003-05-10",
      "time": "NS",
      "place": "--",
      "team": "Otters",
      "yards": 0,
      "meet": "015",
      "opponent": "Trials"
    },
    {
      "name": "EmmaD",
      "stroke": "Back",
      "age": "6 & Under",
      "gender": "Girls",
      "date": "2003-05-10",
      "time": "53.15",
      "place": "5",
      "team": "Otters",
      "yards": 0,
      "meet": "015",
      "opponent": "Trials"
    },
    {
      "name": "EmmaD",
      "stroke": "Breast",
      "age": "8 & Under",
      "gender": "Girls",
      "date": "2003-05-10",
      "time": "NS",
      "place": "--",
      "team": "Otters",
      "yards": 0,
      "meet": "015",
      "opponent": "Trials"
    },
    {
      "name": "EmmaD",
      "stroke": "Freestyle",
      "age": "6 & Under",
      "gender": "Girls",
      "date": "2003-05-10",
      "time": "54.16",
      "place": "5",
      "team": "Otters",
      "yards": 0,
      "meet": "015",
      "opponent": "Trials"
    },
    {
      "name": "EmmaD",
      "stroke": "Back",
      "age": "6 & Under",
      "gender": "Girls",
      "date": "2003-05-31",
      "time": "40.72",
      "place": "6",
      "team": "Otters",
      "yards": 0,
      "meet": "016",
      "opponent": "Pinehurst"
    },
    {
      "name": "EmmaD",
      "stroke": "Breast",
      "age": "8 & Under",
      "gender": "Girls",
      "date": "2003-05-31",
      "time": "35.15",
      "place": "7",
      "team": "Otters",
      "yards": 0,
      "meet": "016",
      "opponent": "Pinehurst"
    },
    {
      "name": "EmmaD",
      "stroke": "Freestyle",
      "age": "6 & Under",
      "gender": "Girls",
      "date": "2003-05-31",
      "time": "35.49",
      "place": "5",
      "team": "Otters",
      "yards": 0,
      "meet": "016",
      "opponent": "Pinehurst"
    },
    {
      "name": "EmmaD",
      "stroke": "Back",
      "age": "6 & Under",
      "gender": "Girls",
      "date": "2003-06-009",
      "time": "41.74",
      "place": "11",
      "team": "Otters",
      "yards": 0,
      "meet": "017",
      "opponent": "Shadowbrook"
    },
    {
      "name": "EmmaD",
      "stroke": "Freestyle",
      "age": "6 & Under",
      "gender": "Girls",
      "date": "2003-06-009",
      "time": "35.13",
      "place": "8",
      "team": "Otters",
      "yards": 0,
      "meet": "017",
      "opponent": "Shadowbrook"
    },
    {
      "name": "EmmaD",
      "stroke": "Back",
      "age": "6 & Under",
      "gender": "Girls",
      "date": "2003-06-14",
      "time": "42.23",
      "place": "9",
      "team": "Otters",
      "yards": 0,
      "meet": "018",
      "opponent": "Pinehurst"
    },
    {
      "name": "EmmaD",
      "stroke": "Freestyle",
      "age": "6 & Under",
      "gender": "Girls",
      "date": "2003-06-14",
      "time": "32.29",
      "place": "4",
      "team": "Otters",
      "yards": 0,
      "meet": "018",
      "opponent": "Pinehurst"
    },
    {
      "name": "EmmaD",
      "stroke": "Back",
      "age": "6 & Under",
      "gender": "Girls",
      "date": "2003-06-21",
      "time": "35.35",
      "place": "12",
      "team": "Otters",
      "yards": 0,
      "meet": "019",
      "opponent": "Crossgates"
    },
    {
      "name": "EmmaD",
      "stroke": "Freestyle",
      "age": "6 & Under",
      "gender": "Girls",
      "date": "2003-06-21",
      "time": "35.86",
      "place": "11",
      "team": "Otters",
      "yards": 0,
      "meet": "019",
      "opponent": "Crossgates"
    },
    {
      "name": "EmmaD",
      "stroke": "Back",
      "age": "6 & Under",
      "gender": "Girls",
      "date": "2003-06-28",
      "time": "38.77",
      "place": "6",
      "team": "Otters",
      "yards": 0,
      "meet": "020",
      "opponent": "Almaden"
    },
    {
      "name": "EmmaD",
      "stroke": "Freestyle",
      "age": "6 & Under",
      "gender": "Girls",
      "date": "2003-06-28",
      "time": "33.59",
      "place": "6",
      "team": "Otters",
      "yards": 0,
      "meet": "020",
      "opponent": "Almaden"
    },
    {
      "name": "EmmaD",
      "stroke": "Back",
      "age": "6 & Under",
      "gender": "Girls",
      "date": "2003-07-12",
      "time": "35.14",
      "place": "7",
      "team": "Otters",
      "yards": 0,
      "meet": "021",
      "opponent": "Creekside"
    },
    {
      "name": "EmmaD",
      "stroke": "Freestyle",
      "age": "6 & Under",
      "gender": "Girls",
      "date": "2003-07-12",
      "time": "32.68",
      "place": "6",
      "team": "Otters",
      "yards": 0,
      "meet": "021",
      "opponent": "Creekside"
    },
    {
      "name": "EmmaD",
      "stroke": "Back",
      "age": "6 & Under",
      "gender": "Girls",
      "date": "2003-07-19",
      "time": "32.83",
      "place": "13",
      "team": "Otters",
      "yards": 0,
      "meet": "022",
      "opponent": "Champs"
    },
    {
      "name": "EmmaD",
      "stroke": "Freestyle",
      "age": "6 & Under",
      "gender": "Girls",
      "date": "2003-07-19",
      "time": "31.39",
      "place": "18",
      "team": "Otters",
      "yards": 0,
      "meet": "022",
      "opponent": "Champs"
    },
    {
      "name": "EmmaD",
      "stroke": "Butterfly",
      "age": "8 & Under",
      "gender": "Girls",
      "date": "2004-05-20",
      "time": "39.75",
      "place": "15",
      "team": "Otters",
      "yards": 0,
      "meet": "023",
      "opponent": "Trials"
    },
    {
      "name": "EmmaD",
      "stroke": "Back",
      "age": "7-8",
      "gender": "Girls",
      "date": "2004-05-20",
      "time": "30.46",
      "place": "10",
      "team": "Otters",
      "yards": 0,
      "meet": "023",
      "opponent": "Trials"
    },
    {
      "name": "EmmaD",
      "stroke": "Breast",
      "age": "8 & Under",
      "gender": "Girls",
      "date": "2004-05-20",
      "time": "43.31",
      "place": "12",
      "team": "Otters",
      "yards": 0,
      "meet": "023",
      "opponent": "Trials"
    },
    {
      "name": "EmmaD",
      "stroke": "Butterfly",
      "age": "8 & Under",
      "gender": "Girls",
      "date": "2004-06-005",
      "time": "DQ",
      "place": "--",
      "team": "Otters",
      "yards": 0,
      "meet": "024",
      "opponent": "Creekside"
    },
    {
      "name": "EmmaD",
      "stroke": "Breast",
      "age": "8 & Under",
      "gender": "Girls",
      "date": "2004-06-005",
      "time": "38.08",
      "place": "13",
      "team": "Otters",
      "yards": 0,
      "meet": "024",
      "opponent": "Creekside"
    },
    {
      "name": "EmmaD",
      "stroke": "Butterfly",
      "age": "8 & Under",
      "gender": "Girls",
      "date": "2004-06-12",
      "time": "34.63",
      "place": "8",
      "team": "Otters",
      "yards": 0,
      "meet": "025",
      "opponent": "Shadowbrook"
    },
    {
      "name": "EmmaD",
      "stroke": "Back",
      "age": "7-8",
      "gender": "Girls",
      "date": "2004-06-12",
      "time": "30.33",
      "place": "7",
      "team": "Otters",
      "yards": 0,
      "meet": "025",
      "opponent": "Shadowbrook"
    },
    {
      "name": "EmmaD",
      "stroke": "Back",
      "age": "7-8",
      "gender": "Girls",
      "date": "2004-06-26",
      "time": "28.82",
      "place": "11",
      "team": "Otters",
      "yards": 0,
      "meet": "027",
      "opponent": "Crossgates"
    },
    {
      "name": "EmmaD",
      "stroke": "Breast",
      "age": "8 & Under",
      "gender": "Girls",
      "date": "2004-06-26",
      "time": "41.42",
      "place": "12",
      "team": "Otters",
      "yards": 0,
      "meet": "027",
      "opponent": "Crossgates"
    },
    {
      "name": "EmmaD",
      "stroke": "Freestyle",
      "age": "7-8",
      "gender": "Girls",
      "date": "2004-06-26",
      "time": "23.93",
      "place": "19",
      "team": "Otters",
      "yards": 0,
      "meet": "027",
      "opponent": "Crossgates"
    },
    {
      "name": "EmmaD",
      "stroke": "Back",
      "age": "7-8",
      "gender": "Girls",
      "date": "2004-07-10",
      "time": "28.40",
      "place": "14",
      "team": "Otters",
      "yards": 0,
      "meet": "028",
      "opponent": "Almaden"
    },
    {
      "name": "EmmaD",
      "stroke": "Breast",
      "age": "8 & Under",
      "gender": "Girls",
      "date": "2004-07-10",
      "time": "DQ",
      "place": "--",
      "team": "Otters",
      "yards": 0,
      "meet": "028",
      "opponent": "Almaden"
    },
    {
      "name": "EmmaD",
      "stroke": "Freestyle",
      "age": "7-8",
      "gender": "Girls",
      "date": "2004-07-10",
      "time": "23.59",
      "place": "18",
      "team": "Otters",
      "yards": 0,
      "meet": "028",
      "opponent": "Almaden"
    },
    {
      "name": "EmmaD",
      "stroke": "Back",
      "age": "7-8",
      "gender": "Girls",
      "date": "2004-07-17",
      "time": "31.19",
      "place": "44",
      "team": "Otters",
      "yards": 0,
      "meet": "029",
      "opponent": "Champs"
    },
    {
      "name": "EmmaD",
      "stroke": "Breast",
      "age": "8 & Under",
      "gender": "Girls",
      "date": "2004-07-17",
      "time": "36.56",
      "place": "35",
      "team": "Otters",
      "yards": 0,
      "meet": "029",
      "opponent": "Champs"
    },
    {
      "name": "EmmaD",
      "stroke": "Freestyle",
      "age": "7-8",
      "gender": "Girls",
      "date": "2004-07-17",
      "time": "26.95",
      "place": "60",
      "team": "Otters",
      "yards": 0,
      "meet": "029",
      "opponent": "Champs"
    },
    {
      "name": "EmmaD",
      "stroke": "Butterfly",
      "age": "8 & Under",
      "gender": "Girls",
      "date": "2005-06-11",
      "time": "DQ",
      "place": "--",
      "team": "Otters",
      "yards": 0,
      "meet": "032",
      "opponent": "Creekside"
    },
    {
      "name": "EmmaD",
      "stroke": "Breast",
      "age": "8 & Under",
      "gender": "Girls",
      "date": "2005-06-11",
      "time": "34.94",
      "place": "6",
      "team": "Otters",
      "yards": 0,
      "meet": "032",
      "opponent": "Creekside"
    },
    {
      "name": "EmmaD",
      "stroke": "Freestyle",
      "age": "7-8",
      "gender": "Girls",
      "date": "2005-06-11",
      "time": "22.21",
      "place": "7",
      "team": "Otters",
      "yards": 0,
      "meet": "032",
      "opponent": "Creekside"
    },
    {
      "name": "EmmaD",
      "stroke": "Butterfly",
      "age": "8 & Under",
      "gender": "Girls",
      "date": "2005-06-18",
      "time": "30.50",
      "place": "5",
      "team": "Otters",
      "yards": 0,
      "meet": "033",
      "opponent": "Shadowbrook"
    },
    {
      "name": "EmmaD",
      "stroke": "Breast",
      "age": "8 & Under",
      "gender": "Girls",
      "date": "2005-06-18",
      "time": "33.34",
      "place": "8",
      "team": "Otters",
      "yards": 0,
      "meet": "033",
      "opponent": "Shadowbrook"
    },
    {
      "name": "EmmaD",
      "stroke": "Freestyle",
      "age": "7-8",
      "gender": "Girls",
      "date": "2005-06-18",
      "time": "23.59",
      "place": "11",
      "team": "Otters",
      "yards": 0,
      "meet": "033",
      "opponent": "Shadowbrook"
    },
    {
      "name": "EmmaD",
      "stroke": "Back",
      "age": "7-8",
      "gender": "Girls",
      "date": "2005-07-009",
      "time": "27.81",
      "place": "15",
      "team": "Otters",
      "yards": 0,
      "meet": "035",
      "opponent": "Crossgates"
    },
    {
      "name": "EmmaD",
      "stroke": "Butterfly",
      "age": "8 & Under",
      "gender": "Girls",
      "date": "2005-07-16",
      "time": "26.52",
      "place": "18",
      "team": "Otters",
      "yards": 0,
      "meet": "036",
      "opponent": "Champs"
    },
    {
      "name": "EmmaD",
      "stroke": "Breast",
      "age": "8 & Under",
      "gender": "Girls",
      "date": "2005-07-16",
      "time": "33.61",
      "place": "34",
      "team": "Otters",
      "yards": 0,
      "meet": "036",
      "opponent": "Champs"
    },
    {
      "name": "EmmaD",
      "stroke": "Freestyle",
      "age": "7-8",
      "gender": "Girls",
      "date": "2005-07-16",
      "time": "23.93",
      "place": "47",
      "team": "Otters",
      "yards": 0,
      "meet": "036",
      "opponent": "Champs"
    },
    {
      "name": "EmmaD",
      "stroke": "Butterfly",
      "age": "9-10",
      "gender": "Girls",
      "date": "2006-05-20",
      "time": "25.12",
      "place": "11",
      "team": "Otters",
      "yards": 0,
      "meet": "037",
      "opponent": "Trials"
    },
    {
      "name": "EmmaD",
      "stroke": "Back",
      "age": "9-10",
      "gender": "Girls",
      "date": "2006-05-20",
      "time": "27.77",
      "place": "15",
      "team": "Otters",
      "yards": 0,
      "meet": "037",
      "opponent": "Trials"
    },
    {
      "name": "EmmaD",
      "stroke": "Breast",
      "age": "9-10",
      "gender": "Girls",
      "date": "2006-05-20",
      "time": "32.84",
      "place": "14",
      "team": "Otters",
      "yards": 0,
      "meet": "037",
      "opponent": "Trials"
    },
    {
      "name": "EmmaD",
      "stroke": "Freestyle",
      "age": "9-10",
      "gender": "Girls",
      "date": "2006-05-20",
      "time": "23.75",
      "place": "15",
      "team": "Otters",
      "yards": 0,
      "meet": "037",
      "opponent": "Trials"
    },
    {
      "name": "EmmaD",
      "stroke": "Back",
      "age": "9-10",
      "gender": "Girls",
      "date": "2006-06-003",
      "time": "27.31",
      "place": "18",
      "team": "Otters",
      "yards": 0,
      "meet": "038",
      "opponent": "Crossgates"
    },
    {
      "name": "EmmaD",
      "stroke": "Breast",
      "age": "9-10",
      "gender": "Girls",
      "date": "2006-06-003",
      "time": "31.56",
      "place": "22",
      "team": "Otters",
      "yards": 0,
      "meet": "038",
      "opponent": "Crossgates"
    },
    {
      "name": "EmmaD",
      "stroke": "Freestyle",
      "age": "9-10",
      "gender": "Girls",
      "date": "2006-06-003",
      "time": "20.46",
      "place": "21",
      "team": "Otters",
      "yards": 0,
      "meet": "038",
      "opponent": "Crossgates"
    },
    {
      "name": "EmmaD",
      "stroke": "Back",
      "age": "9-10",
      "gender": "Girls",
      "date": "2006-06-10",
      "time": "24.85",
      "place": "11",
      "team": "Otters",
      "yards": 0,
      "meet": "039",
      "opponent": "Almaden"
    },
    {
      "name": "EmmaD",
      "stroke": "Breast",
      "age": "9-10",
      "gender": "Girls",
      "date": "2006-06-10",
      "time": "DQ",
      "place": "--",
      "team": "Otters",
      "yards": 0,
      "meet": "039",
      "opponent": "Almaden"
    },
    {
      "name": "EmmaD",
      "stroke": "Freestyle",
      "age": "9-10",
      "gender": "Girls",
      "date": "2006-06-10",
      "time": "20.65",
      "place": "15",
      "team": "Otters",
      "yards": 0,
      "meet": "039",
      "opponent": "Almaden"
    },
    {
      "name": "EmmaD",
      "stroke": "Back",
      "age": "9-10",
      "gender": "Girls",
      "date": "2006-06-17",
      "time": "26.71",
      "place": "26",
      "team": "Otters",
      "yards": 0,
      "meet": "040",
      "opponent": "Creekside"
    },
    {
      "name": "EmmaD",
      "stroke": "Breast",
      "age": "9-10",
      "gender": "Girls",
      "date": "2006-06-17",
      "time": "31.69",
      "place": "17",
      "team": "Otters",
      "yards": 0,
      "meet": "040",
      "opponent": "Creekside"
    },
    {
      "name": "EmmaD",
      "stroke": "Freestyle",
      "age": "9-10",
      "gender": "Girls",
      "date": "2006-06-17",
      "time": "20.97",
      "place": "29",
      "team": "Otters",
      "yards": 0,
      "meet": "040",
      "opponent": "Creekside"
    },
    {
      "name": "EmmaD",
      "stroke": "Back",
      "age": "9-10",
      "gender": "Girls",
      "date": "2006-06-24",
      "time": "27.33",
      "place": "14",
      "team": "Otters",
      "yards": 0,
      "meet": "041",
      "opponent": "Shadowbrook"
    },
    {
      "name": "EmmaD",
      "stroke": "Breast",
      "age": "9-10",
      "gender": "Girls",
      "date": "2006-06-24",
      "time": "32.47",
      "place": "20",
      "team": "Otters",
      "yards": 0,
      "meet": "041",
      "opponent": "Shadowbrook"
    },
    {
      "name": "EmmaD",
      "stroke": "Freestyle",
      "age": "9-10",
      "gender": "Girls",
      "date": "2006-06-24",
      "time": "20.13",
      "place": "21",
      "team": "Otters",
      "yards": 0,
      "meet": "041",
      "opponent": "Shadowbrook"
    },
    {
      "name": "EmmaD",
      "stroke": "Back",
      "age": "9-10",
      "gender": "Girls",
      "date": "2006-07-008",
      "time": "26.22",
      "place": "12",
      "team": "Otters",
      "yards": 0,
      "meet": "042",
      "opponent": "Pinehurst"
    },
    {
      "name": "EmmaD",
      "stroke": "Breast",
      "age": "9-10",
      "gender": "Girls",
      "date": "2006-07-008",
      "time": "28.37",
      "place": "12",
      "team": "Otters",
      "yards": 0,
      "meet": "042",
      "opponent": "Pinehurst"
    },
    {
      "name": "EmmaD",
      "stroke": "Freestyle",
      "age": "9-10",
      "gender": "Girls",
      "date": "2006-07-008",
      "time": "18.84",
      "place": "10",
      "team": "Otters",
      "yards": 0,
      "meet": "042",
      "opponent": "Pinehurst"
    },
    {
      "name": "EmmaD",
      "stroke": "Back",
      "age": "9-10",
      "gender": "Girls",
      "date": "2006-07-15",
      "time": "25.95",
      "place": "63",
      "team": "Otters",
      "yards": 0,
      "meet": "043",
      "opponent": "Champs"
    },
    {
      "name": "EmmaD",
      "stroke": "Breast",
      "age": "9-10",
      "gender": "Girls",
      "date": "2006-07-15",
      "time": "29.26",
      "place": "50",
      "team": "Otters",
      "yards": 0,
      "meet": "043",
      "opponent": "Champs"
    },
    {
      "name": "EmmaD",
      "stroke": "Freestyle",
      "age": "9-10",
      "gender": "Girls",
      "date": "2006-07-15",
      "time": "20.42",
      "place": "70",
      "team": "Otters",
      "yards": 0,
      "meet": "043",
      "opponent": "Champs"
    },
    {
      "name": "EmmaD",
      "stroke": "Butterfly",
      "age": "9-10",
      "gender": "Girls",
      "date": "2007-06-002",
      "time": "20.97",
      "place": "4",
      "team": "Otters",
      "yards": 0,
      "meet": "044",
      "opponent": "Trials"
    },
    {
      "name": "EmmaD",
      "stroke": "Back",
      "age": "9-10",
      "gender": "Girls",
      "date": "2007-06-002",
      "time": "22.22",
      "place": "5",
      "team": "Otters",
      "yards": 0,
      "meet": "044",
      "opponent": "Trials"
    },
    {
      "name": "EmmaD",
      "stroke": "Breast",
      "age": "9-10",
      "gender": "Girls",
      "date": "2007-06-002",
      "time": "26.58",
      "place": "7",
      "team": "Otters",
      "yards": 0,
      "meet": "044",
      "opponent": "Trials"
    },
    {
      "name": "EmmaD",
      "stroke": "Freestyle",
      "age": "9-10",
      "gender": "Girls",
      "date": "2007-06-002",
      "time": "17.90",
      "place": "5",
      "team": "Otters",
      "yards": 0,
      "meet": "044",
      "opponent": "Trials"
    },
    {
      "name": "EmmaD",
      "stroke": "Back",
      "age": "9-10",
      "gender": "Girls",
      "date": "2007-06-009",
      "time": "23.47",
      "place": "5",
      "team": "Otters",
      "yards": 0,
      "meet": "045",
      "opponent": "Pinehurst"
    },
    {
      "name": "EmmaD",
      "stroke": "Breast",
      "age": "9-10",
      "gender": "Girls",
      "date": "2007-06-009",
      "time": "26.64",
      "place": "8",
      "team": "Otters",
      "yards": 0,
      "meet": "045",
      "opponent": "Pinehurst"
    },
    {
      "name": "EmmaD",
      "stroke": "Freestyle",
      "age": "9-10",
      "gender": "Girls",
      "date": "2007-06-009",
      "time": "17.88",
      "place": "6",
      "team": "Otters",
      "yards": 0,
      "meet": "045",
      "opponent": "Pinehurst"
    },
    {
      "name": "EmmaD",
      "stroke": "Butterfly",
      "age": "9-10",
      "gender": "Girls",
      "date": "2007-06-16",
      "time": "22.97",
      "place": "9",
      "team": "Otters",
      "yards": 0,
      "meet": "046",
      "opponent": "Crossgates"
    },
    {
      "name": "EmmaD",
      "stroke": "Back",
      "age": "9-10",
      "gender": "Girls",
      "date": "2007-06-16",
      "time": "24.03",
      "place": "11",
      "team": "Otters",
      "yards": 0,
      "meet": "046",
      "opponent": "Crossgates"
    },
    {
      "name": "EmmaD",
      "stroke": "Freestyle",
      "age": "9-10",
      "gender": "Girls",
      "date": "2007-06-16",
      "time": "18.50",
      "place": "12",
      "team": "Otters",
      "yards": 0,
      "meet": "046",
      "opponent": "Crossgates"
    },
    {
      "name": "EmmaD",
      "stroke": "Butterfly",
      "age": "9-10",
      "gender": "Girls",
      "date": "2007-06-23",
      "time": "23.15",
      "place": "8",
      "team": "Otters",
      "yards": 0,
      "meet": "047",
      "opponent": "Almaden"
    },
    {
      "name": "EmmaD",
      "stroke": "Back",
      "age": "9-10",
      "gender": "Girls",
      "date": "2007-06-23",
      "time": "23.80",
      "place": "5",
      "team": "Otters",
      "yards": 0,
      "meet": "047",
      "opponent": "Almaden"
    },
    {
      "name": "EmmaD",
      "stroke": "Freestyle",
      "age": "9-10",
      "gender": "Girls",
      "date": "2007-06-23",
      "time": "18.11",
      "place": "6",
      "team": "Otters",
      "yards": 0,
      "meet": "047",
      "opponent": "Almaden"
    },
    {
      "name": "EmmaD",
      "stroke": "Back",
      "age": "9-10",
      "gender": "Girls",
      "date": "2007-06-30",
      "time": "24.27",
      "place": "11",
      "team": "Otters",
      "yards": 0,
      "meet": "048",
      "opponent": "Creekside"
    },
    {
      "name": "EmmaD",
      "stroke": "Breast",
      "age": "9-10",
      "gender": "Girls",
      "date": "2007-06-30",
      "time": "25.76",
      "place": "8",
      "team": "Otters",
      "yards": 0,
      "meet": "048",
      "opponent": "Creekside"
    },
    {
      "name": "EmmaD",
      "stroke": "Freestyle",
      "age": "9-10",
      "gender": "Girls",
      "date": "2007-06-30",
      "time": "18.57",
      "place": "11",
      "team": "Otters",
      "yards": 0,
      "meet": "048",
      "opponent": "Creekside"
    },
    {
      "name": "EmmaD",
      "stroke": "Back",
      "age": "9-10",
      "gender": "Girls",
      "date": "2007-07-007",
      "time": "24.66",
      "place": "9",
      "team": "Otters",
      "yards": 0,
      "meet": "049",
      "opponent": "Shadowbrook"
    },
    {
      "name": "EmmaD",
      "stroke": "Breast",
      "age": "9-10",
      "gender": "Girls",
      "date": "2007-07-007",
      "time": "26.68",
      "place": "11",
      "team": "Otters",
      "yards": 0,
      "meet": "049",
      "opponent": "Shadowbrook"
    },
    {
      "name": "EmmaD",
      "stroke": "Freestyle",
      "age": "9-10",
      "gender": "Girls",
      "date": "2007-07-007",
      "time": "18.71",
      "place": "11",
      "team": "Otters",
      "yards": 0,
      "meet": "049",
      "opponent": "Shadowbrook"
    },
    {
      "name": "EmmaD",
      "stroke": "Back",
      "age": "9-10",
      "gender": "Girls",
      "date": "2007-07-14",
      "time": "23.32",
      "place": "30",
      "team": "Otters",
      "yards": 0,
      "meet": "050",
      "opponent": "Champs"
    },
    {
      "name": "EmmaD",
      "stroke": "Breast",
      "age": "9-10",
      "gender": "Girls",
      "date": "2007-07-14",
      "time": "25.56",
      "place": "30",
      "team": "Otters",
      "yards": 0,
      "meet": "050",
      "opponent": "Champs"
    },
    {
      "name": "EmmaD",
      "stroke": "Freestyle",
      "age": "9-10",
      "gender": "Girls",
      "date": "2007-07-14",
      "time": "19.06",
      "place": "49",
      "team": "Otters",
      "yards": 0,
      "meet": "050",
      "opponent": "Champs"
    },
    {
      "name": "EmmaD",
      "stroke": "Butterfly",
      "age": "13-14",
      "gender": "Girls",
      "date": "2010-05-22",
      "time": "43.55",
      "place": "11",
      "team": "Otters",
      "yards": 0,
      "meet": "065",
      "opponent": "Trials"
    },
    {
      "name": "EmmaD",
      "stroke": "Back",
      "age": "13-14",
      "gender": "Girls",
      "date": "2010-05-22",
      "time": "47.79",
      "place": "11",
      "team": "Otters",
      "yards": 0,
      "meet": "065",
      "opponent": "Trials"
    },
    {
      "name": "EmmaD",
      "stroke": "Breast",
      "age": "13-14",
      "gender": "Girls",
      "date": "2010-05-22",
      "time": "52.78",
      "place": "13",
      "team": "Otters",
      "yards": 0,
      "meet": "065",
      "opponent": "Trials"
    },
    {
      "name": "EmmaD",
      "stroke": "Freestyle",
      "age": "13-14",
      "gender": "Girls",
      "date": "2010-05-22",
      "time": "37.11",
      "place": "10",
      "team": "Otters",
      "yards": 0,
      "meet": "065",
      "opponent": "Trials"
    },
    {
      "name": "EmmaD",
      "stroke": "Back",
      "age": "13-14",
      "gender": "Girls",
      "date": "2010-06-19",
      "time": "DQ",
      "place": "--",
      "team": "Otters",
      "yards": 0,
      "meet": "068",
      "opponent": "Shadowbrook"
    },
    {
      "name": "EmmaD",
      "stroke": "Breast",
      "age": "13-14",
      "gender": "Girls",
      "date": "2010-06-19",
      "time": "49.60",
      "place": "10",
      "team": "Otters",
      "yards": 0,
      "meet": "068",
      "opponent": "Shadowbrook"
    },
    {
      "name": "EmmaD",
      "stroke": "Freestyle",
      "age": "13-14",
      "gender": "Girls",
      "date": "2010-06-19",
      "time": "34.94",
      "place": "11",
      "team": "Otters",
      "yards": 0,
      "meet": "068",
      "opponent": "Shadowbrook"
    },
    {
      "name": "EmmaD",
      "stroke": "Back",
      "age": "13-14",
      "gender": "Girls",
      "date": "2010-06-26",
      "time": "43.34",
      "place": "9",
      "team": "Otters",
      "yards": 0,
      "meet": "069",
      "opponent": "Pinehurst"
    },
    {
      "name": "EmmaD",
      "stroke": "Breast",
      "age": "13-14",
      "gender": "Girls",
      "date": "2010-06-26",
      "time": "49.14",
      "place": "7",
      "team": "Otters",
      "yards": 0,
      "meet": "069",
      "opponent": "Pinehurst"
    },
    {
      "name": "EmmaD",
      "stroke": "Freestyle",
      "age": "13-14",
      "gender": "Girls",
      "date": "2010-06-26",
      "time": "34.01",
      "place": "8",
      "team": "Otters",
      "yards": 0,
      "meet": "069",
      "opponent": "Pinehurst"
    },
    {
      "name": "EmmaD",
      "stroke": "Back",
      "age": "13-14",
      "gender": "Girls",
      "date": "2010-07-10",
      "time": "41.63",
      "place": "10",
      "team": "Otters",
      "yards": 0,
      "meet": "070",
      "opponent": "Crossgates"
    },
    {
      "name": "EmmaD",
      "stroke": "Breast",
      "age": "13-14",
      "gender": "Girls",
      "date": "2010-07-10",
      "time": "48.25",
      "place": "13",
      "team": "Otters",
      "yards": 0,
      "meet": "070",
      "opponent": "Crossgates"
    },
    {
      "name": "EmmaD",
      "stroke": "Freestyle",
      "age": "13-14",
      "gender": "Girls",
      "date": "2010-07-10",
      "time": "34.10",
      "place": "16",
      "team": "Otters",
      "yards": 0,
      "meet": "070",
      "opponent": "Crossgates"
    },
    {
      "name": "EmmaD",
      "stroke": "Back",
      "age": "13-14",
      "gender": "Girls",
      "date": "2010-07-17",
      "time": "41.26",
      "place": "38",
      "team": "Otters",
      "yards": 0,
      "meet": "071",
      "opponent": "Champs"
    },
    {
      "name": "EmmaD",
      "stroke": "Breast",
      "age": "13-14",
      "gender": "Girls",
      "date": "2010-07-17",
      "time": "47.43",
      "place": "33",
      "team": "Otters",
      "yards": 0,
      "meet": "071",
      "opponent": "Champs"
    },
    {
      "name": "EmmaD",
      "stroke": "Freestyle",
      "age": "13-14",
      "gender": "Girls",
      "date": "2010-07-17",
      "time": "35.26",
      "place": "58",
      "team": "Otters",
      "yards": 0,
      "meet": "071",
      "opponent": "Champs"
    }
  ]
}