{
  "scores": [
    {
      "name": "EricE",
      "stroke": "Back",
      "age": "9-10",
      "gender": "Boys",
      "date": "2005-06-004",
      "time": "24.87",
      "place": "9",
      "team": "Otters",
      "yards": 0,
      "meet": "031",
      "opponent": "Almaden"
    },
    {
      "name": "EricE",
      "stroke": "Breast",
      "age": "9-10",
      "gender": "Boys",
      "date": "2005-06-004",
      "time": "29.10",
      "place": "8",
      "team": "Otters",
      "yards": 0,
      "meet": "031",
      "opponent": "Almaden"
    },
    {
      "name": "EricE",
      "stroke": "Freestyle",
      "age": "9-10",
      "gender": "Boys",
      "date": "2005-06-004",
      "time": "20.68",
      "place": "15",
      "team": "Otters",
      "yards": 0,
      "meet": "031",
      "opponent": "Almaden"
    },
    {
      "name": "EricE",
      "stroke": "Back",
      "age": "9-10",
      "gender": "Boys",
      "date": "2005-06-11",
      "time": "26.40",
      "place": "8",
      "team": "Otters",
      "yards": 0,
      "meet": "032",
      "opponent": "Creekside"
    },
    {
      "name": "EricE",
      "stroke": "Breast",
      "age": "9-10",
      "gender": "Boys",
      "date": "2005-06-11",
      "time": "28.87",
      "place": "6",
      "team": "Otters",
      "yards": 0,
      "meet": "032",
      "opponent": "Creekside"
    },
    {
      "name": "EricE",
      "stroke": "Freestyle",
      "age": "9-10",
      "gender": "Boys",
      "date": "2005-06-11",
      "time": "19.93",
      "place": "9",
      "team": "Otters",
      "yards": 0,
      "meet": "032",
      "opponent": "Creekside"
    },
    {
      "name": "EricE",
      "stroke": "Back",
      "age": "9-10",
      "gender": "Boys",
      "date": "2005-06-18",
      "time": "25.75",
      "place": "4",
      "team": "Otters",
      "yards": 0,
      "meet": "033",
      "opponent": "Shadowbrook"
    },
    {
      "name": "EricE",
      "stroke": "Breast",
      "age": "9-10",
      "gender": "Boys",
      "date": "2005-06-18",
      "time": "27.60",
      "place": "10",
      "team": "Otters",
      "yards": 0,
      "meet": "033",
      "opponent": "Shadowbrook"
    },
    {
      "name": "EricE",
      "stroke": "Freestyle",
      "age": "9-10",
      "gender": "Boys",
      "date": "2005-06-18",
      "time": "19.34",
      "place": "8",
      "team": "Otters",
      "yards": 0,
      "meet": "033",
      "opponent": "Shadowbrook"
    },
    {
      "name": "EricE",
      "stroke": "Back",
      "age": "9-10",
      "gender": "Boys",
      "date": "2005-06-25",
      "time": "25.66",
      "place": "5",
      "team": "Otters",
      "yards": 0,
      "meet": "034",
      "opponent": "Pinehurst"
    },
    {
      "name": "EricE",
      "stroke": "Breast",
      "age": "9-10",
      "gender": "Boys",
      "date": "2005-06-25",
      "time": "27.93",
      "place": "6",
      "team": "Otters",
      "yards": 0,
      "meet": "034",
      "opponent": "Pinehurst"
    },
    {
      "name": "EricE",
      "stroke": "Freestyle",
      "age": "9-10",
      "gender": "Boys",
      "date": "2005-06-25",
      "time": "19.31",
      "place": "9",
      "team": "Otters",
      "yards": 0,
      "meet": "034",
      "opponent": "Pinehurst"
    },
    {
      "name": "EricE",
      "stroke": "Butterfly",
      "age": "9-10",
      "gender": "Boys",
      "date": "2005-07-009",
      "time": "21.77",
      "place": "3",
      "team": "Otters",
      "yards": 0,
      "meet": "035",
      "opponent": "Crossgates"
    },
    {
      "name": "EricE",
      "stroke": "Breast",
      "age": "9-10",
      "gender": "Boys",
      "date": "2005-07-009",
      "time": "26.59",
      "place": "4",
      "team": "Otters",
      "yards": 0,
      "meet": "035",
      "opponent": "Crossgates"
    },
    {
      "name": "EricE",
      "stroke": "Freestyle",
      "age": "9-10",
      "gender": "Boys",
      "date": "2005-07-009",
      "time": "18.70",
      "place": "4",
      "team": "Otters",
      "yards": 0,
      "meet": "035",
      "opponent": "Crossgates"
    },
    {
      "name": "EricE",
      "stroke": "Back",
      "age": "9-10",
      "gender": "Boys",
      "date": "2005-07-16",
      "time": "30.34",
      "place": "34",
      "team": "Otters",
      "yards": 0,
      "meet": "036",
      "opponent": "Champs"
    },
    {
      "name": "EricE",
      "stroke": "Breast",
      "age": "9-10",
      "gender": "Boys",
      "date": "2005-07-16",
      "time": "26.59",
      "place": "24",
      "team": "Otters",
      "yards": 0,
      "meet": "036",
      "opponent": "Champs"
    },
    {
      "name": "EricE",
      "stroke": "Freestyle",
      "age": "9-10",
      "gender": "Boys",
      "date": "2005-07-16",
      "time": "18.02",
      "place": "24",
      "team": "Otters",
      "yards": 0,
      "meet": "036",
      "opponent": "Champs"
    },
    {
      "name": "EricE",
      "stroke": "Butterfly",
      "age": "11-12",
      "gender": "Boys",
      "date": "2006-05-20",
      "time": "49.75",
      "place": "7",
      "team": "Otters",
      "yards": 0,
      "meet": "037",
      "opponent": "Trials"
    },
    {
      "name": "EricE",
      "stroke": "Back",
      "age": "11-12",
      "gender": "Boys",
      "date": "2006-05-20",
      "time": "55.46",
      "place": "7",
      "team": "Otters",
      "yards": 0,
      "meet": "037",
      "opponent": "Trials"
    },
    {
      "name": "EricE",
      "stroke": "Breast",
      "age": "11-12",
      "gender": "Boys",
      "date": "2006-05-20",
      "time": "58.56",
      "place": "8",
      "team": "Otters",
      "yards": 0,
      "meet": "037",
      "opponent": "Trials"
    },
    {
      "name": "EricE",
      "stroke": "Freestyle",
      "age": "11-12",
      "gender": "Boys",
      "date": "2006-05-20",
      "time": "39.34",
      "place": "8",
      "team": "Otters",
      "yards": 0,
      "meet": "037",
      "opponent": "Trials"
    },
    {
      "name": "EricE",
      "stroke": "Butterfly",
      "age": "11-12",
      "gender": "Boys",
      "date": "2006-06-003",
      "time": "49.40",
      "place": "8",
      "team": "Otters",
      "yards": 0,
      "meet": "038",
      "opponent": "Crossgates"
    },
    {
      "name": "EricE",
      "stroke": "Breast",
      "age": "11-12",
      "gender": "Boys",
      "date": "2006-06-003",
      "time": "56.47",
      "place": "12",
      "team": "Otters",
      "yards": 0,
      "meet": "038",
      "opponent": "Crossgates"
    },
    {
      "name": "EricE",
      "stroke": "Freestyle",
      "age": "11-12",
      "gender": "Boys",
      "date": "2006-06-003",
      "time": "38.84",
      "place": "15",
      "team": "Otters",
      "yards": 0,
      "meet": "038",
      "opponent": "Crossgates"
    },
    {
      "name": "EricE",
      "stroke": "Butterfly",
      "age": "11-12",
      "gender": "Boys",
      "date": "2006-06-10",
      "time": "52.96",
      "place": "10",
      "team": "Otters",
      "yards": 0,
      "meet": "039",
      "opponent": "Almaden"
    },
    {
      "name": "EricE",
      "stroke": "Breast",
      "age": "11-12",
      "gender": "Boys",
      "date": "2006-06-10",
      "time": "55.34",
      "place": "10",
      "team": "Otters",
      "yards": 0,
      "meet": "039",
      "opponent": "Almaden"
    },
    {
      "name": "EricE",
      "stroke": "Freestyle",
      "age": "11-12",
      "gender": "Boys",
      "date": "2006-06-10",
      "time": "36.60",
      "place": "14",
      "team": "Otters",
      "yards": 0,
      "meet": "039",
      "opponent": "Almaden"
    },
    {
      "name": "EricE",
      "stroke": "Butterfly",
      "age": "11-12",
      "gender": "Boys",
      "date": "2006-06-17",
      "time": "48.65",
      "place": "8",
      "team": "Otters",
      "yards": 0,
      "meet": "040",
      "opponent": "Creekside"
    },
    {
      "name": "EricE",
      "stroke": "Breast",
      "age": "11-12",
      "gender": "Boys",
      "date": "2006-06-17",
      "time": "52.06",
      "place": "12",
      "team": "Otters",
      "yards": 0,
      "meet": "040",
      "opponent": "Creekside"
    },
    {
      "name": "EricE",
      "stroke": "Freestyle",
      "age": "11-12",
      "gender": "Boys",
      "date": "2006-06-17",
      "time": "35.76",
      "place": "10",
      "team": "Otters",
      "yards": 0,
      "meet": "040",
      "opponent": "Creekside"
    },
    {
      "name": "EricE",
      "stroke": "Butterfly",
      "age": "11-12",
      "gender": "Boys",
      "date": "2006-06-24",
      "time": "54.06",
      "place": "7",
      "team": "Otters",
      "yards": 0,
      "meet": "041",
      "opponent": "Shadowbrook"
    },
    {
      "name": "EricE",
      "stroke": "Breast",
      "age": "11-12",
      "gender": "Boys",
      "date": "2006-06-24",
      "time": "54.89",
      "place": "12",
      "team": "Otters",
      "yards": 0,
      "meet": "041",
      "opponent": "Shadowbrook"
    },
    {
      "name": "EricE",
      "stroke": "Freestyle",
      "age": "11-12",
      "gender": "Boys",
      "date": "2006-06-24",
      "time": "36.94",
      "place": "10",
      "team": "Otters",
      "yards": 0,
      "meet": "041",
      "opponent": "Shadowbrook"
    },
    {
      "name": "EricE",
      "stroke": "Butterfly",
      "age": "11-12",
      "gender": "Boys",
      "date": "2006-07-008",
      "time": "47.14",
      "place": "7",
      "team": "Otters",
      "yards": 0,
      "meet": "042",
      "opponent": "Pinehurst"
    },
    {
      "name": "EricE",
      "stroke": "Breast",
      "age": "11-12",
      "gender": "Boys",
      "date": "2006-07-008",
      "time": "50.50",
      "place": "6",
      "team": "Otters",
      "yards": 0,
      "meet": "042",
      "opponent": "Pinehurst"
    },
    {
      "name": "EricE",
      "stroke": "Freestyle",
      "age": "11-12",
      "gender": "Boys",
      "date": "2006-07-008",
      "time": "35.40",
      "place": "7",
      "team": "Otters",
      "yards": 0,
      "meet": "042",
      "opponent": "Pinehurst"
    },
    {
      "name": "EricE",
      "stroke": "Butterfly",
      "age": "11-12",
      "gender": "Boys",
      "date": "2006-07-15",
      "time": "45.01",
      "place": "18",
      "team": "Otters",
      "yards": 0,
      "meet": "043",
      "opponent": "Champs"
    },
    {
      "name": "EricE",
      "stroke": "Breast",
      "age": "11-12",
      "gender": "Boys",
      "date": "2006-07-15",
      "time": "53.43",
      "place": "29",
      "team": "Otters",
      "yards": 0,
      "meet": "043",
      "opponent": "Champs"
    },
    {
      "name": "EricE",
      "stroke": "Freestyle",
      "age": "11-12",
      "gender": "Boys",
      "date": "2006-07-15",
      "time": "34.50",
      "place": "26",
      "team": "Otters",
      "yards": 0,
      "meet": "043",
      "opponent": "Champs"
    },
    {
      "name": "EricE",
      "stroke": "Butterfly",
      "age": "11-12",
      "gender": "Boys",
      "date": "2007-06-002",
      "time": "41.53",
      "place": "4",
      "team": "Otters",
      "yards": 0,
      "meet": "044",
      "opponent": "Trials"
    },
    {
      "name": "EricE",
      "stroke": "Back",
      "age": "11-12",
      "gender": "Boys",
      "date": "2007-06-002",
      "time": "43.22",
      "place": "4",
      "team": "Otters",
      "yards": 0,
      "meet": "044",
      "opponent": "Trials"
    },
    {
      "name": "EricE",
      "stroke": "Breast",
      "age": "11-12",
      "gender": "Boys",
      "date": "2007-06-002",
      "time": "47.80",
      "place": "3",
      "team": "Otters",
      "yards": 0,
      "meet": "044",
      "opponent": "Trials"
    },
    {
      "name": "EricE",
      "stroke": "Freestyle",
      "age": "11-12",
      "gender": "Boys",
      "date": "2007-06-002",
      "time": "32.38",
      "place": "3",
      "team": "Otters",
      "yards": 0,
      "meet": "044",
      "opponent": "Trials"
    },
    {
      "name": "EricE",
      "stroke": "Back",
      "age": "11-12",
      "gender": "Boys",
      "date": "2007-06-009",
      "time": "44.44",
      "place": "8",
      "team": "Otters",
      "yards": 0,
      "meet": "045",
      "opponent": "Pinehurst"
    },
    {
      "name": "EricE",
      "stroke": "Breast",
      "age": "11-12",
      "gender": "Boys",
      "date": "2007-06-009",
      "time": "48.27",
      "place": "4",
      "team": "Otters",
      "yards": 0,
      "meet": "045",
      "opponent": "Pinehurst"
    },
    {
      "name": "EricE",
      "stroke": "Freestyle",
      "age": "11-12",
      "gender": "Boys",
      "date": "2007-06-009",
      "time": "33.45",
      "place": "2",
      "team": "Otters",
      "yards": 0,
      "meet": "045",
      "opponent": "Pinehurst"
    },
    {
      "name": "EricE",
      "stroke": "Back",
      "age": "11-12",
      "gender": "Boys",
      "date": "2007-06-16",
      "time": "42.31",
      "place": "4",
      "team": "Otters",
      "yards": 0,
      "meet": "046",
      "opponent": "Crossgates"
    },
    {
      "name": "EricE",
      "stroke": "Breast",
      "age": "11-12",
      "gender": "Boys",
      "date": "2007-06-16",
      "time": "45.97",
      "place": "3",
      "team": "Otters",
      "yards": 0,
      "meet": "046",
      "opponent": "Crossgates"
    },
    {
      "name": "EricE",
      "stroke": "Freestyle",
      "age": "11-12",
      "gender": "Boys",
      "date": "2007-06-16",
      "time": "32.03",
      "place": "3",
      "team": "Otters",
      "yards": 0,
      "meet": "046",
      "opponent": "Crossgates"
    },
    {
      "name": "EricE",
      "stroke": "Back",
      "age": "11-12",
      "gender": "Boys",
      "date": "2007-06-23",
      "time": "44.63",
      "place": "5",
      "team": "Otters",
      "yards": 0,
      "meet": "047",
      "opponent": "Almaden"
    },
    {
      "name": "EricE",
      "stroke": "Breast",
      "age": "11-12",
      "gender": "Boys",
      "date": "2007-06-23",
      "time": "48.69",
      "place": "7",
      "team": "Otters",
      "yards": 0,
      "meet": "047",
      "opponent": "Almaden"
    },
    {
      "name": "EricE",
      "stroke": "Freestyle",
      "age": "11-12",
      "gender": "Boys",
      "date": "2007-06-23",
      "time": "33.32",
      "place": "3",
      "team": "Otters",
      "yards": 0,
      "meet": "047",
      "opponent": "Almaden"
    },
    {
      "name": "EricE",
      "stroke": "Butterfly",
      "age": "11-12",
      "gender": "Boys",
      "date": "2007-06-30",
      "time": "40.35",
      "place": "2",
      "team": "Otters",
      "yards": 0,
      "meet": "048",
      "opponent": "Creekside"
    },
    {
      "name": "EricE",
      "stroke": "Breast",
      "age": "11-12",
      "gender": "Boys",
      "date": "2007-06-30",
      "time": "46.54",
      "place": "5",
      "team": "Otters",
      "yards": 0,
      "meet": "048",
      "opponent": "Creekside"
    },
    {
      "name": "EricE",
      "stroke": "Freestyle",
      "age": "11-12",
      "gender": "Boys",
      "date": "2007-06-30",
      "time": "32.53",
      "place": "1",
      "team": "Otters",
      "yards": 0,
      "meet": "048",
      "opponent": "Creekside"
    },
    {
      "name": "EricE",
      "stroke": "Butterfly",
      "age": "11-12",
      "gender": "Boys",
      "date": "2007-07-007",
      "time": "39.97",
      "place": "1",
      "team": "Otters",
      "yards": 0,
      "meet": "049",
      "opponent": "Shadowbrook"
    },
    {
      "name": "EricE",
      "stroke": "Breast",
      "age": "11-12",
      "gender": "Boys",
      "date": "2007-07-007",
      "time": "45.19",
      "place": "1",
      "team": "Otters",
      "yards": 0,
      "meet": "049",
      "opponent": "Shadowbrook"
    },
    {
      "name": "EricE",
      "stroke": "Freestyle",
      "age": "11-12",
      "gender": "Boys",
      "date": "2007-07-007",
      "time": "31.97",
      "place": "1",
      "team": "Otters",
      "yards": 0,
      "meet": "049",
      "opponent": "Shadowbrook"
    },
    {
      "name": "EricE",
      "stroke": "Butterfly",
      "age": "11-12",
      "gender": "Boys",
      "date": "2007-07-14",
      "time": "39.09",
      "place": "5",
      "team": "Otters",
      "yards": 0,
      "meet": "050",
      "opponent": "Champs"
    },
    {
      "name": "EricE",
      "stroke": "Breast",
      "age": "11-12",
      "gender": "Boys",
      "date": "2007-07-14",
      "time": "44.82",
      "place": "9",
      "team": "Otters",
      "yards": 0,
      "meet": "050",
      "opponent": "Champs"
    },
    {
      "name": "EricE",
      "stroke": "Freestyle",
      "age": "11-12",
      "gender": "Boys",
      "date": "2007-07-14",
      "time": "31.60",
      "place": "6",
      "team": "Otters",
      "yards": 0,
      "meet": "050",
      "opponent": "Champs"
    },
    {
      "name": "EricE",
      "stroke": "Butterfly",
      "age": "13-14",
      "gender": "Boys",
      "date": "2008-05-31",
      "time": "36.09",
      "place": "5",
      "team": "Otters",
      "yards": 0,
      "meet": "051",
      "opponent": "Trials"
    },
    {
      "name": "EricE",
      "stroke": "Back",
      "age": "13-14",
      "gender": "Boys",
      "date": "2008-05-31",
      "time": "43.50",
      "place": "6",
      "team": "Otters",
      "yards": 0,
      "meet": "051",
      "opponent": "Trials"
    },
    {
      "name": "EricE",
      "stroke": "Breast",
      "age": "13-14",
      "gender": "Boys",
      "date": "2008-05-31",
      "time": "43.00",
      "place": "6",
      "team": "Otters",
      "yards": 0,
      "meet": "051",
      "opponent": "Trials"
    },
    {
      "name": "EricE",
      "stroke": "Freestyle",
      "age": "13-14",
      "gender": "Boys",
      "date": "2008-05-31",
      "time": "30.93",
      "place": "5",
      "team": "Otters",
      "yards": 0,
      "meet": "051",
      "opponent": "Trials"
    },
    {
      "name": "EricE",
      "stroke": "Butterfly",
      "age": "13-14",
      "gender": "Boys",
      "date": "2008-06-007",
      "time": "35.76",
      "place": "4",
      "team": "Otters",
      "yards": 0,
      "meet": "052",
      "opponent": "Shadowbrook"
    },
    {
      "name": "EricE",
      "stroke": "Breast",
      "age": "13-14",
      "gender": "Boys",
      "date": "2008-06-007",
      "time": "42.60",
      "place": "5",
      "team": "Otters",
      "yards": 0,
      "meet": "052",
      "opponent": "Shadowbrook"
    },
    {
      "name": "EricE",
      "stroke": "Freestyle",
      "age": "13-14",
      "gender": "Boys",
      "date": "2008-06-007",
      "time": "31.40",
      "place": "6",
      "team": "Otters",
      "yards": 0,
      "meet": "052",
      "opponent": "Shadowbrook"
    },
    {
      "name": "EricE",
      "stroke": "Back",
      "age": "13-14",
      "gender": "Boys",
      "date": "2008-06-14",
      "time": "40.14",
      "place": "4",
      "team": "Otters",
      "yards": 0,
      "meet": "053",
      "opponent": "Pinehurst"
    },
    {
      "name": "EricE",
      "stroke": "Breast",
      "age": "13-14",
      "gender": "Boys",
      "date": "2008-06-14",
      "time": "44.03",
      "place": "4",
      "team": "Otters",
      "yards": 0,
      "meet": "053",
      "opponent": "Pinehurst"
    },
    {
      "name": "EricE",
      "stroke": "Freestyle",
      "age": "13-14",
      "gender": "Boys",
      "date": "2008-06-14",
      "time": "31.22",
      "place": "8",
      "team": "Otters",
      "yards": 0,
      "meet": "053",
      "opponent": "Pinehurst"
    },
    {
      "name": "EricE",
      "stroke": "Butterfly",
      "age": "13-14",
      "gender": "Boys",
      "date": "2008-06-21",
      "time": "34.63",
      "place": "4",
      "team": "Otters",
      "yards": 0,
      "meet": "054",
      "opponent": "Crossgates"
    },
    {
      "name": "EricE",
      "stroke": "Breast",
      "age": "13-14",
      "gender": "Boys",
      "date": "2008-06-21",
      "time": "44.13",
      "place": "8",
      "team": "Otters",
      "yards": 0,
      "meet": "054",
      "opponent": "Crossgates"
    },
    {
      "name": "EricE",
      "stroke": "Freestyle",
      "age": "13-14",
      "gender": "Boys",
      "date": "2008-06-21",
      "time": "30.03",
      "place": "9",
      "team": "Otters",
      "yards": 0,
      "meet": "054",
      "opponent": "Crossgates"
    },
    {
      "name": "EricE",
      "stroke": "Back",
      "age": "13-14",
      "gender": "Boys",
      "date": "2008-06-28",
      "time": "40.17",
      "place": "8",
      "team": "Otters",
      "yards": 0,
      "meet": "055",
      "opponent": "Almaden"
    },
    {
      "name": "EricE",
      "stroke": "Breast",
      "age": "13-14",
      "gender": "Boys",
      "date": "2008-06-28",
      "time": "42.19",
      "place": "7",
      "team": "Otters",
      "yards": 0,
      "meet": "055",
      "opponent": "Almaden"
    },
    {
      "name": "EricE",
      "stroke": "Freestyle",
      "age": "13-14",
      "gender": "Boys",
      "date": "2008-06-28",
      "time": "29.53",
      "place": "10",
      "team": "Otters",
      "yards": 0,
      "meet": "055",
      "opponent": "Almaden"
    },
    {
      "name": "EricE",
      "stroke": "Butterfly",
      "age": "13-14",
      "gender": "Boys",
      "date": "2008-07-12",
      "time": "34.22",
      "place": "3",
      "team": "Otters",
      "yards": 0,
      "meet": "056",
      "opponent": "Creekside"
    },
    {
      "name": "EricE",
      "stroke": "Butterfly",
      "age": "13-14",
      "gender": "Boys",
      "date": "2008-07-19",
      "time": "36.33",
      "place": "22",
      "team": "Otters",
      "yards": 0,
      "meet": "057",
      "opponent": "Champs"
    },
    {
      "name": "EricE",
      "stroke": "Breast",
      "age": "13-14",
      "gender": "Boys",
      "date": "2008-07-19",
      "time": "43.16",
      "place": "25",
      "team": "Otters",
      "yards": 0,
      "meet": "057",
      "opponent": "Champs"
    },
    {
      "name": "EricE",
      "stroke": "Freestyle",
      "age": "13-14",
      "gender": "Boys",
      "date": "2008-07-19",
      "time": "30.01",
      "place": "26",
      "team": "Otters",
      "yards": 0,
      "meet": "057",
      "opponent": "Champs"
    },
    {
      "name": "EricE",
      "stroke": "Butterfly",
      "age": "13-14",
      "gender": "Boys",
      "date": "2009-05-30",
      "time": "33.34",
      "place": "2",
      "team": "Otters",
      "yards": 0,
      "meet": "058",
      "opponent": "Trials"
    },
    {
      "name": "EricE",
      "stroke": "Back",
      "age": "13-14",
      "gender": "Boys",
      "date": "2009-05-30",
      "time": "40.01",
      "place": "4",
      "team": "Otters",
      "yards": 0,
      "meet": "058",
      "opponent": "Trials"
    },
    {
      "name": "EricE",
      "stroke": "Breast",
      "age": "13-14",
      "gender": "Boys",
      "date": "2009-05-30",
      "time": "41.84",
      "place": "4",
      "team": "Otters",
      "yards": 0,
      "meet": "058",
      "opponent": "Trials"
    },
    {
      "name": "EricE",
      "stroke": "Freestyle",
      "age": "13-14",
      "gender": "Boys",
      "date": "2009-05-30",
      "time": "28.89",
      "place": "3",
      "team": "Otters",
      "yards": 0,
      "meet": "058",
      "opponent": "Trials"
    },
    {
      "name": "EricE",
      "stroke": "Butterfly",
      "age": "13-14",
      "gender": "Boys",
      "date": "2009-06-006",
      "time": "33.69",
      "place": "1",
      "team": "Otters",
      "yards": 0,
      "meet": "059",
      "opponent": "Creekside"
    },
    {
      "name": "EricE",
      "stroke": "Breast",
      "age": "13-14",
      "gender": "Boys",
      "date": "2009-06-006",
      "time": "40.69",
      "place": "4",
      "team": "Otters",
      "yards": 0,
      "meet": "059",
      "opponent": "Creekside"
    },
    {
      "name": "EricE",
      "stroke": "Freestyle",
      "age": "13-14",
      "gender": "Boys",
      "date": "2009-06-006",
      "time": "29.28",
      "place": "3",
      "team": "Otters",
      "yards": 0,
      "meet": "059",
      "opponent": "Creekside"
    },
    {
      "name": "EricE",
      "stroke": "Butterfly",
      "age": "13-14",
      "gender": "Boys",
      "date": "2009-06-13",
      "time": "32.98",
      "place": "1",
      "team": "Otters",
      "yards": 0,
      "meet": "060",
      "opponent": "Shadowbrook"
    },
    {
      "name": "EricE",
      "stroke": "Breast",
      "age": "13-14",
      "gender": "Boys",
      "date": "2009-06-13",
      "time": "40.15",
      "place": "3",
      "team": "Otters",
      "yards": 0,
      "meet": "060",
      "opponent": "Shadowbrook"
    },
    {
      "name": "EricE",
      "stroke": "Freestyle",
      "age": "13-14",
      "gender": "Boys",
      "date": "2009-06-13",
      "time": "29.51",
      "place": "3",
      "team": "Otters",
      "yards": 0,
      "meet": "060",
      "opponent": "Shadowbrook"
    },
    {
      "name": "EricE",
      "stroke": "Butterfly",
      "age": "13-14",
      "gender": "Boys",
      "date": "2009-06-20",
      "time": "32.53",
      "place": "1",
      "team": "Otters",
      "yards": 0,
      "meet": "061",
      "opponent": "Pinehurst"
    },
    {
      "name": "EricE",
      "stroke": "Breast",
      "age": "13-14",
      "gender": "Boys",
      "date": "2009-06-20",
      "time": "39.59",
      "place": "1",
      "team": "Otters",
      "yards": 0,
      "meet": "061",
      "opponent": "Pinehurst"
    },
    {
      "name": "EricE",
      "stroke": "Freestyle",
      "age": "13-14",
      "gender": "Boys",
      "date": "2009-06-20",
      "time": "28.84",
      "place": "3",
      "team": "Otters",
      "yards": 0,
      "meet": "061",
      "opponent": "Pinehurst"
    },
    {
      "name": "EricE",
      "stroke": "Butterfly",
      "age": "13-14",
      "gender": "Boys",
      "date": "2009-06-27",
      "time": "33.69",
      "place": "1",
      "team": "Otters",
      "yards": 0,
      "meet": "062",
      "opponent": "Crossgates"
    },
    {
      "name": "EricE",
      "stroke": "Breast",
      "age": "13-14",
      "gender": "Boys",
      "date": "2009-06-27",
      "time": "40.27",
      "place": "4",
      "team": "Otters",
      "yards": 0,
      "meet": "062",
      "opponent": "Crossgates"
    },
    {
      "name": "EricE",
      "stroke": "Freestyle",
      "age": "13-14",
      "gender": "Boys",
      "date": "2009-06-27",
      "time": "29.03",
      "place": "3",
      "team": "Otters",
      "yards": 0,
      "meet": "062",
      "opponent": "Crossgates"
    },
    {
      "name": "EricE",
      "stroke": "Butterfly",
      "age": "13-14",
      "gender": "Boys",
      "date": "2009-07-11",
      "time": "31.51",
      "place": "1",
      "team": "Otters",
      "yards": 0,
      "meet": "063",
      "opponent": "Almaden"
    },
    {
      "name": "EricE",
      "stroke": "Breast",
      "age": "13-14",
      "gender": "Boys",
      "date": "2009-07-11",
      "time": "40.09",
      "place": "5",
      "team": "Otters",
      "yards": 0,
      "meet": "063",
      "opponent": "Almaden"
    },
    {
      "name": "EricE",
      "stroke": "Freestyle",
      "age": "13-14",
      "gender": "Boys",
      "date": "2009-07-11",
      "time": "28.73",
      "place": "1",
      "team": "Otters",
      "yards": 0,
      "meet": "063",
      "opponent": "Almaden"
    },
    {
      "name": "EricE",
      "stroke": "Butterfly",
      "age": "13-14",
      "gender": "Boys",
      "date": "2009-07-18",
      "time": "31.68",
      "place": "4",
      "team": "Otters",
      "yards": 0,
      "meet": "064",
      "opponent": "Champs"
    },
    {
      "name": "EricE",
      "stroke": "Breast",
      "age": "13-14",
      "gender": "Boys",
      "date": "2009-07-18",
      "time": "39.90",
      "place": "11",
      "team": "Otters",
      "yards": 0,
      "meet": "064",
      "opponent": "Champs"
    },
    {
      "name": "EricE",
      "stroke": "Freestyle",
      "age": "13-14",
      "gender": "Boys",
      "date": "2009-07-18",
      "time": "28.77",
      "place": "11",
      "team": "Otters",
      "yards": 0,
      "meet": "064",
      "opponent": "Champs"
    },
    {
      "name": "EricE",
      "stroke": "Butterfly",
      "age": "15-18",
      "gender": "Boys",
      "date": "2010-05-22",
      "time": "31.26",
      "place": "5",
      "team": "Otters",
      "yards": 0,
      "meet": "065",
      "opponent": "Trials"
    },
    {
      "name": "EricE",
      "stroke": "Back",
      "age": "15-18",
      "gender": "Boys",
      "date": "2010-05-22",
      "time": "38.74",
      "place": "11",
      "team": "Otters",
      "yards": 0,
      "meet": "065",
      "opponent": "Trials"
    },
    {
      "name": "EricE",
      "stroke": "Breast",
      "age": "15-18",
      "gender": "Boys",
      "date": "2010-05-22",
      "time": "38.93",
      "place": "8",
      "team": "Otters",
      "yards": 0,
      "meet": "065",
      "opponent": "Trials"
    },
    {
      "name": "EricE",
      "stroke": "Butterfly",
      "age": "15-18",
      "gender": "Boys",
      "date": "2010-06-005",
      "time": "30.89",
      "place": "7",
      "team": "Otters",
      "yards": 0,
      "meet": "066",
      "opponent": "Almaden"
    },
    {
      "name": "EricE",
      "stroke": "Breast",
      "age": "15-18",
      "gender": "Boys",
      "date": "2010-06-005",
      "time": "38.75",
      "place": "7",
      "team": "Otters",
      "yards": 0,
      "meet": "066",
      "opponent": "Almaden"
    },
    {
      "name": "EricE",
      "stroke": "Freestyle",
      "age": "15-18",
      "gender": "Boys",
      "date": "2010-06-005",
      "time": "28.48",
      "place": "7",
      "team": "Otters",
      "yards": 0,
      "meet": "066",
      "opponent": "Almaden"
    },
    {
      "name": "EricE",
      "stroke": "Butterfly",
      "age": "15-18",
      "gender": "Boys",
      "date": "2010-06-12",
      "time": "30.50",
      "place": "6",
      "team": "Otters",
      "yards": 0,
      "meet": "067",
      "opponent": "Creekside"
    },
    {
      "name": "EricE",
      "stroke": "Breast",
      "age": "15-18",
      "gender": "Boys",
      "date": "2010-06-12",
      "time": "38.38",
      "place": "13",
      "team": "Otters",
      "yards": 0,
      "meet": "067",
      "opponent": "Creekside"
    },
    {
      "name": "EricE",
      "stroke": "Freestyle",
      "age": "15-18",
      "gender": "Boys",
      "date": "2010-06-12",
      "time": "27.78",
      "place": "15",
      "team": "Otters",
      "yards": 0,
      "meet": "067",
      "opponent": "Creekside"
    },
    {
      "name": "EricE",
      "stroke": "Butterfly",
      "age": "15-18",
      "gender": "Boys",
      "date": "2010-06-19",
      "time": "31.09",
      "place": "10",
      "team": "Otters",
      "yards": 0,
      "meet": "068",
      "opponent": "Shadowbrook"
    },
    {
      "name": "EricE",
      "stroke": "Breast",
      "age": "15-18",
      "gender": "Boys",
      "date": "2010-06-19",
      "time": "38.45",
      "place": "12",
      "team": "Otters",
      "yards": 0,
      "meet": "068",
      "opponent": "Shadowbrook"
    },
    {
      "name": "EricE",
      "stroke": "Freestyle",
      "age": "15-18",
      "gender": "Boys",
      "date": "2010-06-19",
      "time": "28.79",
      "place": "16",
      "team": "Otters",
      "yards": 0,
      "meet": "068",
      "opponent": "Shadowbrook"
    },
    {
      "name": "EricE",
      "stroke": "Butterfly",
      "age": "15-18",
      "gender": "Boys",
      "date": "2010-07-17",
      "time": "30.51",
      "place": "26",
      "team": "Otters",
      "yards": 0,
      "meet": "071",
      "opponent": "Champs"
    },
    {
      "name": "EricE",
      "stroke": "Breast",
      "age": "15-18",
      "gender": "Boys",
      "date": "2010-07-17",
      "time": "37.74",
      "place": "30",
      "team": "Otters",
      "yards": 0,
      "meet": "071",
      "opponent": "Champs"
    },
    {
      "name": "EricE",
      "stroke": "Freestyle",
      "age": "15-18",
      "gender": "Boys",
      "date": "2010-07-17",
      "time": "27.58",
      "place": "41",
      "team": "Otters",
      "yards": 0,
      "meet": "071",
      "opponent": "Champs"
    },
    {
      "name": "EricE",
      "stroke": "Butterfly",
      "age": "15-18",
      "gender": "Boys",
      "date": "2011-05-21",
      "time": "30.73",
      "place": "5",
      "team": "Otters",
      "yards": 0,
      "meet": "072",
      "opponent": "Trials"
    },
    {
      "name": "EricE",
      "stroke": "Back",
      "age": "15-18",
      "gender": "Boys",
      "date": "2011-05-21",
      "time": "39.09",
      "place": "7",
      "team": "Otters",
      "yards": 0,
      "meet": "072",
      "opponent": "Trials"
    },
    {
      "name": "EricE",
      "stroke": "Breast",
      "age": "15-18",
      "gender": "Boys",
      "date": "2011-05-21",
      "time": "39.89",
      "place": "7",
      "team": "Otters",
      "yards": 0,
      "meet": "072",
      "opponent": "Trials"
    },
    {
      "name": "EricE",
      "stroke": "Butterfly",
      "age": "15-18",
      "gender": "Boys",
      "date": "2011-06-004",
      "time": "32.07",
      "place": "12",
      "team": "Otters",
      "yards": 0,
      "meet": "073",
      "opponent": "Crossgates"
    },
    {
      "name": "EricE",
      "stroke": "Breast",
      "age": "15-18",
      "gender": "Boys",
      "date": "2011-06-004",
      "time": "39.64",
      "place": "9",
      "team": "Otters",
      "yards": 0,
      "meet": "073",
      "opponent": "Crossgates"
    },
    {
      "name": "EricE",
      "stroke": "Freestyle",
      "age": "15-18",
      "gender": "Boys",
      "date": "2011-06-004",
      "time": "29.06",
      "place": "14",
      "team": "Otters",
      "yards": 0,
      "meet": "073",
      "opponent": "Crossgates"
    },
    {
      "name": "EricE",
      "stroke": "Butterfly",
      "age": "15-18",
      "gender": "Boys",
      "date": "2011-06-11",
      "time": "31.53",
      "place": "7",
      "team": "Otters",
      "yards": 0,
      "meet": "074",
      "opponent": "Almaden"
    },
    {
      "name": "EricE",
      "stroke": "Breast",
      "age": "15-18",
      "gender": "Boys",
      "date": "2011-06-11",
      "time": "37.46",
      "place": "7",
      "team": "Otters",
      "yards": 0,
      "meet": "074",
      "opponent": "Almaden"
    },
    {
      "name": "EricE",
      "stroke": "Freestyle",
      "age": "15-18",
      "gender": "Boys",
      "date": "2011-06-11",
      "time": "27.81",
      "place": "8",
      "team": "Otters",
      "yards": 0,
      "meet": "074",
      "opponent": "Almaden"
    },
    {
      "name": "EricE",
      "stroke": "Butterfly",
      "age": "15-18",
      "gender": "Boys",
      "date": "2011-06-18",
      "time": "31.41",
      "place": "8",
      "team": "Otters",
      "yards": 0,
      "meet": "075",
      "opponent": "Creekside"
    },
    {
      "name": "EricE",
      "stroke": "Breast",
      "age": "15-18",
      "gender": "Boys",
      "date": "2011-06-18",
      "time": "39.29",
      "place": "15",
      "team": "Otters",
      "yards": 0,
      "meet": "075",
      "opponent": "Creekside"
    },
    {
      "name": "EricE",
      "stroke": "Freestyle",
      "age": "15-18",
      "gender": "Boys",
      "date": "2011-06-18",
      "time": "28.58",
      "place": "16",
      "team": "Otters",
      "yards": 0,
      "meet": "075",
      "opponent": "Creekside"
    },
    {
      "name": "EricE",
      "stroke": "Butterfly",
      "age": "15-18",
      "gender": "Boys",
      "date": "2011-06-25",
      "time": "31.63",
      "place": "11",
      "team": "Otters",
      "yards": 0,
      "meet": "076",
      "opponent": "Shadowbrook"
    },
    {
      "name": "EricE",
      "stroke": "Freestyle",
      "age": "15-18",
      "gender": "Boys",
      "date": "2011-06-25",
      "time": "28.38",
      "place": "16",
      "team": "Otters",
      "yards": 0,
      "meet": "076",
      "opponent": "Shadowbrook"
    },
    {
      "name": "EricE",
      "stroke": "Butterfly",
      "age": "15-18",
      "gender": "Boys",
      "date": "2011-07-009",
      "time": "30.98",
      "place": "9",
      "team": "Otters",
      "yards": 0,
      "meet": "077",
      "opponent": "Pinehurst"
    },
    {
      "name": "EricE",
      "stroke": "Breast",
      "age": "15-18",
      "gender": "Boys",
      "date": "2011-07-009",
      "time": "40.27",
      "place": "9",
      "team": "Otters",
      "yards": 0,
      "meet": "077",
      "opponent": "Pinehurst"
    },
    {
      "name": "EricE",
      "stroke": "Freestyle",
      "age": "15-18",
      "gender": "Boys",
      "date": "2011-07-009",
      "time": "28.53",
      "place": "16",
      "team": "Otters",
      "yards": 0,
      "meet": "077",
      "opponent": "Pinehurst"
    },
    {
      "name": "EricE",
      "stroke": "Butterfly",
      "age": "15-18",
      "gender": "Boys",
      "date": "2011-07-16",
      "time": "30.51",
      "place": "26",
      "team": "Otters",
      "yards": 0,
      "meet": "078",
      "opponent": "Champs"
    },
    {
      "name": "EricE",
      "stroke": "Breast",
      "age": "15-18",
      "gender": "Boys",
      "date": "2011-07-16",
      "time": "37.05",
      "place": "29",
      "team": "Otters",
      "yards": 0,
      "meet": "078",
      "opponent": "Champs"
    },
    {
      "name": "EricE",
      "stroke": "Freestyle",
      "age": "15-18",
      "gender": "Boys",
      "date": "2011-07-16",
      "time": "28.11",
      "place": "45",
      "team": "Otters",
      "yards": 0,
      "meet": "078",
      "opponent": "Champs"
    },
    {
      "name": "EricE",
      "stroke": "Butterfly",
      "age": "15-18",
      "gender": "Boys",
      "date": "2012-05-19",
      "time": "30.97",
      "place": "5",
      "team": "Otters",
      "yards": 0,
      "meet": "079",
      "opponent": "Trials"
    },
    {
      "name": "EricE",
      "stroke": "Back",
      "age": "15-18",
      "gender": "Boys",
      "date": "2012-05-19",
      "time": "40.03",
      "place": "7",
      "team": "Otters",
      "yards": 0,
      "meet": "079",
      "opponent": "Trials"
    },
    {
      "name": "EricE",
      "stroke": "Back",
      "age": "15-18",
      "gender": "Boys",
      "date": "2012-06-009",
      "time": "38.37",
      "place": "11",
      "team": "Otters",
      "yards": 0,
      "meet": "081",
      "opponent": "Crossgates"
    },
    {
      "name": "EricE",
      "stroke": "Breast",
      "age": "15-18",
      "gender": "Boys",
      "date": "2012-06-009",
      "time": "38.50",
      "place": "7",
      "team": "Otters",
      "yards": 0,
      "meet": "081",
      "opponent": "Crossgates"
    },
    {
      "name": "EricE",
      "stroke": "Freestyle",
      "age": "15-18",
      "gender": "Boys",
      "date": "2012-06-009",
      "time": "28.66",
      "place": "15",
      "team": "Otters",
      "yards": 0,
      "meet": "081",
      "opponent": "Crossgates"
    },
    {
      "name": "EricE",
      "stroke": "Breast",
      "age": "15-18",
      "gender": "Boys",
      "date": "2012-06-16",
      "time": "37.44",
      "place": "8",
      "team": "Otters",
      "yards": 0,
      "meet": "082",
      "opponent": "Almaden"
    },
    {
      "name": "EricE",
      "stroke": "Freestyle",
      "age": "15-18",
      "gender": "Boys",
      "date": "2012-06-16",
      "time": "28.27",
      "place": "15",
      "team": "Otters",
      "yards": 0,
      "meet": "082",
      "opponent": "Almaden"
    },
    {
      "name": "EricE",
      "stroke": "Butterfly",
      "age": "15-18",
      "gender": "Boys",
      "date": "2012-06-30",
      "time": "29.97",
      "place": "7",
      "team": "Otters",
      "yards": 0,
      "meet": "084",
      "opponent": "Shadowbrook"
    },
    {
      "name": "EricE",
      "stroke": "Breast",
      "age": "15-18",
      "gender": "Boys",
      "date": "2012-06-30",
      "time": "38.56",
      "place": "12",
      "team": "Otters",
      "yards": 0,
      "meet": "084",
      "opponent": "Shadowbrook"
    },
    {
      "name": "EricE",
      "stroke": "Freestyle",
      "age": "15-18",
      "gender": "Boys",
      "date": "2012-06-30",
      "time": "27.98",
      "place": "16",
      "team": "Otters",
      "yards": 0,
      "meet": "084",
      "opponent": "Shadowbrook"
    },
    {
      "name": "EricE",
      "stroke": "Butterfly",
      "age": "15-18",
      "gender": "Boys",
      "date": "2012-07-14",
      "time": "29.64",
      "place": "23",
      "team": "Otters",
      "yards": 0,
      "meet": "085",
      "opponent": "Champs"
    },
    {
      "name": "EricE",
      "stroke": "Breast",
      "age": "15-18",
      "gender": "Boys",
      "date": "2012-07-14",
      "time": "36.34",
      "place": "17",
      "team": "Otters",
      "yards": 0,
      "meet": "085",
      "opponent": "Champs"
    },
    {
      "name": "EricE",
      "stroke": "Freestyle",
      "age": "15-18",
      "gender": "Boys",
      "date": "2012-07-14",
      "time": "27.52",
      "place": "38",
      "team": "Otters",
      "yards": 0,
      "meet": "085",
      "opponent": "Champs"
    }
  ]
}