{
  "scores": [
    {
      "name": "ErikY",
      "stroke": "Butterfly",
      "age": "13-14",
      "gender": "Boys",
      "date": "2015-05-30",
      "time": "35.96",
      "place": "8",
      "team": "Otters",
      "yards": 0,
      "meet": "101",
      "opponent": "Almaden"
    },
    {
      "name": "ErikY",
      "stroke": "Breast",
      "age": "13-14",
      "gender": "Boys",
      "date": "2015-05-30",
      "time": "38.59",
      "place": "9",
      "team": "Otters",
      "yards": 0,
      "meet": "101",
      "opponent": "Almaden"
    },
    {
      "name": "ErikY",
      "stroke": "Freestyle",
      "age": "13-14",
      "gender": "Boys",
      "date": "2015-05-30",
      "time": "30.72",
      "place": "14",
      "team": "Otters",
      "yards": 0,
      "meet": "101",
      "opponent": "Almaden"
    },
    {
      "name": "ErikY",
      "stroke": "Butterfly",
      "age": "13-14",
      "gender": "Boys",
      "date": "2015-06-13",
      "time": "38.08",
      "place": "10",
      "team": "Otters",
      "yards": 0,
      "meet": "103",
      "opponent": "Shadowbrook"
    },
    {
      "name": "ErikY",
      "stroke": "Breast",
      "age": "13-14",
      "gender": "Boys",
      "date": "2015-06-13",
      "time": "40.26",
      "place": "10",
      "team": "Otters",
      "yards": 0,
      "meet": "103",
      "opponent": "Shadowbrook"
    },
    {
      "name": "ErikY",
      "stroke": "Freestyle",
      "age": "13-14",
      "gender": "Boys",
      "date": "2015-06-13",
      "time": "31.92",
      "place": "13",
      "team": "Otters",
      "yards": 0,
      "meet": "103",
      "opponent": "Shadowbrook"
    },
    {
      "name": "ErikY",
      "stroke": "Butterfly",
      "age": "13-14",
      "gender": "Boys",
      "date": "2015-06-27",
      "time": "35.33",
      "place": "9",
      "team": "Otters",
      "yards": 0,
      "meet": "105",
      "opponent": "Crossgates"
    },
    {
      "name": "ErikY",
      "stroke": "Back",
      "age": "13-14",
      "gender": "Boys",
      "date": "2015-06-27",
      "time": "39.67",
      "place": "8",
      "team": "Otters",
      "yards": 0,
      "meet": "105",
      "opponent": "Crossgates"
    },
    {
      "name": "ErikY",
      "stroke": "Freestyle",
      "age": "13-14",
      "gender": "Boys",
      "date": "2015-06-27",
      "time": "30.79",
      "place": "12",
      "team": "Otters",
      "yards": 0,
      "meet": "105",
      "opponent": "Crossgates"
    },
    {
      "name": "ErikY",
      "stroke": "Butterfly",
      "age": "13-14",
      "gender": "Boys",
      "date": "2015-07-11",
      "time": "34.86",
      "place": "28",
      "team": "Otters",
      "yards": 0,
      "meet": "106",
      "opponent": "Champs"
    },
    {
      "name": "ErikY",
      "stroke": "Breast",
      "age": "13-14",
      "gender": "Boys",
      "date": "2015-07-11",
      "time": "38.01",
      "place": "19",
      "team": "Otters",
      "yards": 0,
      "meet": "106",
      "opponent": "Champs"
    },
    {
      "name": "ErikY",
      "stroke": "Freestyle",
      "age": "13-14",
      "gender": "Boys",
      "date": "2015-07-11",
      "time": "30.83",
      "place": "40",
      "team": "Otters",
      "yards": 0,
      "meet": "106",
      "opponent": "Champs"
    }
  ]
}