{
  "scores": [
    {
      "name": "FernandoR",
      "stroke": "Butterfly",
      "age": "9-10",
      "gender": "Boys",
      "date": "2003-05-10",
      "time": "30.58",
      "place": "5",
      "team": "Otters",
      "yards": 0,
      "meet": "015",
      "opponent": "Trials"
    },
    {
      "name": "FernandoR",
      "stroke": "Back",
      "age": "9-10",
      "gender": "Boys",
      "date": "2003-05-10",
      "time": "29.30",
      "place": "5",
      "team": "Otters",
      "yards": 0,
      "meet": "015",
      "opponent": "Trials"
    },
    {
      "name": "FernandoR",
      "stroke": "Breast",
      "age": "9-10",
      "gender": "Boys",
      "date": "2003-05-10",
      "time": "30.84",
      "place": "2",
      "team": "Otters",
      "yards": 0,
      "meet": "015",
      "opponent": "Trials"
    },
    {
      "name": "FernandoR",
      "stroke": "Freestyle",
      "age": "9-10",
      "gender": "Boys",
      "date": "2003-05-10",
      "time": "24.38",
      "place": "3",
      "team": "Otters",
      "yards": 0,
      "meet": "015",
      "opponent": "Trials"
    },
    {
      "name": "FernandoR",
      "stroke": "Butterfly",
      "age": "9-10",
      "gender": "Boys",
      "date": "2003-05-31",
      "time": "32.43",
      "place": "13",
      "team": "Otters",
      "yards": 0,
      "meet": "016",
      "opponent": "Pinehurst"
    },
    {
      "name": "FernandoR",
      "stroke": "Back",
      "age": "9-10",
      "gender": "Boys",
      "date": "2003-05-31",
      "time": "27.61",
      "place": "11",
      "team": "Otters",
      "yards": 0,
      "meet": "016",
      "opponent": "Pinehurst"
    },
    {
      "name": "FernandoR",
      "stroke": "Breast",
      "age": "9-10",
      "gender": "Boys",
      "date": "2003-05-31",
      "time": "32.73",
      "place": "7",
      "team": "Otters",
      "yards": 0,
      "meet": "016",
      "opponent": "Pinehurst"
    },
    {
      "name": "FernandoR",
      "stroke": "Freestyle",
      "age": "9-10",
      "gender": "Boys",
      "date": "2003-05-31",
      "time": "27.57",
      "place": "13",
      "team": "Otters",
      "yards": 0,
      "meet": "016",
      "opponent": "Pinehurst"
    },
    {
      "name": "FernandoR",
      "stroke": "Butterfly",
      "age": "9-10",
      "gender": "Boys",
      "date": "2003-06-009",
      "time": "32.84",
      "place": "14",
      "team": "Otters",
      "yards": 0,
      "meet": "017",
      "opponent": "Shadowbrook"
    },
    {
      "name": "FernandoR",
      "stroke": "Back",
      "age": "9-10",
      "gender": "Boys",
      "date": "2003-06-009",
      "time": "24.29",
      "place": "8",
      "team": "Otters",
      "yards": 0,
      "meet": "017",
      "opponent": "Shadowbrook"
    },
    {
      "name": "FernandoR",
      "stroke": "Freestyle",
      "age": "9-10",
      "gender": "Boys",
      "date": "2003-06-009",
      "time": "21.89",
      "place": "19",
      "team": "Otters",
      "yards": 0,
      "meet": "017",
      "opponent": "Shadowbrook"
    },
    {
      "name": "FernandoR",
      "stroke": "Back",
      "age": "9-10",
      "gender": "Boys",
      "date": "2003-06-14",
      "time": "26.01",
      "place": "5",
      "team": "Otters",
      "yards": 0,
      "meet": "018",
      "opponent": "Pinehurst"
    },
    {
      "name": "FernandoR",
      "stroke": "Breast",
      "age": "9-10",
      "gender": "Boys",
      "date": "2003-06-14",
      "time": "DQ",
      "place": "--",
      "team": "Otters",
      "yards": 0,
      "meet": "018",
      "opponent": "Pinehurst"
    },
    {
      "name": "FernandoR",
      "stroke": "Freestyle",
      "age": "9-10",
      "gender": "Boys",
      "date": "2003-06-14",
      "time": "20.66",
      "place": "9",
      "team": "Otters",
      "yards": 0,
      "meet": "018",
      "opponent": "Pinehurst"
    },
    {
      "name": "FernandoR",
      "stroke": "Back",
      "age": "9-10",
      "gender": "Boys",
      "date": "2003-06-21",
      "time": "28.34",
      "place": "7",
      "team": "Otters",
      "yards": 0,
      "meet": "019",
      "opponent": "Crossgates"
    },
    {
      "name": "FernandoR",
      "stroke": "Breast",
      "age": "9-10",
      "gender": "Boys",
      "date": "2003-06-21",
      "time": "DQ",
      "place": "--",
      "team": "Otters",
      "yards": 0,
      "meet": "019",
      "opponent": "Crossgates"
    },
    {
      "name": "FernandoR",
      "stroke": "Freestyle",
      "age": "9-10",
      "gender": "Boys",
      "date": "2003-06-21",
      "time": "23.64",
      "place": "9",
      "team": "Otters",
      "yards": 0,
      "meet": "019",
      "opponent": "Crossgates"
    },
    {
      "name": "FernandoR",
      "stroke": "Back",
      "age": "9-10",
      "gender": "Boys",
      "date": "2003-07-12",
      "time": "23.93",
      "place": "12",
      "team": "Otters",
      "yards": 0,
      "meet": "021",
      "opponent": "Creekside"
    },
    {
      "name": "FernandoR",
      "stroke": "Breast",
      "age": "9-10",
      "gender": "Boys",
      "date": "2003-07-12",
      "time": "29.22",
      "place": "6",
      "team": "Otters",
      "yards": 0,
      "meet": "021",
      "opponent": "Creekside"
    },
    {
      "name": "FernandoR",
      "stroke": "Freestyle",
      "age": "9-10",
      "gender": "Boys",
      "date": "2003-07-12",
      "time": "20.59",
      "place": "12",
      "team": "Otters",
      "yards": 0,
      "meet": "021",
      "opponent": "Creekside"
    },
    {
      "name": "FernandoR",
      "stroke": "Back",
      "age": "9-10",
      "gender": "Boys",
      "date": "2003-07-19",
      "time": "23.93",
      "place": "30",
      "team": "Otters",
      "yards": 0,
      "meet": "022",
      "opponent": "Champs"
    },
    {
      "name": "FernandoR",
      "stroke": "Breast",
      "age": "9-10",
      "gender": "Boys",
      "date": "2003-07-19",
      "time": "29.05",
      "place": "27",
      "team": "Otters",
      "yards": 0,
      "meet": "022",
      "opponent": "Champs"
    },
    {
      "name": "FernandoR",
      "stroke": "Freestyle",
      "age": "9-10",
      "gender": "Boys",
      "date": "2003-07-19",
      "time": "20.75",
      "place": "52",
      "team": "Otters",
      "yards": 0,
      "meet": "022",
      "opponent": "Champs"
    },
    {
      "name": "FernandoR",
      "stroke": "Back",
      "age": "11-12",
      "gender": "Boys",
      "date": "2005-06-004",
      "time": "56.16",
      "place": "9",
      "team": "Otters",
      "yards": 0,
      "meet": "031",
      "opponent": "Almaden"
    },
    {
      "name": "FernandoR",
      "stroke": "Back",
      "age": "11-12",
      "gender": "Boys",
      "date": "2005-06-11",
      "time": "50.25",
      "place": "12",
      "team": "Otters",
      "yards": 0,
      "meet": "032",
      "opponent": "Creekside"
    },
    {
      "name": "FernandoR",
      "stroke": "Breast",
      "age": "11-12",
      "gender": "Boys",
      "date": "2005-06-11",
      "time": "DQ",
      "place": "--",
      "team": "Otters",
      "yards": 0,
      "meet": "032",
      "opponent": "Creekside"
    },
    {
      "name": "FernandoR",
      "stroke": "Freestyle",
      "age": "11-12",
      "gender": "Boys",
      "date": "2005-06-11",
      "time": "41.31",
      "place": "20",
      "team": "Otters",
      "yards": 0,
      "meet": "032",
      "opponent": "Creekside"
    },
    {
      "name": "FernandoR",
      "stroke": "Back",
      "age": "11-12",
      "gender": "Boys",
      "date": "2005-06-18",
      "time": "48.90",
      "place": "13",
      "team": "Otters",
      "yards": 0,
      "meet": "033",
      "opponent": "Shadowbrook"
    },
    {
      "name": "FernandoR",
      "stroke": "Breast",
      "age": "11-12",
      "gender": "Boys",
      "date": "2005-06-18",
      "time": "56.83",
      "place": "11",
      "team": "Otters",
      "yards": 0,
      "meet": "033",
      "opponent": "Shadowbrook"
    },
    {
      "name": "FernandoR",
      "stroke": "Freestyle",
      "age": "11-12",
      "gender": "Boys",
      "date": "2005-06-18",
      "time": "40.59",
      "place": "18",
      "team": "Otters",
      "yards": 0,
      "meet": "033",
      "opponent": "Shadowbrook"
    },
    {
      "name": "FernandoR",
      "stroke": "Back",
      "age": "11-12",
      "gender": "Boys",
      "date": "2005-06-25",
      "time": "49.56",
      "place": "7",
      "team": "Otters",
      "yards": 0,
      "meet": "034",
      "opponent": "Pinehurst"
    },
    {
      "name": "FernandoR",
      "stroke": "Breast",
      "age": "11-12",
      "gender": "Boys",
      "date": "2005-06-25",
      "time": "55.89",
      "place": "7",
      "team": "Otters",
      "yards": 0,
      "meet": "034",
      "opponent": "Pinehurst"
    },
    {
      "name": "FernandoR",
      "stroke": "Freestyle",
      "age": "11-12",
      "gender": "Boys",
      "date": "2005-06-25",
      "time": "39.46",
      "place": "11",
      "team": "Otters",
      "yards": 0,
      "meet": "034",
      "opponent": "Pinehurst"
    },
    {
      "name": "FernandoR",
      "stroke": "Butterfly",
      "age": "11-12",
      "gender": "Boys",
      "date": "2005-07-009",
      "time": "53.24",
      "place": "12",
      "team": "Otters",
      "yards": 0,
      "meet": "035",
      "opponent": "Crossgates"
    },
    {
      "name": "FernandoR",
      "stroke": "Breast",
      "age": "11-12",
      "gender": "Boys",
      "date": "2005-07-009",
      "time": "54.64",
      "place": "7",
      "team": "Otters",
      "yards": 0,
      "meet": "035",
      "opponent": "Crossgates"
    },
    {
      "name": "FernandoR",
      "stroke": "Freestyle",
      "age": "11-12",
      "gender": "Boys",
      "date": "2005-07-009",
      "time": "39.53",
      "place": "11",
      "team": "Otters",
      "yards": 0,
      "meet": "035",
      "opponent": "Crossgates"
    },
    {
      "name": "FernandoR",
      "stroke": "Butterfly",
      "age": "11-12",
      "gender": "Boys",
      "date": "2005-07-16",
      "time": "44.96",
      "place": "21",
      "team": "Otters",
      "yards": 0,
      "meet": "036",
      "opponent": "Champs"
    },
    {
      "name": "FernandoR",
      "stroke": "Breast",
      "age": "11-12",
      "gender": "Boys",
      "date": "2005-07-16",
      "time": "53.55",
      "place": "30",
      "team": "Otters",
      "yards": 0,
      "meet": "036",
      "opponent": "Champs"
    },
    {
      "name": "FernandoR",
      "stroke": "Freestyle",
      "age": "11-12",
      "gender": "Boys",
      "date": "2005-07-16",
      "time": "37.70",
      "place": "43",
      "team": "Otters",
      "yards": 0,
      "meet": "036",
      "opponent": "Champs"
    },
    {
      "name": "FernandoR",
      "stroke": "Butterfly",
      "age": "11-12",
      "gender": "Boys",
      "date": "2006-06-003",
      "time": "43.65",
      "place": "5",
      "team": "Otters",
      "yards": 0,
      "meet": "038",
      "opponent": "Crossgates"
    },
    {
      "name": "FernandoR",
      "stroke": "Breast",
      "age": "11-12",
      "gender": "Boys",
      "date": "2006-06-003",
      "time": "47.38",
      "place": "4",
      "team": "Otters",
      "yards": 0,
      "meet": "038",
      "opponent": "Crossgates"
    },
    {
      "name": "FernandoR",
      "stroke": "Freestyle",
      "age": "11-12",
      "gender": "Boys",
      "date": "2006-06-003",
      "time": "36.50",
      "place": "9",
      "team": "Otters",
      "yards": 0,
      "meet": "038",
      "opponent": "Crossgates"
    },
    {
      "name": "FernandoR",
      "stroke": "Butterfly",
      "age": "13-14",
      "gender": "Boys",
      "date": "2006-06-10",
      "time": "42.60",
      "place": "3",
      "team": "Otters",
      "yards": 0,
      "meet": "039",
      "opponent": "Almaden"
    },
    {
      "name": "FernandoR",
      "stroke": "Breast",
      "age": "13-14",
      "gender": "Boys",
      "date": "2006-06-10",
      "time": "44.16",
      "place": "5",
      "team": "Otters",
      "yards": 0,
      "meet": "039",
      "opponent": "Almaden"
    },
    {
      "name": "FernandoR",
      "stroke": "Freestyle",
      "age": "13-14",
      "gender": "Boys",
      "date": "2006-06-10",
      "time": "34.34",
      "place": "9",
      "team": "Otters",
      "yards": 0,
      "meet": "039",
      "opponent": "Almaden"
    },
    {
      "name": "FernandoR",
      "stroke": "Butterfly",
      "age": "11-12",
      "gender": "Boys",
      "date": "2006-06-17",
      "time": "42.28",
      "place": "4",
      "team": "Otters",
      "yards": 0,
      "meet": "040",
      "opponent": "Creekside"
    },
    {
      "name": "FernandoR",
      "stroke": "Breast",
      "age": "11-12",
      "gender": "Boys",
      "date": "2006-06-17",
      "time": "44.72",
      "place": "3",
      "team": "Otters",
      "yards": 0,
      "meet": "040",
      "opponent": "Creekside"
    },
    {
      "name": "FernandoR",
      "stroke": "Freestyle",
      "age": "11-12",
      "gender": "Boys",
      "date": "2006-06-17",
      "time": "35.17",
      "place": "7",
      "team": "Otters",
      "yards": 0,
      "meet": "040",
      "opponent": "Creekside"
    },
    {
      "name": "FernandoR",
      "stroke": "Butterfly",
      "age": "11-12",
      "gender": "Boys",
      "date": "2006-06-24",
      "time": "42.34",
      "place": "5",
      "team": "Otters",
      "yards": 0,
      "meet": "041",
      "opponent": "Shadowbrook"
    },
    {
      "name": "FernandoR",
      "stroke": "Breast",
      "age": "11-12",
      "gender": "Boys",
      "date": "2006-06-24",
      "time": "44.49",
      "place": "4",
      "team": "Otters",
      "yards": 0,
      "meet": "041",
      "opponent": "Shadowbrook"
    },
    {
      "name": "FernandoR",
      "stroke": "Freestyle",
      "age": "11-12",
      "gender": "Boys",
      "date": "2006-06-24",
      "time": "34.00",
      "place": "5",
      "team": "Otters",
      "yards": 0,
      "meet": "041",
      "opponent": "Shadowbrook"
    },
    {
      "name": "FernandoR",
      "stroke": "Butterfly",
      "age": "11-12",
      "gender": "Boys",
      "date": "2006-07-008",
      "time": "43.47",
      "place": "3",
      "team": "Otters",
      "yards": 0,
      "meet": "042",
      "opponent": "Pinehurst"
    },
    {
      "name": "FernandoR",
      "stroke": "Breast",
      "age": "11-12",
      "gender": "Boys",
      "date": "2006-07-008",
      "time": "45.23",
      "place": "2",
      "team": "Otters",
      "yards": 0,
      "meet": "042",
      "opponent": "Pinehurst"
    },
    {
      "name": "FernandoR",
      "stroke": "Freestyle",
      "age": "11-12",
      "gender": "Boys",
      "date": "2006-07-008",
      "time": "34.93",
      "place": "6",
      "team": "Otters",
      "yards": 0,
      "meet": "042",
      "opponent": "Pinehurst"
    },
    {
      "name": "FernandoR",
      "stroke": "Butterfly",
      "age": "11-12",
      "gender": "Boys",
      "date": "2006-07-15",
      "time": "42.10",
      "place": "15",
      "team": "Otters",
      "yards": 0,
      "meet": "043",
      "opponent": "Champs"
    },
    {
      "name": "FernandoR",
      "stroke": "Breast",
      "age": "11-12",
      "gender": "Boys",
      "date": "2006-07-15",
      "time": "44.17",
      "place": "15",
      "team": "Otters",
      "yards": 0,
      "meet": "043",
      "opponent": "Champs"
    },
    {
      "name": "FernandoR",
      "stroke": "Freestyle",
      "age": "11-12",
      "gender": "Boys",
      "date": "2006-07-15",
      "time": "35.51",
      "place": "29",
      "team": "Otters",
      "yards": 0,
      "meet": "043",
      "opponent": "Champs"
    },
    {
      "name": "FernandoR",
      "stroke": "Butterfly",
      "age": "13-14",
      "gender": "Boys",
      "date": "2007-06-002",
      "time": "36.97",
      "place": "6",
      "team": "Otters",
      "yards": 0,
      "meet": "044",
      "opponent": "Trials"
    },
    {
      "name": "FernandoR",
      "stroke": "Back",
      "age": "13-14",
      "gender": "Boys",
      "date": "2007-06-002",
      "time": "41.27",
      "place": "9",
      "team": "Otters",
      "yards": 0,
      "meet": "044",
      "opponent": "Trials"
    },
    {
      "name": "FernandoR",
      "stroke": "Breast",
      "age": "13-14",
      "gender": "Boys",
      "date": "2007-06-002",
      "time": "42.33",
      "place": "4",
      "team": "Otters",
      "yards": 0,
      "meet": "044",
      "opponent": "Trials"
    },
    {
      "name": "FernandoR",
      "stroke": "Freestyle",
      "age": "13-14",
      "gender": "Boys",
      "date": "2007-06-002",
      "time": "32.89",
      "place": "9",
      "team": "Otters",
      "yards": 0,
      "meet": "044",
      "opponent": "Trials"
    },
    {
      "name": "FernandoR",
      "stroke": "Butterfly",
      "age": "13-14",
      "gender": "Boys",
      "date": "2007-06-009",
      "time": "35.43",
      "place": "2",
      "team": "Otters",
      "yards": 0,
      "meet": "045",
      "opponent": "Pinehurst"
    },
    {
      "name": "FernandoR",
      "stroke": "Back",
      "age": "13-14",
      "gender": "Boys",
      "date": "2007-06-009",
      "time": "40.75",
      "place": "7",
      "team": "Otters",
      "yards": 0,
      "meet": "045",
      "opponent": "Pinehurst"
    },
    {
      "name": "FernandoR",
      "stroke": "Butterfly",
      "age": "13-14",
      "gender": "Boys",
      "date": "2007-06-23",
      "time": "36.16",
      "place": "6",
      "team": "Otters",
      "yards": 0,
      "meet": "047",
      "opponent": "Almaden"
    },
    {
      "name": "FernandoR",
      "stroke": "Back",
      "age": "13-14",
      "gender": "Boys",
      "date": "2007-06-23",
      "time": "40.27",
      "place": "8",
      "team": "Otters",
      "yards": 0,
      "meet": "047",
      "opponent": "Almaden"
    },
    {
      "name": "FernandoR",
      "stroke": "Freestyle",
      "age": "13-14",
      "gender": "Boys",
      "date": "2007-06-23",
      "time": "31.97",
      "place": "9",
      "team": "Otters",
      "yards": 0,
      "meet": "047",
      "opponent": "Almaden"
    },
    {
      "name": "FernandoR",
      "stroke": "Butterfly",
      "age": "13-14",
      "gender": "Boys",
      "date": "2007-06-30",
      "time": "35.49",
      "place": "3",
      "team": "Otters",
      "yards": 0,
      "meet": "048",
      "opponent": "Creekside"
    },
    {
      "name": "FernandoR",
      "stroke": "Breast",
      "age": "13-14",
      "gender": "Boys",
      "date": "2007-06-30",
      "time": "42.84",
      "place": "7",
      "team": "Otters",
      "yards": 0,
      "meet": "048",
      "opponent": "Creekside"
    },
    {
      "name": "FernandoR",
      "stroke": "Freestyle",
      "age": "13-14",
      "gender": "Boys",
      "date": "2007-06-30",
      "time": "31.91",
      "place": "12",
      "team": "Otters",
      "yards": 0,
      "meet": "048",
      "opponent": "Creekside"
    },
    {
      "name": "FernandoR",
      "stroke": "Butterfly",
      "age": "13-14",
      "gender": "Boys",
      "date": "2007-07-007",
      "time": "35.81",
      "place": "5",
      "team": "Otters",
      "yards": 0,
      "meet": "049",
      "opponent": "Shadowbrook"
    },
    {
      "name": "FernandoR",
      "stroke": "Back",
      "age": "13-14",
      "gender": "Boys",
      "date": "2007-07-007",
      "time": "41.49",
      "place": "10",
      "team": "Otters",
      "yards": 0,
      "meet": "049",
      "opponent": "Shadowbrook"
    },
    {
      "name": "FernandoR",
      "stroke": "Freestyle",
      "age": "13-14",
      "gender": "Boys",
      "date": "2007-07-007",
      "time": "31.91",
      "place": "13",
      "team": "Otters",
      "yards": 0,
      "meet": "049",
      "opponent": "Shadowbrook"
    },
    {
      "name": "FernandoR",
      "stroke": "Butterfly",
      "age": "13-14",
      "gender": "Boys",
      "date": "2007-07-14",
      "time": "35.23",
      "place": "21",
      "team": "Otters",
      "yards": 0,
      "meet": "050",
      "opponent": "Champs"
    },
    {
      "name": "FernandoR",
      "stroke": "Breast",
      "age": "13-14",
      "gender": "Boys",
      "date": "2007-07-14",
      "time": "42.31",
      "place": "24",
      "team": "Otters",
      "yards": 0,
      "meet": "050",
      "opponent": "Champs"
    },
    {
      "name": "FernandoR",
      "stroke": "Freestyle",
      "age": "13-14",
      "gender": "Boys",
      "date": "2007-07-14",
      "time": "31.49",
      "place": "37",
      "team": "Otters",
      "yards": 0,
      "meet": "050",
      "opponent": "Champs"
    },
    {
      "name": "FernandoR",
      "stroke": "Butterfly",
      "age": "13-14",
      "gender": "Boys",
      "date": "2008-05-31",
      "time": "35.77",
      "place": "4",
      "team": "Otters",
      "yards": 0,
      "meet": "051",
      "opponent": "Trials"
    },
    {
      "name": "FernandoR",
      "stroke": "Back",
      "age": "13-14",
      "gender": "Boys",
      "date": "2008-05-31",
      "time": "41.19",
      "place": "4",
      "team": "Otters",
      "yards": 0,
      "meet": "051",
      "opponent": "Trials"
    },
    {
      "name": "FernandoR",
      "stroke": "Breast",
      "age": "13-14",
      "gender": "Boys",
      "date": "2008-05-31",
      "time": "41.32",
      "place": "4",
      "team": "Otters",
      "yards": 0,
      "meet": "051",
      "opponent": "Trials"
    },
    {
      "name": "FernandoR",
      "stroke": "Freestyle",
      "age": "13-14",
      "gender": "Boys",
      "date": "2008-05-31",
      "time": "31.59",
      "place": "6",
      "team": "Otters",
      "yards": 0,
      "meet": "051",
      "opponent": "Trials"
    },
    {
      "name": "FernandoR",
      "stroke": "Butterfly",
      "age": "13-14",
      "gender": "Boys",
      "date": "2008-06-007",
      "time": "35.44",
      "place": "3",
      "team": "Otters",
      "yards": 0,
      "meet": "052",
      "opponent": "Shadowbrook"
    },
    {
      "name": "FernandoR",
      "stroke": "Back",
      "age": "13-14",
      "gender": "Boys",
      "date": "2008-06-007",
      "time": "38.36",
      "place": "5",
      "team": "Otters",
      "yards": 0,
      "meet": "052",
      "opponent": "Shadowbrook"
    },
    {
      "name": "FernandoR",
      "stroke": "Breast",
      "age": "13-14",
      "gender": "Boys",
      "date": "2008-06-007",
      "time": "40.72",
      "place": "3",
      "team": "Otters",
      "yards": 0,
      "meet": "052",
      "opponent": "Shadowbrook"
    },
    {
      "name": "FernandoR",
      "stroke": "Butterfly",
      "age": "13-14",
      "gender": "Boys",
      "date": "2008-06-14",
      "time": "35.51",
      "place": "3",
      "team": "Otters",
      "yards": 0,
      "meet": "053",
      "opponent": "Pinehurst"
    },
    {
      "name": "FernandoR",
      "stroke": "Breast",
      "age": "13-14",
      "gender": "Boys",
      "date": "2008-06-14",
      "time": "41.43",
      "place": "3",
      "team": "Otters",
      "yards": 0,
      "meet": "053",
      "opponent": "Pinehurst"
    },
    {
      "name": "FernandoR",
      "stroke": "Freestyle",
      "age": "13-14",
      "gender": "Boys",
      "date": "2008-06-14",
      "time": "30.47",
      "place": "6",
      "team": "Otters",
      "yards": 0,
      "meet": "053",
      "opponent": "Pinehurst"
    },
    {
      "name": "FernandoR",
      "stroke": "Butterfly",
      "age": "13-14",
      "gender": "Boys",
      "date": "2008-06-21",
      "time": "36.17",
      "place": "8",
      "team": "Otters",
      "yards": 0,
      "meet": "054",
      "opponent": "Crossgates"
    },
    {
      "name": "FernandoR",
      "stroke": "Back",
      "age": "13-14",
      "gender": "Boys",
      "date": "2008-06-21",
      "time": "38.95",
      "place": "5",
      "team": "Otters",
      "yards": 0,
      "meet": "054",
      "opponent": "Crossgates"
    },
    {
      "name": "FernandoR",
      "stroke": "Freestyle",
      "age": "13-14",
      "gender": "Boys",
      "date": "2008-06-21",
      "time": "29.89",
      "place": "8",
      "team": "Otters",
      "yards": 0,
      "meet": "054",
      "opponent": "Crossgates"
    },
    {
      "name": "FernandoR",
      "stroke": "Butterfly",
      "age": "13-14",
      "gender": "Boys",
      "date": "2008-06-28",
      "time": "34.93",
      "place": "10",
      "team": "Otters",
      "yards": 0,
      "meet": "055",
      "opponent": "Almaden"
    },
    {
      "name": "FernandoR",
      "stroke": "Back",
      "age": "13-14",
      "gender": "Boys",
      "date": "2008-06-28",
      "time": "39.59",
      "place": "7",
      "team": "Otters",
      "yards": 0,
      "meet": "055",
      "opponent": "Almaden"
    },
    {
      "name": "FernandoR",
      "stroke": "Freestyle",
      "age": "13-14",
      "gender": "Boys",
      "date": "2008-06-28",
      "time": "30.41",
      "place": "12",
      "team": "Otters",
      "yards": 0,
      "meet": "055",
      "opponent": "Almaden"
    },
    {
      "name": "FernandoR",
      "stroke": "Back",
      "age": "13-14",
      "gender": "Boys",
      "date": "2008-07-12",
      "time": "38.00",
      "place": "5",
      "team": "Otters",
      "yards": 0,
      "meet": "056",
      "opponent": "Creekside"
    },
    {
      "name": "FernandoR",
      "stroke": "Breast",
      "age": "13-14",
      "gender": "Boys",
      "date": "2008-07-12",
      "time": "39.77",
      "place": "3",
      "team": "Otters",
      "yards": 0,
      "meet": "056",
      "opponent": "Creekside"
    },
    {
      "name": "FernandoR",
      "stroke": "Freestyle",
      "age": "13-14",
      "gender": "Boys",
      "date": "2008-07-12",
      "time": "30.56",
      "place": "8",
      "team": "Otters",
      "yards": 0,
      "meet": "056",
      "opponent": "Creekside"
    },
    {
      "name": "FernandoR",
      "stroke": "Back",
      "age": "13-14",
      "gender": "Boys",
      "date": "2008-07-19",
      "time": "38.29",
      "place": "17",
      "team": "Otters",
      "yards": 0,
      "meet": "057",
      "opponent": "Champs"
    },
    {
      "name": "FernandoR",
      "stroke": "Breast",
      "age": "13-14",
      "gender": "Boys",
      "date": "2008-07-19",
      "time": "41.83",
      "place": "20",
      "team": "Otters",
      "yards": 0,
      "meet": "057",
      "opponent": "Champs"
    },
    {
      "name": "FernandoR",
      "stroke": "Freestyle",
      "age": "13-14",
      "gender": "Boys",
      "date": "2008-07-19",
      "time": "30.30",
      "place": "27",
      "team": "Otters",
      "yards": 0,
      "meet": "057",
      "opponent": "Champs"
    },
    {
      "name": "FernandoR",
      "stroke": "Breast",
      "age": "15-18",
      "gender": "Boys",
      "date": "2010-05-22",
      "time": "39.07",
      "place": "9",
      "team": "Otters",
      "yards": 0,
      "meet": "065",
      "opponent": "Trials"
    },
    {
      "name": "FernandoR",
      "stroke": "Breast",
      "age": "15-18",
      "gender": "Boys",
      "date": "2010-06-12",
      "time": "38.91",
      "place": "14",
      "team": "Otters",
      "yards": 0,
      "meet": "067",
      "opponent": "Creekside"
    },
    {
      "name": "FernandoR",
      "stroke": "Freestyle",
      "age": "15-18",
      "gender": "Boys",
      "date": "2010-06-12",
      "time": "28.43",
      "place": "17",
      "team": "Otters",
      "yards": 0,
      "meet": "067",
      "opponent": "Creekside"
    },
    {
      "name": "FernandoR",
      "stroke": "Butterfly",
      "age": "15-18",
      "gender": "Boys",
      "date": "2010-06-19",
      "time": "33.70",
      "place": "12",
      "team": "Otters",
      "yards": 0,
      "meet": "068",
      "opponent": "Shadowbrook"
    },
    {
      "name": "FernandoR",
      "stroke": "Back",
      "age": "15-18",
      "gender": "Boys",
      "date": "2010-06-19",
      "time": "39.78",
      "place": "13",
      "team": "Otters",
      "yards": 0,
      "meet": "068",
      "opponent": "Shadowbrook"
    },
    {
      "name": "FernandoR",
      "stroke": "Freestyle",
      "age": "15-18",
      "gender": "Boys",
      "date": "2010-06-19",
      "time": "28.66",
      "place": "15",
      "team": "Otters",
      "yards": 0,
      "meet": "068",
      "opponent": "Shadowbrook"
    },
    {
      "name": "FernandoR",
      "stroke": "Butterfly",
      "age": "15-18",
      "gender": "Boys",
      "date": "2010-06-26",
      "time": "32.51",
      "place": "7",
      "team": "Otters",
      "yards": 0,
      "meet": "069",
      "opponent": "Pinehurst"
    },
    {
      "name": "FernandoR",
      "stroke": "Breast",
      "age": "15-18",
      "gender": "Boys",
      "date": "2010-06-26",
      "time": "38.93",
      "place": "6",
      "team": "Otters",
      "yards": 0,
      "meet": "069",
      "opponent": "Pinehurst"
    },
    {
      "name": "FernandoR",
      "stroke": "Freestyle",
      "age": "15-18",
      "gender": "Boys",
      "date": "2010-06-26",
      "time": "27.69",
      "place": "7",
      "team": "Otters",
      "yards": 0,
      "meet": "069",
      "opponent": "Pinehurst"
    },
    {
      "name": "FernandoR",
      "stroke": "Butterfly",
      "age": "15-18",
      "gender": "Boys",
      "date": "2010-07-10",
      "time": "33.41",
      "place": "9",
      "team": "Otters",
      "yards": 0,
      "meet": "070",
      "opponent": "Crossgates"
    },
    {
      "name": "FernandoR",
      "stroke": "Back",
      "age": "15-18",
      "gender": "Boys",
      "date": "2010-07-10",
      "time": "38.50",
      "place": "10",
      "team": "Otters",
      "yards": 0,
      "meet": "070",
      "opponent": "Crossgates"
    },
    {
      "name": "FernandoR",
      "stroke": "Freestyle",
      "age": "15-18",
      "gender": "Boys",
      "date": "2010-07-10",
      "time": "28.56",
      "place": "8",
      "team": "Otters",
      "yards": 0,
      "meet": "070",
      "opponent": "Crossgates"
    },
    {
      "name": "FernandoR",
      "stroke": "Butterfly",
      "age": "15-18",
      "gender": "Boys",
      "date": "2010-07-17",
      "time": "32.91",
      "place": "36",
      "team": "Otters",
      "yards": 0,
      "meet": "071",
      "opponent": "Champs"
    },
    {
      "name": "FernandoR",
      "stroke": "Back",
      "age": "15-18",
      "gender": "Boys",
      "date": "2010-07-17",
      "time": "39.05",
      "place": "40",
      "team": "Otters",
      "yards": 0,
      "meet": "071",
      "opponent": "Champs"
    },
    {
      "name": "FernandoR",
      "stroke": "Freestyle",
      "age": "15-18",
      "gender": "Boys",
      "date": "2010-07-17",
      "time": "28.44",
      "place": "49",
      "team": "Otters",
      "yards": 0,
      "meet": "071",
      "opponent": "Champs"
    }
  ]
}