{
  "scores": [
    {
      "name": "GabrielaB",
      "stroke": "Butterfly",
      "age": "8 & Under",
      "gender": "Girls",
      "date": "2014-05-17",
      "time": "33.11",
      "place": "6",
      "team": "Otters",
      "yards": 0,
      "meet": "093",
      "opponent": "Trials"
    },
    {
      "name": "GabrielaB",
      "stroke": "Back",
      "age": "7-8",
      "gender": "Girls",
      "date": "2014-05-17",
      "time": "29.97",
      "place": "6",
      "team": "Otters",
      "yards": 0,
      "meet": "093",
      "opponent": "Trials"
    },
    {
      "name": "GabrielaB",
      "stroke": "Breast",
      "age": "8 & Under",
      "gender": "Girls",
      "date": "2014-05-17",
      "time": "40.57",
      "place": "9",
      "team": "Otters",
      "yards": 0,
      "meet": "093",
      "opponent": "Trials"
    },
    {
      "name": "GabrielaB",
      "stroke": "Freestyle",
      "age": "7-8",
      "gender": "Girls",
      "date": "2014-05-17",
      "time": "22.34",
      "place": "6",
      "team": "Otters",
      "yards": 0,
      "meet": "093",
      "opponent": "Trials"
    },
    {
      "name": "GabrielaB",
      "stroke": "Back",
      "age": "7-8",
      "gender": "Girls",
      "date": "2014-06-007",
      "time": "28.86",
      "place": "7",
      "team": "Otters",
      "yards": 0,
      "meet": "095",
      "opponent": "Shadowbrook"
    },
    {
      "name": "GabrielaB",
      "stroke": "Breast",
      "age": "8 & Under",
      "gender": "Girls",
      "date": "2014-06-007",
      "time": "37.00",
      "place": "6",
      "team": "Otters",
      "yards": 0,
      "meet": "095",
      "opponent": "Shadowbrook"
    },
    {
      "name": "GabrielaB",
      "stroke": "Freestyle",
      "age": "7-8",
      "gender": "Girls",
      "date": "2014-06-007",
      "time": "22.53",
      "place": "7",
      "team": "Otters",
      "yards": 0,
      "meet": "095",
      "opponent": "Shadowbrook"
    },
    {
      "name": "GabrielaB",
      "stroke": "Back",
      "age": "7-8",
      "gender": "Girls",
      "date": "2014-06-14",
      "time": "29.38",
      "place": "17",
      "team": "Otters",
      "yards": 0,
      "meet": "096",
      "opponent": "Pinehurst"
    },
    {
      "name": "GabrielaB",
      "stroke": "Breast",
      "age": "8 & Under",
      "gender": "Girls",
      "date": "2014-06-14",
      "time": "DQ",
      "place": "--",
      "team": "Otters",
      "yards": 0,
      "meet": "096",
      "opponent": "Pinehurst"
    },
    {
      "name": "GabrielaB",
      "stroke": "Freestyle",
      "age": "7-8",
      "gender": "Girls",
      "date": "2014-06-14",
      "time": "22.24",
      "place": "8",
      "team": "Otters",
      "yards": 0,
      "meet": "096",
      "opponent": "Pinehurst"
    },
    {
      "name": "GabrielaB",
      "stroke": "Back",
      "age": "7-8",
      "gender": "Girls",
      "date": "2014-06-21",
      "time": "28.19",
      "place": "11",
      "team": "Otters",
      "yards": 0,
      "meet": "097",
      "opponent": "Crossgates"
    },
    {
      "name": "GabrielaB",
      "stroke": "Breast",
      "age": "8 & Under",
      "gender": "Girls",
      "date": "2014-06-21",
      "time": "DQ",
      "place": "--",
      "team": "Otters",
      "yards": 0,
      "meet": "097",
      "opponent": "Crossgates"
    },
    {
      "name": "GabrielaB",
      "stroke": "Freestyle",
      "age": "7-8",
      "gender": "Girls",
      "date": "2014-06-21",
      "time": "21.07",
      "place": "8",
      "team": "Otters",
      "yards": 0,
      "meet": "097",
      "opponent": "Crossgates"
    },
    {
      "name": "GabrielaB",
      "stroke": "Back",
      "age": "7-8",
      "gender": "Girls",
      "date": "2014-06-28",
      "time": "27.99",
      "place": "16",
      "team": "Otters",
      "yards": 0,
      "meet": "098",
      "opponent": "Almaden"
    },
    {
      "name": "GabrielaB",
      "stroke": "Breast",
      "age": "8 & Under",
      "gender": "Girls",
      "date": "2014-06-28",
      "time": "29.13",
      "place": "8",
      "team": "Otters",
      "yards": 0,
      "meet": "098",
      "opponent": "Almaden"
    },
    {
      "name": "GabrielaB",
      "stroke": "Freestyle",
      "age": "7-8",
      "gender": "Girls",
      "date": "2014-06-28",
      "time": "22.19",
      "place": "13",
      "team": "Otters",
      "yards": 0,
      "meet": "098",
      "opponent": "Almaden"
    },
    {
      "name": "GabrielaB",
      "stroke": "Back",
      "age": "7-8",
      "gender": "Girls",
      "date": "2014-07-12",
      "time": "26.15",
      "place": "23",
      "team": "Otters",
      "yards": 0,
      "meet": "099",
      "opponent": "Champs"
    },
    {
      "name": "GabrielaB",
      "stroke": "Breast",
      "age": "8 & Under",
      "gender": "Girls",
      "date": "2014-07-12",
      "time": "28.77",
      "place": "17",
      "team": "Otters",
      "yards": 0,
      "meet": "099",
      "opponent": "Champs"
    },
    {
      "name": "GabrielaB",
      "stroke": "Freestyle",
      "age": "7-8",
      "gender": "Girls",
      "date": "2014-07-12",
      "time": "20.99",
      "place": "22",
      "team": "Otters",
      "yards": 0,
      "meet": "099",
      "opponent": "Champs"
    },
    {
      "name": "GabrielaB",
      "stroke": "Butterfly",
      "age": "9-10",
      "gender": "Girls",
      "date": "2015-05-31",
      "time": "21.98",
      "place": "10",
      "team": "Otters",
      "yards": 0,
      "meet": "100",
      "opponent": "Trials"
    },
    {
      "name": "GabrielaB",
      "stroke": "Back",
      "age": "9-10",
      "gender": "Girls",
      "date": "2015-05-31",
      "time": "22.67",
      "place": "8",
      "team": "Otters",
      "yards": 0,
      "meet": "100",
      "opponent": "Trials"
    },
    {
      "name": "GabrielaB",
      "stroke": "Breast",
      "age": "9-10",
      "gender": "Girls",
      "date": "2015-05-31",
      "time": "22.15",
      "place": "3",
      "team": "Otters",
      "yards": 0,
      "meet": "100",
      "opponent": "Trials"
    },
    {
      "name": "GabrielaB",
      "stroke": "Freestyle",
      "age": "9-10",
      "gender": "Girls",
      "date": "2015-05-31",
      "time": "17.41",
      "place": "6",
      "team": "Otters",
      "yards": 0,
      "meet": "100",
      "opponent": "Trials"
    },
    {
      "name": "GabrielaB",
      "stroke": "Back",
      "age": "9-10",
      "gender": "Girls",
      "date": "2015-05-30",
      "time": "21.63",
      "place": "6",
      "team": "Otters",
      "yards": 0,
      "meet": "101",
      "opponent": "Almaden"
    },
    {
      "name": "GabrielaB",
      "stroke": "Breast",
      "age": "9-10",
      "gender": "Girls",
      "date": "2015-05-30",
      "time": "21.38",
      "place": "3",
      "team": "Otters",
      "yards": 0,
      "meet": "101",
      "opponent": "Almaden"
    },
    {
      "name": "GabrielaB",
      "stroke": "Freestyle",
      "age": "9-10",
      "gender": "Girls",
      "date": "2015-05-30",
      "time": "17.41",
      "place": "12",
      "team": "Otters",
      "yards": 0,
      "meet": "101",
      "opponent": "Almaden"
    },
    {
      "name": "GabrielaB",
      "stroke": "Back",
      "age": "9-10",
      "gender": "Girls",
      "date": "2015-06-006",
      "time": "21.49",
      "place": "5",
      "team": "Otters",
      "yards": 0,
      "meet": "102",
      "opponent": "Creekside"
    },
    {
      "name": "GabrielaB",
      "stroke": "Breast",
      "age": "9-10",
      "gender": "Girls",
      "date": "2015-06-006",
      "time": "21.49",
      "place": "3",
      "team": "Otters",
      "yards": 0,
      "meet": "102",
      "opponent": "Creekside"
    },
    {
      "name": "GabrielaB",
      "stroke": "Freestyle",
      "age": "9-10",
      "gender": "Girls",
      "date": "2015-06-006",
      "time": "17.14",
      "place": "5",
      "team": "Otters",
      "yards": 0,
      "meet": "102",
      "opponent": "Creekside"
    },
    {
      "name": "GabrielaB",
      "stroke": "Butterfly",
      "age": "9-10",
      "gender": "Girls",
      "date": "2015-06-13",
      "time": "19.76",
      "place": "7",
      "team": "Otters",
      "yards": 0,
      "meet": "103",
      "opponent": "Shadowbrook"
    },
    {
      "name": "GabrielaB",
      "stroke": "Breast",
      "age": "9-10",
      "gender": "Girls",
      "date": "2015-06-13",
      "time": "22.52",
      "place": "7",
      "team": "Otters",
      "yards": 0,
      "meet": "103",
      "opponent": "Shadowbrook"
    },
    {
      "name": "GabrielaB",
      "stroke": "Freestyle",
      "age": "9-10",
      "gender": "Girls",
      "date": "2015-06-13",
      "time": "17.99",
      "place": "14",
      "team": "Otters",
      "yards": 0,
      "meet": "103",
      "opponent": "Shadowbrook"
    },
    {
      "name": "GabrielaB",
      "stroke": "Butterfly",
      "age": "9-10",
      "gender": "Girls",
      "date": "2015-06-20",
      "time": "18.27",
      "place": "5",
      "team": "Otters",
      "yards": 0,
      "meet": "104",
      "opponent": "Pinehurst"
    },
    {
      "name": "GabrielaB",
      "stroke": "Breast",
      "age": "9-10",
      "gender": "Girls",
      "date": "2015-06-20",
      "time": "21.14",
      "place": "5",
      "team": "Otters",
      "yards": 0,
      "meet": "104",
      "opponent": "Pinehurst"
    },
    {
      "name": "GabrielaB",
      "stroke": "Freestyle",
      "age": "9-10",
      "gender": "Girls",
      "date": "2015-06-20",
      "time": "17.79",
      "place": "13",
      "team": "Otters",
      "yards": 0,
      "meet": "104",
      "opponent": "Pinehurst"
    },
    {
      "name": "GabrielaB",
      "stroke": "Butterfly",
      "age": "9-10",
      "gender": "Girls",
      "date": "2015-06-27",
      "time": "18.33",
      "place": "4",
      "team": "Otters",
      "yards": 0,
      "meet": "105",
      "opponent": "Crossgates"
    },
    {
      "name": "GabrielaB",
      "stroke": "Breast",
      "age": "9-10",
      "gender": "Girls",
      "date": "2015-06-27",
      "time": "20.89",
      "place": "1",
      "team": "Otters",
      "yards": 0,
      "meet": "105",
      "opponent": "Crossgates"
    },
    {
      "name": "GabrielaB",
      "stroke": "Freestyle",
      "age": "9-10",
      "gender": "Girls",
      "date": "2015-06-27",
      "time": "17.06",
      "place": "8",
      "team": "Otters",
      "yards": 0,
      "meet": "105",
      "opponent": "Crossgates"
    },
    {
      "name": "GabrielaB",
      "stroke": "Butterfly",
      "age": "9-10",
      "gender": "Girls",
      "date": "2015-07-11",
      "time": "17.97",
      "place": "10",
      "team": "Otters",
      "yards": 0,
      "meet": "106",
      "opponent": "Champs"
    },
    {
      "name": "GabrielaB",
      "stroke": "Breast",
      "age": "9-10",
      "gender": "Girls",
      "date": "2015-07-11",
      "time": "22.15",
      "place": "13",
      "team": "Otters",
      "yards": 0,
      "meet": "106",
      "opponent": "Champs"
    },
    {
      "name": "GabrielaB",
      "stroke": "Freestyle",
      "age": "9-10",
      "gender": "Girls",
      "date": "2015-07-11",
      "time": "17.25",
      "place": "31",
      "team": "Otters",
      "yards": 0,
      "meet": "106",
      "opponent": "Champs"
    },
    {
      "name": "GabrielaB",
      "stroke": "Butterfly",
      "age": "9-10",
      "gender": "Girls",
      "date": "2016-05-20",
      "time": "17.18",
      "place": "4",
      "team": "Otters",
      "yards": 0,
      "meet": "107",
      "opponent": "Trials"
    },
    {
      "name": "GabrielaB",
      "stroke": "Back",
      "age": "9-10",
      "gender": "Girls",
      "date": "2016-05-20",
      "time": "21.19",
      "place": "7",
      "team": "Otters",
      "yards": 0,
      "meet": "107",
      "opponent": "Trials"
    },
    {
      "name": "GabrielaB",
      "stroke": "Breast",
      "age": "9-10",
      "gender": "Girls",
      "date": "2016-05-20",
      "time": "18.91",
      "place": "2",
      "team": "Otters",
      "yards": 0,
      "meet": "107",
      "opponent": "Trials"
    },
    {
      "name": "GabrielaB",
      "stroke": "Freestyle",
      "age": "9-10",
      "gender": "Girls",
      "date": "2016-05-20",
      "time": "16.06",
      "place": "5",
      "team": "Otters",
      "yards": 0,
      "meet": "107",
      "opponent": "Trials"
    }
  ]
}