{
  "scores": [
    {
      "name": "GavinR",
      "stroke": "Back",
      "age": "6 & Under",
      "gender": "Boys",
      "date": "2016-05-20",
      "time": "56.58",
      "place": "12",
      "team": "Otters",
      "yards": 0,
      "meet": "107",
      "opponent": "Trials"
    },
    {
      "name": "GavinR",
      "stroke": "Freestyle",
      "age": "6 & Under",
      "gender": "Boys",
      "date": "2016-05-20",
      "time": "46.98",
      "place": "11",
      "team": "Otters",
      "yards": 0,
      "meet": "107",
      "opponent": "Trials"
    }
  ]
}