{
  "scores": [
    {
      "name": "GiannaK",
      "stroke": "Back",
      "age": "6 & Under",
      "gender": "Girls",
      "date": "2013-05-18",
      "time": "40.03",
      "place": "6",
      "team": "Otters",
      "yards": 0,
      "meet": "086",
      "opponent": "Trials"
    },
    {
      "name": "GiannaK",
      "stroke": "Freestyle",
      "age": "6 & Under",
      "gender": "Girls",
      "date": "2013-05-18",
      "time": "39.75",
      "place": "5",
      "team": "Otters",
      "yards": 0,
      "meet": "086",
      "opponent": "Trials"
    },
    {
      "name": "GiannaK",
      "stroke": "Back",
      "age": "6 & Under",
      "gender": "Girls",
      "date": "2013-06-001",
      "time": "42.11",
      "place": "4",
      "team": "Otters",
      "yards": 0,
      "meet": "087",
      "opponent": "Shadowbrook"
    },
    {
      "name": "GiannaK",
      "stroke": "Freestyle",
      "age": "6 & Under",
      "gender": "Girls",
      "date": "2013-06-001",
      "time": "48.12",
      "place": "8",
      "team": "Otters",
      "yards": 0,
      "meet": "087",
      "opponent": "Shadowbrook"
    },
    {
      "name": "GiannaK",
      "stroke": "Back",
      "age": "6 & Under",
      "gender": "Girls",
      "date": "2013-06-008",
      "time": "48.43",
      "place": "11",
      "team": "Otters",
      "yards": 0,
      "meet": "088",
      "opponent": "Pinehurst"
    },
    {
      "name": "GiannaK",
      "stroke": "Freestyle",
      "age": "6 & Under",
      "gender": "Girls",
      "date": "2013-06-008",
      "time": "42.13",
      "place": "8",
      "team": "Otters",
      "yards": 0,
      "meet": "088",
      "opponent": "Pinehurst"
    },
    {
      "name": "GiannaK",
      "stroke": "Back",
      "age": "6 & Under",
      "gender": "Girls",
      "date": "2013-06-15",
      "time": "1:06.85",
      "place": "6",
      "team": "Otters",
      "yards": 0,
      "meet": "089",
      "opponent": "Crossgates"
    },
    {
      "name": "GiannaK",
      "stroke": "Freestyle",
      "age": "6 & Under",
      "gender": "Girls",
      "date": "2013-06-15",
      "time": "40.35",
      "place": "5",
      "team": "Otters",
      "yards": 0,
      "meet": "089",
      "opponent": "Crossgates"
    },
    {
      "name": "GiannaK",
      "stroke": "Back",
      "age": "6 & Under",
      "gender": "Girls",
      "date": "2013-06-22",
      "time": "1:08.88",
      "place": "10",
      "team": "Otters",
      "yards": 0,
      "meet": "090",
      "opponent": "Almaden"
    },
    {
      "name": "GiannaK",
      "stroke": "Freestyle",
      "age": "6 & Under",
      "gender": "Girls",
      "date": "2013-06-22",
      "time": "40.16",
      "place": "9",
      "team": "Otters",
      "yards": 0,
      "meet": "090",
      "opponent": "Almaden"
    },
    {
      "name": "GiannaK",
      "stroke": "Freestyle",
      "age": "6 & Under",
      "gender": "Girls",
      "date": "2013-06-29",
      "time": "28.75",
      "place": "2",
      "team": "Otters",
      "yards": 0,
      "meet": "091",
      "opponent": "Creekside"
    },
    {
      "name": "GiannaK",
      "stroke": "Back",
      "age": "6 & Under",
      "gender": "Girls",
      "date": "2013-07-13",
      "time": "39.56",
      "place": "22",
      "team": "Otters",
      "yards": 0,
      "meet": "092",
      "opponent": "Almaden"
    },
    {
      "name": "GiannaK",
      "stroke": "Freestyle",
      "age": "6 & Under",
      "gender": "Girls",
      "date": "2013-07-13",
      "time": "34.07",
      "place": "22",
      "team": "Otters",
      "yards": 0,
      "meet": "092",
      "opponent": "Almaden"
    },
    {
      "name": "GiannaK",
      "stroke": "Back",
      "age": "7-8",
      "gender": "Girls",
      "date": "2014-06-007",
      "time": "29.59",
      "place": "9",
      "team": "Otters",
      "yards": 0,
      "meet": "095",
      "opponent": "Shadowbrook"
    },
    {
      "name": "GiannaK",
      "stroke": "Breast",
      "age": "8 & Under",
      "gender": "Girls",
      "date": "2014-06-007",
      "time": "DQ",
      "place": "--",
      "team": "Otters",
      "yards": 0,
      "meet": "095",
      "opponent": "Shadowbrook"
    },
    {
      "name": "GiannaK",
      "stroke": "Freestyle",
      "age": "7-8",
      "gender": "Girls",
      "date": "2014-06-007",
      "time": "23.69",
      "place": "8",
      "team": "Otters",
      "yards": 0,
      "meet": "095",
      "opponent": "Shadowbrook"
    },
    {
      "name": "GiannaK",
      "stroke": "Back",
      "age": "7-8",
      "gender": "Girls",
      "date": "2014-06-14",
      "time": "28.19",
      "place": "12",
      "team": "Otters",
      "yards": 0,
      "meet": "096",
      "opponent": "Pinehurst"
    },
    {
      "name": "GiannaK",
      "stroke": "Breast",
      "age": "8 & Under",
      "gender": "Girls",
      "date": "2014-06-14",
      "time": "28.23",
      "place": "3",
      "team": "Otters",
      "yards": 0,
      "meet": "096",
      "opponent": "Pinehurst"
    },
    {
      "name": "GiannaK",
      "stroke": "Freestyle",
      "age": "7-8",
      "gender": "Girls",
      "date": "2014-06-14",
      "time": "23.43",
      "place": "14",
      "team": "Otters",
      "yards": 0,
      "meet": "096",
      "opponent": "Pinehurst"
    },
    {
      "name": "GiannaK",
      "stroke": "Back",
      "age": "7-8",
      "gender": "Girls",
      "date": "2014-06-21",
      "time": "33.41",
      "place": "26",
      "team": "Otters",
      "yards": 0,
      "meet": "097",
      "opponent": "Crossgates"
    },
    {
      "name": "GiannaK",
      "stroke": "Breast",
      "age": "8 & Under",
      "gender": "Girls",
      "date": "2014-06-21",
      "time": "37.40",
      "place": "14",
      "team": "Otters",
      "yards": 0,
      "meet": "097",
      "opponent": "Crossgates"
    },
    {
      "name": "GiannaK",
      "stroke": "Freestyle",
      "age": "7-8",
      "gender": "Girls",
      "date": "2014-06-21",
      "time": "23.31",
      "place": "18",
      "team": "Otters",
      "yards": 0,
      "meet": "097",
      "opponent": "Crossgates"
    },
    {
      "name": "GiannaK",
      "stroke": "Back",
      "age": "7-8",
      "gender": "Girls",
      "date": "2014-06-28",
      "time": "31.63",
      "place": "22",
      "team": "Otters",
      "yards": 0,
      "meet": "098",
      "opponent": "Almaden"
    },
    {
      "name": "GiannaK",
      "stroke": "Breast",
      "age": "8 & Under",
      "gender": "Girls",
      "date": "2014-06-28",
      "time": "33.28",
      "place": "16",
      "team": "Otters",
      "yards": 0,
      "meet": "098",
      "opponent": "Almaden"
    },
    {
      "name": "GiannaK",
      "stroke": "Freestyle",
      "age": "7-8",
      "gender": "Girls",
      "date": "2014-06-28",
      "time": "24.14",
      "place": "17",
      "team": "Otters",
      "yards": 0,
      "meet": "098",
      "opponent": "Almaden"
    },
    {
      "name": "GiannaK",
      "stroke": "Back",
      "age": "7-8",
      "gender": "Girls",
      "date": "2014-07-12",
      "time": "30.32",
      "place": "51",
      "team": "Otters",
      "yards": 0,
      "meet": "099",
      "opponent": "Champs"
    },
    {
      "name": "GiannaK",
      "stroke": "Breast",
      "age": "8 & Under",
      "gender": "Girls",
      "date": "2014-07-12",
      "time": "DQ",
      "place": "--",
      "team": "Otters",
      "yards": 0,
      "meet": "099",
      "opponent": "Champs"
    },
    {
      "name": "GiannaK",
      "stroke": "Freestyle",
      "age": "7-8",
      "gender": "Girls",
      "date": "2014-07-12",
      "time": "26.19",
      "place": "55",
      "team": "Otters",
      "yards": 0,
      "meet": "099",
      "opponent": "Champs"
    },
    {
      "name": "GiannaK",
      "stroke": "Butterfly",
      "age": "8 & Under",
      "gender": "Girls",
      "date": "2015-05-31",
      "time": "33.67",
      "place": "6",
      "team": "Otters",
      "yards": 0,
      "meet": "100",
      "opponent": "Trials"
    },
    {
      "name": "GiannaK",
      "stroke": "Back",
      "age": "7-8",
      "gender": "Girls",
      "date": "2015-05-31",
      "time": "28.36",
      "place": "8",
      "team": "Otters",
      "yards": 0,
      "meet": "100",
      "opponent": "Trials"
    },
    {
      "name": "GiannaK",
      "stroke": "Breast",
      "age": "7-8",
      "gender": "Girls",
      "date": "2015-05-31",
      "time": "32.86",
      "place": "7",
      "team": "Otters",
      "yards": 0,
      "meet": "100",
      "opponent": "Trials"
    },
    {
      "name": "GiannaK",
      "stroke": "Freestyle",
      "age": "7-8",
      "gender": "Girls",
      "date": "2015-05-31",
      "time": "24.79",
      "place": "9",
      "team": "Otters",
      "yards": 0,
      "meet": "100",
      "opponent": "Trials"
    },
    {
      "name": "GiannaK",
      "stroke": "Back",
      "age": "7-8",
      "gender": "Girls",
      "date": "2015-05-30",
      "time": "26.50",
      "place": "8",
      "team": "Otters",
      "yards": 0,
      "meet": "101",
      "opponent": "Almaden"
    },
    {
      "name": "GiannaK",
      "stroke": "Breast",
      "age": "8 & Under",
      "gender": "Girls",
      "date": "2015-05-30",
      "time": "35.72",
      "place": "9",
      "team": "Otters",
      "yards": 0,
      "meet": "101",
      "opponent": "Almaden"
    },
    {
      "name": "GiannaK",
      "stroke": "Freestyle",
      "age": "7-8",
      "gender": "Girls",
      "date": "2015-05-30",
      "time": "24.22",
      "place": "14",
      "team": "Otters",
      "yards": 0,
      "meet": "101",
      "opponent": "Almaden"
    },
    {
      "name": "GiannaK",
      "stroke": "Back",
      "age": "7-8",
      "gender": "Girls",
      "date": "2015-06-006",
      "time": "29.77",
      "place": "13",
      "team": "Otters",
      "yards": 0,
      "meet": "102",
      "opponent": "Creekside"
    },
    {
      "name": "GiannaK",
      "stroke": "Breast",
      "age": "8 & Under",
      "gender": "Girls",
      "date": "2015-06-006",
      "time": "36.61",
      "place": "6",
      "team": "Otters",
      "yards": 0,
      "meet": "102",
      "opponent": "Creekside"
    },
    {
      "name": "GiannaK",
      "stroke": "Freestyle",
      "age": "7-8",
      "gender": "Girls",
      "date": "2015-06-006",
      "time": "28.82",
      "place": "24",
      "team": "Otters",
      "yards": 0,
      "meet": "102",
      "opponent": "Creekside"
    },
    {
      "name": "GiannaK",
      "stroke": "Back",
      "age": "7-8",
      "gender": "Girls",
      "date": "2015-06-13",
      "time": "28.91",
      "place": "16",
      "team": "Otters",
      "yards": 0,
      "meet": "103",
      "opponent": "Shadowbrook"
    },
    {
      "name": "GiannaK",
      "stroke": "Breast",
      "age": "8 & Under",
      "gender": "Girls",
      "date": "2015-06-13",
      "time": "38.10",
      "place": "7",
      "team": "Otters",
      "yards": 0,
      "meet": "103",
      "opponent": "Shadowbrook"
    },
    {
      "name": "GiannaK",
      "stroke": "Freestyle",
      "age": "7-8",
      "gender": "Girls",
      "date": "2015-06-13",
      "time": "26.93",
      "place": "24",
      "team": "Otters",
      "yards": 0,
      "meet": "103",
      "opponent": "Shadowbrook"
    },
    {
      "name": "GiannaK",
      "stroke": "Back",
      "age": "7-8",
      "gender": "Girls",
      "date": "2015-06-20",
      "time": "29.03",
      "place": "14",
      "team": "Otters",
      "yards": 0,
      "meet": "104",
      "opponent": "Pinehurst"
    },
    {
      "name": "GiannaK",
      "stroke": "Breast",
      "age": "8 & Under",
      "gender": "Girls",
      "date": "2015-06-20",
      "time": "DQ",
      "place": "--",
      "team": "Otters",
      "yards": 0,
      "meet": "104",
      "opponent": "Pinehurst"
    },
    {
      "name": "GiannaK",
      "stroke": "Freestyle",
      "age": "7-8",
      "gender": "Girls",
      "date": "2015-06-20",
      "time": "20.99",
      "place": "6",
      "team": "Otters",
      "yards": 0,
      "meet": "104",
      "opponent": "Pinehurst"
    },
    {
      "name": "GiannaK",
      "stroke": "Butterfly",
      "age": "8 & Under",
      "gender": "Girls",
      "date": "2015-06-27",
      "time": "35.40",
      "place": "9",
      "team": "Otters",
      "yards": 0,
      "meet": "105",
      "opponent": "Crossgates"
    },
    {
      "name": "GiannaK",
      "stroke": "Breast",
      "age": "8 & Under",
      "gender": "Girls",
      "date": "2015-06-27",
      "time": "35.56",
      "place": "11",
      "team": "Otters",
      "yards": 0,
      "meet": "105",
      "opponent": "Crossgates"
    },
    {
      "name": "GiannaK",
      "stroke": "Freestyle",
      "age": "7-8",
      "gender": "Girls",
      "date": "2015-06-27",
      "time": "21.17",
      "place": "9",
      "team": "Otters",
      "yards": 0,
      "meet": "105",
      "opponent": "Crossgates"
    },
    {
      "name": "GiannaK",
      "stroke": "Back",
      "age": "7-8",
      "gender": "Girls",
      "date": "2015-07-11",
      "time": "28.28",
      "place": "38",
      "team": "Otters",
      "yards": 0,
      "meet": "106",
      "opponent": "Champs"
    },
    {
      "name": "GiannaK",
      "stroke": "Breast",
      "age": "8 & Under",
      "gender": "Girls",
      "date": "2015-07-11",
      "time": "35.04",
      "place": "26",
      "team": "Otters",
      "yards": 0,
      "meet": "106",
      "opponent": "Champs"
    },
    {
      "name": "GiannaK",
      "stroke": "Freestyle",
      "age": "7-8",
      "gender": "Girls",
      "date": "2015-07-11",
      "time": "21.45",
      "place": "24",
      "team": "Otters",
      "yards": 0,
      "meet": "106",
      "opponent": "Champs"
    },
    {
      "name": "GiannaK",
      "stroke": "Butterfly",
      "age": "9-10",
      "gender": "Girls",
      "date": "2016-05-20",
      "time": "32.31",
      "place": "24",
      "team": "Otters",
      "yards": 0,
      "meet": "107",
      "opponent": "Trials"
    },
    {
      "name": "GiannaK",
      "stroke": "Back",
      "age": "9-10",
      "gender": "Girls",
      "date": "2016-05-20",
      "time": "25.41",
      "place": "18",
      "team": "Otters",
      "yards": 0,
      "meet": "107",
      "opponent": "Trials"
    },
    {
      "name": "GiannaK",
      "stroke": "Breast",
      "age": "9-10",
      "gender": "Girls",
      "date": "2016-05-20",
      "time": "32.65",
      "place": "22",
      "team": "Otters",
      "yards": 0,
      "meet": "107",
      "opponent": "Trials"
    },
    {
      "name": "GiannaK",
      "stroke": "Freestyle",
      "age": "9-10",
      "gender": "Girls",
      "date": "2016-05-20",
      "time": "22.06",
      "place": "22",
      "team": "Otters",
      "yards": 0,
      "meet": "107",
      "opponent": "Trials"
    }
  ]
}