{
  "scores": [
    {
      "name": "GiselleH",
      "stroke": "Butterfly",
      "age": "8 & Under",
      "gender": "Girls",
      "date": "2003-05-10",
      "time": "42.49",
      "place": "6",
      "team": "Otters",
      "yards": 0,
      "meet": "015",
      "opponent": "Trials"
    },
    {
      "name": "GiselleH",
      "stroke": "Back",
      "age": "7-8",
      "gender": "Girls",
      "date": "2003-05-10",
      "time": "42.23",
      "place": "9",
      "team": "Otters",
      "yards": 0,
      "meet": "015",
      "opponent": "Trials"
    },
    {
      "name": "GiselleH",
      "stroke": "Breast",
      "age": "8 & Under",
      "gender": "Girls",
      "date": "2003-05-10",
      "time": "55.00",
      "place": "10",
      "team": "Otters",
      "yards": 0,
      "meet": "015",
      "opponent": "Trials"
    },
    {
      "name": "GiselleH",
      "stroke": "Freestyle",
      "age": "7-8",
      "gender": "Girls",
      "date": "2003-05-10",
      "time": "26.82",
      "place": "6",
      "team": "Otters",
      "yards": 0,
      "meet": "015",
      "opponent": "Trials"
    },
    {
      "name": "GiselleH",
      "stroke": "Butterfly",
      "age": "8 & Under",
      "gender": "Girls",
      "date": "2003-05-31",
      "time": "36.40",
      "place": "12",
      "team": "Otters",
      "yards": 0,
      "meet": "016",
      "opponent": "Pinehurst"
    },
    {
      "name": "GiselleH",
      "stroke": "Back",
      "age": "7-8",
      "gender": "Girls",
      "date": "2003-05-31",
      "time": "36.84",
      "place": "13",
      "team": "Otters",
      "yards": 0,
      "meet": "016",
      "opponent": "Pinehurst"
    },
    {
      "name": "GiselleH",
      "stroke": "Breast",
      "age": "8 & Under",
      "gender": "Girls",
      "date": "2003-05-31",
      "time": "52.27",
      "place": "16",
      "team": "Otters",
      "yards": 0,
      "meet": "016",
      "opponent": "Pinehurst"
    },
    {
      "name": "GiselleH",
      "stroke": "Freestyle",
      "age": "7-8",
      "gender": "Girls",
      "date": "2003-05-31",
      "time": "23.91",
      "place": "8",
      "team": "Otters",
      "yards": 0,
      "meet": "016",
      "opponent": "Pinehurst"
    },
    {
      "name": "GiselleH",
      "stroke": "Butterfly",
      "age": "8 & Under",
      "gender": "Girls",
      "date": "2003-06-009",
      "time": "34.76",
      "place": "7",
      "team": "Otters",
      "yards": 0,
      "meet": "017",
      "opponent": "Shadowbrook"
    },
    {
      "name": "GiselleH",
      "stroke": "Back",
      "age": "7-8",
      "gender": "Girls",
      "date": "2003-06-009",
      "time": "42.09",
      "place": "14",
      "team": "Otters",
      "yards": 0,
      "meet": "017",
      "opponent": "Shadowbrook"
    },
    {
      "name": "GiselleH",
      "stroke": "Freestyle",
      "age": "7-8",
      "gender": "Girls",
      "date": "2003-06-009",
      "time": "25.50",
      "place": "9",
      "team": "Otters",
      "yards": 0,
      "meet": "017",
      "opponent": "Shadowbrook"
    },
    {
      "name": "GiselleH",
      "stroke": "Butterfly",
      "age": "8 & Under",
      "gender": "Girls",
      "date": "2003-06-14",
      "time": "36.50",
      "place": "6",
      "team": "Otters",
      "yards": 0,
      "meet": "018",
      "opponent": "Pinehurst"
    },
    {
      "name": "GiselleH",
      "stroke": "Back",
      "age": "7-8",
      "gender": "Girls",
      "date": "2003-06-14",
      "time": "34.80",
      "place": "16",
      "team": "Otters",
      "yards": 0,
      "meet": "018",
      "opponent": "Pinehurst"
    },
    {
      "name": "GiselleH",
      "stroke": "Freestyle",
      "age": "7-8",
      "gender": "Girls",
      "date": "2003-06-14",
      "time": "22.07",
      "place": "7",
      "team": "Otters",
      "yards": 0,
      "meet": "018",
      "opponent": "Pinehurst"
    },
    {
      "name": "GiselleH",
      "stroke": "Butterfly",
      "age": "8 & Under",
      "gender": "Girls",
      "date": "2003-06-21",
      "time": "31.16",
      "place": "5",
      "team": "Otters",
      "yards": 0,
      "meet": "019",
      "opponent": "Crossgates"
    },
    {
      "name": "GiselleH",
      "stroke": "Back",
      "age": "7-8",
      "gender": "Girls",
      "date": "2003-06-21",
      "time": "34.99",
      "place": "7",
      "team": "Otters",
      "yards": 0,
      "meet": "019",
      "opponent": "Crossgates"
    },
    {
      "name": "GiselleH",
      "stroke": "Freestyle",
      "age": "7-8",
      "gender": "Girls",
      "date": "2003-06-21",
      "time": "20.36",
      "place": "2",
      "team": "Otters",
      "yards": 0,
      "meet": "019",
      "opponent": "Crossgates"
    },
    {
      "name": "GiselleH",
      "stroke": "Butterfly",
      "age": "8 & Under",
      "gender": "Girls",
      "date": "2003-06-28",
      "time": "27.12",
      "place": "4",
      "team": "Otters",
      "yards": 0,
      "meet": "020",
      "opponent": "Almaden"
    },
    {
      "name": "GiselleH",
      "stroke": "Back",
      "age": "7-8",
      "gender": "Girls",
      "date": "2003-06-28",
      "time": "30.76",
      "place": "15",
      "team": "Otters",
      "yards": 0,
      "meet": "020",
      "opponent": "Almaden"
    },
    {
      "name": "GiselleH",
      "stroke": "Freestyle",
      "age": "7-8",
      "gender": "Girls",
      "date": "2003-06-28",
      "time": "20.75",
      "place": "7",
      "team": "Otters",
      "yards": 0,
      "meet": "020",
      "opponent": "Almaden"
    },
    {
      "name": "GiselleH",
      "stroke": "Butterfly",
      "age": "8 & Under",
      "gender": "Girls",
      "date": "2003-07-12",
      "time": "27.47",
      "place": "7",
      "team": "Otters",
      "yards": 0,
      "meet": "021",
      "opponent": "Creekside"
    },
    {
      "name": "GiselleH",
      "stroke": "Back",
      "age": "7-8",
      "gender": "Girls",
      "date": "2003-07-12",
      "time": "30.65",
      "place": "19",
      "team": "Otters",
      "yards": 0,
      "meet": "021",
      "opponent": "Creekside"
    },
    {
      "name": "GiselleH",
      "stroke": "Freestyle",
      "age": "7-8",
      "gender": "Girls",
      "date": "2003-07-12",
      "time": "19.30",
      "place": "7",
      "team": "Otters",
      "yards": 0,
      "meet": "021",
      "opponent": "Creekside"
    },
    {
      "name": "GiselleH",
      "stroke": "Butterfly",
      "age": "8 & Under",
      "gender": "Girls",
      "date": "2003-07-19",
      "time": "DQ",
      "place": "--",
      "team": "Otters",
      "yards": 0,
      "meet": "022",
      "opponent": "Champs"
    },
    {
      "name": "GiselleH",
      "stroke": "Back",
      "age": "7-8",
      "gender": "Girls",
      "date": "2003-07-19",
      "time": "29.58",
      "place": "32",
      "team": "Otters",
      "yards": 0,
      "meet": "022",
      "opponent": "Champs"
    },
    {
      "name": "GiselleH",
      "stroke": "Freestyle",
      "age": "7-8",
      "gender": "Girls",
      "date": "2003-07-19",
      "time": "19.88",
      "place": "14",
      "team": "Otters",
      "yards": 0,
      "meet": "022",
      "opponent": "Champs"
    },
    {
      "name": "GiselleH",
      "stroke": "Butterfly",
      "age": "9-10",
      "gender": "Girls",
      "date": "2004-05-20",
      "time": "28.46",
      "place": "16",
      "team": "Otters",
      "yards": 0,
      "meet": "023",
      "opponent": "Trials"
    },
    {
      "name": "GiselleH",
      "stroke": "Back",
      "age": "9-10",
      "gender": "Girls",
      "date": "2004-05-20",
      "time": "27.28",
      "place": "15",
      "team": "Otters",
      "yards": 0,
      "meet": "023",
      "opponent": "Trials"
    },
    {
      "name": "GiselleH",
      "stroke": "Breast",
      "age": "9-10",
      "gender": "Girls",
      "date": "2004-05-20",
      "time": "32.17",
      "place": "12",
      "team": "Otters",
      "yards": 0,
      "meet": "023",
      "opponent": "Trials"
    },
    {
      "name": "GiselleH",
      "stroke": "Freestyle",
      "age": "9-10",
      "gender": "Girls",
      "date": "2004-05-20",
      "time": "20.09",
      "place": "10",
      "team": "Otters",
      "yards": 0,
      "meet": "023",
      "opponent": "Trials"
    },
    {
      "name": "GiselleH",
      "stroke": "Back",
      "age": "9-10",
      "gender": "Girls",
      "date": "2004-06-005",
      "time": "26.92",
      "place": "15",
      "team": "Otters",
      "yards": 0,
      "meet": "024",
      "opponent": "Creekside"
    },
    {
      "name": "GiselleH",
      "stroke": "Breast",
      "age": "9-10",
      "gender": "Girls",
      "date": "2004-06-005",
      "time": "31.06",
      "place": "12",
      "team": "Otters",
      "yards": 0,
      "meet": "024",
      "opponent": "Creekside"
    },
    {
      "name": "GiselleH",
      "stroke": "Freestyle",
      "age": "9-10",
      "gender": "Girls",
      "date": "2004-06-005",
      "time": "18.37",
      "place": "12",
      "team": "Otters",
      "yards": 0,
      "meet": "024",
      "opponent": "Creekside"
    },
    {
      "name": "GiselleH",
      "stroke": "Butterfly",
      "age": "9-10",
      "gender": "Girls",
      "date": "2004-06-12",
      "time": "25.63",
      "place": "6",
      "team": "Otters",
      "yards": 0,
      "meet": "025",
      "opponent": "Shadowbrook"
    },
    {
      "name": "GiselleH",
      "stroke": "Back",
      "age": "9-10",
      "gender": "Girls",
      "date": "2004-06-12",
      "time": "28.78",
      "place": "7",
      "team": "Otters",
      "yards": 0,
      "meet": "025",
      "opponent": "Shadowbrook"
    },
    {
      "name": "GiselleH",
      "stroke": "Freestyle",
      "age": "9-10",
      "gender": "Girls",
      "date": "2004-06-12",
      "time": "19.15",
      "place": "6",
      "team": "Otters",
      "yards": 0,
      "meet": "025",
      "opponent": "Shadowbrook"
    },
    {
      "name": "GiselleH",
      "stroke": "Butterfly",
      "age": "9-10",
      "gender": "Girls",
      "date": "2004-06-19",
      "time": "24.96",
      "place": "8",
      "team": "Otters",
      "yards": 0,
      "meet": "026",
      "opponent": "Pinehurst"
    },
    {
      "name": "GiselleH",
      "stroke": "Back",
      "age": "9-10",
      "gender": "Girls",
      "date": "2004-06-19",
      "time": "25.97",
      "place": "11",
      "team": "Otters",
      "yards": 0,
      "meet": "026",
      "opponent": "Pinehurst"
    },
    {
      "name": "GiselleH",
      "stroke": "Freestyle",
      "age": "9-10",
      "gender": "Girls",
      "date": "2004-06-19",
      "time": "19.17",
      "place": "10",
      "team": "Otters",
      "yards": 0,
      "meet": "026",
      "opponent": "Pinehurst"
    },
    {
      "name": "GiselleH",
      "stroke": "Butterfly",
      "age": "9-10",
      "gender": "Girls",
      "date": "2004-06-26",
      "time": "26.15",
      "place": "10",
      "team": "Otters",
      "yards": 0,
      "meet": "027",
      "opponent": "Crossgates"
    },
    {
      "name": "GiselleH",
      "stroke": "Back",
      "age": "9-10",
      "gender": "Girls",
      "date": "2004-06-26",
      "time": "23.99",
      "place": "6",
      "team": "Otters",
      "yards": 0,
      "meet": "027",
      "opponent": "Crossgates"
    },
    {
      "name": "GiselleH",
      "stroke": "Freestyle",
      "age": "9-10",
      "gender": "Girls",
      "date": "2004-06-26",
      "time": "18.24",
      "place": "10",
      "team": "Otters",
      "yards": 0,
      "meet": "027",
      "opponent": "Crossgates"
    },
    {
      "name": "GiselleH",
      "stroke": "Butterfly",
      "age": "9-10",
      "gender": "Girls",
      "date": "2004-07-10",
      "time": "24.00",
      "place": "9",
      "team": "Otters",
      "yards": 0,
      "meet": "028",
      "opponent": "Almaden"
    },
    {
      "name": "GiselleH",
      "stroke": "Back",
      "age": "9-10",
      "gender": "Girls",
      "date": "2004-07-10",
      "time": "22.63",
      "place": "6",
      "team": "Otters",
      "yards": 0,
      "meet": "028",
      "opponent": "Almaden"
    },
    {
      "name": "GiselleH",
      "stroke": "Freestyle",
      "age": "9-10",
      "gender": "Girls",
      "date": "2004-07-10",
      "time": "18.81",
      "place": "10",
      "team": "Otters",
      "yards": 0,
      "meet": "028",
      "opponent": "Almaden"
    },
    {
      "name": "GiselleH",
      "stroke": "Butterfly",
      "age": "9-10",
      "gender": "Girls",
      "date": "2004-07-17",
      "time": "27.72",
      "place": "36",
      "team": "Otters",
      "yards": 0,
      "meet": "029",
      "opponent": "Champs"
    },
    {
      "name": "GiselleH",
      "stroke": "Back",
      "age": "9-10",
      "gender": "Girls",
      "date": "2004-07-17",
      "time": "23.82",
      "place": "27",
      "team": "Otters",
      "yards": 0,
      "meet": "029",
      "opponent": "Champs"
    },
    {
      "name": "GiselleH",
      "stroke": "Freestyle",
      "age": "9-10",
      "gender": "Girls",
      "date": "2004-07-17",
      "time": "18.19",
      "place": "35",
      "team": "Otters",
      "yards": 0,
      "meet": "029",
      "opponent": "Champs"
    },
    {
      "name": "GiselleH",
      "stroke": "Freestyle",
      "age": "9-10",
      "gender": "Girls",
      "date": "2005-06-004",
      "time": "17.03",
      "place": "8",
      "team": "Otters",
      "yards": 0,
      "meet": "031",
      "opponent": "Almaden"
    },
    {
      "name": "GiselleH",
      "stroke": "Butterfly",
      "age": "9-10",
      "gender": "Girls",
      "date": "2005-06-11",
      "time": "22.28",
      "place": "13",
      "team": "Otters",
      "yards": 0,
      "meet": "032",
      "opponent": "Creekside"
    },
    {
      "name": "GiselleH",
      "stroke": "Back",
      "age": "9-10",
      "gender": "Girls",
      "date": "2005-06-11",
      "time": "22.75",
      "place": "11",
      "team": "Otters",
      "yards": 0,
      "meet": "032",
      "opponent": "Creekside"
    },
    {
      "name": "GiselleH",
      "stroke": "Freestyle",
      "age": "9-10",
      "gender": "Girls",
      "date": "2005-06-11",
      "time": "17.31",
      "place": "10",
      "team": "Otters",
      "yards": 0,
      "meet": "032",
      "opponent": "Creekside"
    },
    {
      "name": "GiselleH",
      "stroke": "Butterfly",
      "age": "9-10",
      "gender": "Girls",
      "date": "2005-06-18",
      "time": "21.69",
      "place": "5",
      "team": "Otters",
      "yards": 0,
      "meet": "033",
      "opponent": "Shadowbrook"
    },
    {
      "name": "GiselleH",
      "stroke": "Back",
      "age": "9-10",
      "gender": "Girls",
      "date": "2005-06-18",
      "time": "23.09",
      "place": "3",
      "team": "Otters",
      "yards": 0,
      "meet": "033",
      "opponent": "Shadowbrook"
    },
    {
      "name": "GiselleH",
      "stroke": "Freestyle",
      "age": "9-10",
      "gender": "Girls",
      "date": "2005-06-18",
      "time": "18.51",
      "place": "10",
      "team": "Otters",
      "yards": 0,
      "meet": "033",
      "opponent": "Shadowbrook"
    },
    {
      "name": "GiselleH",
      "stroke": "Butterfly",
      "age": "9-10",
      "gender": "Girls",
      "date": "2005-06-25",
      "time": "22.04",
      "place": "7",
      "team": "Otters",
      "yards": 0,
      "meet": "034",
      "opponent": "Pinehurst"
    },
    {
      "name": "GiselleH",
      "stroke": "Breast",
      "age": "9-10",
      "gender": "Girls",
      "date": "2005-06-25",
      "time": "25.19",
      "place": "7",
      "team": "Otters",
      "yards": 0,
      "meet": "034",
      "opponent": "Pinehurst"
    },
    {
      "name": "GiselleH",
      "stroke": "Freestyle",
      "age": "9-10",
      "gender": "Girls",
      "date": "2005-06-25",
      "time": "17.25",
      "place": "5",
      "team": "Otters",
      "yards": 0,
      "meet": "034",
      "opponent": "Pinehurst"
    },
    {
      "name": "GiselleH",
      "stroke": "Butterfly",
      "age": "9-10",
      "gender": "Girls",
      "date": "2005-07-009",
      "time": "20.16",
      "place": "4",
      "team": "Otters",
      "yards": 0,
      "meet": "035",
      "opponent": "Crossgates"
    },
    {
      "name": "GiselleH",
      "stroke": "Back",
      "age": "9-10",
      "gender": "Girls",
      "date": "2005-07-009",
      "time": "23.78",
      "place": "7",
      "team": "Otters",
      "yards": 0,
      "meet": "035",
      "opponent": "Crossgates"
    },
    {
      "name": "GiselleH",
      "stroke": "Freestyle",
      "age": "9-10",
      "gender": "Girls",
      "date": "2005-07-009",
      "time": "16.92",
      "place": "2",
      "team": "Otters",
      "yards": 0,
      "meet": "035",
      "opponent": "Crossgates"
    },
    {
      "name": "GiselleH",
      "stroke": "Butterfly",
      "age": "9-10",
      "gender": "Girls",
      "date": "2005-07-16",
      "time": "19.56",
      "place": "16",
      "team": "Otters",
      "yards": 0,
      "meet": "036",
      "opponent": "Champs"
    },
    {
      "name": "GiselleH",
      "stroke": "Back",
      "age": "9-10",
      "gender": "Girls",
      "date": "2005-07-16",
      "time": "21.86",
      "place": "16",
      "team": "Otters",
      "yards": 0,
      "meet": "036",
      "opponent": "Champs"
    },
    {
      "name": "GiselleH",
      "stroke": "Freestyle",
      "age": "9-10",
      "gender": "Girls",
      "date": "2005-07-16",
      "time": "17.31",
      "place": "26",
      "team": "Otters",
      "yards": 0,
      "meet": "036",
      "opponent": "Champs"
    },
    {
      "name": "GiselleH",
      "stroke": "Butterfly",
      "age": "11-12",
      "gender": "Girls",
      "date": "2006-05-20",
      "time": "45.75",
      "place": "11",
      "team": "Otters",
      "yards": 0,
      "meet": "037",
      "opponent": "Trials"
    },
    {
      "name": "GiselleH",
      "stroke": "Back",
      "age": "11-12",
      "gender": "Girls",
      "date": "2006-05-20",
      "time": "54.41",
      "place": "16",
      "team": "Otters",
      "yards": 0,
      "meet": "037",
      "opponent": "Trials"
    },
    {
      "name": "GiselleH",
      "stroke": "Breast",
      "age": "11-12",
      "gender": "Girls",
      "date": "2006-05-20",
      "time": "53.03",
      "place": "11",
      "team": "Otters",
      "yards": 0,
      "meet": "037",
      "opponent": "Trials"
    },
    {
      "name": "GiselleH",
      "stroke": "Freestyle",
      "age": "11-12",
      "gender": "Girls",
      "date": "2006-05-20",
      "time": "39.56",
      "place": "13",
      "team": "Otters",
      "yards": 0,
      "meet": "037",
      "opponent": "Trials"
    },
    {
      "name": "GiselleH",
      "stroke": "Back",
      "age": "11-12",
      "gender": "Girls",
      "date": "2006-06-003",
      "time": "50.87",
      "place": "10",
      "team": "Otters",
      "yards": 0,
      "meet": "038",
      "opponent": "Crossgates"
    },
    {
      "name": "GiselleH",
      "stroke": "Freestyle",
      "age": "11-12",
      "gender": "Girls",
      "date": "2006-06-003",
      "time": "38.12",
      "place": "11",
      "team": "Otters",
      "yards": 0,
      "meet": "038",
      "opponent": "Crossgates"
    },
    {
      "name": "GiselleH",
      "stroke": "Butterfly",
      "age": "11-12",
      "gender": "Girls",
      "date": "2006-06-17",
      "time": "44.59",
      "place": "7",
      "team": "Otters",
      "yards": 0,
      "meet": "040",
      "opponent": "Creekside"
    },
    {
      "name": "GiselleH",
      "stroke": "Back",
      "age": "11-12",
      "gender": "Girls",
      "date": "2006-06-17",
      "time": "50.40",
      "place": "13",
      "team": "Otters",
      "yards": 0,
      "meet": "040",
      "opponent": "Creekside"
    },
    {
      "name": "GiselleH",
      "stroke": "Freestyle",
      "age": "11-12",
      "gender": "Girls",
      "date": "2006-06-17",
      "time": "37.23",
      "place": "14",
      "team": "Otters",
      "yards": 0,
      "meet": "040",
      "opponent": "Creekside"
    },
    {
      "name": "GiselleH",
      "stroke": "Butterfly",
      "age": "11-12",
      "gender": "Girls",
      "date": "2006-06-24",
      "time": "51.69",
      "place": "9",
      "team": "Otters",
      "yards": 0,
      "meet": "041",
      "opponent": "Shadowbrook"
    },
    {
      "name": "GiselleH",
      "stroke": "Back",
      "age": "11-12",
      "gender": "Girls",
      "date": "2006-06-24",
      "time": "52.28",
      "place": "10",
      "team": "Otters",
      "yards": 0,
      "meet": "041",
      "opponent": "Shadowbrook"
    },
    {
      "name": "GiselleH",
      "stroke": "Freestyle",
      "age": "11-12",
      "gender": "Girls",
      "date": "2006-06-24",
      "time": "38.13",
      "place": "11",
      "team": "Otters",
      "yards": 0,
      "meet": "041",
      "opponent": "Shadowbrook"
    },
    {
      "name": "GiselleH",
      "stroke": "Butterfly",
      "age": "11-12",
      "gender": "Girls",
      "date": "2006-07-008",
      "time": "50.26",
      "place": "14",
      "team": "Otters",
      "yards": 0,
      "meet": "042",
      "opponent": "Pinehurst"
    },
    {
      "name": "GiselleH",
      "stroke": "Back",
      "age": "11-12",
      "gender": "Girls",
      "date": "2006-07-008",
      "time": "51.16",
      "place": "7",
      "team": "Otters",
      "yards": 0,
      "meet": "042",
      "opponent": "Pinehurst"
    },
    {
      "name": "GiselleH",
      "stroke": "Freestyle",
      "age": "11-12",
      "gender": "Girls",
      "date": "2006-07-008",
      "time": "38.13",
      "place": "17",
      "team": "Otters",
      "yards": 0,
      "meet": "042",
      "opponent": "Pinehurst"
    },
    {
      "name": "GiselleH",
      "stroke": "Butterfly",
      "age": "11-12",
      "gender": "Girls",
      "date": "2006-07-15",
      "time": "47.01",
      "place": "33",
      "team": "Otters",
      "yards": 0,
      "meet": "043",
      "opponent": "Champs"
    },
    {
      "name": "GiselleH",
      "stroke": "Back",
      "age": "11-12",
      "gender": "Girls",
      "date": "2006-07-15",
      "time": "51.07",
      "place": "39",
      "team": "Otters",
      "yards": 0,
      "meet": "043",
      "opponent": "Champs"
    },
    {
      "name": "GiselleH",
      "stroke": "Freestyle",
      "age": "11-12",
      "gender": "Girls",
      "date": "2006-07-15",
      "time": "38.86",
      "place": "52",
      "team": "Otters",
      "yards": 0,
      "meet": "043",
      "opponent": "Champs"
    },
    {
      "name": "GiselleH",
      "stroke": "Butterfly",
      "age": "11-12",
      "gender": "Girls",
      "date": "2007-06-002",
      "time": "46.87",
      "place": "9",
      "team": "Otters",
      "yards": 0,
      "meet": "044",
      "opponent": "Trials"
    },
    {
      "name": "GiselleH",
      "stroke": "Back",
      "age": "11-12",
      "gender": "Girls",
      "date": "2007-06-002",
      "time": "47.42",
      "place": "8",
      "team": "Otters",
      "yards": 0,
      "meet": "044",
      "opponent": "Trials"
    },
    {
      "name": "GiselleH",
      "stroke": "Breast",
      "age": "11-12",
      "gender": "Girls",
      "date": "2007-06-002",
      "time": "50.79",
      "place": "8",
      "team": "Otters",
      "yards": 0,
      "meet": "044",
      "opponent": "Trials"
    },
    {
      "name": "GiselleH",
      "stroke": "Freestyle",
      "age": "11-12",
      "gender": "Girls",
      "date": "2007-06-002",
      "time": "37.23",
      "place": "6",
      "team": "Otters",
      "yards": 0,
      "meet": "044",
      "opponent": "Trials"
    },
    {
      "name": "GiselleH",
      "stroke": "Back",
      "age": "11-12",
      "gender": "Girls",
      "date": "2007-06-009",
      "time": "46.77",
      "place": "7",
      "team": "Otters",
      "yards": 0,
      "meet": "045",
      "opponent": "Pinehurst"
    },
    {
      "name": "GiselleH",
      "stroke": "Breast",
      "age": "11-12",
      "gender": "Girls",
      "date": "2007-06-009",
      "time": "52.00",
      "place": "10",
      "team": "Otters",
      "yards": 0,
      "meet": "045",
      "opponent": "Pinehurst"
    },
    {
      "name": "GiselleH",
      "stroke": "Freestyle",
      "age": "11-12",
      "gender": "Girls",
      "date": "2007-06-009",
      "time": "37.66",
      "place": "12",
      "team": "Otters",
      "yards": 0,
      "meet": "045",
      "opponent": "Pinehurst"
    },
    {
      "name": "GiselleH",
      "stroke": "Butterfly",
      "age": "11-12",
      "gender": "Girls",
      "date": "2007-06-16",
      "time": "49.04",
      "place": "7",
      "team": "Otters",
      "yards": 0,
      "meet": "046",
      "opponent": "Crossgates"
    },
    {
      "name": "GiselleH",
      "stroke": "Back",
      "age": "11-12",
      "gender": "Girls",
      "date": "2007-06-16",
      "time": "49.39",
      "place": "8",
      "team": "Otters",
      "yards": 0,
      "meet": "046",
      "opponent": "Crossgates"
    },
    {
      "name": "GiselleH",
      "stroke": "Freestyle",
      "age": "11-12",
      "gender": "Girls",
      "date": "2007-06-16",
      "time": "37.25",
      "place": "10",
      "team": "Otters",
      "yards": 0,
      "meet": "046",
      "opponent": "Crossgates"
    },
    {
      "name": "GiselleH",
      "stroke": "Butterfly",
      "age": "11-12",
      "gender": "Girls",
      "date": "2007-07-007",
      "time": "45.39",
      "place": "10",
      "team": "Otters",
      "yards": 0,
      "meet": "049",
      "opponent": "Shadowbrook"
    },
    {
      "name": "GiselleH",
      "stroke": "Breast",
      "age": "11-12",
      "gender": "Girls",
      "date": "2007-07-007",
      "time": "48.88",
      "place": "9",
      "team": "Otters",
      "yards": 0,
      "meet": "049",
      "opponent": "Shadowbrook"
    },
    {
      "name": "GiselleH",
      "stroke": "Freestyle",
      "age": "11-12",
      "gender": "Girls",
      "date": "2007-07-007",
      "time": "36.12",
      "place": "10",
      "team": "Otters",
      "yards": 0,
      "meet": "049",
      "opponent": "Shadowbrook"
    },
    {
      "name": "GiselleH",
      "stroke": "Breast",
      "age": "15-18",
      "gender": "Girls",
      "date": "2013-06-15",
      "time": "49.97",
      "place": "11",
      "team": "Otters",
      "yards": 0,
      "meet": "089",
      "opponent": "Crossgates"
    },
    {
      "name": "GiselleH",
      "stroke": "Freestyle",
      "age": "15-18",
      "gender": "Girls",
      "date": "2013-06-15",
      "time": "33.42",
      "place": "17",
      "team": "Otters",
      "yards": 0,
      "meet": "089",
      "opponent": "Crossgates"
    }
  ]
}