{
  "scores": [
    {
      "name": "GraceG",
      "stroke": "Back",
      "age": "9-10",
      "gender": "Girls",
      "date": "2014-05-17",
      "time": "37.25",
      "place": "21",
      "team": "Otters",
      "yards": 0,
      "meet": "093",
      "opponent": "Trials"
    },
    {
      "name": "GraceG",
      "stroke": "Freestyle",
      "age": "9-10",
      "gender": "Girls",
      "date": "2014-05-17",
      "time": "43.43",
      "place": "22",
      "team": "Otters",
      "yards": 0,
      "meet": "093",
      "opponent": "Trials"
    },
    {
      "name": "GraceG",
      "stroke": "Back",
      "age": "9-10",
      "gender": "Girls",
      "date": "2014-06-007",
      "time": "37.27",
      "place": "20",
      "team": "Otters",
      "yards": 0,
      "meet": "095",
      "opponent": "Shadowbrook"
    },
    {
      "name": "GraceG",
      "stroke": "Freestyle",
      "age": "9-10",
      "gender": "Girls",
      "date": "2014-06-14",
      "time": "35.31",
      "place": "31",
      "team": "Otters",
      "yards": 0,
      "meet": "096",
      "opponent": "Pinehurst"
    },
    {
      "name": "GraceG",
      "stroke": "Back",
      "age": "9-10",
      "gender": "Girls",
      "date": "2014-06-21",
      "time": "31.06",
      "place": "17",
      "team": "Otters",
      "yards": 0,
      "meet": "097",
      "opponent": "Crossgates"
    },
    {
      "name": "GraceG",
      "stroke": "Freestyle",
      "age": "9-10",
      "gender": "Girls",
      "date": "2014-06-21",
      "time": "30.25",
      "place": "25",
      "team": "Otters",
      "yards": 0,
      "meet": "097",
      "opponent": "Crossgates"
    },
    {
      "name": "GraceG",
      "stroke": "Freestyle",
      "age": "9-10",
      "gender": "Girls",
      "date": "2014-06-28",
      "time": "31.92",
      "place": "37",
      "team": "Otters",
      "yards": 0,
      "meet": "098",
      "opponent": "Almaden"
    },
    {
      "name": "GraceG",
      "stroke": "Back",
      "age": "9-10",
      "gender": "Girls",
      "date": "2014-07-12",
      "time": "30.13",
      "place": "62",
      "team": "Otters",
      "yards": 0,
      "meet": "099",
      "opponent": "Champs"
    },
    {
      "name": "GraceG",
      "stroke": "Freestyle",
      "age": "9-10",
      "gender": "Girls",
      "date": "2014-07-12",
      "time": "25.89",
      "place": "82",
      "team": "Otters",
      "yards": 0,
      "meet": "099",
      "opponent": "Champs"
    },
    {
      "name": "GraceG",
      "stroke": "Butterfly",
      "age": "9-10",
      "gender": "Girls",
      "date": "2015-05-31",
      "time": "27.28",
      "place": "21",
      "team": "Otters",
      "yards": 0,
      "meet": "100",
      "opponent": "Trials"
    },
    {
      "name": "GraceG",
      "stroke": "Back",
      "age": "9-10",
      "gender": "Girls",
      "date": "2015-05-31",
      "time": "31.48",
      "place": "25",
      "team": "Otters",
      "yards": 0,
      "meet": "100",
      "opponent": "Trials"
    },
    {
      "name": "GraceG",
      "stroke": "Breast",
      "age": "9-10",
      "gender": "Girls",
      "date": "2015-05-31",
      "time": "38.54",
      "place": "24",
      "team": "Otters",
      "yards": 0,
      "meet": "100",
      "opponent": "Trials"
    },
    {
      "name": "GraceG",
      "stroke": "Freestyle",
      "age": "9-10",
      "gender": "Girls",
      "date": "2015-05-31",
      "time": "24.28",
      "place": "24",
      "team": "Otters",
      "yards": 0,
      "meet": "100",
      "opponent": "Trials"
    },
    {
      "name": "GraceG",
      "stroke": "Butterfly",
      "age": "9-10",
      "gender": "Girls",
      "date": "2015-05-30",
      "time": "27.78",
      "place": "20",
      "team": "Otters",
      "yards": 0,
      "meet": "101",
      "opponent": "Almaden"
    },
    {
      "name": "GraceG",
      "stroke": "Back",
      "age": "9-10",
      "gender": "Girls",
      "date": "2015-05-30",
      "time": "30.50",
      "place": "39",
      "team": "Otters",
      "yards": 0,
      "meet": "101",
      "opponent": "Almaden"
    },
    {
      "name": "GraceG",
      "stroke": "Freestyle",
      "age": "9-10",
      "gender": "Girls",
      "date": "2015-05-30",
      "time": "22.50",
      "place": "41",
      "team": "Otters",
      "yards": 0,
      "meet": "101",
      "opponent": "Almaden"
    },
    {
      "name": "GraceG",
      "stroke": "Butterfly",
      "age": "9-10",
      "gender": "Girls",
      "date": "2015-06-006",
      "time": "32.51",
      "place": "15",
      "team": "Otters",
      "yards": 0,
      "meet": "102",
      "opponent": "Creekside"
    },
    {
      "name": "GraceG",
      "stroke": "Back",
      "age": "9-10",
      "gender": "Girls",
      "date": "2015-06-006",
      "time": "30.36",
      "place": "29",
      "team": "Otters",
      "yards": 0,
      "meet": "102",
      "opponent": "Creekside"
    },
    {
      "name": "GraceG",
      "stroke": "Breast",
      "age": "9-10",
      "gender": "Girls",
      "date": "2015-06-006",
      "time": "38.17",
      "place": "28",
      "team": "Otters",
      "yards": 0,
      "meet": "102",
      "opponent": "Creekside"
    },
    {
      "name": "GraceG",
      "stroke": "Butterfly",
      "age": "9-10",
      "gender": "Girls",
      "date": "2015-06-13",
      "time": "25.69",
      "place": "16",
      "team": "Otters",
      "yards": 0,
      "meet": "103",
      "opponent": "Shadowbrook"
    },
    {
      "name": "GraceG",
      "stroke": "Back",
      "age": "9-10",
      "gender": "Girls",
      "date": "2015-06-13",
      "time": "25.94",
      "place": "22",
      "team": "Otters",
      "yards": 0,
      "meet": "103",
      "opponent": "Shadowbrook"
    },
    {
      "name": "GraceG",
      "stroke": "Freestyle",
      "age": "9-10",
      "gender": "Girls",
      "date": "2015-06-13",
      "time": "21.86",
      "place": "34",
      "team": "Otters",
      "yards": 0,
      "meet": "103",
      "opponent": "Shadowbrook"
    },
    {
      "name": "GraceG",
      "stroke": "Butterfly",
      "age": "9-10",
      "gender": "Girls",
      "date": "2015-06-20",
      "time": "27.12",
      "place": "15",
      "team": "Otters",
      "yards": 0,
      "meet": "104",
      "opponent": "Pinehurst"
    },
    {
      "name": "GraceG",
      "stroke": "Back",
      "age": "9-10",
      "gender": "Girls",
      "date": "2015-06-20",
      "time": "26.47",
      "place": "27",
      "team": "Otters",
      "yards": 0,
      "meet": "104",
      "opponent": "Pinehurst"
    },
    {
      "name": "GraceG",
      "stroke": "Freestyle",
      "age": "9-10",
      "gender": "Girls",
      "date": "2015-06-20",
      "time": "21.54",
      "place": "32",
      "team": "Otters",
      "yards": 0,
      "meet": "104",
      "opponent": "Pinehurst"
    },
    {
      "name": "GraceG",
      "stroke": "Butterfly",
      "age": "9-10",
      "gender": "Girls",
      "date": "2015-06-27",
      "time": "25.57",
      "place": "18",
      "team": "Otters",
      "yards": 0,
      "meet": "105",
      "opponent": "Crossgates"
    },
    {
      "name": "GraceG",
      "stroke": "Back",
      "age": "9-10",
      "gender": "Girls",
      "date": "2015-06-27",
      "time": "28.53",
      "place": "29",
      "team": "Otters",
      "yards": 0,
      "meet": "105",
      "opponent": "Crossgates"
    },
    {
      "name": "GraceG",
      "stroke": "Breast",
      "age": "9-10",
      "gender": "Girls",
      "date": "2015-06-27",
      "time": "32.10",
      "place": "28",
      "team": "Otters",
      "yards": 0,
      "meet": "105",
      "opponent": "Crossgates"
    },
    {
      "name": "GraceG",
      "stroke": "Back",
      "age": "9-10",
      "gender": "Girls",
      "date": "2015-07-11",
      "time": "29.35",
      "place": "75",
      "team": "Otters",
      "yards": 0,
      "meet": "106",
      "opponent": "Champs"
    },
    {
      "name": "GraceG",
      "stroke": "Breast",
      "age": "9-10",
      "gender": "Girls",
      "date": "2015-07-11",
      "time": "DQ",
      "place": "--",
      "team": "Otters",
      "yards": 0,
      "meet": "106",
      "opponent": "Champs"
    },
    {
      "name": "GraceG",
      "stroke": "Freestyle",
      "age": "9-10",
      "gender": "Girls",
      "date": "2015-07-11",
      "time": "22.74",
      "place": "90",
      "team": "Otters",
      "yards": 0,
      "meet": "106",
      "opponent": "Champs"
    }
  ]
}