{
  "scores": [
    {
      "name": "GraceE",
      "stroke": "Butterfly",
      "age": "9-10",
      "gender": "Girls",
      "date": "2011-05-21",
      "time": "34.22",
      "place": "20",
      "team": "Otters",
      "yards": 0,
      "meet": "072",
      "opponent": "Trials"
    },
    {
      "name": "GraceE",
      "stroke": "Back",
      "age": "9-10",
      "gender": "Girls",
      "date": "2011-05-21",
      "time": "34.33",
      "place": "23",
      "team": "Otters",
      "yards": 0,
      "meet": "072",
      "opponent": "Trials"
    },
    {
      "name": "GraceE",
      "stroke": "Breast",
      "age": "9-10",
      "gender": "Girls",
      "date": "2011-05-21",
      "time": "39.14",
      "place": "24",
      "team": "Otters",
      "yards": 0,
      "meet": "072",
      "opponent": "Trials"
    },
    {
      "name": "GraceE",
      "stroke": "Freestyle",
      "age": "9-10",
      "gender": "Girls",
      "date": "2011-05-21",
      "time": "26.83",
      "place": "23",
      "team": "Otters",
      "yards": 0,
      "meet": "072",
      "opponent": "Trials"
    },
    {
      "name": "GraceE",
      "stroke": "Butterfly",
      "age": "9-10",
      "gender": "Girls",
      "date": "2011-06-004",
      "time": "32.86",
      "place": "13",
      "team": "Otters",
      "yards": 0,
      "meet": "073",
      "opponent": "Crossgates"
    },
    {
      "name": "GraceE",
      "stroke": "Back",
      "age": "9-10",
      "gender": "Girls",
      "date": "2011-06-004",
      "time": "33.68",
      "place": "18",
      "team": "Otters",
      "yards": 0,
      "meet": "073",
      "opponent": "Crossgates"
    },
    {
      "name": "GraceE",
      "stroke": "Freestyle",
      "age": "9-10",
      "gender": "Girls",
      "date": "2011-06-004",
      "time": "26.47",
      "place": "25",
      "team": "Otters",
      "yards": 0,
      "meet": "073",
      "opponent": "Crossgates"
    },
    {
      "name": "GraceE",
      "stroke": "Butterfly",
      "age": "9-10",
      "gender": "Girls",
      "date": "2011-06-11",
      "time": "31.60",
      "place": "21",
      "team": "Otters",
      "yards": 0,
      "meet": "074",
      "opponent": "Almaden"
    },
    {
      "name": "GraceE",
      "stroke": "Back",
      "age": "9-10",
      "gender": "Girls",
      "date": "2011-06-11",
      "time": "35.83",
      "place": "20",
      "team": "Otters",
      "yards": 0,
      "meet": "074",
      "opponent": "Almaden"
    },
    {
      "name": "GraceE",
      "stroke": "Freestyle",
      "age": "9-10",
      "gender": "Girls",
      "date": "2011-06-11",
      "time": "22.24",
      "place": "25",
      "team": "Otters",
      "yards": 0,
      "meet": "074",
      "opponent": "Almaden"
    },
    {
      "name": "GraceE",
      "stroke": "Butterfly",
      "age": "9-10",
      "gender": "Girls",
      "date": "2011-06-18",
      "time": "DQ",
      "place": "--",
      "team": "Otters",
      "yards": 0,
      "meet": "075",
      "opponent": "Creekside"
    },
    {
      "name": "GraceE",
      "stroke": "Breast",
      "age": "9-10",
      "gender": "Girls",
      "date": "2011-06-18",
      "time": "34.38",
      "place": "23",
      "team": "Otters",
      "yards": 0,
      "meet": "075",
      "opponent": "Creekside"
    },
    {
      "name": "GraceE",
      "stroke": "Freestyle",
      "age": "9-10",
      "gender": "Girls",
      "date": "2011-06-18",
      "time": "23.43",
      "place": "34",
      "team": "Otters",
      "yards": 0,
      "meet": "075",
      "opponent": "Creekside"
    },
    {
      "name": "GraceE",
      "stroke": "Back",
      "age": "9-10",
      "gender": "Girls",
      "date": "2011-06-25",
      "time": "29.84",
      "place": "20",
      "team": "Otters",
      "yards": 0,
      "meet": "076",
      "opponent": "Shadowbrook"
    },
    {
      "name": "GraceE",
      "stroke": "Breast",
      "age": "9-10",
      "gender": "Girls",
      "date": "2011-06-25",
      "time": "35.92",
      "place": "11",
      "team": "Otters",
      "yards": 0,
      "meet": "076",
      "opponent": "Shadowbrook"
    },
    {
      "name": "GraceE",
      "stroke": "Freestyle",
      "age": "9-10",
      "gender": "Girls",
      "date": "2011-06-25",
      "time": "22.46",
      "place": "21",
      "team": "Otters",
      "yards": 0,
      "meet": "076",
      "opponent": "Shadowbrook"
    },
    {
      "name": "GraceE",
      "stroke": "Butterfly",
      "age": "11-12",
      "gender": "Girls",
      "date": "2012-05-19",
      "time": "59.96",
      "place": "21",
      "team": "Otters",
      "yards": 0,
      "meet": "079",
      "opponent": "Trials"
    },
    {
      "name": "GraceE",
      "stroke": "Back",
      "age": "11-12",
      "gender": "Girls",
      "date": "2012-05-19",
      "time": "57.00",
      "place": "20",
      "team": "Otters",
      "yards": 0,
      "meet": "079",
      "opponent": "Trials"
    },
    {
      "name": "GraceE",
      "stroke": "Breast",
      "age": "11-12",
      "gender": "Girls",
      "date": "2012-05-19",
      "time": "1:06.60",
      "place": "27",
      "team": "Otters",
      "yards": 0,
      "meet": "079",
      "opponent": "Trials"
    },
    {
      "name": "GraceE",
      "stroke": "Freestyle",
      "age": "11-12",
      "gender": "Girls",
      "date": "2012-05-19",
      "time": "48.32",
      "place": "25",
      "team": "Otters",
      "yards": 0,
      "meet": "079",
      "opponent": "Trials"
    },
    {
      "name": "GraceE",
      "stroke": "Butterfly",
      "age": "11-12",
      "gender": "Girls",
      "date": "2012-06-002",
      "time": "DQ",
      "place": "--",
      "team": "Otters",
      "yards": 0,
      "meet": "080",
      "opponent": "Pinehurst"
    },
    {
      "name": "GraceE",
      "stroke": "Back",
      "age": "11-12",
      "gender": "Girls",
      "date": "2012-06-002",
      "time": "1:04.68",
      "place": "20",
      "team": "Otters",
      "yards": 0,
      "meet": "080",
      "opponent": "Pinehurst"
    },
    {
      "name": "GraceE",
      "stroke": "Butterfly",
      "age": "11-12",
      "gender": "Girls",
      "date": "2012-06-009",
      "time": "1:07.25",
      "place": "18",
      "team": "Otters",
      "yards": 0,
      "meet": "081",
      "opponent": "Crossgates"
    },
    {
      "name": "GraceE",
      "stroke": "Back",
      "age": "11-12",
      "gender": "Girls",
      "date": "2012-06-009",
      "time": "1:06.03",
      "place": "15",
      "team": "Otters",
      "yards": 0,
      "meet": "081",
      "opponent": "Crossgates"
    },
    {
      "name": "GraceE",
      "stroke": "Freestyle",
      "age": "11-12",
      "gender": "Girls",
      "date": "2012-06-009",
      "time": "44.44",
      "place": "29",
      "team": "Otters",
      "yards": 0,
      "meet": "081",
      "opponent": "Crossgates"
    },
    {
      "name": "GraceE",
      "stroke": "Butterfly",
      "age": "11-12",
      "gender": "Girls",
      "date": "2012-06-16",
      "time": "DQ",
      "place": "--",
      "team": "Otters",
      "yards": 0,
      "meet": "082",
      "opponent": "Almaden"
    },
    {
      "name": "GraceE",
      "stroke": "Back",
      "age": "11-12",
      "gender": "Girls",
      "date": "2012-06-16",
      "time": "DQ",
      "place": "--",
      "team": "Otters",
      "yards": 0,
      "meet": "082",
      "opponent": "Almaden"
    },
    {
      "name": "GraceE",
      "stroke": "Freestyle",
      "age": "11-12",
      "gender": "Girls",
      "date": "2012-06-16",
      "time": "40.99",
      "place": "33",
      "team": "Otters",
      "yards": 0,
      "meet": "082",
      "opponent": "Almaden"
    },
    {
      "name": "GraceE",
      "stroke": "Butterfly",
      "age": "11-12",
      "gender": "Girls",
      "date": "2012-06-23",
      "time": "1:08.60",
      "place": "19",
      "team": "Otters",
      "yards": 0,
      "meet": "083",
      "opponent": "Creekside"
    },
    {
      "name": "GraceE",
      "stroke": "Back",
      "age": "11-12",
      "gender": "Girls",
      "date": "2012-06-23",
      "time": "DQ",
      "place": "--",
      "team": "Otters",
      "yards": 0,
      "meet": "083",
      "opponent": "Creekside"
    },
    {
      "name": "GraceE",
      "stroke": "Freestyle",
      "age": "11-12",
      "gender": "Girls",
      "date": "2012-06-23",
      "time": "42.12",
      "place": "30",
      "team": "Otters",
      "yards": 0,
      "meet": "083",
      "opponent": "Creekside"
    },
    {
      "name": "GraceE",
      "stroke": "Back",
      "age": "11-12",
      "gender": "Girls",
      "date": "2012-06-30",
      "time": "52.87",
      "place": "18",
      "team": "Otters",
      "yards": 0,
      "meet": "084",
      "opponent": "Shadowbrook"
    },
    {
      "name": "GraceE",
      "stroke": "Breast",
      "age": "11-12",
      "gender": "Girls",
      "date": "2012-06-30",
      "time": "1:04.49",
      "place": "14",
      "team": "Otters",
      "yards": 0,
      "meet": "084",
      "opponent": "Shadowbrook"
    },
    {
      "name": "GraceE",
      "stroke": "Freestyle",
      "age": "11-12",
      "gender": "Girls",
      "date": "2012-06-30",
      "time": "40.30",
      "place": "23",
      "team": "Otters",
      "yards": 0,
      "meet": "084",
      "opponent": "Shadowbrook"
    },
    {
      "name": "GraceE",
      "stroke": "Back",
      "age": "11-12",
      "gender": "Girls",
      "date": "2012-07-14",
      "time": "x51.55",
      "place": "55",
      "team": "Otters",
      "yards": 0,
      "meet": "085",
      "opponent": "Champs"
    },
    {
      "name": "GraceE",
      "stroke": "Breast",
      "age": "11-12",
      "gender": "Girls",
      "date": "2012-07-14",
      "time": "DQ",
      "place": "--",
      "team": "Otters",
      "yards": 0,
      "meet": "085",
      "opponent": "Champs"
    },
    {
      "name": "GraceE",
      "stroke": "Freestyle",
      "age": "11-12",
      "gender": "Girls",
      "date": "2012-07-14",
      "time": "43.46",
      "place": "85",
      "team": "Otters",
      "yards": 0,
      "meet": "085",
      "opponent": "Champs"
    },
    {
      "name": "GraceE",
      "stroke": "Butterfly",
      "age": "11-12",
      "gender": "Girls",
      "date": "2013-05-18",
      "time": "1:02.13",
      "place": "20",
      "team": "Otters",
      "yards": 0,
      "meet": "086",
      "opponent": "Trials"
    },
    {
      "name": "GraceE",
      "stroke": "Back",
      "age": "11-12",
      "gender": "Girls",
      "date": "2013-05-18",
      "time": "54.46",
      "place": "16",
      "team": "Otters",
      "yards": 0,
      "meet": "086",
      "opponent": "Trials"
    },
    {
      "name": "GraceE",
      "stroke": "Breast",
      "age": "11-12",
      "gender": "Girls",
      "date": "2013-05-18",
      "time": "1:00.64",
      "place": "21",
      "team": "Otters",
      "yards": 0,
      "meet": "086",
      "opponent": "Trials"
    },
    {
      "name": "GraceE",
      "stroke": "Freestyle",
      "age": "11-12",
      "gender": "Girls",
      "date": "2013-05-18",
      "time": "41.95",
      "place": "17",
      "team": "Otters",
      "yards": 0,
      "meet": "086",
      "opponent": "Trials"
    },
    {
      "name": "GraceE",
      "stroke": "Back",
      "age": "11-12",
      "gender": "Girls",
      "date": "2013-06-008",
      "time": "DQ",
      "place": "--",
      "team": "Otters",
      "yards": 0,
      "meet": "088",
      "opponent": "Pinehurst"
    },
    {
      "name": "GraceE",
      "stroke": "Breast",
      "age": "11-12",
      "gender": "Girls",
      "date": "2013-06-008",
      "time": "1:02.62",
      "place": "16",
      "team": "Otters",
      "yards": 0,
      "meet": "088",
      "opponent": "Pinehurst"
    },
    {
      "name": "GraceE",
      "stroke": "Freestyle",
      "age": "11-12",
      "gender": "Girls",
      "date": "2013-06-008",
      "time": "42.28",
      "place": "17",
      "team": "Otters",
      "yards": 0,
      "meet": "088",
      "opponent": "Pinehurst"
    },
    {
      "name": "GraceE",
      "stroke": "Butterfly",
      "age": "11-12",
      "gender": "Girls",
      "date": "2013-06-15",
      "time": "1:03.05",
      "place": "17",
      "team": "Otters",
      "yards": 0,
      "meet": "089",
      "opponent": "Crossgates"
    },
    {
      "name": "GraceE",
      "stroke": "Breast",
      "age": "11-12",
      "gender": "Girls",
      "date": "2013-06-15",
      "time": "1:01.79",
      "place": "23",
      "team": "Otters",
      "yards": 0,
      "meet": "089",
      "opponent": "Crossgates"
    },
    {
      "name": "GraceE",
      "stroke": "Freestyle",
      "age": "11-12",
      "gender": "Girls",
      "date": "2013-06-15",
      "time": "40.23",
      "place": "24",
      "team": "Otters",
      "yards": 0,
      "meet": "089",
      "opponent": "Crossgates"
    },
    {
      "name": "GraceE",
      "stroke": "Butterfly",
      "age": "11-12",
      "gender": "Girls",
      "date": "2013-06-22",
      "time": "59.90",
      "place": "23",
      "team": "Otters",
      "yards": 0,
      "meet": "090",
      "opponent": "Almaden"
    },
    {
      "name": "GraceE",
      "stroke": "Freestyle",
      "age": "11-12",
      "gender": "Girls",
      "date": "2013-06-22",
      "time": "40.62",
      "place": "34",
      "team": "Otters",
      "yards": 0,
      "meet": "090",
      "opponent": "Almaden"
    },
    {
      "name": "GraceE",
      "stroke": "Back",
      "age": "11-12",
      "gender": "Girls",
      "date": "2013-06-29",
      "time": "51.64",
      "place": "26",
      "team": "Otters",
      "yards": 0,
      "meet": "091",
      "opponent": "Creekside"
    },
    {
      "name": "GraceE",
      "stroke": "Breast",
      "age": "11-12",
      "gender": "Girls",
      "date": "2013-06-29",
      "time": "59.03",
      "place": "26",
      "team": "Otters",
      "yards": 0,
      "meet": "091",
      "opponent": "Creekside"
    },
    {
      "name": "GraceE",
      "stroke": "Freestyle",
      "age": "11-12",
      "gender": "Girls",
      "date": "2013-06-29",
      "time": "40.27",
      "place": "35",
      "team": "Otters",
      "yards": 0,
      "meet": "091",
      "opponent": "Creekside"
    },
    {
      "name": "GraceE",
      "stroke": "Back",
      "age": "11-12",
      "gender": "Girls",
      "date": "2013-07-13",
      "time": "49.47",
      "place": "59",
      "team": "Otters",
      "yards": 0,
      "meet": "092",
      "opponent": "Almaden"
    },
    {
      "name": "GraceE",
      "stroke": "Breast",
      "age": "11-12",
      "gender": "Girls",
      "date": "2013-07-13",
      "time": "57.50",
      "place": "54",
      "team": "Otters",
      "yards": 0,
      "meet": "092",
      "opponent": "Almaden"
    },
    {
      "name": "GraceE",
      "stroke": "Freestyle",
      "age": "11-12",
      "gender": "Girls",
      "date": "2013-07-13",
      "time": "39.61",
      "place": "83",
      "team": "Otters",
      "yards": 0,
      "meet": "092",
      "opponent": "Almaden"
    }
  ]
}