{
  "scores": [
    {
      "name": "GrantK",
      "stroke": "Back",
      "age": "6 & Under",
      "gender": "Boys",
      "date": "2016-05-20",
      "time": "2:21.53",
      "place": "15",
      "team": "Otters",
      "yards": 0,
      "meet": "107",
      "opponent": "Trials"
    },
    {
      "name": "GrantK",
      "stroke": "Freestyle",
      "age": "6 & Under",
      "gender": "Boys",
      "date": "2016-05-20",
      "time": "1:01.93",
      "place": "15",
      "team": "Otters",
      "yards": 0,
      "meet": "107",
      "opponent": "Trials"
    }
  ]
}