{
  "scores": [
    {
      "name": "GwenK",
      "stroke": "Back",
      "age": "6 & Under",
      "gender": "Girls",
      "date": "2007-06-002",
      "time": "49.78",
      "place": "7",
      "team": "Otters",
      "yards": 0,
      "meet": "044",
      "opponent": "Trials"
    },
    {
      "name": "GwenK",
      "stroke": "Freestyle",
      "age": "6 & Under",
      "gender": "Girls",
      "date": "2007-06-002",
      "time": "34.33",
      "place": "6",
      "team": "Otters",
      "yards": 0,
      "meet": "044",
      "opponent": "Trials"
    },
    {
      "name": "GwenK",
      "stroke": "Back",
      "age": "6 & Under",
      "gender": "Girls",
      "date": "2007-06-009",
      "time": "38.81",
      "place": "8",
      "team": "Otters",
      "yards": 0,
      "meet": "045",
      "opponent": "Pinehurst"
    },
    {
      "name": "GwenK",
      "stroke": "Freestyle",
      "age": "6 & Under",
      "gender": "Girls",
      "date": "2007-06-009",
      "time": "34.36",
      "place": "6",
      "team": "Otters",
      "yards": 0,
      "meet": "045",
      "opponent": "Pinehurst"
    },
    {
      "name": "GwenK",
      "stroke": "Back",
      "age": "6 & Under",
      "gender": "Girls",
      "date": "2007-06-16",
      "time": "37.83",
      "place": "7",
      "team": "Otters",
      "yards": 0,
      "meet": "046",
      "opponent": "Crossgates"
    },
    {
      "name": "GwenK",
      "stroke": "Freestyle",
      "age": "6 & Under",
      "gender": "Girls",
      "date": "2007-06-16",
      "time": "34.06",
      "place": "10",
      "team": "Otters",
      "yards": 0,
      "meet": "046",
      "opponent": "Crossgates"
    },
    {
      "name": "GwenK",
      "stroke": "Back",
      "age": "6 & Under",
      "gender": "Girls",
      "date": "2007-06-23",
      "time": "36.43",
      "place": "5",
      "team": "Otters",
      "yards": 0,
      "meet": "047",
      "opponent": "Almaden"
    },
    {
      "name": "GwenK",
      "stroke": "Freestyle",
      "age": "6 & Under",
      "gender": "Girls",
      "date": "2007-06-23",
      "time": "30.87",
      "place": "5",
      "team": "Otters",
      "yards": 0,
      "meet": "047",
      "opponent": "Almaden"
    },
    {
      "name": "GwenK",
      "stroke": "Back",
      "age": "6 & Under",
      "gender": "Girls",
      "date": "2007-06-30",
      "time": "38.22",
      "place": "13",
      "team": "Otters",
      "yards": 0,
      "meet": "048",
      "opponent": "Creekside"
    },
    {
      "name": "GwenK",
      "stroke": "Breast",
      "age": "8 & Under",
      "gender": "Girls",
      "date": "2007-06-30",
      "time": "DQ",
      "place": "--",
      "team": "Otters",
      "yards": 0,
      "meet": "048",
      "opponent": "Creekside"
    },
    {
      "name": "GwenK",
      "stroke": "Freestyle",
      "age": "6 & Under",
      "gender": "Girls",
      "date": "2007-06-30",
      "time": "33.73",
      "place": "12",
      "team": "Otters",
      "yards": 0,
      "meet": "048",
      "opponent": "Creekside"
    },
    {
      "name": "GwenK",
      "stroke": "Back",
      "age": "6 & Under",
      "gender": "Girls",
      "date": "2007-07-14",
      "time": "37.52",
      "place": "29",
      "team": "Otters",
      "yards": 0,
      "meet": "050",
      "opponent": "Champs"
    },
    {
      "name": "GwenK",
      "stroke": "Freestyle",
      "age": "6 & Under",
      "gender": "Girls",
      "date": "2007-07-14",
      "time": "36.53",
      "place": "38",
      "team": "Otters",
      "yards": 0,
      "meet": "050",
      "opponent": "Champs"
    },
    {
      "name": "GwenK",
      "stroke": "Butterfly",
      "age": "8 & Under",
      "gender": "Girls",
      "date": "2008-05-31",
      "time": "34.16",
      "place": "12",
      "team": "Otters",
      "yards": 0,
      "meet": "051",
      "opponent": "Trials"
    },
    {
      "name": "GwenK",
      "stroke": "Back",
      "age": "6 & Under",
      "gender": "Girls",
      "date": "2008-05-31",
      "time": "32.09",
      "place": "1",
      "team": "Otters",
      "yards": 0,
      "meet": "051",
      "opponent": "Trials"
    },
    {
      "name": "GwenK",
      "stroke": "Breast",
      "age": "8 & Under",
      "gender": "Girls",
      "date": "2008-05-31",
      "time": "40.30",
      "place": "15",
      "team": "Otters",
      "yards": 0,
      "meet": "051",
      "opponent": "Trials"
    },
    {
      "name": "GwenK",
      "stroke": "Freestyle",
      "age": "6 & Under",
      "gender": "Girls",
      "date": "2008-05-31",
      "time": "30.06",
      "place": "1",
      "team": "Otters",
      "yards": 0,
      "meet": "051",
      "opponent": "Trials"
    },
    {
      "name": "GwenK",
      "stroke": "Back",
      "age": "6 & Under",
      "gender": "Girls",
      "date": "2008-06-007",
      "time": "29.03",
      "place": "1",
      "team": "Otters",
      "yards": 0,
      "meet": "052",
      "opponent": "Shadowbrook"
    },
    {
      "name": "GwenK",
      "stroke": "Freestyle",
      "age": "6 & Under",
      "gender": "Girls",
      "date": "2008-06-007",
      "time": "28.82",
      "place": "3",
      "team": "Otters",
      "yards": 0,
      "meet": "052",
      "opponent": "Shadowbrook"
    },
    {
      "name": "GwenK",
      "stroke": "Back",
      "age": "6 & Under",
      "gender": "Girls",
      "date": "2008-06-14",
      "time": "32.02",
      "place": "1",
      "team": "Otters",
      "yards": 0,
      "meet": "053",
      "opponent": "Pinehurst"
    },
    {
      "name": "GwenK",
      "stroke": "Freestyle",
      "age": "6 & Under",
      "gender": "Girls",
      "date": "2008-06-14",
      "time": "27.50",
      "place": "2",
      "team": "Otters",
      "yards": 0,
      "meet": "053",
      "opponent": "Pinehurst"
    },
    {
      "name": "GwenK",
      "stroke": "Back",
      "age": "6 & Under",
      "gender": "Girls",
      "date": "2008-06-21",
      "time": "30.32",
      "place": "2",
      "team": "Otters",
      "yards": 0,
      "meet": "054",
      "opponent": "Crossgates"
    },
    {
      "name": "GwenK",
      "stroke": "Back",
      "age": "6 & Under",
      "gender": "Girls",
      "date": "2008-06-28",
      "time": "30.71",
      "place": "4",
      "team": "Otters",
      "yards": 0,
      "meet": "055",
      "opponent": "Almaden"
    },
    {
      "name": "GwenK",
      "stroke": "Freestyle",
      "age": "6 & Under",
      "gender": "Girls",
      "date": "2008-06-28",
      "time": "24.41",
      "place": "2",
      "team": "Otters",
      "yards": 0,
      "meet": "055",
      "opponent": "Almaden"
    },
    {
      "name": "GwenK",
      "stroke": "Back",
      "age": "6 & Under",
      "gender": "Girls",
      "date": "2008-07-12",
      "time": "32.38",
      "place": "3",
      "team": "Otters",
      "yards": 0,
      "meet": "056",
      "opponent": "Creekside"
    },
    {
      "name": "GwenK",
      "stroke": "Freestyle",
      "age": "6 & Under",
      "gender": "Girls",
      "date": "2008-07-12",
      "time": "25.09",
      "place": "1",
      "team": "Otters",
      "yards": 0,
      "meet": "056",
      "opponent": "Creekside"
    },
    {
      "name": "GwenK",
      "stroke": "Back",
      "age": "6 & Under",
      "gender": "Girls",
      "date": "2008-07-19",
      "time": "37.85",
      "place": "27",
      "team": "Otters",
      "yards": 0,
      "meet": "057",
      "opponent": "Champs"
    },
    {
      "name": "GwenK",
      "stroke": "Freestyle",
      "age": "6 & Under",
      "gender": "Girls",
      "date": "2008-07-19",
      "time": "26.02",
      "place": "9",
      "team": "Otters",
      "yards": 0,
      "meet": "057",
      "opponent": "Champs"
    },
    {
      "name": "GwenK",
      "stroke": "Butterfly",
      "age": "8 & Under",
      "gender": "Girls",
      "date": "2009-05-30",
      "time": "31.63",
      "place": "5",
      "team": "Otters",
      "yards": 0,
      "meet": "058",
      "opponent": "Trials"
    },
    {
      "name": "GwenK",
      "stroke": "Back",
      "age": "7-8",
      "gender": "Girls",
      "date": "2009-05-30",
      "time": "30.12",
      "place": "4",
      "team": "Otters",
      "yards": 0,
      "meet": "058",
      "opponent": "Trials"
    },
    {
      "name": "GwenK",
      "stroke": "Breast",
      "age": "8 & Under",
      "gender": "Girls",
      "date": "2009-05-30",
      "time": "44.12",
      "place": "13",
      "team": "Otters",
      "yards": 0,
      "meet": "058",
      "opponent": "Trials"
    },
    {
      "name": "GwenK",
      "stroke": "Freestyle",
      "age": "7-8",
      "gender": "Girls",
      "date": "2009-05-30",
      "time": "28.09",
      "place": "6",
      "team": "Otters",
      "yards": 0,
      "meet": "058",
      "opponent": "Trials"
    },
    {
      "name": "GwenK",
      "stroke": "Butterfly",
      "age": "8 & Under",
      "gender": "Girls",
      "date": "2009-06-006",
      "time": "29.21",
      "place": "5",
      "team": "Otters",
      "yards": 0,
      "meet": "059",
      "opponent": "Creekside"
    },
    {
      "name": "GwenK",
      "stroke": "Back",
      "age": "7-8",
      "gender": "Girls",
      "date": "2009-06-006",
      "time": "32.06",
      "place": "18",
      "team": "Otters",
      "yards": 0,
      "meet": "059",
      "opponent": "Creekside"
    },
    {
      "name": "GwenK",
      "stroke": "Freestyle",
      "age": "7-8",
      "gender": "Girls",
      "date": "2009-06-006",
      "time": "26.12",
      "place": "16",
      "team": "Otters",
      "yards": 0,
      "meet": "059",
      "opponent": "Creekside"
    },
    {
      "name": "GwenK",
      "stroke": "Butterfly",
      "age": "8 & Under",
      "gender": "Girls",
      "date": "2009-06-13",
      "time": "28.65",
      "place": "4",
      "team": "Otters",
      "yards": 0,
      "meet": "060",
      "opponent": "Shadowbrook"
    },
    {
      "name": "GwenK",
      "stroke": "Breast",
      "age": "8 & Under",
      "gender": "Girls",
      "date": "2009-06-13",
      "time": "DQ",
      "place": "--",
      "team": "Otters",
      "yards": 0,
      "meet": "060",
      "opponent": "Shadowbrook"
    },
    {
      "name": "GwenK",
      "stroke": "Freestyle",
      "age": "7-8",
      "gender": "Girls",
      "date": "2009-06-13",
      "time": "22.14",
      "place": "5",
      "team": "Otters",
      "yards": 0,
      "meet": "060",
      "opponent": "Shadowbrook"
    },
    {
      "name": "GwenK",
      "stroke": "Butterfly",
      "age": "8 & Under",
      "gender": "Girls",
      "date": "2009-06-20",
      "time": "DQ",
      "place": "--",
      "team": "Otters",
      "yards": 0,
      "meet": "061",
      "opponent": "Pinehurst"
    },
    {
      "name": "GwenK",
      "stroke": "Back",
      "age": "7-8",
      "gender": "Girls",
      "date": "2009-06-20",
      "time": "28.97",
      "place": "6",
      "team": "Otters",
      "yards": 0,
      "meet": "061",
      "opponent": "Pinehurst"
    },
    {
      "name": "GwenK",
      "stroke": "Freestyle",
      "age": "7-8",
      "gender": "Girls",
      "date": "2009-06-20",
      "time": "23.84",
      "place": "6",
      "team": "Otters",
      "yards": 0,
      "meet": "061",
      "opponent": "Pinehurst"
    },
    {
      "name": "GwenK",
      "stroke": "Butterfly",
      "age": "8 & Under",
      "gender": "Girls",
      "date": "2009-06-27",
      "time": "33.65",
      "place": "13",
      "team": "Otters",
      "yards": 0,
      "meet": "062",
      "opponent": "Crossgates"
    },
    {
      "name": "GwenK",
      "stroke": "Back",
      "age": "7-8",
      "gender": "Girls",
      "date": "2009-06-27",
      "time": "28.59",
      "place": "15",
      "team": "Otters",
      "yards": 0,
      "meet": "062",
      "opponent": "Crossgates"
    },
    {
      "name": "GwenK",
      "stroke": "Freestyle",
      "age": "7-8",
      "gender": "Girls",
      "date": "2009-06-27",
      "time": "26.56",
      "place": "27",
      "team": "Otters",
      "yards": 0,
      "meet": "062",
      "opponent": "Crossgates"
    },
    {
      "name": "GwenK",
      "stroke": "Back",
      "age": "7-8",
      "gender": "Girls",
      "date": "2009-07-11",
      "time": "27.03",
      "place": "14",
      "team": "Otters",
      "yards": 0,
      "meet": "063",
      "opponent": "Almaden"
    },
    {
      "name": "GwenK",
      "stroke": "Breast",
      "age": "8 & Under",
      "gender": "Girls",
      "date": "2009-07-11",
      "time": "34.59",
      "place": "11",
      "team": "Otters",
      "yards": 0,
      "meet": "063",
      "opponent": "Almaden"
    },
    {
      "name": "GwenK",
      "stroke": "Freestyle",
      "age": "7-8",
      "gender": "Girls",
      "date": "2009-07-11",
      "time": "22.21",
      "place": "14",
      "team": "Otters",
      "yards": 0,
      "meet": "063",
      "opponent": "Almaden"
    },
    {
      "name": "GwenK",
      "stroke": "Back",
      "age": "7-8",
      "gender": "Girls",
      "date": "2009-07-18",
      "time": "26.24",
      "place": "30",
      "team": "Otters",
      "yards": 0,
      "meet": "064",
      "opponent": "Champs"
    },
    {
      "name": "GwenK",
      "stroke": "Breast",
      "age": "8 & Under",
      "gender": "Girls",
      "date": "2009-07-18",
      "time": "31.62",
      "place": "35",
      "team": "Otters",
      "yards": 0,
      "meet": "064",
      "opponent": "Champs"
    },
    {
      "name": "GwenK",
      "stroke": "Freestyle",
      "age": "7-8",
      "gender": "Girls",
      "date": "2009-07-18",
      "time": "22.86",
      "place": "56",
      "team": "Otters",
      "yards": 0,
      "meet": "064",
      "opponent": "Champs"
    },
    {
      "name": "GwenK",
      "stroke": "Butterfly",
      "age": "8 & Under",
      "gender": "Girls",
      "date": "2010-05-22",
      "time": "22.87",
      "place": "1",
      "team": "Otters",
      "yards": 0,
      "meet": "065",
      "opponent": "Trials"
    },
    {
      "name": "GwenK",
      "stroke": "Back",
      "age": "7-8",
      "gender": "Girls",
      "date": "2010-05-22",
      "time": "24.88",
      "place": "1",
      "team": "Otters",
      "yards": 0,
      "meet": "065",
      "opponent": "Trials"
    },
    {
      "name": "GwenK",
      "stroke": "Breast",
      "age": "8 & Under",
      "gender": "Girls",
      "date": "2010-05-22",
      "time": "27.93",
      "place": "1",
      "team": "Otters",
      "yards": 0,
      "meet": "065",
      "opponent": "Trials"
    },
    {
      "name": "GwenK",
      "stroke": "Freestyle",
      "age": "7-8",
      "gender": "Girls",
      "date": "2010-05-22",
      "time": "19.99",
      "place": "1",
      "team": "Otters",
      "yards": 0,
      "meet": "065",
      "opponent": "Trials"
    },
    {
      "name": "GwenK",
      "stroke": "Back",
      "age": "7-8",
      "gender": "Girls",
      "date": "2010-06-005",
      "time": "24.09",
      "place": "1",
      "team": "Otters",
      "yards": 0,
      "meet": "066",
      "opponent": "Almaden"
    },
    {
      "name": "GwenK",
      "stroke": "Breast",
      "age": "8 & Under",
      "gender": "Girls",
      "date": "2010-06-005",
      "time": "DQ",
      "place": "--",
      "team": "Otters",
      "yards": 0,
      "meet": "066",
      "opponent": "Almaden"
    },
    {
      "name": "GwenK",
      "stroke": "Freestyle",
      "age": "7-8",
      "gender": "Girls",
      "date": "2010-06-005",
      "time": "19.78",
      "place": "3",
      "team": "Otters",
      "yards": 0,
      "meet": "066",
      "opponent": "Almaden"
    },
    {
      "name": "GwenK",
      "stroke": "Butterfly",
      "age": "8 & Under",
      "gender": "Girls",
      "date": "2010-06-12",
      "time": "23.09",
      "place": "1",
      "team": "Otters",
      "yards": 0,
      "meet": "067",
      "opponent": "Creekside"
    },
    {
      "name": "GwenK",
      "stroke": "Breast",
      "age": "8 & Under",
      "gender": "Girls",
      "date": "2010-06-12",
      "time": "25.75",
      "place": "1",
      "team": "Otters",
      "yards": 0,
      "meet": "067",
      "opponent": "Creekside"
    },
    {
      "name": "GwenK",
      "stroke": "Freestyle",
      "age": "7-8",
      "gender": "Girls",
      "date": "2010-06-12",
      "time": "19.45",
      "place": "2",
      "team": "Otters",
      "yards": 0,
      "meet": "067",
      "opponent": "Creekside"
    },
    {
      "name": "GwenK",
      "stroke": "Back",
      "age": "7-8",
      "gender": "Girls",
      "date": "2010-06-19",
      "time": "23.08",
      "place": "1",
      "team": "Otters",
      "yards": 0,
      "meet": "068",
      "opponent": "Shadowbrook"
    },
    {
      "name": "GwenK",
      "stroke": "Breast",
      "age": "8 & Under",
      "gender": "Girls",
      "date": "2010-06-19",
      "time": "26.26",
      "place": "1",
      "team": "Otters",
      "yards": 0,
      "meet": "068",
      "opponent": "Shadowbrook"
    },
    {
      "name": "GwenK",
      "stroke": "Freestyle",
      "age": "7-8",
      "gender": "Girls",
      "date": "2010-06-19",
      "time": "20.13",
      "place": "4",
      "team": "Otters",
      "yards": 0,
      "meet": "068",
      "opponent": "Shadowbrook"
    },
    {
      "name": "GwenK",
      "stroke": "Butterfly",
      "age": "8 & Under",
      "gender": "Girls",
      "date": "2010-06-26",
      "time": "23.82",
      "place": "1",
      "team": "Otters",
      "yards": 0,
      "meet": "069",
      "opponent": "Pinehurst"
    },
    {
      "name": "GwenK",
      "stroke": "Breast",
      "age": "8 & Under",
      "gender": "Girls",
      "date": "2010-06-26",
      "time": "27.36",
      "place": "1",
      "team": "Otters",
      "yards": 0,
      "meet": "069",
      "opponent": "Pinehurst"
    },
    {
      "name": "GwenK",
      "stroke": "Freestyle",
      "age": "7-8",
      "gender": "Girls",
      "date": "2010-06-26",
      "time": "20.47",
      "place": "3",
      "team": "Otters",
      "yards": 0,
      "meet": "069",
      "opponent": "Pinehurst"
    },
    {
      "name": "GwenK",
      "stroke": "Back",
      "age": "7-8",
      "gender": "Girls",
      "date": "2010-07-10",
      "time": "23.78",
      "place": "4",
      "team": "Otters",
      "yards": 0,
      "meet": "070",
      "opponent": "Crossgates"
    },
    {
      "name": "GwenK",
      "stroke": "Breast",
      "age": "8 & Under",
      "gender": "Girls",
      "date": "2010-07-10",
      "time": "25.03",
      "place": "4",
      "team": "Otters",
      "yards": 0,
      "meet": "070",
      "opponent": "Crossgates"
    },
    {
      "name": "GwenK",
      "stroke": "Freestyle",
      "age": "7-8",
      "gender": "Girls",
      "date": "2010-07-10",
      "time": "19.00",
      "place": "4",
      "team": "Otters",
      "yards": 0,
      "meet": "070",
      "opponent": "Crossgates"
    },
    {
      "name": "GwenK",
      "stroke": "Back",
      "age": "7-8",
      "gender": "Girls",
      "date": "2010-07-17",
      "time": "24.01",
      "place": "8",
      "team": "Otters",
      "yards": 0,
      "meet": "071",
      "opponent": "Champs"
    },
    {
      "name": "GwenK",
      "stroke": "Breast",
      "age": "8 & Under",
      "gender": "Girls",
      "date": "2010-07-17",
      "time": "24.26",
      "place": "4",
      "team": "Otters",
      "yards": 0,
      "meet": "071",
      "opponent": "Champs"
    },
    {
      "name": "GwenK",
      "stroke": "Freestyle",
      "age": "7-8",
      "gender": "Girls",
      "date": "2010-07-17",
      "time": "18.40",
      "place": "11",
      "team": "Otters",
      "yards": 0,
      "meet": "071",
      "opponent": "Champs"
    },
    {
      "name": "GwenK",
      "stroke": "Butterfly",
      "age": "9-10",
      "gender": "Girls",
      "date": "2011-05-21",
      "time": "20.28",
      "place": "4",
      "team": "Otters",
      "yards": 0,
      "meet": "072",
      "opponent": "Trials"
    },
    {
      "name": "GwenK",
      "stroke": "Back",
      "age": "9-10",
      "gender": "Girls",
      "date": "2011-05-21",
      "time": "23.44",
      "place": "6",
      "team": "Otters",
      "yards": 0,
      "meet": "072",
      "opponent": "Trials"
    },
    {
      "name": "GwenK",
      "stroke": "Breast",
      "age": "9-10",
      "gender": "Girls",
      "date": "2011-05-21",
      "time": "24.29",
      "place": "5",
      "team": "Otters",
      "yards": 0,
      "meet": "072",
      "opponent": "Trials"
    },
    {
      "name": "GwenK",
      "stroke": "Freestyle",
      "age": "9-10",
      "gender": "Girls",
      "date": "2011-05-21",
      "time": "19.40",
      "place": "11",
      "team": "Otters",
      "yards": 0,
      "meet": "072",
      "opponent": "Trials"
    },
    {
      "name": "GwenK",
      "stroke": "Butterfly",
      "age": "9-10",
      "gender": "Girls",
      "date": "2011-06-004",
      "time": "23.77",
      "place": "10",
      "team": "Otters",
      "yards": 0,
      "meet": "073",
      "opponent": "Crossgates"
    },
    {
      "name": "GwenK",
      "stroke": "Breast",
      "age": "9-10",
      "gender": "Girls",
      "date": "2011-06-004",
      "time": "25.19",
      "place": "7",
      "team": "Otters",
      "yards": 0,
      "meet": "073",
      "opponent": "Crossgates"
    },
    {
      "name": "GwenK",
      "stroke": "Freestyle",
      "age": "9-10",
      "gender": "Girls",
      "date": "2011-06-004",
      "time": "18.70",
      "place": "12",
      "team": "Otters",
      "yards": 0,
      "meet": "073",
      "opponent": "Crossgates"
    },
    {
      "name": "GwenK",
      "stroke": "Butterfly",
      "age": "9-10",
      "gender": "Girls",
      "date": "2011-06-11",
      "time": "22.41",
      "place": "13",
      "team": "Otters",
      "yards": 0,
      "meet": "074",
      "opponent": "Almaden"
    },
    {
      "name": "GwenK",
      "stroke": "Breast",
      "age": "9-10",
      "gender": "Girls",
      "date": "2011-06-11",
      "time": "25.03",
      "place": "10",
      "team": "Otters",
      "yards": 0,
      "meet": "074",
      "opponent": "Almaden"
    },
    {
      "name": "GwenK",
      "stroke": "Freestyle",
      "age": "9-10",
      "gender": "Girls",
      "date": "2011-06-11",
      "time": "18.97",
      "place": "16",
      "team": "Otters",
      "yards": 0,
      "meet": "074",
      "opponent": "Almaden"
    },
    {
      "name": "GwenK",
      "stroke": "Butterfly",
      "age": "9-10",
      "gender": "Girls",
      "date": "2011-06-18",
      "time": "21.67",
      "place": "7",
      "team": "Otters",
      "yards": 0,
      "meet": "075",
      "opponent": "Creekside"
    },
    {
      "name": "GwenK",
      "stroke": "Breast",
      "age": "9-10",
      "gender": "Girls",
      "date": "2011-06-18",
      "time": "23.42",
      "place": "5",
      "team": "Otters",
      "yards": 0,
      "meet": "075",
      "opponent": "Creekside"
    },
    {
      "name": "GwenK",
      "stroke": "Freestyle",
      "age": "9-10",
      "gender": "Girls",
      "date": "2011-06-18",
      "time": "18.44",
      "place": "14",
      "team": "Otters",
      "yards": 0,
      "meet": "075",
      "opponent": "Creekside"
    },
    {
      "name": "GwenK",
      "stroke": "Butterfly",
      "age": "9-10",
      "gender": "Girls",
      "date": "2011-06-25",
      "time": "22.50",
      "place": "10",
      "team": "Otters",
      "yards": 0,
      "meet": "076",
      "opponent": "Shadowbrook"
    },
    {
      "name": "GwenK",
      "stroke": "Breast",
      "age": "9-10",
      "gender": "Girls",
      "date": "2011-06-25",
      "time": "23.39",
      "place": "4",
      "team": "Otters",
      "yards": 0,
      "meet": "076",
      "opponent": "Shadowbrook"
    },
    {
      "name": "GwenK",
      "stroke": "Freestyle",
      "age": "9-10",
      "gender": "Girls",
      "date": "2011-06-25",
      "time": "18.87",
      "place": "11",
      "team": "Otters",
      "yards": 0,
      "meet": "076",
      "opponent": "Shadowbrook"
    },
    {
      "name": "GwenK",
      "stroke": "Butterfly",
      "age": "9-10",
      "gender": "Girls",
      "date": "2011-07-009",
      "time": "22.72",
      "place": "4",
      "team": "Otters",
      "yards": 0,
      "meet": "077",
      "opponent": "Pinehurst"
    },
    {
      "name": "GwenK",
      "stroke": "Breast",
      "age": "9-10",
      "gender": "Girls",
      "date": "2011-07-009",
      "time": "23.25",
      "place": "3",
      "team": "Otters",
      "yards": 0,
      "meet": "077",
      "opponent": "Pinehurst"
    },
    {
      "name": "GwenK",
      "stroke": "Freestyle",
      "age": "9-10",
      "gender": "Girls",
      "date": "2011-07-009",
      "time": "18.14",
      "place": "6",
      "team": "Otters",
      "yards": 0,
      "meet": "077",
      "opponent": "Pinehurst"
    },
    {
      "name": "GwenK",
      "stroke": "Butterfly",
      "age": "9-10",
      "gender": "Girls",
      "date": "2011-07-16",
      "time": "22.09",
      "place": "37",
      "team": "Otters",
      "yards": 0,
      "meet": "078",
      "opponent": "Champs"
    },
    {
      "name": "GwenK",
      "stroke": "Breast",
      "age": "9-10",
      "gender": "Girls",
      "date": "2011-07-16",
      "time": "22.66",
      "place": "21",
      "team": "Otters",
      "yards": 0,
      "meet": "078",
      "opponent": "Champs"
    },
    {
      "name": "GwenK",
      "stroke": "Freestyle",
      "age": "9-10",
      "gender": "Girls",
      "date": "2011-07-16",
      "time": "18.08",
      "place": "46",
      "team": "Otters",
      "yards": 0,
      "meet": "078",
      "opponent": "Champs"
    },
    {
      "name": "GwenK",
      "stroke": "Butterfly",
      "age": "9-10",
      "gender": "Girls",
      "date": "2012-05-19",
      "time": "18.68",
      "place": "4",
      "team": "Otters",
      "yards": 0,
      "meet": "079",
      "opponent": "Trials"
    },
    {
      "name": "GwenK",
      "stroke": "Back",
      "age": "9-10",
      "gender": "Girls",
      "date": "2012-05-19",
      "time": "22.15",
      "place": "5",
      "team": "Otters",
      "yards": 0,
      "meet": "079",
      "opponent": "Trials"
    },
    {
      "name": "GwenK",
      "stroke": "Breast",
      "age": "9-10",
      "gender": "Girls",
      "date": "2012-05-19",
      "time": "20.34",
      "place": "1",
      "team": "Otters",
      "yards": 0,
      "meet": "079",
      "opponent": "Trials"
    },
    {
      "name": "GwenK",
      "stroke": "Freestyle",
      "age": "9-10",
      "gender": "Girls",
      "date": "2012-05-19",
      "time": "16.25",
      "place": "1",
      "team": "Otters",
      "yards": 0,
      "meet": "079",
      "opponent": "Trials"
    },
    {
      "name": "GwenK",
      "stroke": "Back",
      "age": "9-10",
      "gender": "Girls",
      "date": "2012-06-002",
      "time": "20.78",
      "place": "2",
      "team": "Otters",
      "yards": 0,
      "meet": "080",
      "opponent": "Pinehurst"
    },
    {
      "name": "GwenK",
      "stroke": "Breast",
      "age": "9-10",
      "gender": "Girls",
      "date": "2012-06-002",
      "time": "20.57",
      "place": "1",
      "team": "Otters",
      "yards": 0,
      "meet": "080",
      "opponent": "Pinehurst"
    },
    {
      "name": "GwenK",
      "stroke": "Freestyle",
      "age": "9-10",
      "gender": "Girls",
      "date": "2012-06-002",
      "time": "16.78",
      "place": "5",
      "team": "Otters",
      "yards": 0,
      "meet": "080",
      "opponent": "Pinehurst"
    },
    {
      "name": "GwenK",
      "stroke": "Butterfly",
      "age": "9-10",
      "gender": "Girls",
      "date": "2012-06-16",
      "time": "18.32",
      "place": "4",
      "team": "Otters",
      "yards": 0,
      "meet": "082",
      "opponent": "Almaden"
    },
    {
      "name": "GwenK",
      "stroke": "Breast",
      "age": "9-10",
      "gender": "Girls",
      "date": "2012-06-16",
      "time": "20.79",
      "place": "1",
      "team": "Otters",
      "yards": 0,
      "meet": "082",
      "opponent": "Almaden"
    },
    {
      "name": "GwenK",
      "stroke": "Freestyle",
      "age": "9-10",
      "gender": "Girls",
      "date": "2012-06-16",
      "time": "16.77",
      "place": "11",
      "team": "Otters",
      "yards": 0,
      "meet": "082",
      "opponent": "Almaden"
    },
    {
      "name": "GwenK",
      "stroke": "Butterfly",
      "age": "9-10",
      "gender": "Girls",
      "date": "2012-06-23",
      "time": "17.88",
      "place": "3",
      "team": "Otters",
      "yards": 0,
      "meet": "083",
      "opponent": "Creekside"
    },
    {
      "name": "GwenK",
      "stroke": "Back",
      "age": "9-10",
      "gender": "Girls",
      "date": "2012-06-23",
      "time": "20.29",
      "place": "3",
      "team": "Otters",
      "yards": 0,
      "meet": "083",
      "opponent": "Creekside"
    },
    {
      "name": "GwenK",
      "stroke": "Breast",
      "age": "9-10",
      "gender": "Girls",
      "date": "2012-06-23",
      "time": "20.78",
      "place": "2",
      "team": "Otters",
      "yards": 0,
      "meet": "083",
      "opponent": "Creekside"
    },
    {
      "name": "GwenK",
      "stroke": "Butterfly",
      "age": "9-10",
      "gender": "Girls",
      "date": "2012-06-30",
      "time": "DQ",
      "place": "--",
      "team": "Otters",
      "yards": 0,
      "meet": "084",
      "opponent": "Shadowbrook"
    },
    {
      "name": "GwenK",
      "stroke": "Back",
      "age": "9-10",
      "gender": "Girls",
      "date": "2012-06-30",
      "time": "20.92",
      "place": "7",
      "team": "Otters",
      "yards": 0,
      "meet": "084",
      "opponent": "Shadowbrook"
    },
    {
      "name": "GwenK",
      "stroke": "Breast",
      "age": "9-10",
      "gender": "Girls",
      "date": "2012-06-30",
      "time": "20.46",
      "place": "3",
      "team": "Otters",
      "yards": 0,
      "meet": "084",
      "opponent": "Shadowbrook"
    },
    {
      "name": "GwenK",
      "stroke": "Butterfly",
      "age": "9-10",
      "gender": "Girls",
      "date": "2012-07-14",
      "time": "19.28",
      "place": "16",
      "team": "Otters",
      "yards": 0,
      "meet": "085",
      "opponent": "Champs"
    },
    {
      "name": "GwenK",
      "stroke": "Back",
      "age": "9-10",
      "gender": "Girls",
      "date": "2012-07-14",
      "time": "22.31",
      "place": "26",
      "team": "Otters",
      "yards": 0,
      "meet": "085",
      "opponent": "Champs"
    },
    {
      "name": "GwenK",
      "stroke": "Breast",
      "age": "9-10",
      "gender": "Girls",
      "date": "2012-07-14",
      "time": "20.63",
      "place": "6",
      "team": "Otters",
      "yards": 0,
      "meet": "085",
      "opponent": "Champs"
    },
    {
      "name": "GwenK",
      "stroke": "Butterfly",
      "age": "11-12",
      "gender": "Girls",
      "date": "2013-05-18",
      "time": "39.13",
      "place": "8",
      "team": "Otters",
      "yards": 0,
      "meet": "086",
      "opponent": "Trials"
    },
    {
      "name": "GwenK",
      "stroke": "Back",
      "age": "11-12",
      "gender": "Girls",
      "date": "2013-05-18",
      "time": "46.53",
      "place": "11",
      "team": "Otters",
      "yards": 0,
      "meet": "086",
      "opponent": "Trials"
    },
    {
      "name": "GwenK",
      "stroke": "Breast",
      "age": "11-12",
      "gender": "Girls",
      "date": "2013-05-18",
      "time": "42.62",
      "place": "2",
      "team": "Otters",
      "yards": 0,
      "meet": "086",
      "opponent": "Trials"
    },
    {
      "name": "GwenK",
      "stroke": "Freestyle",
      "age": "11-12",
      "gender": "Girls",
      "date": "2013-05-18",
      "time": "34.56",
      "place": "8",
      "team": "Otters",
      "yards": 0,
      "meet": "086",
      "opponent": "Trials"
    },
    {
      "name": "GwenK",
      "stroke": "Butterfly",
      "age": "11-12",
      "gender": "Girls",
      "date": "2013-06-001",
      "time": "40.04",
      "place": "9",
      "team": "Otters",
      "yards": 0,
      "meet": "087",
      "opponent": "Shadowbrook"
    },
    {
      "name": "GwenK",
      "stroke": "Back",
      "age": "11-12",
      "gender": "Girls",
      "date": "2013-06-001",
      "time": "DQ",
      "place": "--",
      "team": "Otters",
      "yards": 0,
      "meet": "087",
      "opponent": "Shadowbrook"
    },
    {
      "name": "GwenK",
      "stroke": "Breast",
      "age": "11-12",
      "gender": "Girls",
      "date": "2013-06-001",
      "time": "41.31",
      "place": "2",
      "team": "Otters",
      "yards": 0,
      "meet": "087",
      "opponent": "Shadowbrook"
    },
    {
      "name": "GwenK",
      "stroke": "Butterfly",
      "age": "11-12",
      "gender": "Girls",
      "date": "2013-06-22",
      "time": "39.25",
      "place": "9",
      "team": "Otters",
      "yards": 0,
      "meet": "090",
      "opponent": "Almaden"
    },
    {
      "name": "GwenK",
      "stroke": "Breast",
      "age": "11-12",
      "gender": "Girls",
      "date": "2013-06-22",
      "time": "41.69",
      "place": "3",
      "team": "Otters",
      "yards": 0,
      "meet": "090",
      "opponent": "Almaden"
    },
    {
      "name": "GwenK",
      "stroke": "Freestyle",
      "age": "11-12",
      "gender": "Girls",
      "date": "2013-06-22",
      "time": "33.59",
      "place": "14",
      "team": "Otters",
      "yards": 0,
      "meet": "090",
      "opponent": "Almaden"
    },
    {
      "name": "GwenK",
      "stroke": "Butterfly",
      "age": "11-12",
      "gender": "Girls",
      "date": "2013-06-29",
      "time": "39.59",
      "place": "13",
      "team": "Otters",
      "yards": 0,
      "meet": "091",
      "opponent": "Creekside"
    },
    {
      "name": "GwenK",
      "stroke": "Back",
      "age": "11-12",
      "gender": "Girls",
      "date": "2013-06-29",
      "time": "43.89",
      "place": "19",
      "team": "Otters",
      "yards": 0,
      "meet": "091",
      "opponent": "Creekside"
    },
    {
      "name": "GwenK",
      "stroke": "Breast",
      "age": "11-12",
      "gender": "Girls",
      "date": "2013-06-29",
      "time": "42.45",
      "place": "5",
      "team": "Otters",
      "yards": 0,
      "meet": "091",
      "opponent": "Creekside"
    },
    {
      "name": "GwenK",
      "stroke": "Back",
      "age": "11-12",
      "gender": "Girls",
      "date": "2013-07-13",
      "time": "41.43",
      "place": "27",
      "team": "Otters",
      "yards": 0,
      "meet": "092",
      "opponent": "Almaden"
    },
    {
      "name": "GwenK",
      "stroke": "Breast",
      "age": "11-12",
      "gender": "Girls",
      "date": "2013-07-13",
      "time": "42.23",
      "place": "19",
      "team": "Otters",
      "yards": 0,
      "meet": "092",
      "opponent": "Almaden"
    },
    {
      "name": "GwenK",
      "stroke": "Freestyle",
      "age": "11-12",
      "gender": "Girls",
      "date": "2013-07-13",
      "time": "34.44",
      "place": "48",
      "team": "Otters",
      "yards": 0,
      "meet": "092",
      "opponent": "Almaden"
    },
    {
      "name": "GwenK",
      "stroke": "Butterfly",
      "age": "11-12",
      "gender": "Girls",
      "date": "2014-05-17",
      "time": "36.46",
      "place": "5",
      "team": "Otters",
      "yards": 0,
      "meet": "093",
      "opponent": "Trials"
    },
    {
      "name": "GwenK",
      "stroke": "Back",
      "age": "11-12",
      "gender": "Girls",
      "date": "2014-05-17",
      "time": "41.17",
      "place": "10",
      "team": "Otters",
      "yards": 0,
      "meet": "093",
      "opponent": "Trials"
    },
    {
      "name": "GwenK",
      "stroke": "Breast",
      "age": "11-12",
      "gender": "Girls",
      "date": "2014-05-17",
      "time": "39.95",
      "place": "2",
      "team": "Otters",
      "yards": 0,
      "meet": "093",
      "opponent": "Trials"
    },
    {
      "name": "GwenK",
      "stroke": "Back",
      "age": "11-12",
      "gender": "Girls",
      "date": "2014-06-007",
      "time": "40.92",
      "place": "8",
      "team": "Otters",
      "yards": 0,
      "meet": "095",
      "opponent": "Shadowbrook"
    },
    {
      "name": "GwenK",
      "stroke": "Freestyle",
      "age": "11-12",
      "gender": "Girls",
      "date": "2014-06-007",
      "time": "30.96",
      "place": "5",
      "team": "Otters",
      "yards": 0,
      "meet": "095",
      "opponent": "Shadowbrook"
    },
    {
      "name": "GwenK",
      "stroke": "Back",
      "age": "11-12",
      "gender": "Girls",
      "date": "2014-06-14",
      "time": "39.19",
      "place": "4",
      "team": "Otters",
      "yards": 0,
      "meet": "096",
      "opponent": "Pinehurst"
    },
    {
      "name": "GwenK",
      "stroke": "Breast",
      "age": "11-12",
      "gender": "Girls",
      "date": "2014-06-14",
      "time": "39.03",
      "place": "1",
      "team": "Otters",
      "yards": 0,
      "meet": "096",
      "opponent": "Pinehurst"
    },
    {
      "name": "GwenK",
      "stroke": "Freestyle",
      "age": "11-12",
      "gender": "Girls",
      "date": "2014-06-14",
      "time": "30.99",
      "place": "4",
      "team": "Otters",
      "yards": 0,
      "meet": "096",
      "opponent": "Pinehurst"
    },
    {
      "name": "GwenK",
      "stroke": "Back",
      "age": "11-12",
      "gender": "Girls",
      "date": "2014-06-21",
      "time": "39.03",
      "place": "8",
      "team": "Otters",
      "yards": 0,
      "meet": "097",
      "opponent": "Crossgates"
    },
    {
      "name": "GwenK",
      "stroke": "Breast",
      "age": "11-12",
      "gender": "Girls",
      "date": "2014-06-21",
      "time": "38.62",
      "place": "2",
      "team": "Otters",
      "yards": 0,
      "meet": "097",
      "opponent": "Crossgates"
    },
    {
      "name": "GwenK",
      "stroke": "Freestyle",
      "age": "11-12",
      "gender": "Girls",
      "date": "2014-06-21",
      "time": "31.15",
      "place": "6",
      "team": "Otters",
      "yards": 0,
      "meet": "097",
      "opponent": "Crossgates"
    },
    {
      "name": "GwenK",
      "stroke": "Back",
      "age": "11-12",
      "gender": "Girls",
      "date": "2014-06-28",
      "time": "39.71",
      "place": "8",
      "team": "Otters",
      "yards": 0,
      "meet": "098",
      "opponent": "Almaden"
    },
    {
      "name": "GwenK",
      "stroke": "Breast",
      "age": "11-12",
      "gender": "Girls",
      "date": "2014-06-28",
      "time": "38.69",
      "place": "2",
      "team": "Otters",
      "yards": 0,
      "meet": "098",
      "opponent": "Almaden"
    },
    {
      "name": "GwenK",
      "stroke": "Freestyle",
      "age": "11-12",
      "gender": "Girls",
      "date": "2014-06-28",
      "time": "31.72",
      "place": "9",
      "team": "Otters",
      "yards": 0,
      "meet": "098",
      "opponent": "Almaden"
    },
    {
      "name": "GwenK",
      "stroke": "Back",
      "age": "11-12",
      "gender": "Girls",
      "date": "2014-07-12",
      "time": "38.49",
      "place": "12",
      "team": "Otters",
      "yards": 0,
      "meet": "099",
      "opponent": "Champs"
    },
    {
      "name": "GwenK",
      "stroke": "Breast",
      "age": "11-12",
      "gender": "Girls",
      "date": "2014-07-12",
      "time": "38.87",
      "place": "3",
      "team": "Otters",
      "yards": 0,
      "meet": "099",
      "opponent": "Champs"
    },
    {
      "name": "GwenK",
      "stroke": "Freestyle",
      "age": "11-12",
      "gender": "Girls",
      "date": "2014-07-12",
      "time": "30.93",
      "place": "14",
      "team": "Otters",
      "yards": 0,
      "meet": "099",
      "opponent": "Champs"
    },
    {
      "name": "GwenK",
      "stroke": "Butterfly",
      "age": "13-14",
      "gender": "Girls",
      "date": "2015-05-31",
      "time": "34.37",
      "place": "4",
      "team": "Otters",
      "yards": 0,
      "meet": "100",
      "opponent": "Trials"
    },
    {
      "name": "GwenK",
      "stroke": "Back",
      "age": "13-14",
      "gender": "Girls",
      "date": "2015-05-31",
      "time": "37.49",
      "place": "7",
      "team": "Otters",
      "yards": 0,
      "meet": "100",
      "opponent": "Trials"
    },
    {
      "name": "GwenK",
      "stroke": "Breast",
      "age": "13-14",
      "gender": "Girls",
      "date": "2015-05-31",
      "time": "39.06",
      "place": "3",
      "team": "Otters",
      "yards": 0,
      "meet": "100",
      "opponent": "Trials"
    },
    {
      "name": "GwenK",
      "stroke": "Freestyle",
      "age": "13-14",
      "gender": "Girls",
      "date": "2015-05-31",
      "time": "31.13",
      "place": "8",
      "team": "Otters",
      "yards": 0,
      "meet": "100",
      "opponent": "Trials"
    },
    {
      "name": "GwenK",
      "stroke": "Butterfly",
      "age": "13-14",
      "gender": "Girls",
      "date": "2015-05-30",
      "time": "33.25",
      "place": "8",
      "team": "Otters",
      "yards": 0,
      "meet": "101",
      "opponent": "Almaden"
    },
    {
      "name": "GwenK",
      "stroke": "Breast",
      "age": "13-14",
      "gender": "Girls",
      "date": "2015-05-30",
      "time": "39.38",
      "place": "6",
      "team": "Otters",
      "yards": 0,
      "meet": "101",
      "opponent": "Almaden"
    },
    {
      "name": "GwenK",
      "stroke": "Freestyle",
      "age": "13-14",
      "gender": "Girls",
      "date": "2015-05-30",
      "time": "30.90",
      "place": "13",
      "team": "Otters",
      "yards": 0,
      "meet": "101",
      "opponent": "Almaden"
    },
    {
      "name": "GwenK",
      "stroke": "Butterfly",
      "age": "13-14",
      "gender": "Girls",
      "date": "2015-06-006",
      "time": "34.87",
      "place": "8",
      "team": "Otters",
      "yards": 0,
      "meet": "102",
      "opponent": "Creekside"
    },
    {
      "name": "GwenK",
      "stroke": "Breast",
      "age": "13-14",
      "gender": "Girls",
      "date": "2015-06-006",
      "time": "37.24",
      "place": "4",
      "team": "Otters",
      "yards": 0,
      "meet": "102",
      "opponent": "Creekside"
    },
    {
      "name": "GwenK",
      "stroke": "Freestyle",
      "age": "13-14",
      "gender": "Girls",
      "date": "2015-06-006",
      "time": "30.45",
      "place": "9",
      "team": "Otters",
      "yards": 0,
      "meet": "102",
      "opponent": "Creekside"
    },
    {
      "name": "GwenK",
      "stroke": "Butterfly",
      "age": "13-14",
      "gender": "Girls",
      "date": "2015-06-13",
      "time": "34.49",
      "place": "9",
      "team": "Otters",
      "yards": 0,
      "meet": "103",
      "opponent": "Shadowbrook"
    },
    {
      "name": "GwenK",
      "stroke": "Breast",
      "age": "13-14",
      "gender": "Girls",
      "date": "2015-06-13",
      "time": "37.89",
      "place": "3",
      "team": "Otters",
      "yards": 0,
      "meet": "103",
      "opponent": "Shadowbrook"
    },
    {
      "name": "GwenK",
      "stroke": "Freestyle",
      "age": "13-14",
      "gender": "Girls",
      "date": "2015-06-13",
      "time": "30.20",
      "place": "9",
      "team": "Otters",
      "yards": 0,
      "meet": "103",
      "opponent": "Shadowbrook"
    },
    {
      "name": "GwenK",
      "stroke": "Butterfly",
      "age": "13-14",
      "gender": "Girls",
      "date": "2015-06-27",
      "time": "34.59",
      "place": "9",
      "team": "Otters",
      "yards": 0,
      "meet": "105",
      "opponent": "Crossgates"
    },
    {
      "name": "GwenK",
      "stroke": "Breast",
      "age": "13-14",
      "gender": "Girls",
      "date": "2015-06-27",
      "time": "37.64",
      "place": "4",
      "team": "Otters",
      "yards": 0,
      "meet": "105",
      "opponent": "Crossgates"
    },
    {
      "name": "GwenK",
      "stroke": "Freestyle",
      "age": "13-14",
      "gender": "Girls",
      "date": "2015-06-27",
      "time": "29.65",
      "place": "9",
      "team": "Otters",
      "yards": 0,
      "meet": "105",
      "opponent": "Crossgates"
    },
    {
      "name": "GwenK",
      "stroke": "Butterfly",
      "age": "13-14",
      "gender": "Girls",
      "date": "2015-07-11",
      "time": "32.51",
      "place": "17",
      "team": "Otters",
      "yards": 0,
      "meet": "106",
      "opponent": "Champs"
    },
    {
      "name": "GwenK",
      "stroke": "Breast",
      "age": "13-14",
      "gender": "Girls",
      "date": "2015-07-11",
      "time": "36.35",
      "place": "11",
      "team": "Otters",
      "yards": 0,
      "meet": "106",
      "opponent": "Champs"
    },
    {
      "name": "GwenK",
      "stroke": "Freestyle",
      "age": "13-14",
      "gender": "Girls",
      "date": "2015-07-11",
      "time": "29.84",
      "place": "23",
      "team": "Otters",
      "yards": 0,
      "meet": "106",
      "opponent": "Champs"
    },
    {
      "name": "GwenK",
      "stroke": "Butterfly",
      "age": "13-14",
      "gender": "Girls",
      "date": "2016-05-20",
      "time": "32.00",
      "place": "4",
      "team": "Otters",
      "yards": 0,
      "meet": "107",
      "opponent": "Trials"
    },
    {
      "name": "GwenK",
      "stroke": "Back",
      "age": "13-14",
      "gender": "Girls",
      "date": "2016-05-20",
      "time": "38.08",
      "place": "11",
      "team": "Otters",
      "yards": 0,
      "meet": "107",
      "opponent": "Trials"
    },
    {
      "name": "GwenK",
      "stroke": "Breast",
      "age": "13-14",
      "gender": "Girls",
      "date": "2016-05-20",
      "time": "38.37",
      "place": "4",
      "team": "Otters",
      "yards": 0,
      "meet": "107",
      "opponent": "Trials"
    },
    {
      "name": "GwenK",
      "stroke": "Freestyle",
      "age": "13-14",
      "gender": "Girls",
      "date": "2016-05-20",
      "time": "29.49",
      "place": "6",
      "team": "Otters",
      "yards": 0,
      "meet": "107",
      "opponent": "Trials"
    }
  ]
}