{
  "scores": [
    {
      "name": "HannahS",
      "stroke": "Butterfly",
      "age": "8 & Under",
      "gender": "Girls",
      "date": "2008-05-31",
      "time": "1:17.37",
      "place": "22",
      "team": "Otters",
      "yards": 0,
      "meet": "051",
      "opponent": "Trials"
    },
    {
      "name": "HannahS",
      "stroke": "Back",
      "age": "6 & Under",
      "gender": "Girls",
      "date": "2008-05-31",
      "time": "1:32.87",
      "place": "6",
      "team": "Otters",
      "yards": 0,
      "meet": "051",
      "opponent": "Trials"
    },
    {
      "name": "HannahS",
      "stroke": "Breast",
      "age": "8 & Under",
      "gender": "Girls",
      "date": "2008-05-31",
      "time": "1:27.73",
      "place": "25",
      "team": "Otters",
      "yards": 0,
      "meet": "051",
      "opponent": "Trials"
    },
    {
      "name": "HannahS",
      "stroke": "Freestyle",
      "age": "6 & Under",
      "gender": "Girls",
      "date": "2008-05-31",
      "time": "48.17",
      "place": "4",
      "team": "Otters",
      "yards": 0,
      "meet": "051",
      "opponent": "Trials"
    },
    {
      "name": "HannahS",
      "stroke": "Freestyle",
      "age": "6 & Under",
      "gender": "Girls",
      "date": "2008-06-007",
      "time": "45.46",
      "place": "7",
      "team": "Otters",
      "yards": 0,
      "meet": "052",
      "opponent": "Shadowbrook"
    },
    {
      "name": "HannahS",
      "stroke": "Back",
      "age": "6 & Under",
      "gender": "Girls",
      "date": "2008-06-14",
      "time": "1:17.80",
      "place": "9",
      "team": "Otters",
      "yards": 0,
      "meet": "053",
      "opponent": "Pinehurst"
    },
    {
      "name": "HannahS",
      "stroke": "Freestyle",
      "age": "6 & Under",
      "gender": "Girls",
      "date": "2008-06-14",
      "time": "46.64",
      "place": "7",
      "team": "Otters",
      "yards": 0,
      "meet": "053",
      "opponent": "Pinehurst"
    },
    {
      "name": "HannahS",
      "stroke": "Back",
      "age": "6 & Under",
      "gender": "Girls",
      "date": "2008-06-21",
      "time": "1:12.70",
      "place": "11",
      "team": "Otters",
      "yards": 0,
      "meet": "054",
      "opponent": "Crossgates"
    },
    {
      "name": "HannahS",
      "stroke": "Freestyle",
      "age": "6 & Under",
      "gender": "Girls",
      "date": "2008-06-21",
      "time": "47.69",
      "place": "11",
      "team": "Otters",
      "yards": 0,
      "meet": "054",
      "opponent": "Crossgates"
    },
    {
      "name": "HannahS",
      "stroke": "Back",
      "age": "6 & Under",
      "gender": "Girls",
      "date": "2008-06-28",
      "time": "59.30",
      "place": "16",
      "team": "Otters",
      "yards": 0,
      "meet": "055",
      "opponent": "Almaden"
    },
    {
      "name": "HannahS",
      "stroke": "Freestyle",
      "age": "6 & Under",
      "gender": "Girls",
      "date": "2008-06-28",
      "time": "43.85",
      "place": "15",
      "team": "Otters",
      "yards": 0,
      "meet": "055",
      "opponent": "Almaden"
    },
    {
      "name": "HannahS",
      "stroke": "Back",
      "age": "6 & Under",
      "gender": "Girls",
      "date": "2008-07-12",
      "time": "57.47",
      "place": "12",
      "team": "Otters",
      "yards": 0,
      "meet": "056",
      "opponent": "Creekside"
    },
    {
      "name": "HannahS",
      "stroke": "Freestyle",
      "age": "6 & Under",
      "gender": "Girls",
      "date": "2008-07-12",
      "time": "34.92",
      "place": "8",
      "team": "Otters",
      "yards": 0,
      "meet": "056",
      "opponent": "Creekside"
    },
    {
      "name": "HannahS",
      "stroke": "Back",
      "age": "6 & Under",
      "gender": "Girls",
      "date": "2008-07-19",
      "time": "56.28",
      "place": "42",
      "team": "Otters",
      "yards": 0,
      "meet": "057",
      "opponent": "Champs"
    },
    {
      "name": "HannahS",
      "stroke": "Freestyle",
      "age": "6 & Under",
      "gender": "Girls",
      "date": "2008-07-19",
      "time": "33.62",
      "place": "27",
      "team": "Otters",
      "yards": 0,
      "meet": "057",
      "opponent": "Champs"
    },
    {
      "name": "HannahS",
      "stroke": "Butterfly",
      "age": "8 & Under",
      "gender": "Girls",
      "date": "2009-05-30",
      "time": "45.17",
      "place": "15",
      "team": "Otters",
      "yards": 0,
      "meet": "058",
      "opponent": "Trials"
    },
    {
      "name": "HannahS",
      "stroke": "Back",
      "age": "7-8",
      "gender": "Girls",
      "date": "2009-05-30",
      "time": "42.11",
      "place": "15",
      "team": "Otters",
      "yards": 0,
      "meet": "058",
      "opponent": "Trials"
    },
    {
      "name": "HannahS",
      "stroke": "Breast",
      "age": "8 & Under",
      "gender": "Girls",
      "date": "2009-05-30",
      "time": "47.64",
      "place": "16",
      "team": "Otters",
      "yards": 0,
      "meet": "058",
      "opponent": "Trials"
    },
    {
      "name": "HannahS",
      "stroke": "Freestyle",
      "age": "7-8",
      "gender": "Girls",
      "date": "2009-05-30",
      "time": "39.92",
      "place": "15",
      "team": "Otters",
      "yards": 0,
      "meet": "058",
      "opponent": "Trials"
    },
    {
      "name": "HannahS",
      "stroke": "Back",
      "age": "7-8",
      "gender": "Girls",
      "date": "2009-06-006",
      "time": "40.12",
      "place": "27",
      "team": "Otters",
      "yards": 0,
      "meet": "059",
      "opponent": "Creekside"
    },
    {
      "name": "HannahS",
      "stroke": "Breast",
      "age": "8 & Under",
      "gender": "Girls",
      "date": "2009-06-006",
      "time": "50.74",
      "place": "12",
      "team": "Otters",
      "yards": 0,
      "meet": "059",
      "opponent": "Creekside"
    },
    {
      "name": "HannahS",
      "stroke": "Freestyle",
      "age": "7-8",
      "gender": "Girls",
      "date": "2009-06-006",
      "time": "37.93",
      "place": "29",
      "team": "Otters",
      "yards": 0,
      "meet": "059",
      "opponent": "Creekside"
    },
    {
      "name": "HannahS",
      "stroke": "Butterfly",
      "age": "8 & Under",
      "gender": "Girls",
      "date": "2009-06-13",
      "time": "DQ",
      "place": "--",
      "team": "Otters",
      "yards": 0,
      "meet": "060",
      "opponent": "Shadowbrook"
    },
    {
      "name": "HannahS",
      "stroke": "Back",
      "age": "7-8",
      "gender": "Girls",
      "date": "2009-06-13",
      "time": "41.81",
      "place": "14",
      "team": "Otters",
      "yards": 0,
      "meet": "060",
      "opponent": "Shadowbrook"
    },
    {
      "name": "HannahS",
      "stroke": "Freestyle",
      "age": "7-8",
      "gender": "Girls",
      "date": "2009-06-13",
      "time": "38.19",
      "place": "18",
      "team": "Otters",
      "yards": 0,
      "meet": "060",
      "opponent": "Shadowbrook"
    },
    {
      "name": "HannahS",
      "stroke": "Back",
      "age": "7-8",
      "gender": "Girls",
      "date": "2009-06-20",
      "time": "39.81",
      "place": "15",
      "team": "Otters",
      "yards": 0,
      "meet": "061",
      "opponent": "Pinehurst"
    },
    {
      "name": "HannahS",
      "stroke": "Breast",
      "age": "8 & Under",
      "gender": "Girls",
      "date": "2009-06-20",
      "time": "51.38",
      "place": "3",
      "team": "Otters",
      "yards": 0,
      "meet": "061",
      "opponent": "Pinehurst"
    },
    {
      "name": "HannahS",
      "stroke": "Freestyle",
      "age": "7-8",
      "gender": "Girls",
      "date": "2009-06-20",
      "time": "39.87",
      "place": "14",
      "team": "Otters",
      "yards": 0,
      "meet": "061",
      "opponent": "Pinehurst"
    },
    {
      "name": "HannahS",
      "stroke": "Butterfly",
      "age": "8 & Under",
      "gender": "Girls",
      "date": "2009-06-27",
      "time": "DQ",
      "place": "--",
      "team": "Otters",
      "yards": 0,
      "meet": "062",
      "opponent": "Crossgates"
    },
    {
      "name": "HannahS",
      "stroke": "Breast",
      "age": "8 & Under",
      "gender": "Girls",
      "date": "2009-06-27",
      "time": "DQ",
      "place": "--",
      "team": "Otters",
      "yards": 0,
      "meet": "062",
      "opponent": "Crossgates"
    },
    {
      "name": "HannahS",
      "stroke": "Freestyle",
      "age": "7-8",
      "gender": "Girls",
      "date": "2009-06-27",
      "time": "34.69",
      "place": "33",
      "team": "Otters",
      "yards": 0,
      "meet": "062",
      "opponent": "Crossgates"
    },
    {
      "name": "HannahS",
      "stroke": "Back",
      "age": "7-8",
      "gender": "Girls",
      "date": "2009-07-18",
      "time": "39.75",
      "place": "75",
      "team": "Otters",
      "yards": 0,
      "meet": "064",
      "opponent": "Champs"
    },
    {
      "name": "HannahS",
      "stroke": "Breast",
      "age": "8 & Under",
      "gender": "Girls",
      "date": "2009-07-18",
      "time": "DQ",
      "place": "--",
      "team": "Otters",
      "yards": 0,
      "meet": "064",
      "opponent": "Champs"
    },
    {
      "name": "HannahS",
      "stroke": "Freestyle",
      "age": "7-8",
      "gender": "Girls",
      "date": "2009-07-18",
      "time": "35.02",
      "place": "88",
      "team": "Otters",
      "yards": 0,
      "meet": "064",
      "opponent": "Champs"
    },
    {
      "name": "HannahS",
      "stroke": "Butterfly",
      "age": "8 & Under",
      "gender": "Girls",
      "date": "2010-05-22",
      "time": "32.22",
      "place": "8",
      "team": "Otters",
      "yards": 0,
      "meet": "065",
      "opponent": "Trials"
    },
    {
      "name": "HannahS",
      "stroke": "Back",
      "age": "7-8",
      "gender": "Girls",
      "date": "2010-05-22",
      "time": "36.89",
      "place": "16",
      "team": "Otters",
      "yards": 0,
      "meet": "065",
      "opponent": "Trials"
    },
    {
      "name": "HannahS",
      "stroke": "Breast",
      "age": "8 & Under",
      "gender": "Girls",
      "date": "2010-05-22",
      "time": "36.99",
      "place": "10",
      "team": "Otters",
      "yards": 0,
      "meet": "065",
      "opponent": "Trials"
    },
    {
      "name": "HannahS",
      "stroke": "Freestyle",
      "age": "7-8",
      "gender": "Girls",
      "date": "2010-05-22",
      "time": "28.94",
      "place": "11",
      "team": "Otters",
      "yards": 0,
      "meet": "065",
      "opponent": "Trials"
    },
    {
      "name": "HannahS",
      "stroke": "Butterfly",
      "age": "8 & Under",
      "gender": "Girls",
      "date": "2010-06-005",
      "time": "DQ",
      "place": "--",
      "team": "Otters",
      "yards": 0,
      "meet": "066",
      "opponent": "Almaden"
    },
    {
      "name": "HannahS",
      "stroke": "Back",
      "age": "7-8",
      "gender": "Girls",
      "date": "2010-06-005",
      "time": "34.28",
      "place": "30",
      "team": "Otters",
      "yards": 0,
      "meet": "066",
      "opponent": "Almaden"
    },
    {
      "name": "HannahS",
      "stroke": "Back",
      "age": "7-8",
      "gender": "Girls",
      "date": "2010-06-12",
      "time": "36.08",
      "place": "20",
      "team": "Otters",
      "yards": 0,
      "meet": "067",
      "opponent": "Creekside"
    },
    {
      "name": "HannahS",
      "stroke": "Breast",
      "age": "8 & Under",
      "gender": "Girls",
      "date": "2010-06-12",
      "time": "43.25",
      "place": "12",
      "team": "Otters",
      "yards": 0,
      "meet": "067",
      "opponent": "Creekside"
    },
    {
      "name": "HannahS",
      "stroke": "Freestyle",
      "age": "7-8",
      "gender": "Girls",
      "date": "2010-06-12",
      "time": "30.99",
      "place": "22",
      "team": "Otters",
      "yards": 0,
      "meet": "067",
      "opponent": "Creekside"
    },
    {
      "name": "HannahS",
      "stroke": "Butterfly",
      "age": "8 & Under",
      "gender": "Girls",
      "date": "2010-06-19",
      "time": "34.24",
      "place": "10",
      "team": "Otters",
      "yards": 0,
      "meet": "068",
      "opponent": "Shadowbrook"
    },
    {
      "name": "HannahS",
      "stroke": "Back",
      "age": "7-8",
      "gender": "Girls",
      "date": "2010-06-19",
      "time": "33.73",
      "place": "24",
      "team": "Otters",
      "yards": 0,
      "meet": "068",
      "opponent": "Shadowbrook"
    },
    {
      "name": "HannahS",
      "stroke": "Freestyle",
      "age": "7-8",
      "gender": "Girls",
      "date": "2010-06-19",
      "time": "25.57",
      "place": "17",
      "team": "Otters",
      "yards": 0,
      "meet": "068",
      "opponent": "Shadowbrook"
    },
    {
      "name": "HannahS",
      "stroke": "Butterfly",
      "age": "8 & Under",
      "gender": "Girls",
      "date": "2010-06-26",
      "time": "28.34",
      "place": "5",
      "team": "Otters",
      "yards": 0,
      "meet": "069",
      "opponent": "Pinehurst"
    },
    {
      "name": "HannahS",
      "stroke": "Back",
      "age": "7-8",
      "gender": "Girls",
      "date": "2010-06-26",
      "time": "32.77",
      "place": "10",
      "team": "Otters",
      "yards": 0,
      "meet": "069",
      "opponent": "Pinehurst"
    },
    {
      "name": "HannahS",
      "stroke": "Freestyle",
      "age": "7-8",
      "gender": "Girls",
      "date": "2010-06-26",
      "time": "25.47",
      "place": "13",
      "team": "Otters",
      "yards": 0,
      "meet": "069",
      "opponent": "Pinehurst"
    },
    {
      "name": "HannahS",
      "stroke": "Back",
      "age": "7-8",
      "gender": "Girls",
      "date": "2010-07-10",
      "time": "30.34",
      "place": "22",
      "team": "Otters",
      "yards": 0,
      "meet": "070",
      "opponent": "Crossgates"
    },
    {
      "name": "HannahS",
      "stroke": "Breast",
      "age": "8 & Under",
      "gender": "Girls",
      "date": "2010-07-10",
      "time": "33.12",
      "place": "14",
      "team": "Otters",
      "yards": 0,
      "meet": "070",
      "opponent": "Crossgates"
    },
    {
      "name": "HannahS",
      "stroke": "Freestyle",
      "age": "7-8",
      "gender": "Girls",
      "date": "2010-07-10",
      "time": "25.88",
      "place": "25",
      "team": "Otters",
      "yards": 0,
      "meet": "070",
      "opponent": "Crossgates"
    },
    {
      "name": "HannahS",
      "stroke": "Back",
      "age": "7-8",
      "gender": "Girls",
      "date": "2010-07-17",
      "time": "29.93",
      "place": "62",
      "team": "Otters",
      "yards": 0,
      "meet": "071",
      "opponent": "Champs"
    },
    {
      "name": "HannahS",
      "stroke": "Breast",
      "age": "8 & Under",
      "gender": "Girls",
      "date": "2010-07-17",
      "time": "33.41",
      "place": "31",
      "team": "Otters",
      "yards": 0,
      "meet": "071",
      "opponent": "Champs"
    },
    {
      "name": "HannahS",
      "stroke": "Freestyle",
      "age": "7-8",
      "gender": "Girls",
      "date": "2010-07-17",
      "time": "26.47",
      "place": "81",
      "team": "Otters",
      "yards": 0,
      "meet": "071",
      "opponent": "Champs"
    },
    {
      "name": "HannahS",
      "stroke": "Butterfly",
      "age": "9-10",
      "gender": "Girls",
      "date": "2011-05-21",
      "time": "28.16",
      "place": "17",
      "team": "Otters",
      "yards": 0,
      "meet": "072",
      "opponent": "Trials"
    },
    {
      "name": "HannahS",
      "stroke": "Back",
      "age": "9-10",
      "gender": "Girls",
      "date": "2011-05-21",
      "time": "31.40",
      "place": "20",
      "team": "Otters",
      "yards": 0,
      "meet": "072",
      "opponent": "Trials"
    },
    {
      "name": "HannahS",
      "stroke": "Breast",
      "age": "9-10",
      "gender": "Girls",
      "date": "2011-05-21",
      "time": "33.42",
      "place": "20",
      "team": "Otters",
      "yards": 0,
      "meet": "072",
      "opponent": "Trials"
    },
    {
      "name": "HannahS",
      "stroke": "Freestyle",
      "age": "9-10",
      "gender": "Girls",
      "date": "2011-05-21",
      "time": "23.46",
      "place": "18",
      "team": "Otters",
      "yards": 0,
      "meet": "072",
      "opponent": "Trials"
    },
    {
      "name": "HannahS",
      "stroke": "Butterfly",
      "age": "9-10",
      "gender": "Girls",
      "date": "2011-06-004",
      "time": "30.95",
      "place": "12",
      "team": "Otters",
      "yards": 0,
      "meet": "073",
      "opponent": "Crossgates"
    },
    {
      "name": "HannahS",
      "stroke": "Back",
      "age": "9-10",
      "gender": "Girls",
      "date": "2011-06-004",
      "time": "31.05",
      "place": "17",
      "team": "Otters",
      "yards": 0,
      "meet": "073",
      "opponent": "Crossgates"
    },
    {
      "name": "HannahS",
      "stroke": "Freestyle",
      "age": "9-10",
      "gender": "Girls",
      "date": "2011-06-004",
      "time": "24.74",
      "place": "21",
      "team": "Otters",
      "yards": 0,
      "meet": "073",
      "opponent": "Crossgates"
    },
    {
      "name": "HannahS",
      "stroke": "Butterfly",
      "age": "9-10",
      "gender": "Girls",
      "date": "2011-06-11",
      "time": "29.60",
      "place": "19",
      "team": "Otters",
      "yards": 0,
      "meet": "074",
      "opponent": "Almaden"
    },
    {
      "name": "HannahS",
      "stroke": "Breast",
      "age": "9-10",
      "gender": "Girls",
      "date": "2011-06-11",
      "time": "32.57",
      "place": "13",
      "team": "Otters",
      "yards": 0,
      "meet": "074",
      "opponent": "Almaden"
    },
    {
      "name": "HannahS",
      "stroke": "Freestyle",
      "age": "9-10",
      "gender": "Girls",
      "date": "2011-06-11",
      "time": "25.82",
      "place": "28",
      "team": "Otters",
      "yards": 0,
      "meet": "074",
      "opponent": "Almaden"
    },
    {
      "name": "HannahS",
      "stroke": "Back",
      "age": "9-10",
      "gender": "Girls",
      "date": "2011-06-18",
      "time": "29.43",
      "place": "27",
      "team": "Otters",
      "yards": 0,
      "meet": "075",
      "opponent": "Creekside"
    },
    {
      "name": "HannahS",
      "stroke": "Breast",
      "age": "9-10",
      "gender": "Girls",
      "date": "2011-06-18",
      "time": "29.84",
      "place": "18",
      "team": "Otters",
      "yards": 0,
      "meet": "075",
      "opponent": "Creekside"
    },
    {
      "name": "HannahS",
      "stroke": "Freestyle",
      "age": "9-10",
      "gender": "Girls",
      "date": "2011-06-18",
      "time": "24.75",
      "place": "36",
      "team": "Otters",
      "yards": 0,
      "meet": "075",
      "opponent": "Creekside"
    },
    {
      "name": "HannahS",
      "stroke": "Back",
      "age": "9-10",
      "gender": "Girls",
      "date": "2011-06-25",
      "time": "30.51",
      "place": "22",
      "team": "Otters",
      "yards": 0,
      "meet": "076",
      "opponent": "Shadowbrook"
    },
    {
      "name": "HannahS",
      "stroke": "Breast",
      "age": "9-10",
      "gender": "Girls",
      "date": "2011-06-25",
      "time": "28.73",
      "place": "9",
      "team": "Otters",
      "yards": 0,
      "meet": "076",
      "opponent": "Shadowbrook"
    },
    {
      "name": "HannahS",
      "stroke": "Freestyle",
      "age": "9-10",
      "gender": "Girls",
      "date": "2011-06-25",
      "time": "25.26",
      "place": "25",
      "team": "Otters",
      "yards": 0,
      "meet": "076",
      "opponent": "Shadowbrook"
    },
    {
      "name": "HannahS",
      "stroke": "Butterfly",
      "age": "9-10",
      "gender": "Girls",
      "date": "2011-07-009",
      "time": "29.07",
      "place": "11",
      "team": "Otters",
      "yards": 0,
      "meet": "077",
      "opponent": "Pinehurst"
    },
    {
      "name": "HannahS",
      "stroke": "Breast",
      "age": "9-10",
      "gender": "Girls",
      "date": "2011-07-009",
      "time": "29.12",
      "place": "8",
      "team": "Otters",
      "yards": 0,
      "meet": "077",
      "opponent": "Pinehurst"
    },
    {
      "name": "HannahS",
      "stroke": "Freestyle",
      "age": "9-10",
      "gender": "Girls",
      "date": "2011-07-009",
      "time": "23.15",
      "place": "19",
      "team": "Otters",
      "yards": 0,
      "meet": "077",
      "opponent": "Pinehurst"
    },
    {
      "name": "HannahS",
      "stroke": "Back",
      "age": "9-10",
      "gender": "Girls",
      "date": "2011-07-16",
      "time": "30.97",
      "place": "71",
      "team": "Otters",
      "yards": 0,
      "meet": "078",
      "opponent": "Champs"
    },
    {
      "name": "HannahS",
      "stroke": "Breast",
      "age": "9-10",
      "gender": "Girls",
      "date": "2011-07-16",
      "time": "28.82",
      "place": "45",
      "team": "Otters",
      "yards": 0,
      "meet": "078",
      "opponent": "Champs"
    },
    {
      "name": "HannahS",
      "stroke": "Freestyle",
      "age": "9-10",
      "gender": "Girls",
      "date": "2011-07-16",
      "time": "23.23",
      "place": "88",
      "team": "Otters",
      "yards": 0,
      "meet": "078",
      "opponent": "Champs"
    },
    {
      "name": "HannahS",
      "stroke": "Butterfly",
      "age": "9-10",
      "gender": "Girls",
      "date": "2012-05-19",
      "time": "25.27",
      "place": "18",
      "team": "Otters",
      "yards": 0,
      "meet": "079",
      "opponent": "Trials"
    },
    {
      "name": "HannahS",
      "stroke": "Back",
      "age": "9-10",
      "gender": "Girls",
      "date": "2012-05-19",
      "time": "27.13",
      "place": "20",
      "team": "Otters",
      "yards": 0,
      "meet": "079",
      "opponent": "Trials"
    },
    {
      "name": "HannahS",
      "stroke": "Breast",
      "age": "9-10",
      "gender": "Girls",
      "date": "2012-05-19",
      "time": "25.51",
      "place": "7",
      "team": "Otters",
      "yards": 0,
      "meet": "079",
      "opponent": "Trials"
    },
    {
      "name": "HannahS",
      "stroke": "Freestyle",
      "age": "9-10",
      "gender": "Girls",
      "date": "2012-05-19",
      "time": "20.69",
      "place": "19",
      "team": "Otters",
      "yards": 0,
      "meet": "079",
      "opponent": "Trials"
    },
    {
      "name": "HannahS",
      "stroke": "Back",
      "age": "9-10",
      "gender": "Girls",
      "date": "2012-06-002",
      "time": "26.89",
      "place": "21",
      "team": "Otters",
      "yards": 0,
      "meet": "080",
      "opponent": "Pinehurst"
    },
    {
      "name": "HannahS",
      "stroke": "Breast",
      "age": "9-10",
      "gender": "Girls",
      "date": "2012-06-002",
      "time": "25.40",
      "place": "8",
      "team": "Otters",
      "yards": 0,
      "meet": "080",
      "opponent": "Pinehurst"
    },
    {
      "name": "HannahS",
      "stroke": "Freestyle",
      "age": "9-10",
      "gender": "Girls",
      "date": "2012-06-002",
      "time": "21.83",
      "place": "20",
      "team": "Otters",
      "yards": 0,
      "meet": "080",
      "opponent": "Pinehurst"
    },
    {
      "name": "HannahS",
      "stroke": "Back",
      "age": "9-10",
      "gender": "Girls",
      "date": "2012-06-009",
      "time": "28.35",
      "place": "16",
      "team": "Otters",
      "yards": 0,
      "meet": "081",
      "opponent": "Crossgates"
    },
    {
      "name": "HannahS",
      "stroke": "Breast",
      "age": "9-10",
      "gender": "Girls",
      "date": "2012-06-009",
      "time": "27.31",
      "place": "13",
      "team": "Otters",
      "yards": 0,
      "meet": "081",
      "opponent": "Crossgates"
    },
    {
      "name": "HannahS",
      "stroke": "Freestyle",
      "age": "9-10",
      "gender": "Girls",
      "date": "2012-06-009",
      "time": "21.78",
      "place": "21",
      "team": "Otters",
      "yards": 0,
      "meet": "081",
      "opponent": "Crossgates"
    },
    {
      "name": "HannahS",
      "stroke": "Butterfly",
      "age": "9-10",
      "gender": "Girls",
      "date": "2012-06-16",
      "time": "23.27",
      "place": "24",
      "team": "Otters",
      "yards": 0,
      "meet": "082",
      "opponent": "Almaden"
    },
    {
      "name": "HannahS",
      "stroke": "Breast",
      "age": "9-10",
      "gender": "Girls",
      "date": "2012-06-16",
      "time": "DQ",
      "place": "--",
      "team": "Otters",
      "yards": 0,
      "meet": "082",
      "opponent": "Almaden"
    },
    {
      "name": "HannahS",
      "stroke": "Freestyle",
      "age": "9-10",
      "gender": "Girls",
      "date": "2012-06-16",
      "time": "21.47",
      "place": "36",
      "team": "Otters",
      "yards": 0,
      "meet": "082",
      "opponent": "Almaden"
    },
    {
      "name": "HannahS",
      "stroke": "Butterfly",
      "age": "9-10",
      "gender": "Girls",
      "date": "2012-06-23",
      "time": "24.55",
      "place": "18",
      "team": "Otters",
      "yards": 0,
      "meet": "083",
      "opponent": "Creekside"
    },
    {
      "name": "HannahS",
      "stroke": "Breast",
      "age": "9-10",
      "gender": "Girls",
      "date": "2012-06-23",
      "time": "25.29",
      "place": "13",
      "team": "Otters",
      "yards": 0,
      "meet": "083",
      "opponent": "Creekside"
    },
    {
      "name": "HannahS",
      "stroke": "Freestyle",
      "age": "9-10",
      "gender": "Girls",
      "date": "2012-06-23",
      "time": "20.45",
      "place": "26",
      "team": "Otters",
      "yards": 0,
      "meet": "083",
      "opponent": "Creekside"
    },
    {
      "name": "HannahS",
      "stroke": "Butterfly",
      "age": "9-10",
      "gender": "Girls",
      "date": "2012-06-30",
      "time": "21.98",
      "place": "11",
      "team": "Otters",
      "yards": 0,
      "meet": "084",
      "opponent": "Shadowbrook"
    },
    {
      "name": "HannahS",
      "stroke": "Back",
      "age": "9-10",
      "gender": "Girls",
      "date": "2012-06-30",
      "time": "25.35",
      "place": "16",
      "team": "Otters",
      "yards": 0,
      "meet": "084",
      "opponent": "Shadowbrook"
    },
    {
      "name": "HannahS",
      "stroke": "Breast",
      "age": "9-10",
      "gender": "Girls",
      "date": "2012-06-30",
      "time": "24.19",
      "place": "11",
      "team": "Otters",
      "yards": 0,
      "meet": "084",
      "opponent": "Shadowbrook"
    },
    {
      "name": "HannahS",
      "stroke": "Back",
      "age": "9-10",
      "gender": "Girls",
      "date": "2012-07-14",
      "time": "x25.80",
      "place": "56",
      "team": "Otters",
      "yards": 0,
      "meet": "085",
      "opponent": "Champs"
    },
    {
      "name": "HannahS",
      "stroke": "Breast",
      "age": "9-10",
      "gender": "Girls",
      "date": "2012-07-14",
      "time": "25.24",
      "place": "37",
      "team": "Otters",
      "yards": 0,
      "meet": "085",
      "opponent": "Champs"
    },
    {
      "name": "HannahS",
      "stroke": "Freestyle",
      "age": "9-10",
      "gender": "Girls",
      "date": "2012-07-14",
      "time": "20.18",
      "place": "80",
      "team": "Otters",
      "yards": 0,
      "meet": "085",
      "opponent": "Champs"
    },
    {
      "name": "HannahS",
      "stroke": "Butterfly",
      "age": "11-12",
      "gender": "Girls",
      "date": "2013-05-18",
      "time": "47.37",
      "place": "16",
      "team": "Otters",
      "yards": 0,
      "meet": "086",
      "opponent": "Trials"
    },
    {
      "name": "HannahS",
      "stroke": "Back",
      "age": "11-12",
      "gender": "Girls",
      "date": "2013-05-18",
      "time": "56.47",
      "place": "18",
      "team": "Otters",
      "yards": 0,
      "meet": "086",
      "opponent": "Trials"
    },
    {
      "name": "HannahS",
      "stroke": "Breast",
      "age": "11-12",
      "gender": "Girls",
      "date": "2013-05-18",
      "time": "52.53",
      "place": "15",
      "team": "Otters",
      "yards": 0,
      "meet": "086",
      "opponent": "Trials"
    },
    {
      "name": "HannahS",
      "stroke": "Freestyle",
      "age": "11-12",
      "gender": "Girls",
      "date": "2013-05-18",
      "time": "43.83",
      "place": "19",
      "team": "Otters",
      "yards": 0,
      "meet": "086",
      "opponent": "Trials"
    },
    {
      "name": "HannahS",
      "stroke": "Butterfly",
      "age": "11-12",
      "gender": "Girls",
      "date": "2013-06-001",
      "time": "47.34",
      "place": "13",
      "team": "Otters",
      "yards": 0,
      "meet": "087",
      "opponent": "Shadowbrook"
    },
    {
      "name": "HannahS",
      "stroke": "Breast",
      "age": "11-12",
      "gender": "Girls",
      "date": "2013-06-001",
      "time": "50.40",
      "place": "11",
      "team": "Otters",
      "yards": 0,
      "meet": "087",
      "opponent": "Shadowbrook"
    },
    {
      "name": "HannahS",
      "stroke": "Freestyle",
      "age": "11-12",
      "gender": "Girls",
      "date": "2013-06-001",
      "time": "41.47",
      "place": "21",
      "team": "Otters",
      "yards": 0,
      "meet": "087",
      "opponent": "Shadowbrook"
    },
    {
      "name": "HannahS",
      "stroke": "Butterfly",
      "age": "11-12",
      "gender": "Girls",
      "date": "2013-06-008",
      "time": "53.83",
      "place": "12",
      "team": "Otters",
      "yards": 0,
      "meet": "088",
      "opponent": "Pinehurst"
    },
    {
      "name": "HannahS",
      "stroke": "Breast",
      "age": "11-12",
      "gender": "Girls",
      "date": "2013-06-008",
      "time": "52.11",
      "place": "13",
      "team": "Otters",
      "yards": 0,
      "meet": "088",
      "opponent": "Pinehurst"
    },
    {
      "name": "HannahS",
      "stroke": "Freestyle",
      "age": "11-12",
      "gender": "Girls",
      "date": "2013-06-008",
      "time": "43.94",
      "place": "18",
      "team": "Otters",
      "yards": 0,
      "meet": "088",
      "opponent": "Pinehurst"
    },
    {
      "name": "HannahS",
      "stroke": "Butterfly",
      "age": "11-12",
      "gender": "Girls",
      "date": "2013-06-15",
      "time": "54.29",
      "place": "16",
      "team": "Otters",
      "yards": 0,
      "meet": "089",
      "opponent": "Crossgates"
    },
    {
      "name": "HannahS",
      "stroke": "Breast",
      "age": "11-12",
      "gender": "Girls",
      "date": "2013-06-15",
      "time": "51.27",
      "place": "19",
      "team": "Otters",
      "yards": 0,
      "meet": "089",
      "opponent": "Crossgates"
    },
    {
      "name": "HannahS",
      "stroke": "Freestyle",
      "age": "11-12",
      "gender": "Girls",
      "date": "2013-06-15",
      "time": "44.19",
      "place": "27",
      "team": "Otters",
      "yards": 0,
      "meet": "089",
      "opponent": "Crossgates"
    },
    {
      "name": "HannahS",
      "stroke": "Back",
      "age": "11-12",
      "gender": "Girls",
      "date": "2013-06-22",
      "time": "53.97",
      "place": "23",
      "team": "Otters",
      "yards": 0,
      "meet": "090",
      "opponent": "Almaden"
    },
    {
      "name": "HannahS",
      "stroke": "Breast",
      "age": "11-12",
      "gender": "Girls",
      "date": "2013-06-22",
      "time": "52.25",
      "place": "20",
      "team": "Otters",
      "yards": 0,
      "meet": "090",
      "opponent": "Almaden"
    },
    {
      "name": "HannahS",
      "stroke": "Freestyle",
      "age": "11-12",
      "gender": "Girls",
      "date": "2013-06-22",
      "time": "44.63",
      "place": "37",
      "team": "Otters",
      "yards": 0,
      "meet": "090",
      "opponent": "Almaden"
    },
    {
      "name": "HannahS",
      "stroke": "Butterfly",
      "age": "11-12",
      "gender": "Girls",
      "date": "2013-06-29",
      "time": "55.05",
      "place": "24",
      "team": "Otters",
      "yards": 0,
      "meet": "091",
      "opponent": "Creekside"
    },
    {
      "name": "HannahS",
      "stroke": "Breast",
      "age": "11-12",
      "gender": "Girls",
      "date": "2013-06-29",
      "time": "53.87",
      "place": "23",
      "team": "Otters",
      "yards": 0,
      "meet": "091",
      "opponent": "Creekside"
    },
    {
      "name": "HannahS",
      "stroke": "Freestyle",
      "age": "11-12",
      "gender": "Girls",
      "date": "2013-06-29",
      "time": "44.89",
      "place": "38",
      "team": "Otters",
      "yards": 0,
      "meet": "091",
      "opponent": "Creekside"
    },
    {
      "name": "HannahS",
      "stroke": "Back",
      "age": "11-12",
      "gender": "Girls",
      "date": "2013-07-13",
      "time": "DQ",
      "place": "--",
      "team": "Otters",
      "yards": 0,
      "meet": "092",
      "opponent": "Almaden"
    },
    {
      "name": "HannahS",
      "stroke": "Breast",
      "age": "11-12",
      "gender": "Girls",
      "date": "2013-07-13",
      "time": "51.69",
      "place": "50",
      "team": "Otters",
      "yards": 0,
      "meet": "092",
      "opponent": "Almaden"
    },
    {
      "name": "HannahS",
      "stroke": "Freestyle",
      "age": "11-12",
      "gender": "Girls",
      "date": "2013-07-13",
      "time": "41.43",
      "place": "87",
      "team": "Otters",
      "yards": 0,
      "meet": "092",
      "opponent": "Almaden"
    },
    {
      "name": "HannahS",
      "stroke": "Butterfly",
      "age": "11-12",
      "gender": "Girls",
      "date": "2014-05-17",
      "time": "44.07",
      "place": "17",
      "team": "Otters",
      "yards": 0,
      "meet": "093",
      "opponent": "Trials"
    },
    {
      "name": "HannahS",
      "stroke": "Back",
      "age": "11-12",
      "gender": "Girls",
      "date": "2014-05-17",
      "time": "50.93",
      "place": "19",
      "team": "Otters",
      "yards": 0,
      "meet": "093",
      "opponent": "Trials"
    },
    {
      "name": "HannahS",
      "stroke": "Breast",
      "age": "11-12",
      "gender": "Girls",
      "date": "2014-05-17",
      "time": "50.19",
      "place": "16",
      "team": "Otters",
      "yards": 0,
      "meet": "093",
      "opponent": "Trials"
    },
    {
      "name": "HannahS",
      "stroke": "Freestyle",
      "age": "11-12",
      "gender": "Girls",
      "date": "2014-05-17",
      "time": "41.36",
      "place": "16",
      "team": "Otters",
      "yards": 0,
      "meet": "093",
      "opponent": "Trials"
    },
    {
      "name": "HannahS",
      "stroke": "Back",
      "age": "11-12",
      "gender": "Girls",
      "date": "2014-06-007",
      "time": "48.23",
      "place": "15",
      "team": "Otters",
      "yards": 0,
      "meet": "095",
      "opponent": "Shadowbrook"
    },
    {
      "name": "HannahS",
      "stroke": "Breast",
      "age": "11-12",
      "gender": "Girls",
      "date": "2014-06-007",
      "time": "47.77",
      "place": "12",
      "team": "Otters",
      "yards": 0,
      "meet": "095",
      "opponent": "Shadowbrook"
    },
    {
      "name": "HannahS",
      "stroke": "Freestyle",
      "age": "11-12",
      "gender": "Girls",
      "date": "2014-06-007",
      "time": "38.83",
      "place": "22",
      "team": "Otters",
      "yards": 0,
      "meet": "095",
      "opponent": "Shadowbrook"
    },
    {
      "name": "HannahS",
      "stroke": "Back",
      "age": "11-12",
      "gender": "Girls",
      "date": "2014-06-14",
      "time": "48.12",
      "place": "14",
      "team": "Otters",
      "yards": 0,
      "meet": "096",
      "opponent": "Pinehurst"
    },
    {
      "name": "HannahS",
      "stroke": "Breast",
      "age": "11-12",
      "gender": "Girls",
      "date": "2014-06-14",
      "time": "47.31",
      "place": "10",
      "team": "Otters",
      "yards": 0,
      "meet": "096",
      "opponent": "Pinehurst"
    },
    {
      "name": "HannahS",
      "stroke": "Freestyle",
      "age": "11-12",
      "gender": "Girls",
      "date": "2014-06-14",
      "time": "40.51",
      "place": "19",
      "team": "Otters",
      "yards": 0,
      "meet": "096",
      "opponent": "Pinehurst"
    },
    {
      "name": "HannahS",
      "stroke": "Back",
      "age": "11-12",
      "gender": "Girls",
      "date": "2014-06-21",
      "time": "47.16",
      "place": "20",
      "team": "Otters",
      "yards": 0,
      "meet": "097",
      "opponent": "Crossgates"
    },
    {
      "name": "HannahS",
      "stroke": "Breast",
      "age": "11-12",
      "gender": "Girls",
      "date": "2014-06-21",
      "time": "47.56",
      "place": "16",
      "team": "Otters",
      "yards": 0,
      "meet": "097",
      "opponent": "Crossgates"
    },
    {
      "name": "HannahS",
      "stroke": "Freestyle",
      "age": "11-12",
      "gender": "Girls",
      "date": "2014-06-21",
      "time": "37.87",
      "place": "30",
      "team": "Otters",
      "yards": 0,
      "meet": "097",
      "opponent": "Crossgates"
    },
    {
      "name": "HannahS",
      "stroke": "Back",
      "age": "11-12",
      "gender": "Girls",
      "date": "2014-06-28",
      "time": "45.63",
      "place": "17",
      "team": "Otters",
      "yards": 0,
      "meet": "098",
      "opponent": "Almaden"
    },
    {
      "name": "HannahS",
      "stroke": "Breast",
      "age": "11-12",
      "gender": "Girls",
      "date": "2014-06-28",
      "time": "46.67",
      "place": "18",
      "team": "Otters",
      "yards": 0,
      "meet": "098",
      "opponent": "Almaden"
    },
    {
      "name": "HannahS",
      "stroke": "Freestyle",
      "age": "11-12",
      "gender": "Girls",
      "date": "2014-06-28",
      "time": "40.07",
      "place": "37",
      "team": "Otters",
      "yards": 0,
      "meet": "098",
      "opponent": "Almaden"
    },
    {
      "name": "HannahS",
      "stroke": "Back",
      "age": "11-12",
      "gender": "Girls",
      "date": "2014-07-12",
      "time": "49.73",
      "place": "60",
      "team": "Otters",
      "yards": 0,
      "meet": "099",
      "opponent": "Champs"
    },
    {
      "name": "HannahS",
      "stroke": "Breast",
      "age": "11-12",
      "gender": "Girls",
      "date": "2014-07-12",
      "time": "48.41",
      "place": "41",
      "team": "Otters",
      "yards": 0,
      "meet": "099",
      "opponent": "Champs"
    },
    {
      "name": "HannahS",
      "stroke": "Freestyle",
      "age": "11-12",
      "gender": "Girls",
      "date": "2014-07-12",
      "time": "39.09",
      "place": "79",
      "team": "Otters",
      "yards": 0,
      "meet": "099",
      "opponent": "Champs"
    },
    {
      "name": "HannahS",
      "stroke": "Butterfly",
      "age": "13-14",
      "gender": "Girls",
      "date": "2015-05-31",
      "time": "44.13",
      "place": "15",
      "team": "Otters",
      "yards": 0,
      "meet": "100",
      "opponent": "Trials"
    },
    {
      "name": "HannahS",
      "stroke": "Back",
      "age": "13-14",
      "gender": "Girls",
      "date": "2015-05-31",
      "time": "47.75",
      "place": "15",
      "team": "Otters",
      "yards": 0,
      "meet": "100",
      "opponent": "Trials"
    },
    {
      "name": "HannahS",
      "stroke": "Breast",
      "age": "13-14",
      "gender": "Girls",
      "date": "2015-05-31",
      "time": "47.41",
      "place": "15",
      "team": "Otters",
      "yards": 0,
      "meet": "100",
      "opponent": "Trials"
    },
    {
      "name": "HannahS",
      "stroke": "Freestyle",
      "age": "13-14",
      "gender": "Girls",
      "date": "2015-05-31",
      "time": "41.23",
      "place": "16",
      "team": "Otters",
      "yards": 0,
      "meet": "100",
      "opponent": "Trials"
    },
    {
      "name": "HannahS",
      "stroke": "Butterfly",
      "age": "13-14",
      "gender": "Girls",
      "date": "2015-05-30",
      "time": "43.87",
      "place": "20",
      "team": "Otters",
      "yards": 0,
      "meet": "101",
      "opponent": "Almaden"
    },
    {
      "name": "HannahS",
      "stroke": "Breast",
      "age": "13-14",
      "gender": "Girls",
      "date": "2015-05-30",
      "time": "49.12",
      "place": "19",
      "team": "Otters",
      "yards": 0,
      "meet": "101",
      "opponent": "Almaden"
    },
    {
      "name": "HannahS",
      "stroke": "Freestyle",
      "age": "13-14",
      "gender": "Girls",
      "date": "2015-05-30",
      "time": "37.78",
      "place": "25",
      "team": "Otters",
      "yards": 0,
      "meet": "101",
      "opponent": "Almaden"
    },
    {
      "name": "HannahS",
      "stroke": "Butterfly",
      "age": "13-14",
      "gender": "Girls",
      "date": "2015-06-006",
      "time": "40.82",
      "place": "13",
      "team": "Otters",
      "yards": 0,
      "meet": "102",
      "opponent": "Creekside"
    },
    {
      "name": "HannahS",
      "stroke": "Breast",
      "age": "13-14",
      "gender": "Girls",
      "date": "2015-06-006",
      "time": "46.03",
      "place": "13",
      "team": "Otters",
      "yards": 0,
      "meet": "102",
      "opponent": "Creekside"
    },
    {
      "name": "HannahS",
      "stroke": "Freestyle",
      "age": "13-14",
      "gender": "Girls",
      "date": "2015-06-006",
      "time": "38.29",
      "place": "25",
      "team": "Otters",
      "yards": 0,
      "meet": "102",
      "opponent": "Creekside"
    },
    {
      "name": "HannahS",
      "stroke": "Butterfly",
      "age": "13-14",
      "gender": "Girls",
      "date": "2015-06-13",
      "time": "41.08",
      "place": "13",
      "team": "Otters",
      "yards": 0,
      "meet": "103",
      "opponent": "Shadowbrook"
    },
    {
      "name": "HannahS",
      "stroke": "Breast",
      "age": "13-14",
      "gender": "Girls",
      "date": "2015-06-13",
      "time": "45.44",
      "place": "11",
      "team": "Otters",
      "yards": 0,
      "meet": "103",
      "opponent": "Shadowbrook"
    },
    {
      "name": "HannahS",
      "stroke": "Freestyle",
      "age": "13-14",
      "gender": "Girls",
      "date": "2015-06-13",
      "time": "38.58",
      "place": "22",
      "team": "Otters",
      "yards": 0,
      "meet": "103",
      "opponent": "Shadowbrook"
    },
    {
      "name": "HannahS",
      "stroke": "Butterfly",
      "age": "13-14",
      "gender": "Girls",
      "date": "2015-06-20",
      "time": "44.43",
      "place": "13",
      "team": "Otters",
      "yards": 0,
      "meet": "104",
      "opponent": "Pinehurst"
    },
    {
      "name": "HannahS",
      "stroke": "Breast",
      "age": "13-14",
      "gender": "Girls",
      "date": "2015-06-20",
      "time": "45.93",
      "place": "13",
      "team": "Otters",
      "yards": 0,
      "meet": "104",
      "opponent": "Pinehurst"
    },
    {
      "name": "HannahS",
      "stroke": "Freestyle",
      "age": "13-14",
      "gender": "Girls",
      "date": "2015-06-20",
      "time": "36.33",
      "place": "17",
      "team": "Otters",
      "yards": 0,
      "meet": "104",
      "opponent": "Pinehurst"
    },
    {
      "name": "HannahS",
      "stroke": "Butterfly",
      "age": "13-14",
      "gender": "Girls",
      "date": "2015-06-27",
      "time": "43.73",
      "place": "15",
      "team": "Otters",
      "yards": 0,
      "meet": "105",
      "opponent": "Crossgates"
    },
    {
      "name": "HannahS",
      "stroke": "Breast",
      "age": "13-14",
      "gender": "Girls",
      "date": "2015-06-27",
      "time": "43.94",
      "place": "13",
      "team": "Otters",
      "yards": 0,
      "meet": "105",
      "opponent": "Crossgates"
    },
    {
      "name": "HannahS",
      "stroke": "Freestyle",
      "age": "13-14",
      "gender": "Girls",
      "date": "2015-06-27",
      "time": "38.20",
      "place": "24",
      "team": "Otters",
      "yards": 0,
      "meet": "105",
      "opponent": "Crossgates"
    },
    {
      "name": "HannahS",
      "stroke": "Butterfly",
      "age": "13-14",
      "gender": "Girls",
      "date": "2015-07-11",
      "time": "40.26",
      "place": "38",
      "team": "Otters",
      "yards": 0,
      "meet": "106",
      "opponent": "Champs"
    },
    {
      "name": "HannahS",
      "stroke": "Breast",
      "age": "13-14",
      "gender": "Girls",
      "date": "2015-07-11",
      "time": "45.19",
      "place": "30",
      "team": "Otters",
      "yards": 0,
      "meet": "106",
      "opponent": "Champs"
    },
    {
      "name": "HannahS",
      "stroke": "Freestyle",
      "age": "13-14",
      "gender": "Girls",
      "date": "2015-07-11",
      "time": "36.81",
      "place": "62",
      "team": "Otters",
      "yards": 0,
      "meet": "106",
      "opponent": "Champs"
    },
    {
      "name": "HannahS",
      "stroke": "Butterfly",
      "age": "13-14",
      "gender": "Girls",
      "date": "2016-05-20",
      "time": "38.43",
      "place": "14",
      "team": "Otters",
      "yards": 0,
      "meet": "107",
      "opponent": "Trials"
    },
    {
      "name": "HannahS",
      "stroke": "Back",
      "age": "13-14",
      "gender": "Girls",
      "date": "2016-05-20",
      "time": "47.24",
      "place": "15",
      "team": "Otters",
      "yards": 0,
      "meet": "107",
      "opponent": "Trials"
    },
    {
      "name": "HannahS",
      "stroke": "Breast",
      "age": "13-14",
      "gender": "Girls",
      "date": "2016-05-20",
      "time": "43.12",
      "place": "13",
      "team": "Otters",
      "yards": 0,
      "meet": "107",
      "opponent": "Trials"
    },
    {
      "name": "HannahS",
      "stroke": "Freestyle",
      "age": "13-14",
      "gender": "Girls",
      "date": "2016-05-20",
      "time": "33.99",
      "place": "13",
      "team": "Otters",
      "yards": 0,
      "meet": "107",
      "opponent": "Trials"
    }
  ]
}