{
  "scores": [
    {
      "name": "HayleyR",
      "stroke": "Back",
      "age": "6 & Under",
      "gender": "Girls",
      "date": "2002-05-11",
      "time": "36.34",
      "place": "2",
      "team": "Otters",
      "yards": 0,
      "meet": "007",
      "opponent": "Trials"
    },
    {
      "name": "HayleyR",
      "stroke": "Freestyle",
      "age": "6 & Under",
      "gender": "Girls",
      "date": "2002-05-11",
      "time": "37.99",
      "place": "4",
      "team": "Otters",
      "yards": 0,
      "meet": "007",
      "opponent": "Trials"
    },
    {
      "name": "HayleyR",
      "stroke": "Back",
      "age": "6 & Under",
      "gender": "Girls",
      "date": "2002-05-31",
      "time": "34.13",
      "place": "1",
      "team": "Otters",
      "yards": 0,
      "meet": "008",
      "opponent": "Trials"
    },
    {
      "name": "HayleyR",
      "stroke": "Freestyle",
      "age": "6 & Under",
      "gender": "Girls",
      "date": "2002-05-31",
      "time": "31.42",
      "place": "1",
      "team": "Otters",
      "yards": 0,
      "meet": "008",
      "opponent": "Trials"
    },
    {
      "name": "HayleyR",
      "stroke": "Back",
      "age": "6 & Under",
      "gender": "Girls",
      "date": "2002-06-008",
      "time": "33.34",
      "place": "2",
      "team": "Otters",
      "yards": 0,
      "meet": "009",
      "opponent": "Pinehurst"
    },
    {
      "name": "HayleyR",
      "stroke": "Freestyle",
      "age": "6 & Under",
      "gender": "Girls",
      "date": "2002-06-008",
      "time": "32.72",
      "place": "3",
      "team": "Otters",
      "yards": 0,
      "meet": "009",
      "opponent": "Pinehurst"
    },
    {
      "name": "HayleyR",
      "stroke": "Back",
      "age": "6 & Under",
      "gender": "Girls",
      "date": "2002-06-15",
      "time": "31.78",
      "place": "3",
      "team": "Otters",
      "yards": 0,
      "meet": "010",
      "opponent": "Crossgates"
    },
    {
      "name": "HayleyR",
      "stroke": "Freestyle",
      "age": "6 & Under",
      "gender": "Girls",
      "date": "2002-06-15",
      "time": "31.02",
      "place": "6",
      "team": "Otters",
      "yards": 0,
      "meet": "010",
      "opponent": "Crossgates"
    },
    {
      "name": "HayleyR",
      "stroke": "Back",
      "age": "6 & Under",
      "gender": "Girls",
      "date": "2002-06-22",
      "time": "30.83",
      "place": "1",
      "team": "Otters",
      "yards": 0,
      "meet": "011",
      "opponent": "Almaden"
    },
    {
      "name": "HayleyR",
      "stroke": "Freestyle",
      "age": "6 & Under",
      "gender": "Girls",
      "date": "2002-06-22",
      "time": "28.78",
      "place": "4",
      "team": "Otters",
      "yards": 0,
      "meet": "011",
      "opponent": "Almaden"
    },
    {
      "name": "HayleyR",
      "stroke": "Back",
      "age": "6 & Under",
      "gender": "Girls",
      "date": "2002-06-29",
      "time": "29.83",
      "place": "4",
      "team": "Otters",
      "yards": 0,
      "meet": "012",
      "opponent": "Creekside"
    },
    {
      "name": "HayleyR",
      "stroke": "Freestyle",
      "age": "6 & Under",
      "gender": "Girls",
      "date": "2002-06-29",
      "time": "30.42",
      "place": "5",
      "team": "Otters",
      "yards": 0,
      "meet": "012",
      "opponent": "Creekside"
    },
    {
      "name": "HayleyR",
      "stroke": "Back",
      "age": "6 & Under",
      "gender": "Girls",
      "date": "2002-07-13",
      "time": "27.37",
      "place": "2",
      "team": "Otters",
      "yards": 0,
      "meet": "013",
      "opponent": "Shadowbrook"
    },
    {
      "name": "HayleyR",
      "stroke": "Freestyle",
      "age": "6 & Under",
      "gender": "Girls",
      "date": "2002-07-13",
      "time": "26.77",
      "place": "4",
      "team": "Otters",
      "yards": 0,
      "meet": "013",
      "opponent": "Shadowbrook"
    },
    {
      "name": "HayleyR",
      "stroke": "Back",
      "age": "6 & Under",
      "gender": "Girls",
      "date": "2002-07-20",
      "time": "29.61",
      "place": "7",
      "team": "Otters",
      "yards": 0,
      "meet": "014",
      "opponent": "Champs"
    },
    {
      "name": "HayleyR",
      "stroke": "Freestyle",
      "age": "6 & Under",
      "gender": "Girls",
      "date": "2002-07-20",
      "time": "27.15",
      "place": "9",
      "team": "Otters",
      "yards": 0,
      "meet": "014",
      "opponent": "Champs"
    },
    {
      "name": "HayleyR",
      "stroke": "Butterfly",
      "age": "8 & Under",
      "gender": "Girls",
      "date": "2003-05-10",
      "time": "36.46",
      "place": "3",
      "team": "Otters",
      "yards": 0,
      "meet": "015",
      "opponent": "Trials"
    },
    {
      "name": "HayleyR",
      "stroke": "Back",
      "age": "7-8",
      "gender": "Girls",
      "date": "2003-05-10",
      "time": "27.59",
      "place": "3",
      "team": "Otters",
      "yards": 0,
      "meet": "015",
      "opponent": "Trials"
    },
    {
      "name": "HayleyR",
      "stroke": "Breast",
      "age": "8 & Under",
      "gender": "Girls",
      "date": "2003-05-10",
      "time": "44.80",
      "place": "7",
      "team": "Otters",
      "yards": 0,
      "meet": "015",
      "opponent": "Trials"
    },
    {
      "name": "HayleyR",
      "stroke": "Freestyle",
      "age": "7-8",
      "gender": "Girls",
      "date": "2003-05-10",
      "time": "26.26",
      "place": "4",
      "team": "Otters",
      "yards": 0,
      "meet": "015",
      "opponent": "Trials"
    },
    {
      "name": "HayleyR",
      "stroke": "Butterfly",
      "age": "8 & Under",
      "gender": "Girls",
      "date": "2003-05-31",
      "time": "33.12",
      "place": "5",
      "team": "Otters",
      "yards": 0,
      "meet": "016",
      "opponent": "Pinehurst"
    },
    {
      "name": "HayleyR",
      "stroke": "Back",
      "age": "7-8",
      "gender": "Girls",
      "date": "2003-05-31",
      "time": "29.90",
      "place": "10",
      "team": "Otters",
      "yards": 0,
      "meet": "016",
      "opponent": "Pinehurst"
    },
    {
      "name": "HayleyR",
      "stroke": "Breast",
      "age": "8 & Under",
      "gender": "Girls",
      "date": "2003-05-31",
      "time": "40.49",
      "place": "12",
      "team": "Otters",
      "yards": 0,
      "meet": "016",
      "opponent": "Pinehurst"
    },
    {
      "name": "HayleyR",
      "stroke": "Freestyle",
      "age": "7-8",
      "gender": "Girls",
      "date": "2003-05-31",
      "time": "26.21",
      "place": "9",
      "team": "Otters",
      "yards": 0,
      "meet": "016",
      "opponent": "Pinehurst"
    },
    {
      "name": "HayleyR",
      "stroke": "Back",
      "age": "7-8",
      "gender": "Girls",
      "date": "2003-06-009",
      "time": "31.46",
      "place": "6",
      "team": "Otters",
      "yards": 0,
      "meet": "017",
      "opponent": "Shadowbrook"
    },
    {
      "name": "HayleyR",
      "stroke": "Breast",
      "age": "8 & Under",
      "gender": "Girls",
      "date": "2003-06-009",
      "time": "DQ",
      "place": "--",
      "team": "Otters",
      "yards": 0,
      "meet": "017",
      "opponent": "Shadowbrook"
    },
    {
      "name": "HayleyR",
      "stroke": "Freestyle",
      "age": "7-8",
      "gender": "Girls",
      "date": "2003-06-009",
      "time": "27.87",
      "place": "14",
      "team": "Otters",
      "yards": 0,
      "meet": "017",
      "opponent": "Shadowbrook"
    },
    {
      "name": "HayleyR",
      "stroke": "Back",
      "age": "7-8",
      "gender": "Girls",
      "date": "2003-06-14",
      "time": "28.48",
      "place": "8",
      "team": "Otters",
      "yards": 0,
      "meet": "018",
      "opponent": "Pinehurst"
    },
    {
      "name": "HayleyR",
      "stroke": "Breast",
      "age": "8 & Under",
      "gender": "Girls",
      "date": "2003-06-14",
      "time": "39.03",
      "place": "11",
      "team": "Otters",
      "yards": 0,
      "meet": "018",
      "opponent": "Pinehurst"
    },
    {
      "name": "HayleyR",
      "stroke": "Freestyle",
      "age": "7-8",
      "gender": "Girls",
      "date": "2003-06-14",
      "time": "26.71",
      "place": "14",
      "team": "Otters",
      "yards": 0,
      "meet": "018",
      "opponent": "Pinehurst"
    },
    {
      "name": "HayleyR",
      "stroke": "Butterfly",
      "age": "8 & Under",
      "gender": "Girls",
      "date": "2003-06-28",
      "time": "30.29",
      "place": "7",
      "team": "Otters",
      "yards": 0,
      "meet": "020",
      "opponent": "Almaden"
    },
    {
      "name": "HayleyR",
      "stroke": "Back",
      "age": "7-8",
      "gender": "Girls",
      "date": "2003-06-28",
      "time": "26.67",
      "place": "7",
      "team": "Otters",
      "yards": 0,
      "meet": "020",
      "opponent": "Almaden"
    },
    {
      "name": "HayleyR",
      "stroke": "Freestyle",
      "age": "7-8",
      "gender": "Girls",
      "date": "2003-06-28",
      "time": "24.18",
      "place": "16",
      "team": "Otters",
      "yards": 0,
      "meet": "020",
      "opponent": "Almaden"
    },
    {
      "name": "HayleyR",
      "stroke": "Butterfly",
      "age": "8 & Under",
      "gender": "Girls",
      "date": "2003-07-12",
      "time": "DQ",
      "place": "--",
      "team": "Otters",
      "yards": 0,
      "meet": "021",
      "opponent": "Creekside"
    },
    {
      "name": "HayleyR",
      "stroke": "Back",
      "age": "7-8",
      "gender": "Girls",
      "date": "2003-07-12",
      "time": "27.02",
      "place": "13",
      "team": "Otters",
      "yards": 0,
      "meet": "021",
      "opponent": "Creekside"
    },
    {
      "name": "HayleyR",
      "stroke": "Freestyle",
      "age": "7-8",
      "gender": "Girls",
      "date": "2003-07-12",
      "time": "25.69",
      "place": "20",
      "team": "Otters",
      "yards": 0,
      "meet": "021",
      "opponent": "Creekside"
    },
    {
      "name": "HayleyR",
      "stroke": "Butterfly",
      "age": "8 & Under",
      "gender": "Girls",
      "date": "2003-07-19",
      "time": "28.78",
      "place": "16",
      "team": "Otters",
      "yards": 0,
      "meet": "022",
      "opponent": "Champs"
    },
    {
      "name": "HayleyR",
      "stroke": "Back",
      "age": "7-8",
      "gender": "Girls",
      "date": "2003-07-19",
      "time": "27.40",
      "place": "20",
      "team": "Otters",
      "yards": 0,
      "meet": "022",
      "opponent": "Champs"
    },
    {
      "name": "HayleyR",
      "stroke": "Freestyle",
      "age": "7-8",
      "gender": "Girls",
      "date": "2003-07-19",
      "time": "26.70",
      "place": "50",
      "team": "Otters",
      "yards": 0,
      "meet": "022",
      "opponent": "Champs"
    },
    {
      "name": "HayleyR",
      "stroke": "Butterfly",
      "age": "8 & Under",
      "gender": "Girls",
      "date": "2004-05-20",
      "time": "27.43",
      "place": "5",
      "team": "Otters",
      "yards": 0,
      "meet": "023",
      "opponent": "Trials"
    },
    {
      "name": "HayleyR",
      "stroke": "Back",
      "age": "7-8",
      "gender": "Girls",
      "date": "2004-05-20",
      "time": "26.34",
      "place": "2",
      "team": "Otters",
      "yards": 0,
      "meet": "023",
      "opponent": "Trials"
    },
    {
      "name": "HayleyR",
      "stroke": "Breast",
      "age": "8 & Under",
      "gender": "Girls",
      "date": "2004-05-20",
      "time": "32.56",
      "place": "3",
      "team": "Otters",
      "yards": 0,
      "meet": "023",
      "opponent": "Trials"
    },
    {
      "name": "HayleyR",
      "stroke": "Freestyle",
      "age": "7-8",
      "gender": "Girls",
      "date": "2004-05-20",
      "time": "25.40",
      "place": "7",
      "team": "Otters",
      "yards": 0,
      "meet": "023",
      "opponent": "Trials"
    },
    {
      "name": "HayleyR",
      "stroke": "Back",
      "age": "7-8",
      "gender": "Girls",
      "date": "2004-06-005",
      "time": "24.76",
      "place": "5",
      "team": "Otters",
      "yards": 0,
      "meet": "024",
      "opponent": "Creekside"
    },
    {
      "name": "HayleyR",
      "stroke": "Breast",
      "age": "8 & Under",
      "gender": "Girls",
      "date": "2004-06-005",
      "time": "30.40",
      "place": "7",
      "team": "Otters",
      "yards": 0,
      "meet": "024",
      "opponent": "Creekside"
    },
    {
      "name": "HayleyR",
      "stroke": "Freestyle",
      "age": "7-8",
      "gender": "Girls",
      "date": "2004-06-005",
      "time": "24.55",
      "place": "13",
      "team": "Otters",
      "yards": 0,
      "meet": "024",
      "opponent": "Creekside"
    },
    {
      "name": "HayleyR",
      "stroke": "Back",
      "age": "7-8",
      "gender": "Girls",
      "date": "2004-06-12",
      "time": "25.21",
      "place": "2",
      "team": "Otters",
      "yards": 0,
      "meet": "025",
      "opponent": "Shadowbrook"
    },
    {
      "name": "HayleyR",
      "stroke": "Breast",
      "age": "8 & Under",
      "gender": "Girls",
      "date": "2004-06-12",
      "time": "30.17",
      "place": "6",
      "team": "Otters",
      "yards": 0,
      "meet": "025",
      "opponent": "Shadowbrook"
    },
    {
      "name": "HayleyR",
      "stroke": "Freestyle",
      "age": "7-8",
      "gender": "Girls",
      "date": "2004-06-12",
      "time": "25.15",
      "place": "10",
      "team": "Otters",
      "yards": 0,
      "meet": "025",
      "opponent": "Shadowbrook"
    },
    {
      "name": "HayleyR",
      "stroke": "Back",
      "age": "7-8",
      "gender": "Girls",
      "date": "2004-06-19",
      "time": "27.31",
      "place": "4",
      "team": "Otters",
      "yards": 0,
      "meet": "026",
      "opponent": "Pinehurst"
    },
    {
      "name": "HayleyR",
      "stroke": "Breast",
      "age": "8 & Under",
      "gender": "Girls",
      "date": "2004-06-19",
      "time": "30.18",
      "place": "3",
      "team": "Otters",
      "yards": 0,
      "meet": "026",
      "opponent": "Pinehurst"
    },
    {
      "name": "HayleyR",
      "stroke": "Freestyle",
      "age": "7-8",
      "gender": "Girls",
      "date": "2004-06-19",
      "time": "22.18",
      "place": "5",
      "team": "Otters",
      "yards": 0,
      "meet": "026",
      "opponent": "Pinehurst"
    },
    {
      "name": "HayleyR",
      "stroke": "Back",
      "age": "7-8",
      "gender": "Girls",
      "date": "2004-06-26",
      "time": "24.68",
      "place": "2",
      "team": "Otters",
      "yards": 0,
      "meet": "027",
      "opponent": "Crossgates"
    },
    {
      "name": "HayleyR",
      "stroke": "Breast",
      "age": "8 & Under",
      "gender": "Girls",
      "date": "2004-06-26",
      "time": "28.69",
      "place": "2",
      "team": "Otters",
      "yards": 0,
      "meet": "027",
      "opponent": "Crossgates"
    },
    {
      "name": "HayleyR",
      "stroke": "Freestyle",
      "age": "7-8",
      "gender": "Girls",
      "date": "2004-06-26",
      "time": "21.10",
      "place": "8",
      "team": "Otters",
      "yards": 0,
      "meet": "027",
      "opponent": "Crossgates"
    },
    {
      "name": "HayleyR",
      "stroke": "Back",
      "age": "7-8",
      "gender": "Girls",
      "date": "2004-07-10",
      "time": "22.43",
      "place": "3",
      "team": "Otters",
      "yards": 0,
      "meet": "028",
      "opponent": "Almaden"
    },
    {
      "name": "HayleyR",
      "stroke": "Breast",
      "age": "8 & Under",
      "gender": "Girls",
      "date": "2004-07-10",
      "time": "27.46",
      "place": "7",
      "team": "Otters",
      "yards": 0,
      "meet": "028",
      "opponent": "Almaden"
    },
    {
      "name": "HayleyR",
      "stroke": "Freestyle",
      "age": "7-8",
      "gender": "Girls",
      "date": "2004-07-10",
      "time": "19.97",
      "place": "6",
      "team": "Otters",
      "yards": 0,
      "meet": "028",
      "opponent": "Almaden"
    },
    {
      "name": "HayleyR",
      "stroke": "Back",
      "age": "7-8",
      "gender": "Girls",
      "date": "2004-07-17",
      "time": "23.93",
      "place": "4",
      "team": "Otters",
      "yards": 0,
      "meet": "029",
      "opponent": "Champs"
    },
    {
      "name": "HayleyR",
      "stroke": "Breast",
      "age": "8 & Under",
      "gender": "Girls",
      "date": "2004-07-17",
      "time": "28.49",
      "place": "14",
      "team": "Otters",
      "yards": 0,
      "meet": "029",
      "opponent": "Champs"
    },
    {
      "name": "HayleyR",
      "stroke": "Freestyle",
      "age": "7-8",
      "gender": "Girls",
      "date": "2004-07-17",
      "time": "21.02",
      "place": "26",
      "team": "Otters",
      "yards": 0,
      "meet": "029",
      "opponent": "Champs"
    },
    {
      "name": "HayleyR",
      "stroke": "Butterfly",
      "age": "9-10",
      "gender": "Girls",
      "date": "2005-06-004",
      "time": "23.28",
      "place": "13",
      "team": "Otters",
      "yards": 0,
      "meet": "031",
      "opponent": "Almaden"
    },
    {
      "name": "HayleyR",
      "stroke": "Back",
      "age": "9-10",
      "gender": "Girls",
      "date": "2005-06-004",
      "time": "23.00",
      "place": "5",
      "team": "Otters",
      "yards": 0,
      "meet": "031",
      "opponent": "Almaden"
    },
    {
      "name": "HayleyR",
      "stroke": "Freestyle",
      "age": "9-10",
      "gender": "Girls",
      "date": "2005-06-004",
      "time": "18.35",
      "place": "13",
      "team": "Otters",
      "yards": 0,
      "meet": "031",
      "opponent": "Almaden"
    },
    {
      "name": "HayleyR",
      "stroke": "Butterfly",
      "age": "9-10",
      "gender": "Girls",
      "date": "2005-06-11",
      "time": "22.47",
      "place": "14",
      "team": "Otters",
      "yards": 0,
      "meet": "032",
      "opponent": "Creekside"
    },
    {
      "name": "HayleyR",
      "stroke": "Breast",
      "age": "9-10",
      "gender": "Girls",
      "date": "2005-06-11",
      "time": "27.88",
      "place": "13",
      "team": "Otters",
      "yards": 0,
      "meet": "032",
      "opponent": "Creekside"
    },
    {
      "name": "HayleyR",
      "stroke": "Freestyle",
      "age": "9-10",
      "gender": "Girls",
      "date": "2005-06-11",
      "time": "18.87",
      "place": "14",
      "team": "Otters",
      "yards": 0,
      "meet": "032",
      "opponent": "Creekside"
    },
    {
      "name": "HayleyR",
      "stroke": "Butterfly",
      "age": "9-10",
      "gender": "Girls",
      "date": "2005-06-18",
      "time": "22.63",
      "place": "7",
      "team": "Otters",
      "yards": 0,
      "meet": "033",
      "opponent": "Shadowbrook"
    },
    {
      "name": "HayleyR",
      "stroke": "Back",
      "age": "9-10",
      "gender": "Girls",
      "date": "2005-06-18",
      "time": "23.87",
      "place": "7",
      "team": "Otters",
      "yards": 0,
      "meet": "033",
      "opponent": "Shadowbrook"
    },
    {
      "name": "HayleyR",
      "stroke": "Freestyle",
      "age": "9-10",
      "gender": "Girls",
      "date": "2005-06-18",
      "time": "20.02",
      "place": "12",
      "team": "Otters",
      "yards": 0,
      "meet": "033",
      "opponent": "Shadowbrook"
    },
    {
      "name": "HayleyR",
      "stroke": "Butterfly",
      "age": "9-10",
      "gender": "Girls",
      "date": "2005-06-25",
      "time": "23.02",
      "place": "8",
      "team": "Otters",
      "yards": 0,
      "meet": "034",
      "opponent": "Pinehurst"
    },
    {
      "name": "HayleyR",
      "stroke": "Back",
      "age": "9-10",
      "gender": "Girls",
      "date": "2005-06-25",
      "time": "23.53",
      "place": "4",
      "team": "Otters",
      "yards": 0,
      "meet": "034",
      "opponent": "Pinehurst"
    },
    {
      "name": "HayleyR",
      "stroke": "Freestyle",
      "age": "9-10",
      "gender": "Girls",
      "date": "2005-06-25",
      "time": "18.93",
      "place": "10",
      "team": "Otters",
      "yards": 0,
      "meet": "034",
      "opponent": "Pinehurst"
    },
    {
      "name": "HayleyR",
      "stroke": "Butterfly",
      "age": "9-10",
      "gender": "Girls",
      "date": "2005-07-009",
      "time": "20.75",
      "place": "6",
      "team": "Otters",
      "yards": 0,
      "meet": "035",
      "opponent": "Crossgates"
    },
    {
      "name": "HayleyR",
      "stroke": "Breast",
      "age": "9-10",
      "gender": "Girls",
      "date": "2005-07-009",
      "time": "26.70",
      "place": "6",
      "team": "Otters",
      "yards": 0,
      "meet": "035",
      "opponent": "Crossgates"
    },
    {
      "name": "HayleyR",
      "stroke": "Freestyle",
      "age": "9-10",
      "gender": "Girls",
      "date": "2005-07-009",
      "time": "18.57",
      "place": "10",
      "team": "Otters",
      "yards": 0,
      "meet": "035",
      "opponent": "Crossgates"
    },
    {
      "name": "HayleyR",
      "stroke": "Butterfly",
      "age": "9-10",
      "gender": "Girls",
      "date": "2005-07-16",
      "time": "20.95",
      "place": "27",
      "team": "Otters",
      "yards": 0,
      "meet": "036",
      "opponent": "Champs"
    },
    {
      "name": "HayleyR",
      "stroke": "Breast",
      "age": "9-10",
      "gender": "Girls",
      "date": "2005-07-16",
      "time": "26.03",
      "place": "38",
      "team": "Otters",
      "yards": 0,
      "meet": "036",
      "opponent": "Champs"
    },
    {
      "name": "HayleyR",
      "stroke": "Freestyle",
      "age": "9-10",
      "gender": "Girls",
      "date": "2005-07-16",
      "time": "19.48",
      "place": "53",
      "team": "Otters",
      "yards": 0,
      "meet": "036",
      "opponent": "Champs"
    },
    {
      "name": "HayleyR",
      "stroke": "Butterfly",
      "age": "9-10",
      "gender": "Girls",
      "date": "2006-05-20",
      "time": "20.33",
      "place": "3",
      "team": "Otters",
      "yards": 0,
      "meet": "037",
      "opponent": "Trials"
    },
    {
      "name": "HayleyR",
      "stroke": "Back",
      "age": "9-10",
      "gender": "Girls",
      "date": "2006-05-20",
      "time": "21.72",
      "place": "3",
      "team": "Otters",
      "yards": 0,
      "meet": "037",
      "opponent": "Trials"
    },
    {
      "name": "HayleyR",
      "stroke": "Breast",
      "age": "9-10",
      "gender": "Girls",
      "date": "2006-05-20",
      "time": "25.06",
      "place": "3",
      "team": "Otters",
      "yards": 0,
      "meet": "037",
      "opponent": "Trials"
    },
    {
      "name": "HayleyR",
      "stroke": "Freestyle",
      "age": "9-10",
      "gender": "Girls",
      "date": "2006-05-20",
      "time": "17.46",
      "place": "3",
      "team": "Otters",
      "yards": 0,
      "meet": "037",
      "opponent": "Trials"
    },
    {
      "name": "HayleyR",
      "stroke": "Butterfly",
      "age": "9-10",
      "gender": "Girls",
      "date": "2006-06-003",
      "time": "19.75",
      "place": "5",
      "team": "Otters",
      "yards": 0,
      "meet": "038",
      "opponent": "Crossgates"
    },
    {
      "name": "HayleyR",
      "stroke": "Breast",
      "age": "9-10",
      "gender": "Girls",
      "date": "2006-06-003",
      "time": "23.34",
      "place": "6",
      "team": "Otters",
      "yards": 0,
      "meet": "038",
      "opponent": "Crossgates"
    },
    {
      "name": "HayleyR",
      "stroke": "Freestyle",
      "age": "9-10",
      "gender": "Girls",
      "date": "2006-06-003",
      "time": "17.62",
      "place": "11",
      "team": "Otters",
      "yards": 0,
      "meet": "038",
      "opponent": "Crossgates"
    },
    {
      "name": "HayleyR",
      "stroke": "Butterfly",
      "age": "9-10",
      "gender": "Girls",
      "date": "2006-06-10",
      "time": "20.96",
      "place": "5",
      "team": "Otters",
      "yards": 0,
      "meet": "039",
      "opponent": "Almaden"
    },
    {
      "name": "HayleyR",
      "stroke": "Breast",
      "age": "9-10",
      "gender": "Girls",
      "date": "2006-06-10",
      "time": "24.06",
      "place": "6",
      "team": "Otters",
      "yards": 0,
      "meet": "039",
      "opponent": "Almaden"
    },
    {
      "name": "HayleyR",
      "stroke": "Freestyle",
      "age": "9-10",
      "gender": "Girls",
      "date": "2006-06-10",
      "time": "17.66",
      "place": "7",
      "team": "Otters",
      "yards": 0,
      "meet": "039",
      "opponent": "Almaden"
    },
    {
      "name": "HayleyR",
      "stroke": "Butterfly",
      "age": "9-10",
      "gender": "Girls",
      "date": "2006-06-17",
      "time": "19.69",
      "place": "8",
      "team": "Otters",
      "yards": 0,
      "meet": "040",
      "opponent": "Creekside"
    },
    {
      "name": "HayleyR",
      "stroke": "Breast",
      "age": "9-10",
      "gender": "Girls",
      "date": "2006-06-17",
      "time": "22.90",
      "place": "5",
      "team": "Otters",
      "yards": 0,
      "meet": "040",
      "opponent": "Creekside"
    },
    {
      "name": "HayleyR",
      "stroke": "Freestyle",
      "age": "9-10",
      "gender": "Girls",
      "date": "2006-06-17",
      "time": "17.34",
      "place": "12",
      "team": "Otters",
      "yards": 0,
      "meet": "040",
      "opponent": "Creekside"
    },
    {
      "name": "HayleyR",
      "stroke": "Butterfly",
      "age": "9-10",
      "gender": "Girls",
      "date": "2006-06-24",
      "time": "20.00",
      "place": "4",
      "team": "Otters",
      "yards": 0,
      "meet": "041",
      "opponent": "Shadowbrook"
    },
    {
      "name": "HayleyR",
      "stroke": "Breast",
      "age": "9-10",
      "gender": "Girls",
      "date": "2006-06-24",
      "time": "23.37",
      "place": "5",
      "team": "Otters",
      "yards": 0,
      "meet": "041",
      "opponent": "Shadowbrook"
    },
    {
      "name": "HayleyR",
      "stroke": "Freestyle",
      "age": "9-10",
      "gender": "Girls",
      "date": "2006-06-24",
      "time": "17.14",
      "place": "7",
      "team": "Otters",
      "yards": 0,
      "meet": "041",
      "opponent": "Shadowbrook"
    },
    {
      "name": "HayleyR",
      "stroke": "Butterfly",
      "age": "9-10",
      "gender": "Girls",
      "date": "2006-07-008",
      "time": "20.41",
      "place": "3",
      "team": "Otters",
      "yards": 0,
      "meet": "042",
      "opponent": "Pinehurst"
    },
    {
      "name": "HayleyR",
      "stroke": "Breast",
      "age": "9-10",
      "gender": "Girls",
      "date": "2006-07-008",
      "time": "23.17",
      "place": "2",
      "team": "Otters",
      "yards": 0,
      "meet": "042",
      "opponent": "Pinehurst"
    },
    {
      "name": "HayleyR",
      "stroke": "Freestyle",
      "age": "9-10",
      "gender": "Girls",
      "date": "2006-07-008",
      "time": "17.31",
      "place": "6",
      "team": "Otters",
      "yards": 0,
      "meet": "042",
      "opponent": "Pinehurst"
    },
    {
      "name": "HayleyR",
      "stroke": "Butterfly",
      "age": "9-10",
      "gender": "Girls",
      "date": "2006-07-15",
      "time": "18.56",
      "place": "14",
      "team": "Otters",
      "yards": 0,
      "meet": "043",
      "opponent": "Champs"
    },
    {
      "name": "HayleyR",
      "stroke": "Breast",
      "age": "9-10",
      "gender": "Girls",
      "date": "2006-07-15",
      "time": "21.98",
      "place": "10",
      "team": "Otters",
      "yards": 0,
      "meet": "043",
      "opponent": "Champs"
    },
    {
      "name": "HayleyR",
      "stroke": "Freestyle",
      "age": "9-10",
      "gender": "Girls",
      "date": "2006-07-15",
      "time": "17.40",
      "place": "35",
      "team": "Otters",
      "yards": 0,
      "meet": "043",
      "opponent": "Champs"
    },
    {
      "name": "HayleyR",
      "stroke": "Butterfly",
      "age": "11-12",
      "gender": "Girls",
      "date": "2007-06-002",
      "time": "41.99",
      "place": "7",
      "team": "Otters",
      "yards": 0,
      "meet": "044",
      "opponent": "Trials"
    },
    {
      "name": "HayleyR",
      "stroke": "Back",
      "age": "11-12",
      "gender": "Girls",
      "date": "2007-06-002",
      "time": "43.68",
      "place": "6",
      "team": "Otters",
      "yards": 0,
      "meet": "044",
      "opponent": "Trials"
    },
    {
      "name": "HayleyR",
      "stroke": "Breast",
      "age": "11-12",
      "gender": "Girls",
      "date": "2007-06-002",
      "time": "48.70",
      "place": "7",
      "team": "Otters",
      "yards": 0,
      "meet": "044",
      "opponent": "Trials"
    },
    {
      "name": "HayleyR",
      "stroke": "Freestyle",
      "age": "11-12",
      "gender": "Girls",
      "date": "2007-06-002",
      "time": "36.19",
      "place": "4",
      "team": "Otters",
      "yards": 0,
      "meet": "044",
      "opponent": "Trials"
    },
    {
      "name": "HayleyR",
      "stroke": "Back",
      "age": "11-12",
      "gender": "Girls",
      "date": "2007-06-16",
      "time": "44.94",
      "place": "5",
      "team": "Otters",
      "yards": 0,
      "meet": "046",
      "opponent": "Crossgates"
    },
    {
      "name": "HayleyR",
      "stroke": "Breast",
      "age": "11-12",
      "gender": "Girls",
      "date": "2007-06-16",
      "time": "47.45",
      "place": "7",
      "team": "Otters",
      "yards": 0,
      "meet": "046",
      "opponent": "Crossgates"
    },
    {
      "name": "HayleyR",
      "stroke": "Freestyle",
      "age": "11-12",
      "gender": "Girls",
      "date": "2007-06-16",
      "time": "36.34",
      "place": "7",
      "team": "Otters",
      "yards": 0,
      "meet": "046",
      "opponent": "Crossgates"
    },
    {
      "name": "HayleyR",
      "stroke": "Butterfly",
      "age": "11-12",
      "gender": "Girls",
      "date": "2007-06-23",
      "time": "43.15",
      "place": "6",
      "team": "Otters",
      "yards": 0,
      "meet": "047",
      "opponent": "Almaden"
    },
    {
      "name": "HayleyR",
      "stroke": "Breast",
      "age": "11-12",
      "gender": "Girls",
      "date": "2007-06-23",
      "time": "47.97",
      "place": "9",
      "team": "Otters",
      "yards": 0,
      "meet": "047",
      "opponent": "Almaden"
    },
    {
      "name": "HayleyR",
      "stroke": "Freestyle",
      "age": "11-12",
      "gender": "Girls",
      "date": "2007-06-23",
      "time": "35.50",
      "place": "9",
      "team": "Otters",
      "yards": 0,
      "meet": "047",
      "opponent": "Almaden"
    },
    {
      "name": "HayleyR",
      "stroke": "Back",
      "age": "11-12",
      "gender": "Girls",
      "date": "2007-07-007",
      "time": "43.16",
      "place": "2",
      "team": "Otters",
      "yards": 0,
      "meet": "049",
      "opponent": "Shadowbrook"
    },
    {
      "name": "HayleyR",
      "stroke": "Breast",
      "age": "11-12",
      "gender": "Girls",
      "date": "2007-07-007",
      "time": "48.18",
      "place": "8",
      "team": "Otters",
      "yards": 0,
      "meet": "049",
      "opponent": "Shadowbrook"
    },
    {
      "name": "HayleyR",
      "stroke": "Freestyle",
      "age": "11-12",
      "gender": "Girls",
      "date": "2007-07-007",
      "time": "36.28",
      "place": "11",
      "team": "Otters",
      "yards": 0,
      "meet": "049",
      "opponent": "Shadowbrook"
    },
    {
      "name": "HayleyR",
      "stroke": "Butterfly",
      "age": "11-12",
      "gender": "Girls",
      "date": "2007-07-14",
      "time": "42.49",
      "place": "34",
      "team": "Otters",
      "yards": 0,
      "meet": "050",
      "opponent": "Champs"
    },
    {
      "name": "HayleyR",
      "stroke": "Back",
      "age": "11-12",
      "gender": "Girls",
      "date": "2007-07-14",
      "time": "DQ",
      "place": "--",
      "team": "Otters",
      "yards": 0,
      "meet": "050",
      "opponent": "Champs"
    },
    {
      "name": "HayleyR",
      "stroke": "Freestyle",
      "age": "11-12",
      "gender": "Girls",
      "date": "2007-07-14",
      "time": "35.09",
      "place": "42",
      "team": "Otters",
      "yards": 0,
      "meet": "050",
      "opponent": "Champs"
    },
    {
      "name": "HayleyR",
      "stroke": "Butterfly",
      "age": "11-12",
      "gender": "Girls",
      "date": "2008-05-31",
      "time": "41.91",
      "place": "4",
      "team": "Otters",
      "yards": 0,
      "meet": "051",
      "opponent": "Trials"
    },
    {
      "name": "HayleyR",
      "stroke": "Back",
      "age": "11-12",
      "gender": "Girls",
      "date": "2008-05-31",
      "time": "43.19",
      "place": "3",
      "team": "Otters",
      "yards": 0,
      "meet": "051",
      "opponent": "Trials"
    },
    {
      "name": "HayleyR",
      "stroke": "Breast",
      "age": "11-12",
      "gender": "Girls",
      "date": "2008-05-31",
      "time": "47.41",
      "place": "4",
      "team": "Otters",
      "yards": 0,
      "meet": "051",
      "opponent": "Trials"
    },
    {
      "name": "HayleyR",
      "stroke": "Freestyle",
      "age": "11-12",
      "gender": "Girls",
      "date": "2008-05-31",
      "time": "34.69",
      "place": "2",
      "team": "Otters",
      "yards": 0,
      "meet": "051",
      "opponent": "Trials"
    },
    {
      "name": "HayleyR",
      "stroke": "Butterfly",
      "age": "11-12",
      "gender": "Girls",
      "date": "2008-06-007",
      "time": "40.36",
      "place": "5",
      "team": "Otters",
      "yards": 0,
      "meet": "052",
      "opponent": "Shadowbrook"
    },
    {
      "name": "HayleyR",
      "stroke": "Back",
      "age": "11-12",
      "gender": "Girls",
      "date": "2008-06-007",
      "time": "44.52",
      "place": "7",
      "team": "Otters",
      "yards": 0,
      "meet": "052",
      "opponent": "Shadowbrook"
    },
    {
      "name": "HayleyR",
      "stroke": "Freestyle",
      "age": "11-12",
      "gender": "Girls",
      "date": "2008-06-007",
      "time": "35.54",
      "place": "8",
      "team": "Otters",
      "yards": 0,
      "meet": "052",
      "opponent": "Shadowbrook"
    },
    {
      "name": "HayleyR",
      "stroke": "Back",
      "age": "11-12",
      "gender": "Girls",
      "date": "2008-06-14",
      "time": "44.10",
      "place": "4",
      "team": "Otters",
      "yards": 0,
      "meet": "053",
      "opponent": "Pinehurst"
    },
    {
      "name": "HayleyR",
      "stroke": "Breast",
      "age": "11-12",
      "gender": "Girls",
      "date": "2008-06-14",
      "time": "48.47",
      "place": "4",
      "team": "Otters",
      "yards": 0,
      "meet": "053",
      "opponent": "Pinehurst"
    },
    {
      "name": "HayleyR",
      "stroke": "Freestyle",
      "age": "11-12",
      "gender": "Girls",
      "date": "2008-06-14",
      "time": "35.78",
      "place": "7",
      "team": "Otters",
      "yards": 0,
      "meet": "053",
      "opponent": "Pinehurst"
    },
    {
      "name": "HayleyR",
      "stroke": "Butterfly",
      "age": "11-12",
      "gender": "Girls",
      "date": "2008-06-21",
      "time": "40.81",
      "place": "8",
      "team": "Otters",
      "yards": 0,
      "meet": "054",
      "opponent": "Crossgates"
    },
    {
      "name": "HayleyR",
      "stroke": "Back",
      "age": "11-12",
      "gender": "Girls",
      "date": "2008-06-21",
      "time": "42.67",
      "place": "6",
      "team": "Otters",
      "yards": 0,
      "meet": "054",
      "opponent": "Crossgates"
    },
    {
      "name": "HayleyR",
      "stroke": "Breast",
      "age": "11-12",
      "gender": "Girls",
      "date": "2008-06-21",
      "time": "49.44",
      "place": "10",
      "team": "Otters",
      "yards": 0,
      "meet": "054",
      "opponent": "Crossgates"
    },
    {
      "name": "HayleyR",
      "stroke": "Butterfly",
      "age": "11-12",
      "gender": "Girls",
      "date": "2008-06-28",
      "time": "44.00",
      "place": "10",
      "team": "Otters",
      "yards": 0,
      "meet": "055",
      "opponent": "Almaden"
    },
    {
      "name": "HayleyR",
      "stroke": "Back",
      "age": "11-12",
      "gender": "Girls",
      "date": "2008-06-28",
      "time": "42.66",
      "place": "5",
      "team": "Otters",
      "yards": 0,
      "meet": "055",
      "opponent": "Almaden"
    },
    {
      "name": "HayleyR",
      "stroke": "Butterfly",
      "age": "11-12",
      "gender": "Girls",
      "date": "2008-07-12",
      "time": "40.15",
      "place": "10",
      "team": "Otters",
      "yards": 0,
      "meet": "056",
      "opponent": "Creekside"
    },
    {
      "name": "HayleyR",
      "stroke": "Breast",
      "age": "11-12",
      "gender": "Girls",
      "date": "2008-07-12",
      "time": "48.56",
      "place": "14",
      "team": "Otters",
      "yards": 0,
      "meet": "056",
      "opponent": "Creekside"
    },
    {
      "name": "HayleyR",
      "stroke": "Freestyle",
      "age": "11-12",
      "gender": "Girls",
      "date": "2008-07-12",
      "time": "35.59",
      "place": "17",
      "team": "Otters",
      "yards": 0,
      "meet": "056",
      "opponent": "Creekside"
    },
    {
      "name": "HayleyR",
      "stroke": "Butterfly",
      "age": "11-12",
      "gender": "Girls",
      "date": "2008-07-19",
      "time": "41.04",
      "place": "31",
      "team": "Otters",
      "yards": 0,
      "meet": "057",
      "opponent": "Champs"
    },
    {
      "name": "HayleyR",
      "stroke": "Back",
      "age": "11-12",
      "gender": "Girls",
      "date": "2008-07-19",
      "time": "40.07",
      "place": "12",
      "team": "Otters",
      "yards": 0,
      "meet": "057",
      "opponent": "Champs"
    },
    {
      "name": "HayleyR",
      "stroke": "Freestyle",
      "age": "11-12",
      "gender": "Girls",
      "date": "2008-07-19",
      "time": "35.14",
      "place": "39",
      "team": "Otters",
      "yards": 0,
      "meet": "057",
      "opponent": "Champs"
    },
    {
      "name": "HayleyR",
      "stroke": "Butterfly",
      "age": "13-14",
      "gender": "Girls",
      "date": "2009-05-30",
      "time": "42.09",
      "place": "7",
      "team": "Otters",
      "yards": 0,
      "meet": "058",
      "opponent": "Trials"
    },
    {
      "name": "HayleyR",
      "stroke": "Back",
      "age": "13-14",
      "gender": "Girls",
      "date": "2009-05-30",
      "time": "44.19",
      "place": "6",
      "team": "Otters",
      "yards": 0,
      "meet": "058",
      "opponent": "Trials"
    },
    {
      "name": "HayleyR",
      "stroke": "Breast",
      "age": "13-14",
      "gender": "Girls",
      "date": "2009-05-30",
      "time": "47.38",
      "place": "8",
      "team": "Otters",
      "yards": 0,
      "meet": "058",
      "opponent": "Trials"
    },
    {
      "name": "HayleyR",
      "stroke": "Freestyle",
      "age": "13-14",
      "gender": "Girls",
      "date": "2009-05-30",
      "time": "35.94",
      "place": "6",
      "team": "Otters",
      "yards": 0,
      "meet": "058",
      "opponent": "Trials"
    },
    {
      "name": "HayleyR",
      "stroke": "Back",
      "age": "13-14",
      "gender": "Girls",
      "date": "2009-06-20",
      "time": "41.83",
      "place": "6",
      "team": "Otters",
      "yards": 0,
      "meet": "061",
      "opponent": "Pinehurst"
    },
    {
      "name": "HayleyR",
      "stroke": "Breast",
      "age": "13-14",
      "gender": "Girls",
      "date": "2009-06-20",
      "time": "50.06",
      "place": "7",
      "team": "Otters",
      "yards": 0,
      "meet": "061",
      "opponent": "Pinehurst"
    },
    {
      "name": "HayleyR",
      "stroke": "Freestyle",
      "age": "13-14",
      "gender": "Girls",
      "date": "2009-06-20",
      "time": "35.82",
      "place": "12",
      "team": "Otters",
      "yards": 0,
      "meet": "061",
      "opponent": "Pinehurst"
    },
    {
      "name": "HayleyR",
      "stroke": "Back",
      "age": "13-14",
      "gender": "Girls",
      "date": "2009-06-27",
      "time": "41.12",
      "place": "7",
      "team": "Otters",
      "yards": 0,
      "meet": "062",
      "opponent": "Crossgates"
    },
    {
      "name": "HayleyR",
      "stroke": "Breast",
      "age": "13-14",
      "gender": "Girls",
      "date": "2009-06-27",
      "time": "46.09",
      "place": "9",
      "team": "Otters",
      "yards": 0,
      "meet": "062",
      "opponent": "Crossgates"
    },
    {
      "name": "HayleyR",
      "stroke": "Freestyle",
      "age": "13-14",
      "gender": "Girls",
      "date": "2009-06-27",
      "time": "34.03",
      "place": "10",
      "team": "Otters",
      "yards": 0,
      "meet": "062",
      "opponent": "Crossgates"
    },
    {
      "name": "HayleyR",
      "stroke": "Butterfly",
      "age": "15-18",
      "gender": "Girls",
      "date": "2011-05-21",
      "time": "41.56",
      "place": "11",
      "team": "Otters",
      "yards": 0,
      "meet": "072",
      "opponent": "Trials"
    },
    {
      "name": "HayleyR",
      "stroke": "Back",
      "age": "15-18",
      "gender": "Girls",
      "date": "2011-05-21",
      "time": "43.31",
      "place": "11",
      "team": "Otters",
      "yards": 0,
      "meet": "072",
      "opponent": "Trials"
    },
    {
      "name": "HayleyR",
      "stroke": "Breast",
      "age": "15-18",
      "gender": "Girls",
      "date": "2011-05-21",
      "time": "47.13",
      "place": "15",
      "team": "Otters",
      "yards": 0,
      "meet": "072",
      "opponent": "Trials"
    },
    {
      "name": "HayleyR",
      "stroke": "Freestyle",
      "age": "15-18",
      "gender": "Girls",
      "date": "2011-05-21",
      "time": "36.35",
      "place": "13",
      "team": "Otters",
      "yards": 0,
      "meet": "072",
      "opponent": "Trials"
    },
    {
      "name": "HayleyR",
      "stroke": "Butterfly",
      "age": "15-18",
      "gender": "Girls",
      "date": "2011-06-004",
      "time": "41.71",
      "place": "19",
      "team": "Otters",
      "yards": 0,
      "meet": "073",
      "opponent": "Crossgates"
    },
    {
      "name": "HayleyR",
      "stroke": "Back",
      "age": "15-18",
      "gender": "Girls",
      "date": "2011-06-004",
      "time": "41.81",
      "place": "11",
      "team": "Otters",
      "yards": 0,
      "meet": "073",
      "opponent": "Crossgates"
    },
    {
      "name": "HayleyR",
      "stroke": "Butterfly",
      "age": "15-18",
      "gender": "Girls",
      "date": "2011-06-11",
      "time": "42.10",
      "place": "19",
      "team": "Otters",
      "yards": 0,
      "meet": "074",
      "opponent": "Almaden"
    },
    {
      "name": "HayleyR",
      "stroke": "Back",
      "age": "15-18",
      "gender": "Girls",
      "date": "2011-06-11",
      "time": "43.42",
      "place": "13",
      "team": "Otters",
      "yards": 0,
      "meet": "074",
      "opponent": "Almaden"
    },
    {
      "name": "HayleyR",
      "stroke": "Freestyle",
      "age": "15-18",
      "gender": "Girls",
      "date": "2011-06-11",
      "time": "36.59",
      "place": "21",
      "team": "Otters",
      "yards": 0,
      "meet": "074",
      "opponent": "Almaden"
    },
    {
      "name": "HayleyR",
      "stroke": "Back",
      "age": "15-18",
      "gender": "Girls",
      "date": "2011-06-18",
      "time": "42.33",
      "place": "21",
      "team": "Otters",
      "yards": 0,
      "meet": "075",
      "opponent": "Creekside"
    },
    {
      "name": "HayleyR",
      "stroke": "Breast",
      "age": "15-18",
      "gender": "Girls",
      "date": "2011-06-18",
      "time": "49.33",
      "place": "18",
      "team": "Otters",
      "yards": 0,
      "meet": "075",
      "opponent": "Creekside"
    },
    {
      "name": "HayleyR",
      "stroke": "Freestyle",
      "age": "15-18",
      "gender": "Girls",
      "date": "2011-06-18",
      "time": "36.27",
      "place": "32",
      "team": "Otters",
      "yards": 0,
      "meet": "075",
      "opponent": "Creekside"
    },
    {
      "name": "HayleyR",
      "stroke": "Back",
      "age": "15-18",
      "gender": "Girls",
      "date": "2011-07-009",
      "time": "42.06",
      "place": "15",
      "team": "Otters",
      "yards": 0,
      "meet": "077",
      "opponent": "Pinehurst"
    },
    {
      "name": "HayleyR",
      "stroke": "Breast",
      "age": "15-18",
      "gender": "Girls",
      "date": "2011-07-009",
      "time": "47.76",
      "place": "13",
      "team": "Otters",
      "yards": 0,
      "meet": "077",
      "opponent": "Pinehurst"
    },
    {
      "name": "HayleyR",
      "stroke": "Back",
      "age": "15-18",
      "gender": "Girls",
      "date": "2011-07-16",
      "time": "DQ",
      "place": "--",
      "team": "Otters",
      "yards": 0,
      "meet": "078",
      "opponent": "Champs"
    },
    {
      "name": "HayleyR",
      "stroke": "Freestyle",
      "age": "15-18",
      "gender": "Girls",
      "date": "2011-07-16",
      "time": "34.71",
      "place": "68",
      "team": "Otters",
      "yards": 0,
      "meet": "078",
      "opponent": "Champs"
    },
    {
      "name": "HayleyR",
      "stroke": "Breast",
      "age": "15-18",
      "gender": "Girls",
      "date": "2013-06-001",
      "time": "48.83",
      "place": "11",
      "team": "Otters",
      "yards": 0,
      "meet": "087",
      "opponent": "Shadowbrook"
    },
    {
      "name": "HayleyR",
      "stroke": "Freestyle",
      "age": "15-18",
      "gender": "Girls",
      "date": "2013-06-001",
      "time": "34.93",
      "place": "18",
      "team": "Otters",
      "yards": 0,
      "meet": "087",
      "opponent": "Shadowbrook"
    },
    {
      "name": "HayleyR",
      "stroke": "Back",
      "age": "15-18",
      "gender": "Girls",
      "date": "2013-06-15",
      "time": "44.67",
      "place": "15",
      "team": "Otters",
      "yards": 0,
      "meet": "089",
      "opponent": "Crossgates"
    },
    {
      "name": "HayleyR",
      "stroke": "Breast",
      "age": "15-18",
      "gender": "Girls",
      "date": "2013-06-15",
      "time": "47.57",
      "place": "9",
      "team": "Otters",
      "yards": 0,
      "meet": "089",
      "opponent": "Crossgates"
    },
    {
      "name": "HayleyR",
      "stroke": "Freestyle",
      "age": "15-18",
      "gender": "Girls",
      "date": "2013-06-15",
      "time": "34.71",
      "place": "18",
      "team": "Otters",
      "yards": 0,
      "meet": "089",
      "opponent": "Crossgates"
    },
    {
      "name": "HayleyR",
      "stroke": "Back",
      "age": "15-18",
      "gender": "Girls",
      "date": "2013-06-22",
      "time": "DQ",
      "place": "--",
      "team": "Otters",
      "yards": 0,
      "meet": "090",
      "opponent": "Almaden"
    },
    {
      "name": "HayleyR",
      "stroke": "Breast",
      "age": "15-18",
      "gender": "Girls",
      "date": "2013-06-22",
      "time": "49.06",
      "place": "15",
      "team": "Otters",
      "yards": 0,
      "meet": "090",
      "opponent": "Almaden"
    },
    {
      "name": "HayleyR",
      "stroke": "Freestyle",
      "age": "15-18",
      "gender": "Girls",
      "date": "2013-06-22",
      "time": "35.00",
      "place": "20",
      "team": "Otters",
      "yards": 0,
      "meet": "090",
      "opponent": "Almaden"
    },
    {
      "name": "HayleyR",
      "stroke": "Breast",
      "age": "15-18",
      "gender": "Girls",
      "date": "2013-06-29",
      "time": "47.72",
      "place": "12",
      "team": "Otters",
      "yards": 0,
      "meet": "091",
      "opponent": "Creekside"
    },
    {
      "name": "HayleyR",
      "stroke": "Freestyle",
      "age": "15-18",
      "gender": "Girls",
      "date": "2013-06-29",
      "time": "34.77",
      "place": "20",
      "team": "Otters",
      "yards": 0,
      "meet": "091",
      "opponent": "Creekside"
    },
    {
      "name": "HayleyR",
      "stroke": "Back",
      "age": "15-18",
      "gender": "Girls",
      "date": "2013-07-13",
      "time": "42.23",
      "place": "42",
      "team": "Otters",
      "yards": 0,
      "meet": "092",
      "opponent": "Almaden"
    },
    {
      "name": "HayleyR",
      "stroke": "Breast",
      "age": "15-18",
      "gender": "Girls",
      "date": "2013-07-13",
      "time": "50.51",
      "place": "42",
      "team": "Otters",
      "yards": 0,
      "meet": "092",
      "opponent": "Almaden"
    },
    {
      "name": "HayleyR",
      "stroke": "Freestyle",
      "age": "15-18",
      "gender": "Girls",
      "date": "2013-07-13",
      "time": "35.39",
      "place": "71",
      "team": "Otters",
      "yards": 0,
      "meet": "092",
      "opponent": "Almaden"
    }
  ]
}