{
  "scores": [
    {
      "name": "IgnacioM",
      "stroke": "Butterfly",
      "age": "11-12",
      "gender": "Boys",
      "date": "2013-06-001",
      "time": "DQ",
      "place": "--",
      "team": "Otters",
      "yards": 0,
      "meet": "087",
      "opponent": "Shadowbrook"
    },
    {
      "name": "IgnacioM",
      "stroke": "Breast",
      "age": "11-12",
      "gender": "Boys",
      "date": "2013-06-001",
      "time": "52.57",
      "place": "9",
      "team": "Otters",
      "yards": 0,
      "meet": "087",
      "opponent": "Shadowbrook"
    },
    {
      "name": "IgnacioM",
      "stroke": "Freestyle",
      "age": "11-12",
      "gender": "Boys",
      "date": "2013-06-001",
      "time": "43.18",
      "place": "21",
      "team": "Otters",
      "yards": 0,
      "meet": "087",
      "opponent": "Shadowbrook"
    },
    {
      "name": "IgnacioM",
      "stroke": "Butterfly",
      "age": "11-12",
      "gender": "Boys",
      "date": "2013-06-15",
      "time": "DQ",
      "place": "--",
      "team": "Otters",
      "yards": 0,
      "meet": "089",
      "opponent": "Crossgates"
    },
    {
      "name": "IgnacioM",
      "stroke": "Breast",
      "age": "11-12",
      "gender": "Boys",
      "date": "2013-06-15",
      "time": "52.54",
      "place": "13",
      "team": "Otters",
      "yards": 0,
      "meet": "089",
      "opponent": "Crossgates"
    },
    {
      "name": "IgnacioM",
      "stroke": "Freestyle",
      "age": "11-12",
      "gender": "Boys",
      "date": "2013-06-15",
      "time": "39.29",
      "place": "19",
      "team": "Otters",
      "yards": 0,
      "meet": "089",
      "opponent": "Crossgates"
    },
    {
      "name": "IgnacioM",
      "stroke": "Butterfly",
      "age": "11-12",
      "gender": "Boys",
      "date": "2013-06-22",
      "time": "DQ",
      "place": "--",
      "team": "Otters",
      "yards": 0,
      "meet": "090",
      "opponent": "Almaden"
    },
    {
      "name": "IgnacioM",
      "stroke": "Breast",
      "age": "11-12",
      "gender": "Boys",
      "date": "2013-06-22",
      "time": "51.79",
      "place": "11",
      "team": "Otters",
      "yards": 0,
      "meet": "090",
      "opponent": "Almaden"
    },
    {
      "name": "IgnacioM",
      "stroke": "Freestyle",
      "age": "11-12",
      "gender": "Boys",
      "date": "2013-06-22",
      "time": "39.07",
      "place": "23",
      "team": "Otters",
      "yards": 0,
      "meet": "090",
      "opponent": "Almaden"
    },
    {
      "name": "IgnacioM",
      "stroke": "Butterfly",
      "age": "11-12",
      "gender": "Boys",
      "date": "2013-06-29",
      "time": "49.01",
      "place": "12",
      "team": "Otters",
      "yards": 0,
      "meet": "091",
      "opponent": "Creekside"
    },
    {
      "name": "IgnacioM",
      "stroke": "Breast",
      "age": "11-12",
      "gender": "Boys",
      "date": "2013-06-29",
      "time": "50.73",
      "place": "14",
      "team": "Otters",
      "yards": 0,
      "meet": "091",
      "opponent": "Creekside"
    },
    {
      "name": "IgnacioM",
      "stroke": "Freestyle",
      "age": "11-12",
      "gender": "Boys",
      "date": "2013-06-29",
      "time": "38.07",
      "place": "19",
      "team": "Otters",
      "yards": 0,
      "meet": "091",
      "opponent": "Creekside"
    },
    {
      "name": "IgnacioM",
      "stroke": "Butterfly",
      "age": "11-12",
      "gender": "Boys",
      "date": "2013-07-13",
      "time": "DQ",
      "place": "--",
      "team": "Otters",
      "yards": 0,
      "meet": "092",
      "opponent": "Almaden"
    },
    {
      "name": "IgnacioM",
      "stroke": "Breast",
      "age": "11-12",
      "gender": "Boys",
      "date": "2013-07-13",
      "time": "DQ",
      "place": "--",
      "team": "Otters",
      "yards": 0,
      "meet": "092",
      "opponent": "Almaden"
    },
    {
      "name": "IgnacioM",
      "stroke": "Freestyle",
      "age": "11-12",
      "gender": "Boys",
      "date": "2013-07-13",
      "time": "37.63",
      "place": "57",
      "team": "Otters",
      "yards": 0,
      "meet": "092",
      "opponent": "Almaden"
    },
    {
      "name": "IgnacioM",
      "stroke": "Butterfly",
      "age": "11-12",
      "gender": "Boys",
      "date": "2014-05-17",
      "time": "40.36",
      "place": "5",
      "team": "Otters",
      "yards": 0,
      "meet": "093",
      "opponent": "Trials"
    },
    {
      "name": "IgnacioM",
      "stroke": "Back",
      "age": "11-12",
      "gender": "Boys",
      "date": "2014-05-17",
      "time": "46.05",
      "place": "7",
      "team": "Otters",
      "yards": 0,
      "meet": "093",
      "opponent": "Trials"
    },
    {
      "name": "IgnacioM",
      "stroke": "Breast",
      "age": "11-12",
      "gender": "Boys",
      "date": "2014-05-17",
      "time": "41.28",
      "place": "6",
      "team": "Otters",
      "yards": 0,
      "meet": "093",
      "opponent": "Trials"
    },
    {
      "name": "IgnacioM",
      "stroke": "Freestyle",
      "age": "11-12",
      "gender": "Boys",
      "date": "2014-05-17",
      "time": "34.63",
      "place": "6",
      "team": "Otters",
      "yards": 0,
      "meet": "093",
      "opponent": "Trials"
    },
    {
      "name": "IgnacioM",
      "stroke": "Butterfly",
      "age": "11-12",
      "gender": "Boys",
      "date": "2014-06-007",
      "time": "DQ",
      "place": "--",
      "team": "Otters",
      "yards": 0,
      "meet": "095",
      "opponent": "Shadowbrook"
    },
    {
      "name": "IgnacioM",
      "stroke": "Breast",
      "age": "11-12",
      "gender": "Boys",
      "date": "2014-06-007",
      "time": "42.28",
      "place": "8",
      "team": "Otters",
      "yards": 0,
      "meet": "095",
      "opponent": "Shadowbrook"
    },
    {
      "name": "IgnacioM",
      "stroke": "Freestyle",
      "age": "11-12",
      "gender": "Boys",
      "date": "2014-06-007",
      "time": "33.88",
      "place": "14",
      "team": "Otters",
      "yards": 0,
      "meet": "095",
      "opponent": "Shadowbrook"
    },
    {
      "name": "IgnacioM",
      "stroke": "Butterfly",
      "age": "11-12",
      "gender": "Boys",
      "date": "2014-06-14",
      "time": "41.65",
      "place": "5",
      "team": "Otters",
      "yards": 0,
      "meet": "096",
      "opponent": "Pinehurst"
    },
    {
      "name": "IgnacioM",
      "stroke": "Breast",
      "age": "11-12",
      "gender": "Boys",
      "date": "2014-06-14",
      "time": "41.34",
      "place": "7",
      "team": "Otters",
      "yards": 0,
      "meet": "096",
      "opponent": "Pinehurst"
    },
    {
      "name": "IgnacioM",
      "stroke": "Freestyle",
      "age": "11-12",
      "gender": "Boys",
      "date": "2014-06-14",
      "time": "33.16",
      "place": "11",
      "team": "Otters",
      "yards": 0,
      "meet": "096",
      "opponent": "Pinehurst"
    },
    {
      "name": "IgnacioM",
      "stroke": "Butterfly",
      "age": "11-12",
      "gender": "Boys",
      "date": "2014-06-21",
      "time": "DQ",
      "place": "--",
      "team": "Otters",
      "yards": 0,
      "meet": "097",
      "opponent": "Crossgates"
    },
    {
      "name": "IgnacioM",
      "stroke": "Breast",
      "age": "11-12",
      "gender": "Boys",
      "date": "2014-06-21",
      "time": "39.16",
      "place": "4",
      "team": "Otters",
      "yards": 0,
      "meet": "097",
      "opponent": "Crossgates"
    },
    {
      "name": "IgnacioM",
      "stroke": "Freestyle",
      "age": "11-12",
      "gender": "Boys",
      "date": "2014-06-21",
      "time": "34.00",
      "place": "12",
      "team": "Otters",
      "yards": 0,
      "meet": "097",
      "opponent": "Crossgates"
    },
    {
      "name": "IgnacioM",
      "stroke": "Butterfly",
      "age": "11-12",
      "gender": "Boys",
      "date": "2014-06-28",
      "time": "DQ",
      "place": "--",
      "team": "Otters",
      "yards": 0,
      "meet": "098",
      "opponent": "Almaden"
    },
    {
      "name": "IgnacioM",
      "stroke": "Breast",
      "age": "11-12",
      "gender": "Boys",
      "date": "2014-06-28",
      "time": "38.97",
      "place": "3",
      "team": "Otters",
      "yards": 0,
      "meet": "098",
      "opponent": "Almaden"
    },
    {
      "name": "IgnacioM",
      "stroke": "Freestyle",
      "age": "11-12",
      "gender": "Boys",
      "date": "2014-06-28",
      "time": "32.37",
      "place": "8",
      "team": "Otters",
      "yards": 0,
      "meet": "098",
      "opponent": "Almaden"
    },
    {
      "name": "IgnacioM",
      "stroke": "Butterfly",
      "age": "11-12",
      "gender": "Boys",
      "date": "2014-07-12",
      "time": "37.64",
      "place": "14",
      "team": "Otters",
      "yards": 0,
      "meet": "099",
      "opponent": "Champs"
    },
    {
      "name": "IgnacioM",
      "stroke": "Breast",
      "age": "11-12",
      "gender": "Boys",
      "date": "2014-07-12",
      "time": "38.27",
      "place": "3",
      "team": "Otters",
      "yards": 0,
      "meet": "099",
      "opponent": "Champs"
    },
    {
      "name": "IgnacioM",
      "stroke": "Freestyle",
      "age": "11-12",
      "gender": "Boys",
      "date": "2014-07-12",
      "time": "31.23",
      "place": "17",
      "team": "Otters",
      "yards": 0,
      "meet": "099",
      "opponent": "Champs"
    },
    {
      "name": "IgnacioM",
      "stroke": "Butterfly",
      "age": "13-14",
      "gender": "Boys",
      "date": "2015-05-31",
      "time": "38.14",
      "place": "9",
      "team": "Otters",
      "yards": 0,
      "meet": "100",
      "opponent": "Trials"
    },
    {
      "name": "IgnacioM",
      "stroke": "Back",
      "age": "13-14",
      "gender": "Boys",
      "date": "2015-05-31",
      "time": "39.36",
      "place": "9",
      "team": "Otters",
      "yards": 0,
      "meet": "100",
      "opponent": "Trials"
    },
    {
      "name": "IgnacioM",
      "stroke": "Breast",
      "age": "13-14",
      "gender": "Boys",
      "date": "2015-05-31",
      "time": "37.30",
      "place": "5",
      "team": "Otters",
      "yards": 0,
      "meet": "100",
      "opponent": "Trials"
    },
    {
      "name": "IgnacioM",
      "stroke": "Freestyle",
      "age": "13-14",
      "gender": "Boys",
      "date": "2015-05-31",
      "time": "31.34",
      "place": "8",
      "team": "Otters",
      "yards": 0,
      "meet": "100",
      "opponent": "Trials"
    },
    {
      "name": "IgnacioM",
      "stroke": "Back",
      "age": "13-14",
      "gender": "Boys",
      "date": "2015-06-27",
      "time": "40.19",
      "place": "9",
      "team": "Otters",
      "yards": 0,
      "meet": "105",
      "opponent": "Crossgates"
    },
    {
      "name": "IgnacioM",
      "stroke": "Breast",
      "age": "13-14",
      "gender": "Boys",
      "date": "2015-06-27",
      "time": "36.22",
      "place": "5",
      "team": "Otters",
      "yards": 0,
      "meet": "105",
      "opponent": "Crossgates"
    },
    {
      "name": "IgnacioM",
      "stroke": "Freestyle",
      "age": "13-14",
      "gender": "Boys",
      "date": "2015-06-27",
      "time": "31.53",
      "place": "14",
      "team": "Otters",
      "yards": 0,
      "meet": "105",
      "opponent": "Crossgates"
    },
    {
      "name": "IgnacioM",
      "stroke": "Back",
      "age": "13-14",
      "gender": "Boys",
      "date": "2015-07-11",
      "time": "37.57",
      "place": "20",
      "team": "Otters",
      "yards": 0,
      "meet": "106",
      "opponent": "Champs"
    },
    {
      "name": "IgnacioM",
      "stroke": "Breast",
      "age": "13-14",
      "gender": "Boys",
      "date": "2015-07-11",
      "time": "36.16",
      "place": "11",
      "team": "Otters",
      "yards": 0,
      "meet": "106",
      "opponent": "Champs"
    },
    {
      "name": "IgnacioM",
      "stroke": "Freestyle",
      "age": "13-14",
      "gender": "Boys",
      "date": "2015-07-11",
      "time": "30.77",
      "place": "38",
      "team": "Otters",
      "yards": 0,
      "meet": "106",
      "opponent": "Champs"
    },
    {
      "name": "IgnacioM",
      "stroke": "Butterfly",
      "age": "13-14",
      "gender": "Boys",
      "date": "2016-05-20",
      "time": "31.89",
      "place": "3",
      "team": "Otters",
      "yards": 0,
      "meet": "107",
      "opponent": "Trials"
    },
    {
      "name": "IgnacioM",
      "stroke": "Back",
      "age": "13-14",
      "gender": "Boys",
      "date": "2016-05-20",
      "time": "35.73",
      "place": "7",
      "team": "Otters",
      "yards": 0,
      "meet": "107",
      "opponent": "Trials"
    },
    {
      "name": "IgnacioM",
      "stroke": "Breast",
      "age": "13-14",
      "gender": "Boys",
      "date": "2016-05-20",
      "time": "34.25",
      "place": "2",
      "team": "Otters",
      "yards": 0,
      "meet": "107",
      "opponent": "Trials"
    },
    {
      "name": "IgnacioM",
      "stroke": "Freestyle",
      "age": "13-14",
      "gender": "Boys",
      "date": "2016-05-20",
      "time": "28.42",
      "place": "4",
      "team": "Otters",
      "yards": 0,
      "meet": "107",
      "opponent": "Trials"
    }
  ]
}