{
  "scores": [
    {
      "name": "IsaacY",
      "stroke": "Butterfly",
      "age": "11-12",
      "gender": "Boys",
      "date": "2011-05-21",
      "time": "57.81",
      "place": "5",
      "team": "Otters",
      "yards": 0,
      "meet": "072",
      "opponent": "Trials"
    },
    {
      "name": "IsaacY",
      "stroke": "Back",
      "age": "11-12",
      "gender": "Boys",
      "date": "2011-05-21",
      "time": "1:08.66",
      "place": "7",
      "team": "Otters",
      "yards": 0,
      "meet": "072",
      "opponent": "Trials"
    },
    {
      "name": "IsaacY",
      "stroke": "Breast",
      "age": "11-12",
      "gender": "Boys",
      "date": "2011-05-21",
      "time": "59.75",
      "place": "3",
      "team": "Otters",
      "yards": 0,
      "meet": "072",
      "opponent": "Trials"
    },
    {
      "name": "IsaacY",
      "stroke": "Freestyle",
      "age": "11-12",
      "gender": "Boys",
      "date": "2011-05-21",
      "time": "56.76",
      "place": "7",
      "team": "Otters",
      "yards": 0,
      "meet": "072",
      "opponent": "Trials"
    },
    {
      "name": "IsaacY",
      "stroke": "Back",
      "age": "11-12",
      "gender": "Boys",
      "date": "2011-06-004",
      "time": "DQ",
      "place": "--",
      "team": "Otters",
      "yards": 0,
      "meet": "073",
      "opponent": "Crossgates"
    },
    {
      "name": "IsaacY",
      "stroke": "Breast",
      "age": "11-12",
      "gender": "Boys",
      "date": "2011-06-004",
      "time": "54.36",
      "place": "11",
      "team": "Otters",
      "yards": 0,
      "meet": "073",
      "opponent": "Crossgates"
    },
    {
      "name": "IsaacY",
      "stroke": "Freestyle",
      "age": "11-12",
      "gender": "Boys",
      "date": "2011-06-004",
      "time": "52.98",
      "place": "20",
      "team": "Otters",
      "yards": 0,
      "meet": "073",
      "opponent": "Crossgates"
    }
  ]
}