{
  "scores": [
    {
      "name": "JacksonM",
      "stroke": "Butterfly",
      "age": "7-8",
      "gender": "Boys",
      "date": "2015-05-31",
      "time": "1:00.29",
      "place": "15",
      "team": "Otters",
      "yards": 0,
      "meet": "100",
      "opponent": "Trials"
    },
    {
      "name": "JacksonM",
      "stroke": "Back",
      "age": "7-8",
      "gender": "Boys",
      "date": "2015-05-31",
      "time": "31.14",
      "place": "8",
      "team": "Otters",
      "yards": 0,
      "meet": "100",
      "opponent": "Trials"
    },
    {
      "name": "JacksonM",
      "stroke": "Breast",
      "age": "7-8",
      "gender": "Boys",
      "date": "2015-05-31",
      "time": "1:09.64",
      "place": "17",
      "team": "Otters",
      "yards": 0,
      "meet": "100",
      "opponent": "Trials"
    },
    {
      "name": "JacksonM",
      "stroke": "Freestyle",
      "age": "7-8",
      "gender": "Boys",
      "date": "2015-05-31",
      "time": "37.92",
      "place": "15",
      "team": "Otters",
      "yards": 0,
      "meet": "100",
      "opponent": "Trials"
    },
    {
      "name": "JacksonM",
      "stroke": "Back",
      "age": "7-8",
      "gender": "Boys",
      "date": "2015-06-006",
      "time": "34.96",
      "place": "9",
      "team": "Otters",
      "yards": 0,
      "meet": "102",
      "opponent": "Creekside"
    },
    {
      "name": "JacksonM",
      "stroke": "Freestyle",
      "age": "7-8",
      "gender": "Boys",
      "date": "2015-06-006",
      "time": "30.23",
      "place": "18",
      "team": "Otters",
      "yards": 0,
      "meet": "102",
      "opponent": "Creekside"
    },
    {
      "name": "JacksonM",
      "stroke": "Back",
      "age": "7-8",
      "gender": "Boys",
      "date": "2015-06-13",
      "time": "26.84",
      "place": "5",
      "team": "Otters",
      "yards": 0,
      "meet": "103",
      "opponent": "Shadowbrook"
    },
    {
      "name": "JacksonM",
      "stroke": "Breast",
      "age": "8 & Under",
      "gender": "Boys",
      "date": "2015-06-13",
      "time": "DQ",
      "place": "--",
      "team": "Otters",
      "yards": 0,
      "meet": "103",
      "opponent": "Shadowbrook"
    },
    {
      "name": "JacksonM",
      "stroke": "Freestyle",
      "age": "7-8",
      "gender": "Boys",
      "date": "2015-06-13",
      "time": "36.63",
      "place": "29",
      "team": "Otters",
      "yards": 0,
      "meet": "103",
      "opponent": "Shadowbrook"
    },
    {
      "name": "JacksonM",
      "stroke": "Butterfly",
      "age": "8 & Under",
      "gender": "Boys",
      "date": "2015-06-20",
      "time": "DQ",
      "place": "--",
      "team": "Otters",
      "yards": 0,
      "meet": "104",
      "opponent": "Pinehurst"
    },
    {
      "name": "JacksonM",
      "stroke": "Back",
      "age": "7-8",
      "gender": "Boys",
      "date": "2015-06-20",
      "time": "DQ",
      "place": "--",
      "team": "Otters",
      "yards": 0,
      "meet": "104",
      "opponent": "Pinehurst"
    },
    {
      "name": "JacksonM",
      "stroke": "Freestyle",
      "age": "7-8",
      "gender": "Boys",
      "date": "2015-06-20",
      "time": "35.93",
      "place": "26",
      "team": "Otters",
      "yards": 0,
      "meet": "104",
      "opponent": "Pinehurst"
    },
    {
      "name": "JacksonM",
      "stroke": "Butterfly",
      "age": "8 & Under",
      "gender": "Boys",
      "date": "2015-07-11",
      "time": "DQ",
      "place": "--",
      "team": "Otters",
      "yards": 0,
      "meet": "106",
      "opponent": "Champs"
    },
    {
      "name": "JacksonM",
      "stroke": "Back",
      "age": "7-8",
      "gender": "Boys",
      "date": "2015-07-11",
      "time": "31.29",
      "place": "46",
      "team": "Otters",
      "yards": 0,
      "meet": "106",
      "opponent": "Champs"
    },
    {
      "name": "JacksonM",
      "stroke": "Freestyle",
      "age": "7-8",
      "gender": "Boys",
      "date": "2015-07-11",
      "time": "32.79",
      "place": "75",
      "team": "Otters",
      "yards": 0,
      "meet": "106",
      "opponent": "Champs"
    }
  ]
}