{
  "scores": [
    {
      "name": "JacobK",
      "stroke": "Butterfly",
      "age": "8 & Under",
      "gender": "Boys",
      "date": "2009-05-30",
      "time": "41.55",
      "place": "17",
      "team": "Otters",
      "yards": 0,
      "meet": "058",
      "opponent": "Trials"
    },
    {
      "name": "JacobK",
      "stroke": "Back",
      "age": "7-8",
      "gender": "Boys",
      "date": "2009-05-30",
      "time": "47.52",
      "place": "16",
      "team": "Otters",
      "yards": 0,
      "meet": "058",
      "opponent": "Trials"
    },
    {
      "name": "JacobK",
      "stroke": "Breast",
      "age": "8 & Under",
      "gender": "Boys",
      "date": "2009-05-30",
      "time": "51.53",
      "place": "14",
      "team": "Otters",
      "yards": 0,
      "meet": "058",
      "opponent": "Trials"
    },
    {
      "name": "JacobK",
      "stroke": "Freestyle",
      "age": "7-8",
      "gender": "Boys",
      "date": "2009-05-30",
      "time": "39.18",
      "place": "13",
      "team": "Otters",
      "yards": 0,
      "meet": "058",
      "opponent": "Trials"
    },
    {
      "name": "JacobK",
      "stroke": "Butterfly",
      "age": "8 & Under",
      "gender": "Boys",
      "date": "2009-06-006",
      "time": "DQ",
      "place": "--",
      "team": "Otters",
      "yards": 0,
      "meet": "059",
      "opponent": "Creekside"
    },
    {
      "name": "JacobK",
      "stroke": "Back",
      "age": "7-8",
      "gender": "Boys",
      "date": "2009-06-006",
      "time": "DQ",
      "place": "--",
      "team": "Otters",
      "yards": 0,
      "meet": "059",
      "opponent": "Creekside"
    },
    {
      "name": "JacobK",
      "stroke": "Freestyle",
      "age": "7-8",
      "gender": "Boys",
      "date": "2009-06-006",
      "time": "34.35",
      "place": "18",
      "team": "Otters",
      "yards": 0,
      "meet": "059",
      "opponent": "Creekside"
    },
    {
      "name": "JacobK",
      "stroke": "Back",
      "age": "7-8",
      "gender": "Boys",
      "date": "2009-06-20",
      "time": "42.43",
      "place": "15",
      "team": "Otters",
      "yards": 0,
      "meet": "061",
      "opponent": "Pinehurst"
    },
    {
      "name": "JacobK",
      "stroke": "Breast",
      "age": "8 & Under",
      "gender": "Boys",
      "date": "2009-06-20",
      "time": "DQ",
      "place": "--",
      "team": "Otters",
      "yards": 0,
      "meet": "061",
      "opponent": "Pinehurst"
    },
    {
      "name": "JacobK",
      "stroke": "Freestyle",
      "age": "7-8",
      "gender": "Boys",
      "date": "2009-06-20",
      "time": "34.18",
      "place": "17",
      "team": "Otters",
      "yards": 0,
      "meet": "061",
      "opponent": "Pinehurst"
    },
    {
      "name": "JacobK",
      "stroke": "Back",
      "age": "7-8",
      "gender": "Boys",
      "date": "2009-06-27",
      "time": "35.96",
      "place": "16",
      "team": "Otters",
      "yards": 0,
      "meet": "062",
      "opponent": "Crossgates"
    },
    {
      "name": "JacobK",
      "stroke": "Breast",
      "age": "8 & Under",
      "gender": "Boys",
      "date": "2009-06-27",
      "time": "DQ",
      "place": "--",
      "team": "Otters",
      "yards": 0,
      "meet": "062",
      "opponent": "Crossgates"
    },
    {
      "name": "JacobK",
      "stroke": "Freestyle",
      "age": "7-8",
      "gender": "Boys",
      "date": "2009-06-27",
      "time": "34.00",
      "place": "21",
      "team": "Otters",
      "yards": 0,
      "meet": "062",
      "opponent": "Crossgates"
    },
    {
      "name": "JacobK",
      "stroke": "Back",
      "age": "7-8",
      "gender": "Boys",
      "date": "2009-07-11",
      "time": "38.50",
      "place": "15",
      "team": "Otters",
      "yards": 0,
      "meet": "063",
      "opponent": "Almaden"
    },
    {
      "name": "JacobK",
      "stroke": "Breast",
      "age": "8 & Under",
      "gender": "Boys",
      "date": "2009-07-11",
      "time": "DQ",
      "place": "--",
      "team": "Otters",
      "yards": 0,
      "meet": "063",
      "opponent": "Almaden"
    },
    {
      "name": "JacobK",
      "stroke": "Freestyle",
      "age": "7-8",
      "gender": "Boys",
      "date": "2009-07-11",
      "time": "34.97",
      "place": "20",
      "team": "Otters",
      "yards": 0,
      "meet": "063",
      "opponent": "Almaden"
    },
    {
      "name": "JacobK",
      "stroke": "Back",
      "age": "7-8",
      "gender": "Boys",
      "date": "2009-07-18",
      "time": "35.88",
      "place": "52",
      "team": "Otters",
      "yards": 0,
      "meet": "064",
      "opponent": "Champs"
    },
    {
      "name": "JacobK",
      "stroke": "Breast",
      "age": "8 & Under",
      "gender": "Boys",
      "date": "2009-07-18",
      "time": "DQ",
      "place": "--",
      "team": "Otters",
      "yards": 0,
      "meet": "064",
      "opponent": "Champs"
    },
    {
      "name": "JacobK",
      "stroke": "Freestyle",
      "age": "7-8",
      "gender": "Boys",
      "date": "2009-07-18",
      "time": "36.30",
      "place": "67",
      "team": "Otters",
      "yards": 0,
      "meet": "064",
      "opponent": "Champs"
    }
  ]
}