{
  "scores": [
    {
      "name": "JacquelineL",
      "stroke": "Freestyle",
      "age": "15-18",
      "gender": "Girls",
      "date": "2012-06-002",
      "time": "34.57",
      "place": "14",
      "team": "Otters",
      "yards": 0,
      "meet": "080",
      "opponent": "Pinehurst"
    },
    {
      "name": "JacquelineL",
      "stroke": "Back",
      "age": "15-18",
      "gender": "Girls",
      "date": "2012-06-009",
      "time": "45.84",
      "place": "18",
      "team": "Otters",
      "yards": 0,
      "meet": "081",
      "opponent": "Crossgates"
    },
    {
      "name": "JacquelineL",
      "stroke": "Breast",
      "age": "15-18",
      "gender": "Girls",
      "date": "2012-06-009",
      "time": "46.07",
      "place": "17",
      "team": "Otters",
      "yards": 0,
      "meet": "081",
      "opponent": "Crossgates"
    },
    {
      "name": "JacquelineL",
      "stroke": "Freestyle",
      "age": "15-18",
      "gender": "Girls",
      "date": "2012-06-009",
      "time": "36.68",
      "place": "30",
      "team": "Otters",
      "yards": 0,
      "meet": "081",
      "opponent": "Crossgates"
    },
    {
      "name": "JacquelineL",
      "stroke": "Back",
      "age": "15-18",
      "gender": "Girls",
      "date": "2012-06-16",
      "time": "47.13",
      "place": "17",
      "team": "Otters",
      "yards": 0,
      "meet": "082",
      "opponent": "Almaden"
    },
    {
      "name": "JacquelineL",
      "stroke": "Breast",
      "age": "15-18",
      "gender": "Girls",
      "date": "2012-06-16",
      "time": "42.56",
      "place": "12",
      "team": "Otters",
      "yards": 0,
      "meet": "082",
      "opponent": "Almaden"
    },
    {
      "name": "JacquelineL",
      "stroke": "Freestyle",
      "age": "15-18",
      "gender": "Girls",
      "date": "2012-06-16",
      "time": "36.19",
      "place": "27",
      "team": "Otters",
      "yards": 0,
      "meet": "082",
      "opponent": "Almaden"
    },
    {
      "name": "JacquelineL",
      "stroke": "Back",
      "age": "15-18",
      "gender": "Girls",
      "date": "2012-06-23",
      "time": "DQ",
      "place": "--",
      "team": "Otters",
      "yards": 0,
      "meet": "083",
      "opponent": "Creekside"
    },
    {
      "name": "JacquelineL",
      "stroke": "Breast",
      "age": "15-18",
      "gender": "Girls",
      "date": "2012-06-23",
      "time": "44.13",
      "place": "9",
      "team": "Otters",
      "yards": 0,
      "meet": "083",
      "opponent": "Creekside"
    },
    {
      "name": "JacquelineL",
      "stroke": "Freestyle",
      "age": "15-18",
      "gender": "Girls",
      "date": "2012-06-23",
      "time": "36.45",
      "place": "27",
      "team": "Otters",
      "yards": 0,
      "meet": "083",
      "opponent": "Creekside"
    },
    {
      "name": "JacquelineL",
      "stroke": "Back",
      "age": "15-18",
      "gender": "Girls",
      "date": "2012-06-30",
      "time": "45.59",
      "place": "12",
      "team": "Otters",
      "yards": 0,
      "meet": "084",
      "opponent": "Shadowbrook"
    },
    {
      "name": "JacquelineL",
      "stroke": "Breast",
      "age": "15-18",
      "gender": "Girls",
      "date": "2012-06-30",
      "time": "44.00",
      "place": "10",
      "team": "Otters",
      "yards": 0,
      "meet": "084",
      "opponent": "Shadowbrook"
    },
    {
      "name": "JacquelineL",
      "stroke": "Freestyle",
      "age": "15-18",
      "gender": "Girls",
      "date": "2012-06-30",
      "time": "36.35",
      "place": "18",
      "team": "Otters",
      "yards": 0,
      "meet": "084",
      "opponent": "Shadowbrook"
    },
    {
      "name": "JacquelineL",
      "stroke": "Back",
      "age": "15-18",
      "gender": "Girls",
      "date": "2012-07-14",
      "time": "44.21",
      "place": "42",
      "team": "Otters",
      "yards": 0,
      "meet": "085",
      "opponent": "Champs"
    },
    {
      "name": "JacquelineL",
      "stroke": "Breast",
      "age": "15-18",
      "gender": "Girls",
      "date": "2012-07-14",
      "time": "43.99",
      "place": "31",
      "team": "Otters",
      "yards": 0,
      "meet": "085",
      "opponent": "Champs"
    },
    {
      "name": "JacquelineL",
      "stroke": "Freestyle",
      "age": "15-18",
      "gender": "Girls",
      "date": "2012-07-14",
      "time": "35.54",
      "place": "70",
      "team": "Otters",
      "yards": 0,
      "meet": "085",
      "opponent": "Champs"
    }
  ]
}