{
  "scores": [
    {
      "name": "JalenB",
      "stroke": "Back",
      "age": "6 & Under",
      "gender": "Girls",
      "date": "2004-05-20",
      "time": "57.81",
      "place": "13",
      "team": "Otters",
      "yards": 0,
      "meet": "023",
      "opponent": "Trials"
    },
    {
      "name": "JalenB",
      "stroke": "Freestyle",
      "age": "6 & Under",
      "gender": "Girls",
      "date": "2004-05-20",
      "time": "31.28",
      "place": "3",
      "team": "Otters",
      "yards": 0,
      "meet": "023",
      "opponent": "Trials"
    },
    {
      "name": "JalenB",
      "stroke": "Back",
      "age": "6 & Under",
      "gender": "Girls",
      "date": "2004-06-005",
      "time": "1:05.43",
      "place": "7",
      "team": "Otters",
      "yards": 0,
      "meet": "024",
      "opponent": "Creekside"
    },
    {
      "name": "JalenB",
      "stroke": "Freestyle",
      "age": "6 & Under",
      "gender": "Girls",
      "date": "2004-06-005",
      "time": "32.56",
      "place": "5",
      "team": "Otters",
      "yards": 0,
      "meet": "024",
      "opponent": "Creekside"
    },
    {
      "name": "JalenB",
      "stroke": "Back",
      "age": "6 & Under",
      "gender": "Girls",
      "date": "2004-06-12",
      "time": "46.70",
      "place": "14",
      "team": "Otters",
      "yards": 0,
      "meet": "025",
      "opponent": "Shadowbrook"
    },
    {
      "name": "JalenB",
      "stroke": "Freestyle",
      "age": "6 & Under",
      "gender": "Girls",
      "date": "2004-06-12",
      "time": "31.13",
      "place": "6",
      "team": "Otters",
      "yards": 0,
      "meet": "025",
      "opponent": "Shadowbrook"
    },
    {
      "name": "JalenB",
      "stroke": "Back",
      "age": "6 & Under",
      "gender": "Girls",
      "date": "2004-06-19",
      "time": "44.18",
      "place": "8",
      "team": "Otters",
      "yards": 0,
      "meet": "026",
      "opponent": "Pinehurst"
    },
    {
      "name": "JalenB",
      "stroke": "Freestyle",
      "age": "6 & Under",
      "gender": "Girls",
      "date": "2004-06-19",
      "time": "29.65",
      "place": "4",
      "team": "Otters",
      "yards": 0,
      "meet": "026",
      "opponent": "Pinehurst"
    },
    {
      "name": "JalenB",
      "stroke": "Back",
      "age": "6 & Under",
      "gender": "Girls",
      "date": "2004-06-26",
      "time": "45.34",
      "place": "13",
      "team": "Otters",
      "yards": 0,
      "meet": "027",
      "opponent": "Crossgates"
    },
    {
      "name": "JalenB",
      "stroke": "Freestyle",
      "age": "6 & Under",
      "gender": "Girls",
      "date": "2004-06-26",
      "time": "30.10",
      "place": "8",
      "team": "Otters",
      "yards": 0,
      "meet": "027",
      "opponent": "Crossgates"
    },
    {
      "name": "JalenB",
      "stroke": "Back",
      "age": "6 & Under",
      "gender": "Girls",
      "date": "2004-07-10",
      "time": "42.31",
      "place": "10",
      "team": "Otters",
      "yards": 0,
      "meet": "028",
      "opponent": "Almaden"
    },
    {
      "name": "JalenB",
      "stroke": "Freestyle",
      "age": "6 & Under",
      "gender": "Girls",
      "date": "2004-07-10",
      "time": "28.18",
      "place": "3",
      "team": "Otters",
      "yards": 0,
      "meet": "028",
      "opponent": "Almaden"
    },
    {
      "name": "JalenB",
      "stroke": "Back",
      "age": "6 & Under",
      "gender": "Girls",
      "date": "2004-07-17",
      "time": "55.19",
      "place": "40",
      "team": "Otters",
      "yards": 0,
      "meet": "029",
      "opponent": "Champs"
    },
    {
      "name": "JalenB",
      "stroke": "Freestyle",
      "age": "6 & Under",
      "gender": "Girls",
      "date": "2004-07-17",
      "time": "28.34",
      "place": "14",
      "team": "Otters",
      "yards": 0,
      "meet": "029",
      "opponent": "Champs"
    },
    {
      "name": "JalenB",
      "stroke": "Butterfly",
      "age": "13-14",
      "gender": "Girls",
      "date": "2011-05-21",
      "time": "42.77",
      "place": "10",
      "team": "Otters",
      "yards": 0,
      "meet": "072",
      "opponent": "Trials"
    },
    {
      "name": "JalenB",
      "stroke": "Back",
      "age": "13-14",
      "gender": "Girls",
      "date": "2011-05-21",
      "time": "41.19",
      "place": "9",
      "team": "Otters",
      "yards": 0,
      "meet": "072",
      "opponent": "Trials"
    },
    {
      "name": "JalenB",
      "stroke": "Breast",
      "age": "13-14",
      "gender": "Girls",
      "date": "2011-05-21",
      "time": "43.75",
      "place": "3",
      "team": "Otters",
      "yards": 0,
      "meet": "072",
      "opponent": "Trials"
    },
    {
      "name": "JalenB",
      "stroke": "Freestyle",
      "age": "13-14",
      "gender": "Girls",
      "date": "2011-05-21",
      "time": "32.99",
      "place": "4",
      "team": "Otters",
      "yards": 0,
      "meet": "072",
      "opponent": "Trials"
    },
    {
      "name": "JalenB",
      "stroke": "Back",
      "age": "13-14",
      "gender": "Girls",
      "date": "2011-06-004",
      "time": "40.38",
      "place": "11",
      "team": "Otters",
      "yards": 0,
      "meet": "073",
      "opponent": "Crossgates"
    },
    {
      "name": "JalenB",
      "stroke": "Breast",
      "age": "13-14",
      "gender": "Girls",
      "date": "2011-06-004",
      "time": "43.32",
      "place": "6",
      "team": "Otters",
      "yards": 0,
      "meet": "073",
      "opponent": "Crossgates"
    },
    {
      "name": "JalenB",
      "stroke": "Freestyle",
      "age": "13-14",
      "gender": "Girls",
      "date": "2011-06-004",
      "time": "33.05",
      "place": "13",
      "team": "Otters",
      "yards": 0,
      "meet": "073",
      "opponent": "Crossgates"
    },
    {
      "name": "JalenB",
      "stroke": "Back",
      "age": "13-14",
      "gender": "Girls",
      "date": "2011-06-11",
      "time": "40.12",
      "place": "7",
      "team": "Otters",
      "yards": 0,
      "meet": "074",
      "opponent": "Almaden"
    },
    {
      "name": "JalenB",
      "stroke": "Breast",
      "age": "13-14",
      "gender": "Girls",
      "date": "2011-06-11",
      "time": "42.04",
      "place": "8",
      "team": "Otters",
      "yards": 0,
      "meet": "074",
      "opponent": "Almaden"
    },
    {
      "name": "JalenB",
      "stroke": "Freestyle",
      "age": "13-14",
      "gender": "Girls",
      "date": "2011-06-11",
      "time": "32.56",
      "place": "12",
      "team": "Otters",
      "yards": 0,
      "meet": "074",
      "opponent": "Almaden"
    },
    {
      "name": "JalenB",
      "stroke": "Butterfly",
      "age": "13-14",
      "gender": "Girls",
      "date": "2011-06-18",
      "time": "42.72",
      "place": "10",
      "team": "Otters",
      "yards": 0,
      "meet": "075",
      "opponent": "Creekside"
    },
    {
      "name": "JalenB",
      "stroke": "Breast",
      "age": "13-14",
      "gender": "Girls",
      "date": "2011-06-18",
      "time": "42.85",
      "place": "3",
      "team": "Otters",
      "yards": 0,
      "meet": "075",
      "opponent": "Creekside"
    },
    {
      "name": "JalenB",
      "stroke": "Freestyle",
      "age": "13-14",
      "gender": "Girls",
      "date": "2011-06-18",
      "time": "32.72",
      "place": "6",
      "team": "Otters",
      "yards": 0,
      "meet": "075",
      "opponent": "Creekside"
    },
    {
      "name": "JalenB",
      "stroke": "Butterfly",
      "age": "13-14",
      "gender": "Girls",
      "date": "2011-07-16",
      "time": "39.07",
      "place": "37",
      "team": "Otters",
      "yards": 0,
      "meet": "078",
      "opponent": "Champs"
    },
    {
      "name": "JalenB",
      "stroke": "Breast",
      "age": "13-14",
      "gender": "Girls",
      "date": "2011-07-16",
      "time": "41.17",
      "place": "13",
      "team": "Otters",
      "yards": 0,
      "meet": "078",
      "opponent": "Champs"
    },
    {
      "name": "JalenB",
      "stroke": "Freestyle",
      "age": "13-14",
      "gender": "Girls",
      "date": "2011-07-16",
      "time": "31.86",
      "place": "35",
      "team": "Otters",
      "yards": 0,
      "meet": "078",
      "opponent": "Champs"
    },
    {
      "name": "JalenB",
      "stroke": "Butterfly",
      "age": "13-14",
      "gender": "Girls",
      "date": "2012-06-002",
      "time": "38.72",
      "place": "6",
      "team": "Otters",
      "yards": 0,
      "meet": "080",
      "opponent": "Pinehurst"
    },
    {
      "name": "JalenB",
      "stroke": "Breast",
      "age": "13-14",
      "gender": "Girls",
      "date": "2012-06-002",
      "time": "40.30",
      "place": "4",
      "team": "Otters",
      "yards": 0,
      "meet": "080",
      "opponent": "Pinehurst"
    },
    {
      "name": "JalenB",
      "stroke": "Freestyle",
      "age": "13-14",
      "gender": "Girls",
      "date": "2012-06-002",
      "time": "29.94",
      "place": "3",
      "team": "Otters",
      "yards": 0,
      "meet": "080",
      "opponent": "Pinehurst"
    },
    {
      "name": "JalenB",
      "stroke": "Butterfly",
      "age": "13-14",
      "gender": "Girls",
      "date": "2012-06-009",
      "time": "40.59",
      "place": "8",
      "team": "Otters",
      "yards": 0,
      "meet": "081",
      "opponent": "Crossgates"
    },
    {
      "name": "JalenB",
      "stroke": "Breast",
      "age": "13-14",
      "gender": "Girls",
      "date": "2012-06-009",
      "time": "40.81",
      "place": "5",
      "team": "Otters",
      "yards": 0,
      "meet": "081",
      "opponent": "Crossgates"
    },
    {
      "name": "JalenB",
      "stroke": "Freestyle",
      "age": "13-14",
      "gender": "Girls",
      "date": "2012-06-009",
      "time": "30.31",
      "place": "6",
      "team": "Otters",
      "yards": 0,
      "meet": "081",
      "opponent": "Crossgates"
    },
    {
      "name": "JalenB",
      "stroke": "Butterfly",
      "age": "13-14",
      "gender": "Girls",
      "date": "2012-06-16",
      "time": "40.13",
      "place": "8",
      "team": "Otters",
      "yards": 0,
      "meet": "082",
      "opponent": "Almaden"
    },
    {
      "name": "JalenB",
      "stroke": "Breast",
      "age": "13-14",
      "gender": "Girls",
      "date": "2012-06-16",
      "time": "41.29",
      "place": "5",
      "team": "Otters",
      "yards": 0,
      "meet": "082",
      "opponent": "Almaden"
    },
    {
      "name": "JalenB",
      "stroke": "Freestyle",
      "age": "13-14",
      "gender": "Girls",
      "date": "2012-06-16",
      "time": "36.65",
      "place": "17",
      "team": "Otters",
      "yards": 0,
      "meet": "082",
      "opponent": "Almaden"
    },
    {
      "name": "JalenB",
      "stroke": "Butterfly",
      "age": "13-14",
      "gender": "Girls",
      "date": "2012-06-23",
      "time": "40.84",
      "place": "5",
      "team": "Otters",
      "yards": 0,
      "meet": "083",
      "opponent": "Creekside"
    },
    {
      "name": "JalenB",
      "stroke": "Breast",
      "age": "13-14",
      "gender": "Girls",
      "date": "2012-06-23",
      "time": "41.41",
      "place": "4",
      "team": "Otters",
      "yards": 0,
      "meet": "083",
      "opponent": "Creekside"
    },
    {
      "name": "JalenB",
      "stroke": "Freestyle",
      "age": "13-14",
      "gender": "Girls",
      "date": "2012-06-23",
      "time": "30.24",
      "place": "1",
      "team": "Otters",
      "yards": 0,
      "meet": "083",
      "opponent": "Creekside"
    },
    {
      "name": "JalenB",
      "stroke": "Butterfly",
      "age": "13-14",
      "gender": "Girls",
      "date": "2012-06-30",
      "time": "38.78",
      "place": "7",
      "team": "Otters",
      "yards": 0,
      "meet": "084",
      "opponent": "Shadowbrook"
    },
    {
      "name": "JalenB",
      "stroke": "Breast",
      "age": "13-14",
      "gender": "Girls",
      "date": "2012-06-30",
      "time": "40.07",
      "place": "6",
      "team": "Otters",
      "yards": 0,
      "meet": "084",
      "opponent": "Shadowbrook"
    },
    {
      "name": "JalenB",
      "stroke": "Freestyle",
      "age": "13-14",
      "gender": "Girls",
      "date": "2012-06-30",
      "time": "30.65",
      "place": "8",
      "team": "Otters",
      "yards": 0,
      "meet": "084",
      "opponent": "Shadowbrook"
    },
    {
      "name": "JalenB",
      "stroke": "Butterfly",
      "age": "13-14",
      "gender": "Girls",
      "date": "2012-07-14",
      "time": "38.10",
      "place": "31",
      "team": "Otters",
      "yards": 0,
      "meet": "085",
      "opponent": "Champs"
    },
    {
      "name": "JalenB",
      "stroke": "Breast",
      "age": "13-14",
      "gender": "Girls",
      "date": "2012-07-14",
      "time": "40.00",
      "place": "10",
      "team": "Otters",
      "yards": 0,
      "meet": "085",
      "opponent": "Champs"
    },
    {
      "name": "JalenB",
      "stroke": "Freestyle",
      "age": "13-14",
      "gender": "Girls",
      "date": "2012-07-14",
      "time": "29.78",
      "place": "14",
      "team": "Otters",
      "yards": 0,
      "meet": "085",
      "opponent": "Champs"
    },
    {
      "name": "JalenB",
      "stroke": "Butterfly",
      "age": "15-18",
      "gender": "Girls",
      "date": "2013-05-18",
      "time": "35.53",
      "place": "7",
      "team": "Otters",
      "yards": 0,
      "meet": "086",
      "opponent": "Trials"
    },
    {
      "name": "JalenB",
      "stroke": "Back",
      "age": "15-18",
      "gender": "Girls",
      "date": "2013-05-18",
      "time": "35.99",
      "place": "5",
      "team": "Otters",
      "yards": 0,
      "meet": "086",
      "opponent": "Trials"
    },
    {
      "name": "JalenB",
      "stroke": "Breast",
      "age": "15-18",
      "gender": "Girls",
      "date": "2013-05-18",
      "time": "38.88",
      "place": "3",
      "team": "Otters",
      "yards": 0,
      "meet": "086",
      "opponent": "Trials"
    },
    {
      "name": "JalenB",
      "stroke": "Freestyle",
      "age": "15-18",
      "gender": "Girls",
      "date": "2013-05-18",
      "time": "29.41",
      "place": "4",
      "team": "Otters",
      "yards": 0,
      "meet": "086",
      "opponent": "Trials"
    },
    {
      "name": "JalenB",
      "stroke": "Butterfly",
      "age": "15-18",
      "gender": "Girls",
      "date": "2013-06-001",
      "time": "36.73",
      "place": "12",
      "team": "Otters",
      "yards": 0,
      "meet": "087",
      "opponent": "Shadowbrook"
    },
    {
      "name": "JalenB",
      "stroke": "Breast",
      "age": "15-18",
      "gender": "Girls",
      "date": "2013-06-001",
      "time": "39.04",
      "place": "4",
      "team": "Otters",
      "yards": 0,
      "meet": "087",
      "opponent": "Shadowbrook"
    },
    {
      "name": "JalenB",
      "stroke": "Freestyle",
      "age": "15-18",
      "gender": "Girls",
      "date": "2013-06-001",
      "time": "28.54",
      "place": "6",
      "team": "Otters",
      "yards": 0,
      "meet": "087",
      "opponent": "Shadowbrook"
    },
    {
      "name": "JalenB",
      "stroke": "Back",
      "age": "15-18",
      "gender": "Girls",
      "date": "2013-06-008",
      "time": "35.81",
      "place": "2",
      "team": "Otters",
      "yards": 0,
      "meet": "088",
      "opponent": "Pinehurst"
    },
    {
      "name": "JalenB",
      "stroke": "Breast",
      "age": "15-18",
      "gender": "Girls",
      "date": "2013-06-008",
      "time": "39.92",
      "place": "5",
      "team": "Otters",
      "yards": 0,
      "meet": "088",
      "opponent": "Pinehurst"
    },
    {
      "name": "JalenB",
      "stroke": "Freestyle",
      "age": "15-18",
      "gender": "Girls",
      "date": "2013-06-008",
      "time": "28.93",
      "place": "3",
      "team": "Otters",
      "yards": 0,
      "meet": "088",
      "opponent": "Pinehurst"
    },
    {
      "name": "JalenB",
      "stroke": "Back",
      "age": "15-18",
      "gender": "Girls",
      "date": "2013-06-15",
      "time": "36.07",
      "place": "7",
      "team": "Otters",
      "yards": 0,
      "meet": "089",
      "opponent": "Crossgates"
    },
    {
      "name": "JalenB",
      "stroke": "Breast",
      "age": "15-18",
      "gender": "Girls",
      "date": "2013-06-15",
      "time": "39.69",
      "place": "3",
      "team": "Otters",
      "yards": 0,
      "meet": "089",
      "opponent": "Crossgates"
    },
    {
      "name": "JalenB",
      "stroke": "Freestyle",
      "age": "15-18",
      "gender": "Girls",
      "date": "2013-06-15",
      "time": "28.86",
      "place": "5",
      "team": "Otters",
      "yards": 0,
      "meet": "089",
      "opponent": "Crossgates"
    },
    {
      "name": "JalenB",
      "stroke": "Back",
      "age": "15-18",
      "gender": "Girls",
      "date": "2013-06-22",
      "time": "34.47",
      "place": "4",
      "team": "Otters",
      "yards": 0,
      "meet": "090",
      "opponent": "Almaden"
    },
    {
      "name": "JalenB",
      "stroke": "Breast",
      "age": "15-18",
      "gender": "Girls",
      "date": "2013-06-22",
      "time": "38.88",
      "place": "7",
      "team": "Otters",
      "yards": 0,
      "meet": "090",
      "opponent": "Almaden"
    },
    {
      "name": "JalenB",
      "stroke": "Freestyle",
      "age": "15-18",
      "gender": "Girls",
      "date": "2013-06-22",
      "time": "28.13",
      "place": "5",
      "team": "Otters",
      "yards": 0,
      "meet": "090",
      "opponent": "Almaden"
    },
    {
      "name": "JalenB",
      "stroke": "Back",
      "age": "15-18",
      "gender": "Girls",
      "date": "2013-07-13",
      "time": "35.39",
      "place": "16",
      "team": "Otters",
      "yards": 0,
      "meet": "092",
      "opponent": "Almaden"
    },
    {
      "name": "JalenB",
      "stroke": "Breast",
      "age": "15-18",
      "gender": "Girls",
      "date": "2013-07-13",
      "time": "38.89",
      "place": "25",
      "team": "Otters",
      "yards": 0,
      "meet": "092",
      "opponent": "Almaden"
    },
    {
      "name": "JalenB",
      "stroke": "Freestyle",
      "age": "15-18",
      "gender": "Girls",
      "date": "2013-07-13",
      "time": "28.34",
      "place": "24",
      "team": "Otters",
      "yards": 0,
      "meet": "092",
      "opponent": "Almaden"
    },
    {
      "name": "JalenB",
      "stroke": "Butterfly",
      "age": "15-18",
      "gender": "Girls",
      "date": "2014-05-17",
      "time": "33.85",
      "place": "5",
      "team": "Otters",
      "yards": 0,
      "meet": "093",
      "opponent": "Trials"
    },
    {
      "name": "JalenB",
      "stroke": "Back",
      "age": "15-18",
      "gender": "Girls",
      "date": "2014-05-17",
      "time": "34.89",
      "place": "5",
      "team": "Otters",
      "yards": 0,
      "meet": "093",
      "opponent": "Trials"
    },
    {
      "name": "JalenB",
      "stroke": "Freestyle",
      "age": "15-18",
      "gender": "Girls",
      "date": "2014-05-17",
      "time": "28.07",
      "place": "4",
      "team": "Otters",
      "yards": 0,
      "meet": "093",
      "opponent": "Trials"
    },
    {
      "name": "JalenB",
      "stroke": "Butterfly",
      "age": "15-18",
      "gender": "Girls",
      "date": "2014-06-007",
      "time": "33.76",
      "place": "9",
      "team": "Otters",
      "yards": 0,
      "meet": "095",
      "opponent": "Shadowbrook"
    },
    {
      "name": "JalenB",
      "stroke": "Back",
      "age": "15-18",
      "gender": "Girls",
      "date": "2014-06-007",
      "time": "DQ",
      "place": "--",
      "team": "Otters",
      "yards": 0,
      "meet": "095",
      "opponent": "Shadowbrook"
    },
    {
      "name": "JalenB",
      "stroke": "Freestyle",
      "age": "15-18",
      "gender": "Girls",
      "date": "2014-06-007",
      "time": "27.93",
      "place": "10",
      "team": "Otters",
      "yards": 0,
      "meet": "095",
      "opponent": "Shadowbrook"
    },
    {
      "name": "JalenB",
      "stroke": "Butterfly",
      "age": "15-18",
      "gender": "Girls",
      "date": "2014-06-14",
      "time": "33.50",
      "place": "6",
      "team": "Otters",
      "yards": 0,
      "meet": "096",
      "opponent": "Pinehurst"
    },
    {
      "name": "JalenB",
      "stroke": "Back",
      "age": "15-18",
      "gender": "Girls",
      "date": "2014-06-14",
      "time": "35.47",
      "place": "5",
      "team": "Otters",
      "yards": 0,
      "meet": "096",
      "opponent": "Pinehurst"
    },
    {
      "name": "JalenB",
      "stroke": "Freestyle",
      "age": "15-18",
      "gender": "Girls",
      "date": "2014-06-14",
      "time": "28.67",
      "place": "6",
      "team": "Otters",
      "yards": 0,
      "meet": "096",
      "opponent": "Pinehurst"
    },
    {
      "name": "JalenB",
      "stroke": "Butterfly",
      "age": "15-18",
      "gender": "Girls",
      "date": "2014-06-21",
      "time": "33.10",
      "place": "9",
      "team": "Otters",
      "yards": 0,
      "meet": "097",
      "opponent": "Crossgates"
    },
    {
      "name": "JalenB",
      "stroke": "Back",
      "age": "15-18",
      "gender": "Girls",
      "date": "2014-06-21",
      "time": "34.13",
      "place": "6",
      "team": "Otters",
      "yards": 0,
      "meet": "097",
      "opponent": "Crossgates"
    },
    {
      "name": "JalenB",
      "stroke": "Freestyle",
      "age": "15-18",
      "gender": "Girls",
      "date": "2014-06-21",
      "time": "27.59",
      "place": "8",
      "team": "Otters",
      "yards": 0,
      "meet": "097",
      "opponent": "Crossgates"
    },
    {
      "name": "JalenB",
      "stroke": "Back",
      "age": "15-18",
      "gender": "Girls",
      "date": "2014-07-12",
      "time": "34.40",
      "place": "22",
      "team": "Otters",
      "yards": 0,
      "meet": "099",
      "opponent": "Champs"
    },
    {
      "name": "JalenB",
      "stroke": "Freestyle",
      "age": "15-18",
      "gender": "Girls",
      "date": "2014-07-12",
      "time": "27.82",
      "place": "15",
      "team": "Otters",
      "yards": 0,
      "meet": "099",
      "opponent": "Champs"
    },
    {
      "name": "JalenB",
      "stroke": "Back",
      "age": "15-18",
      "gender": "Girls",
      "date": "2015-05-30",
      "time": "35.16",
      "place": "9",
      "team": "Otters",
      "yards": 0,
      "meet": "101",
      "opponent": "Almaden"
    },
    {
      "name": "JalenB",
      "stroke": "Freestyle",
      "age": "15-18",
      "gender": "Girls",
      "date": "2015-05-30",
      "time": "29.06",
      "place": "12",
      "team": "Otters",
      "yards": 0,
      "meet": "101",
      "opponent": "Almaden"
    },
    {
      "name": "JalenB",
      "stroke": "Back",
      "age": "15-18",
      "gender": "Girls",
      "date": "2015-06-006",
      "time": "35.52",
      "place": "8",
      "team": "Otters",
      "yards": 0,
      "meet": "102",
      "opponent": "Creekside"
    },
    {
      "name": "JalenB",
      "stroke": "Freestyle",
      "age": "15-18",
      "gender": "Girls",
      "date": "2015-06-006",
      "time": "28.37",
      "place": "7",
      "team": "Otters",
      "yards": 0,
      "meet": "102",
      "opponent": "Creekside"
    },
    {
      "name": "JalenB",
      "stroke": "Back",
      "age": "15-18",
      "gender": "Girls",
      "date": "2015-06-13",
      "time": "36.70",
      "place": "11",
      "team": "Otters",
      "yards": 0,
      "meet": "103",
      "opponent": "Shadowbrook"
    },
    {
      "name": "JalenB",
      "stroke": "Freestyle",
      "age": "15-18",
      "gender": "Girls",
      "date": "2015-06-13",
      "time": "29.46",
      "place": "10",
      "team": "Otters",
      "yards": 0,
      "meet": "103",
      "opponent": "Shadowbrook"
    },
    {
      "name": "JalenB",
      "stroke": "Back",
      "age": "15-18",
      "gender": "Girls",
      "date": "2015-06-20",
      "time": "35.27",
      "place": "8",
      "team": "Otters",
      "yards": 0,
      "meet": "104",
      "opponent": "Pinehurst"
    },
    {
      "name": "JalenB",
      "stroke": "Freestyle",
      "age": "15-18",
      "gender": "Girls",
      "date": "2015-06-20",
      "time": "28.95",
      "place": "8",
      "team": "Otters",
      "yards": 0,
      "meet": "104",
      "opponent": "Pinehurst"
    },
    {
      "name": "JalenB",
      "stroke": "Back",
      "age": "15-18",
      "gender": "Girls",
      "date": "2015-06-27",
      "time": "33.86",
      "place": "7",
      "team": "Otters",
      "yards": 0,
      "meet": "105",
      "opponent": "Crossgates"
    },
    {
      "name": "JalenB",
      "stroke": "Back",
      "age": "15-18",
      "gender": "Girls",
      "date": "2015-07-11",
      "time": "34.81",
      "place": "18",
      "team": "Otters",
      "yards": 0,
      "meet": "106",
      "opponent": "Champs"
    },
    {
      "name": "JalenB",
      "stroke": "Freestyle",
      "age": "15-18",
      "gender": "Girls",
      "date": "2015-07-11",
      "time": "27.78",
      "place": "19",
      "team": "Otters",
      "yards": 0,
      "meet": "106",
      "opponent": "Champs"
    }
  ]
}