{
  "scores": [
    {
      "name": "JamesG",
      "stroke": "Back",
      "age": "6 & Under",
      "gender": "Boys",
      "date": "2013-05-18",
      "time": "1:06.75",
      "place": "11",
      "team": "Otters",
      "yards": 0,
      "meet": "086",
      "opponent": "Trials"
    },
    {
      "name": "JamesG",
      "stroke": "Freestyle",
      "age": "6 & Under",
      "gender": "Boys",
      "date": "2013-05-18",
      "time": "46.09",
      "place": "6",
      "team": "Otters",
      "yards": 0,
      "meet": "086",
      "opponent": "Trials"
    },
    {
      "name": "JamesG",
      "stroke": "Back",
      "age": "6 & Under",
      "gender": "Boys",
      "date": "2013-06-001",
      "time": "DQ",
      "place": "--",
      "team": "Otters",
      "yards": 0,
      "meet": "087",
      "opponent": "Shadowbrook"
    },
    {
      "name": "JamesG",
      "stroke": "Freestyle",
      "age": "6 & Under",
      "gender": "Boys",
      "date": "2013-06-001",
      "time": "45.54",
      "place": "5",
      "team": "Otters",
      "yards": 0,
      "meet": "087",
      "opponent": "Shadowbrook"
    },
    {
      "name": "JamesG",
      "stroke": "Back",
      "age": "6 & Under",
      "gender": "Boys",
      "date": "2013-06-008",
      "time": "1:29.94",
      "place": "20",
      "team": "Otters",
      "yards": 0,
      "meet": "088",
      "opponent": "Pinehurst"
    },
    {
      "name": "JamesG",
      "stroke": "Freestyle",
      "age": "6 & Under",
      "gender": "Boys",
      "date": "2013-06-008",
      "time": "46.54",
      "place": "13",
      "team": "Otters",
      "yards": 0,
      "meet": "088",
      "opponent": "Pinehurst"
    },
    {
      "name": "JamesG",
      "stroke": "Back",
      "age": "6 & Under",
      "gender": "Boys",
      "date": "2013-06-15",
      "time": "54.70",
      "place": "12",
      "team": "Otters",
      "yards": 0,
      "meet": "089",
      "opponent": "Crossgates"
    },
    {
      "name": "JamesG",
      "stroke": "Freestyle",
      "age": "6 & Under",
      "gender": "Boys",
      "date": "2013-06-15",
      "time": "43.12",
      "place": "15",
      "team": "Otters",
      "yards": 0,
      "meet": "089",
      "opponent": "Crossgates"
    },
    {
      "name": "JamesG",
      "stroke": "Back",
      "age": "6 & Under",
      "gender": "Boys",
      "date": "2013-06-22",
      "time": "49.53",
      "place": "13",
      "team": "Otters",
      "yards": 0,
      "meet": "090",
      "opponent": "Almaden"
    },
    {
      "name": "JamesG",
      "stroke": "Freestyle",
      "age": "6 & Under",
      "gender": "Boys",
      "date": "2013-06-22",
      "time": "43.40",
      "place": "16",
      "team": "Otters",
      "yards": 0,
      "meet": "090",
      "opponent": "Almaden"
    },
    {
      "name": "JamesG",
      "stroke": "Back",
      "age": "6 & Under",
      "gender": "Boys",
      "date": "2013-06-29",
      "time": "41.16",
      "place": "8",
      "team": "Otters",
      "yards": 0,
      "meet": "091",
      "opponent": "Creekside"
    },
    {
      "name": "JamesG",
      "stroke": "Freestyle",
      "age": "6 & Under",
      "gender": "Boys",
      "date": "2013-06-29",
      "time": "36.64",
      "place": "6",
      "team": "Otters",
      "yards": 0,
      "meet": "091",
      "opponent": "Creekside"
    },
    {
      "name": "JamesG",
      "stroke": "Back",
      "age": "6 & Under",
      "gender": "Boys",
      "date": "2013-07-13",
      "time": "45.81",
      "place": "28",
      "team": "Otters",
      "yards": 0,
      "meet": "092",
      "opponent": "Almaden"
    },
    {
      "name": "JamesG",
      "stroke": "Freestyle",
      "age": "6 & Under",
      "gender": "Boys",
      "date": "2013-07-13",
      "time": "36.40",
      "place": "28",
      "team": "Otters",
      "yards": 0,
      "meet": "092",
      "opponent": "Almaden"
    },
    {
      "name": "JamesG",
      "stroke": "Butterfly",
      "age": "8 & Under",
      "gender": "Boys",
      "date": "2014-05-17",
      "time": "45.19",
      "place": "10",
      "team": "Otters",
      "yards": 0,
      "meet": "093",
      "opponent": "Trials"
    },
    {
      "name": "JamesG",
      "stroke": "Back",
      "age": "7-8",
      "gender": "Boys",
      "date": "2014-05-17",
      "time": "32.83",
      "place": "4",
      "team": "Otters",
      "yards": 0,
      "meet": "093",
      "opponent": "Trials"
    },
    {
      "name": "JamesG",
      "stroke": "Breast",
      "age": "8 & Under",
      "gender": "Boys",
      "date": "2014-05-17",
      "time": "55.83",
      "place": "11",
      "team": "Otters",
      "yards": 0,
      "meet": "093",
      "opponent": "Trials"
    },
    {
      "name": "JamesG",
      "stroke": "Freestyle",
      "age": "7-8",
      "gender": "Boys",
      "date": "2014-05-17",
      "time": "34.90",
      "place": "14",
      "team": "Otters",
      "yards": 0,
      "meet": "093",
      "opponent": "Trials"
    },
    {
      "name": "JamesG",
      "stroke": "Butterfly",
      "age": "8 & Under",
      "gender": "Boys",
      "date": "2014-06-007",
      "time": "DQ",
      "place": "--",
      "team": "Otters",
      "yards": 0,
      "meet": "095",
      "opponent": "Shadowbrook"
    },
    {
      "name": "JamesG",
      "stroke": "Back",
      "age": "7-8",
      "gender": "Boys",
      "date": "2014-06-007",
      "time": "32.77",
      "place": "13",
      "team": "Otters",
      "yards": 0,
      "meet": "095",
      "opponent": "Shadowbrook"
    },
    {
      "name": "JamesG",
      "stroke": "Freestyle",
      "age": "7-8",
      "gender": "Boys",
      "date": "2014-06-007",
      "time": "32.62",
      "place": "22",
      "team": "Otters",
      "yards": 0,
      "meet": "095",
      "opponent": "Shadowbrook"
    },
    {
      "name": "JamesG",
      "stroke": "Butterfly",
      "age": "8 & Under",
      "gender": "Boys",
      "date": "2014-06-21",
      "time": "52.59",
      "place": "7",
      "team": "Otters",
      "yards": 0,
      "meet": "097",
      "opponent": "Crossgates"
    },
    {
      "name": "JamesG",
      "stroke": "Back",
      "age": "7-8",
      "gender": "Boys",
      "date": "2014-06-21",
      "time": "32.40",
      "place": "14",
      "team": "Otters",
      "yards": 0,
      "meet": "097",
      "opponent": "Crossgates"
    },
    {
      "name": "JamesG",
      "stroke": "Freestyle",
      "age": "7-8",
      "gender": "Boys",
      "date": "2014-06-21",
      "time": "30.72",
      "place": "23",
      "team": "Otters",
      "yards": 0,
      "meet": "097",
      "opponent": "Crossgates"
    },
    {
      "name": "JamesG",
      "stroke": "Butterfly",
      "age": "8 & Under",
      "gender": "Boys",
      "date": "2014-06-28",
      "time": "DQ",
      "place": "--",
      "team": "Otters",
      "yards": 0,
      "meet": "098",
      "opponent": "Almaden"
    },
    {
      "name": "JamesG",
      "stroke": "Back",
      "age": "7-8",
      "gender": "Boys",
      "date": "2014-06-28",
      "time": "34.41",
      "place": "18",
      "team": "Otters",
      "yards": 0,
      "meet": "098",
      "opponent": "Almaden"
    },
    {
      "name": "JamesG",
      "stroke": "Freestyle",
      "age": "7-8",
      "gender": "Boys",
      "date": "2014-06-28",
      "time": "29.94",
      "place": "30",
      "team": "Otters",
      "yards": 0,
      "meet": "098",
      "opponent": "Almaden"
    },
    {
      "name": "JamesG",
      "stroke": "Butterfly",
      "age": "8 & Under",
      "gender": "Boys",
      "date": "2014-07-12",
      "time": "DQ",
      "place": "--",
      "team": "Otters",
      "yards": 0,
      "meet": "099",
      "opponent": "Champs"
    },
    {
      "name": "JamesG",
      "stroke": "Back",
      "age": "7-8",
      "gender": "Boys",
      "date": "2014-07-12",
      "time": "44.00",
      "place": "63",
      "team": "Otters",
      "yards": 0,
      "meet": "099",
      "opponent": "Champs"
    },
    {
      "name": "JamesG",
      "stroke": "Freestyle",
      "age": "7-8",
      "gender": "Boys",
      "date": "2014-07-12",
      "time": "26.18",
      "place": "58",
      "team": "Otters",
      "yards": 0,
      "meet": "099",
      "opponent": "Champs"
    },
    {
      "name": "JamesG",
      "stroke": "Butterfly",
      "age": "7-8",
      "gender": "Boys",
      "date": "2015-05-31",
      "time": "37.62",
      "place": "9",
      "team": "Otters",
      "yards": 0,
      "meet": "100",
      "opponent": "Trials"
    },
    {
      "name": "JamesG",
      "stroke": "Back",
      "age": "7-8",
      "gender": "Boys",
      "date": "2015-05-31",
      "time": "32.46",
      "place": "10",
      "team": "Otters",
      "yards": 0,
      "meet": "100",
      "opponent": "Trials"
    },
    {
      "name": "JamesG",
      "stroke": "Breast",
      "age": "7-8",
      "gender": "Boys",
      "date": "2015-05-31",
      "time": "33.37",
      "place": "3",
      "team": "Otters",
      "yards": 0,
      "meet": "100",
      "opponent": "Trials"
    },
    {
      "name": "JamesG",
      "stroke": "Freestyle",
      "age": "7-8",
      "gender": "Boys",
      "date": "2015-05-31",
      "time": "23.85",
      "place": "4",
      "team": "Otters",
      "yards": 0,
      "meet": "100",
      "opponent": "Trials"
    },
    {
      "name": "JamesG",
      "stroke": "Butterfly",
      "age": "8 & Under",
      "gender": "Boys",
      "date": "2015-05-30",
      "time": "38.59",
      "place": "11",
      "team": "Otters",
      "yards": 0,
      "meet": "101",
      "opponent": "Almaden"
    },
    {
      "name": "JamesG",
      "stroke": "Back",
      "age": "7-8",
      "gender": "Boys",
      "date": "2015-05-30",
      "time": "33.60",
      "place": "19",
      "team": "Otters",
      "yards": 0,
      "meet": "101",
      "opponent": "Almaden"
    },
    {
      "name": "JamesG",
      "stroke": "Freestyle",
      "age": "7-8",
      "gender": "Boys",
      "date": "2015-05-30",
      "time": "23.35",
      "place": "14",
      "team": "Otters",
      "yards": 0,
      "meet": "101",
      "opponent": "Almaden"
    },
    {
      "name": "JamesG",
      "stroke": "Freestyle",
      "age": "7-8",
      "gender": "Boys",
      "date": "2015-06-006",
      "time": "24.80",
      "place": "7",
      "team": "Otters",
      "yards": 0,
      "meet": "102",
      "opponent": "Creekside"
    },
    {
      "name": "JamesG",
      "stroke": "Butterfly",
      "age": "8 & Under",
      "gender": "Boys",
      "date": "2015-06-13",
      "time": "DQ",
      "place": "--",
      "team": "Otters",
      "yards": 0,
      "meet": "103",
      "opponent": "Shadowbrook"
    },
    {
      "name": "JamesG",
      "stroke": "Back",
      "age": "7-8",
      "gender": "Boys",
      "date": "2015-06-13",
      "time": "34.31",
      "place": "19",
      "team": "Otters",
      "yards": 0,
      "meet": "103",
      "opponent": "Shadowbrook"
    },
    {
      "name": "JamesG",
      "stroke": "Freestyle",
      "age": "7-8",
      "gender": "Boys",
      "date": "2015-06-13",
      "time": "23.62",
      "place": "10",
      "team": "Otters",
      "yards": 0,
      "meet": "103",
      "opponent": "Shadowbrook"
    },
    {
      "name": "JamesG",
      "stroke": "Back",
      "age": "7-8",
      "gender": "Boys",
      "date": "2015-06-20",
      "time": "37.25",
      "place": "19",
      "team": "Otters",
      "yards": 0,
      "meet": "104",
      "opponent": "Pinehurst"
    },
    {
      "name": "JamesG",
      "stroke": "Breast",
      "age": "8 & Under",
      "gender": "Boys",
      "date": "2015-06-20",
      "time": "33.95",
      "place": "4",
      "team": "Otters",
      "yards": 0,
      "meet": "104",
      "opponent": "Pinehurst"
    },
    {
      "name": "JamesG",
      "stroke": "Freestyle",
      "age": "7-8",
      "gender": "Boys",
      "date": "2015-06-20",
      "time": "24.14",
      "place": "15",
      "team": "Otters",
      "yards": 0,
      "meet": "104",
      "opponent": "Pinehurst"
    },
    {
      "name": "JamesG",
      "stroke": "Back",
      "age": "7-8",
      "gender": "Boys",
      "date": "2015-06-27",
      "time": "29.96",
      "place": "8",
      "team": "Otters",
      "yards": 0,
      "meet": "105",
      "opponent": "Crossgates"
    },
    {
      "name": "JamesG",
      "stroke": "Breast",
      "age": "8 & Under",
      "gender": "Boys",
      "date": "2015-06-27",
      "time": "DQ",
      "place": "--",
      "team": "Otters",
      "yards": 0,
      "meet": "105",
      "opponent": "Crossgates"
    },
    {
      "name": "JamesG",
      "stroke": "Freestyle",
      "age": "7-8",
      "gender": "Boys",
      "date": "2015-06-27",
      "time": "23.64",
      "place": "12",
      "team": "Otters",
      "yards": 0,
      "meet": "105",
      "opponent": "Crossgates"
    },
    {
      "name": "JamesG",
      "stroke": "Back",
      "age": "7-8",
      "gender": "Boys",
      "date": "2015-07-11",
      "time": "34.94",
      "place": "59",
      "team": "Otters",
      "yards": 0,
      "meet": "106",
      "opponent": "Champs"
    },
    {
      "name": "JamesG",
      "stroke": "Breast",
      "age": "8 & Under",
      "gender": "Boys",
      "date": "2015-07-11",
      "time": "DQ",
      "place": "--",
      "team": "Otters",
      "yards": 0,
      "meet": "106",
      "opponent": "Champs"
    },
    {
      "name": "JamesG",
      "stroke": "Freestyle",
      "age": "7-8",
      "gender": "Boys",
      "date": "2015-07-11",
      "time": "24.69",
      "place": "52",
      "team": "Otters",
      "yards": 0,
      "meet": "106",
      "opponent": "Champs"
    },
    {
      "name": "JamesG",
      "stroke": "Butterfly",
      "age": "9-10",
      "gender": "Boys",
      "date": "2016-05-20",
      "time": "37.34",
      "place": "13",
      "team": "Otters",
      "yards": 0,
      "meet": "107",
      "opponent": "Trials"
    },
    {
      "name": "JamesG",
      "stroke": "Back",
      "age": "9-10",
      "gender": "Boys",
      "date": "2016-05-20",
      "time": "31.64",
      "place": "13",
      "team": "Otters",
      "yards": 0,
      "meet": "107",
      "opponent": "Trials"
    },
    {
      "name": "JamesG",
      "stroke": "Breast",
      "age": "9-10",
      "gender": "Boys",
      "date": "2016-05-20",
      "time": "35.84",
      "place": "10",
      "team": "Otters",
      "yards": 0,
      "meet": "107",
      "opponent": "Trials"
    },
    {
      "name": "JamesG",
      "stroke": "Freestyle",
      "age": "9-10",
      "gender": "Boys",
      "date": "2016-05-20",
      "time": "21.59",
      "place": "10",
      "team": "Otters",
      "yards": 0,
      "meet": "107",
      "opponent": "Trials"
    }
  ]
}