{
  "scores": [
    {
      "name": "JamieM",
      "stroke": "Butterfly",
      "age": "8 & Under",
      "gender": "Girls",
      "date": "2004-05-20",
      "time": "33.49",
      "place": "9",
      "team": "Otters",
      "yards": 0,
      "meet": "023",
      "opponent": "Trials"
    },
    {
      "name": "JamieM",
      "stroke": "Back",
      "age": "7-8",
      "gender": "Girls",
      "date": "2004-05-20",
      "time": "29.29",
      "place": "7",
      "team": "Otters",
      "yards": 0,
      "meet": "023",
      "opponent": "Trials"
    },
    {
      "name": "JamieM",
      "stroke": "Breast",
      "age": "8 & Under",
      "gender": "Girls",
      "date": "2004-05-20",
      "time": "43.31",
      "place": "12",
      "team": "Otters",
      "yards": 0,
      "meet": "023",
      "opponent": "Trials"
    },
    {
      "name": "JamieM",
      "stroke": "Freestyle",
      "age": "7-8",
      "gender": "Girls",
      "date": "2004-05-20",
      "time": "31.43",
      "place": "12",
      "team": "Otters",
      "yards": 0,
      "meet": "023",
      "opponent": "Trials"
    },
    {
      "name": "JamieM",
      "stroke": "Back",
      "age": "7-8",
      "gender": "Girls",
      "date": "2004-06-005",
      "time": "30.62",
      "place": "14",
      "team": "Otters",
      "yards": 0,
      "meet": "024",
      "opponent": "Creekside"
    },
    {
      "name": "JamieM",
      "stroke": "Breast",
      "age": "8 & Under",
      "gender": "Girls",
      "date": "2004-06-005",
      "time": "DQ",
      "place": "--",
      "team": "Otters",
      "yards": 0,
      "meet": "024",
      "opponent": "Creekside"
    },
    {
      "name": "JamieM",
      "stroke": "Freestyle",
      "age": "7-8",
      "gender": "Girls",
      "date": "2004-06-005",
      "time": "28.38",
      "place": "18",
      "team": "Otters",
      "yards": 0,
      "meet": "024",
      "opponent": "Creekside"
    },
    {
      "name": "JamieM",
      "stroke": "Butterfly",
      "age": "8 & Under",
      "gender": "Girls",
      "date": "2004-06-19",
      "time": "DQ",
      "place": "--",
      "team": "Otters",
      "yards": 0,
      "meet": "026",
      "opponent": "Pinehurst"
    },
    {
      "name": "JamieM",
      "stroke": "Freestyle",
      "age": "7-8",
      "gender": "Girls",
      "date": "2004-06-19",
      "time": "33.78",
      "place": "14",
      "team": "Otters",
      "yards": 0,
      "meet": "026",
      "opponent": "Pinehurst"
    },
    {
      "name": "JamieM",
      "stroke": "Butterfly",
      "age": "8 & Under",
      "gender": "Girls",
      "date": "2004-06-26",
      "time": "37.84",
      "place": "11",
      "team": "Otters",
      "yards": 0,
      "meet": "027",
      "opponent": "Crossgates"
    },
    {
      "name": "JamieM",
      "stroke": "Back",
      "age": "7-8",
      "gender": "Girls",
      "date": "2004-06-26",
      "time": "30.33",
      "place": "13",
      "team": "Otters",
      "yards": 0,
      "meet": "027",
      "opponent": "Crossgates"
    },
    {
      "name": "JamieM",
      "stroke": "Freestyle",
      "age": "7-8",
      "gender": "Girls",
      "date": "2004-06-26",
      "time": "28.17",
      "place": "23",
      "team": "Otters",
      "yards": 0,
      "meet": "027",
      "opponent": "Crossgates"
    },
    {
      "name": "JamieM",
      "stroke": "Butterfly",
      "age": "8 & Under",
      "gender": "Girls",
      "date": "2004-07-10",
      "time": "36.15",
      "place": "14",
      "team": "Otters",
      "yards": 0,
      "meet": "028",
      "opponent": "Almaden"
    },
    {
      "name": "JamieM",
      "stroke": "Back",
      "age": "7-8",
      "gender": "Girls",
      "date": "2004-07-10",
      "time": "DQ",
      "place": "--",
      "team": "Otters",
      "yards": 0,
      "meet": "028",
      "opponent": "Almaden"
    },
    {
      "name": "JamieM",
      "stroke": "Freestyle",
      "age": "7-8",
      "gender": "Girls",
      "date": "2004-07-10",
      "time": "26.87",
      "place": "25",
      "team": "Otters",
      "yards": 0,
      "meet": "028",
      "opponent": "Almaden"
    },
    {
      "name": "JamieM",
      "stroke": "Butterfly",
      "age": "8 & Under",
      "gender": "Girls",
      "date": "2004-07-17",
      "time": "DQ",
      "place": "--",
      "team": "Otters",
      "yards": 0,
      "meet": "029",
      "opponent": "Champs"
    },
    {
      "name": "JamieM",
      "stroke": "Back",
      "age": "7-8",
      "gender": "Girls",
      "date": "2004-07-17",
      "time": "29.22",
      "place": "36",
      "team": "Otters",
      "yards": 0,
      "meet": "029",
      "opponent": "Champs"
    },
    {
      "name": "JamieM",
      "stroke": "Freestyle",
      "age": "7-8",
      "gender": "Girls",
      "date": "2004-07-17",
      "time": "29.68",
      "place": "64",
      "team": "Otters",
      "yards": 0,
      "meet": "029",
      "opponent": "Champs"
    },
    {
      "name": "JamieM",
      "stroke": "Back",
      "age": "7-8",
      "gender": "Girls",
      "date": "2005-06-004",
      "time": "29.37",
      "place": "6",
      "team": "Otters",
      "yards": 0,
      "meet": "031",
      "opponent": "Almaden"
    },
    {
      "name": "JamieM",
      "stroke": "Breast",
      "age": "8 & Under",
      "gender": "Girls",
      "date": "2005-06-004",
      "time": "34.52",
      "place": "7",
      "team": "Otters",
      "yards": 0,
      "meet": "031",
      "opponent": "Almaden"
    },
    {
      "name": "JamieM",
      "stroke": "Freestyle",
      "age": "7-8",
      "gender": "Girls",
      "date": "2005-06-004",
      "time": "24.91",
      "place": "11",
      "team": "Otters",
      "yards": 0,
      "meet": "031",
      "opponent": "Almaden"
    },
    {
      "name": "JamieM",
      "stroke": "Back",
      "age": "7-8",
      "gender": "Girls",
      "date": "2005-06-11",
      "time": "27.53",
      "place": "9",
      "team": "Otters",
      "yards": 0,
      "meet": "032",
      "opponent": "Creekside"
    },
    {
      "name": "JamieM",
      "stroke": "Breast",
      "age": "8 & Under",
      "gender": "Girls",
      "date": "2005-06-11",
      "time": "36.18",
      "place": "7",
      "team": "Otters",
      "yards": 0,
      "meet": "032",
      "opponent": "Creekside"
    },
    {
      "name": "JamieM",
      "stroke": "Freestyle",
      "age": "7-8",
      "gender": "Girls",
      "date": "2005-06-11",
      "time": "26.06",
      "place": "15",
      "team": "Otters",
      "yards": 0,
      "meet": "032",
      "opponent": "Creekside"
    },
    {
      "name": "JamieM",
      "stroke": "Back",
      "age": "7-8",
      "gender": "Girls",
      "date": "2005-06-18",
      "time": "26.78",
      "place": "6",
      "team": "Otters",
      "yards": 0,
      "meet": "033",
      "opponent": "Shadowbrook"
    },
    {
      "name": "JamieM",
      "stroke": "Breast",
      "age": "8 & Under",
      "gender": "Girls",
      "date": "2005-06-18",
      "time": "35.47",
      "place": "10",
      "team": "Otters",
      "yards": 0,
      "meet": "033",
      "opponent": "Shadowbrook"
    },
    {
      "name": "JamieM",
      "stroke": "Freestyle",
      "age": "7-8",
      "gender": "Girls",
      "date": "2005-06-18",
      "time": "26.13",
      "place": "19",
      "team": "Otters",
      "yards": 0,
      "meet": "033",
      "opponent": "Shadowbrook"
    },
    {
      "name": "JamieM",
      "stroke": "Back",
      "age": "7-8",
      "gender": "Girls",
      "date": "2005-06-25",
      "time": "28.28",
      "place": "10",
      "team": "Otters",
      "yards": 0,
      "meet": "034",
      "opponent": "Pinehurst"
    },
    {
      "name": "JamieM",
      "stroke": "Breast",
      "age": "8 & Under",
      "gender": "Girls",
      "date": "2005-06-25",
      "time": "34.65",
      "place": "7",
      "team": "Otters",
      "yards": 0,
      "meet": "034",
      "opponent": "Pinehurst"
    },
    {
      "name": "JamieM",
      "stroke": "Freestyle",
      "age": "7-8",
      "gender": "Girls",
      "date": "2005-06-25",
      "time": "24.53",
      "place": "17",
      "team": "Otters",
      "yards": 0,
      "meet": "034",
      "opponent": "Pinehurst"
    },
    {
      "name": "JamieM",
      "stroke": "Back",
      "age": "7-8",
      "gender": "Girls",
      "date": "2005-07-009",
      "time": "28.30",
      "place": "16",
      "team": "Otters",
      "yards": 0,
      "meet": "035",
      "opponent": "Crossgates"
    },
    {
      "name": "JamieM",
      "stroke": "Breast",
      "age": "8 & Under",
      "gender": "Girls",
      "date": "2005-07-009",
      "time": "31.03",
      "place": "10",
      "team": "Otters",
      "yards": 0,
      "meet": "035",
      "opponent": "Crossgates"
    },
    {
      "name": "JamieM",
      "stroke": "Freestyle",
      "age": "7-8",
      "gender": "Girls",
      "date": "2005-07-009",
      "time": "23.71",
      "place": "21",
      "team": "Otters",
      "yards": 0,
      "meet": "035",
      "opponent": "Crossgates"
    },
    {
      "name": "JamieM",
      "stroke": "Back",
      "age": "7-8",
      "gender": "Girls",
      "date": "2005-07-16",
      "time": "27.84",
      "place": "33",
      "team": "Otters",
      "yards": 0,
      "meet": "036",
      "opponent": "Champs"
    },
    {
      "name": "JamieM",
      "stroke": "Breast",
      "age": "8 & Under",
      "gender": "Girls",
      "date": "2005-07-16",
      "time": "31.41",
      "place": "28",
      "team": "Otters",
      "yards": 0,
      "meet": "036",
      "opponent": "Champs"
    },
    {
      "name": "JamieM",
      "stroke": "Freestyle",
      "age": "7-8",
      "gender": "Girls",
      "date": "2005-07-16",
      "time": "23.99",
      "place": "49",
      "team": "Otters",
      "yards": 0,
      "meet": "036",
      "opponent": "Champs"
    },
    {
      "name": "JamieM",
      "stroke": "Butterfly",
      "age": "9-10",
      "gender": "Girls",
      "date": "2006-05-20",
      "time": "34.58",
      "place": "17",
      "team": "Otters",
      "yards": 0,
      "meet": "037",
      "opponent": "Trials"
    },
    {
      "name": "JamieM",
      "stroke": "Back",
      "age": "9-10",
      "gender": "Girls",
      "date": "2006-05-20",
      "time": "27.44",
      "place": "14",
      "team": "Otters",
      "yards": 0,
      "meet": "037",
      "opponent": "Trials"
    },
    {
      "name": "JamieM",
      "stroke": "Breast",
      "age": "9-10",
      "gender": "Girls",
      "date": "2006-05-20",
      "time": "33.33",
      "place": "16",
      "team": "Otters",
      "yards": 0,
      "meet": "037",
      "opponent": "Trials"
    },
    {
      "name": "JamieM",
      "stroke": "Freestyle",
      "age": "9-10",
      "gender": "Girls",
      "date": "2006-05-20",
      "time": "25.00",
      "place": "17",
      "team": "Otters",
      "yards": 0,
      "meet": "037",
      "opponent": "Trials"
    },
    {
      "name": "JamieM",
      "stroke": "Back",
      "age": "9-10",
      "gender": "Girls",
      "date": "2006-06-003",
      "time": "28.19",
      "place": "20",
      "team": "Otters",
      "yards": 0,
      "meet": "038",
      "opponent": "Crossgates"
    },
    {
      "name": "JamieM",
      "stroke": "Breast",
      "age": "9-10",
      "gender": "Girls",
      "date": "2006-06-003",
      "time": "29.50",
      "place": "20",
      "team": "Otters",
      "yards": 0,
      "meet": "038",
      "opponent": "Crossgates"
    },
    {
      "name": "JamieM",
      "stroke": "Freestyle",
      "age": "9-10",
      "gender": "Girls",
      "date": "2006-06-003",
      "time": "23.25",
      "place": "29",
      "team": "Otters",
      "yards": 0,
      "meet": "038",
      "opponent": "Crossgates"
    },
    {
      "name": "JamieM",
      "stroke": "Back",
      "age": "9-10",
      "gender": "Girls",
      "date": "2006-06-10",
      "time": "25.07",
      "place": "12",
      "team": "Otters",
      "yards": 0,
      "meet": "039",
      "opponent": "Almaden"
    },
    {
      "name": "JamieM",
      "stroke": "Breast",
      "age": "9-10",
      "gender": "Girls",
      "date": "2006-06-10",
      "time": "28.40",
      "place": "14",
      "team": "Otters",
      "yards": 0,
      "meet": "039",
      "opponent": "Almaden"
    },
    {
      "name": "JamieM",
      "stroke": "Freestyle",
      "age": "9-10",
      "gender": "Girls",
      "date": "2006-06-10",
      "time": "21.65",
      "place": "20",
      "team": "Otters",
      "yards": 0,
      "meet": "039",
      "opponent": "Almaden"
    },
    {
      "name": "JamieM",
      "stroke": "Freestyle",
      "age": "9-10",
      "gender": "Girls",
      "date": "2006-06-17",
      "time": "20.62",
      "place": "26",
      "team": "Otters",
      "yards": 0,
      "meet": "040",
      "opponent": "Creekside"
    },
    {
      "name": "JamieM",
      "stroke": "Back",
      "age": "9-10",
      "gender": "Girls",
      "date": "2006-06-24",
      "time": "24.69",
      "place": "9",
      "team": "Otters",
      "yards": 0,
      "meet": "041",
      "opponent": "Shadowbrook"
    },
    {
      "name": "JamieM",
      "stroke": "Breast",
      "age": "9-10",
      "gender": "Girls",
      "date": "2006-06-24",
      "time": "26.19",
      "place": "15",
      "team": "Otters",
      "yards": 0,
      "meet": "041",
      "opponent": "Shadowbrook"
    },
    {
      "name": "JamieM",
      "stroke": "Freestyle",
      "age": "9-10",
      "gender": "Girls",
      "date": "2006-06-24",
      "time": "21.24",
      "place": "24",
      "team": "Otters",
      "yards": 0,
      "meet": "041",
      "opponent": "Shadowbrook"
    },
    {
      "name": "JamieM",
      "stroke": "Back",
      "age": "9-10",
      "gender": "Girls",
      "date": "2006-07-008",
      "time": "25.85",
      "place": "11",
      "team": "Otters",
      "yards": 0,
      "meet": "042",
      "opponent": "Pinehurst"
    },
    {
      "name": "JamieM",
      "stroke": "Breast",
      "age": "9-10",
      "gender": "Girls",
      "date": "2006-07-008",
      "time": "27.29",
      "place": "11",
      "team": "Otters",
      "yards": 0,
      "meet": "042",
      "opponent": "Pinehurst"
    },
    {
      "name": "JamieM",
      "stroke": "Freestyle",
      "age": "9-10",
      "gender": "Girls",
      "date": "2006-07-008",
      "time": "20.97",
      "place": "18",
      "team": "Otters",
      "yards": 0,
      "meet": "042",
      "opponent": "Pinehurst"
    },
    {
      "name": "JamieM",
      "stroke": "Back",
      "age": "9-10",
      "gender": "Girls",
      "date": "2006-07-15",
      "time": "26.38",
      "place": "65",
      "team": "Otters",
      "yards": 0,
      "meet": "043",
      "opponent": "Champs"
    },
    {
      "name": "JamieM",
      "stroke": "Breast",
      "age": "9-10",
      "gender": "Girls",
      "date": "2006-07-15",
      "time": "27.43",
      "place": "46",
      "team": "Otters",
      "yards": 0,
      "meet": "043",
      "opponent": "Champs"
    },
    {
      "name": "JamieM",
      "stroke": "Freestyle",
      "age": "9-10",
      "gender": "Girls",
      "date": "2006-07-15",
      "time": "22.57",
      "place": "85",
      "team": "Otters",
      "yards": 0,
      "meet": "043",
      "opponent": "Champs"
    },
    {
      "name": "JamieM",
      "stroke": "Butterfly",
      "age": "9-10",
      "gender": "Girls",
      "date": "2007-06-002",
      "time": "25.63",
      "place": "12",
      "team": "Otters",
      "yards": 0,
      "meet": "044",
      "opponent": "Trials"
    },
    {
      "name": "JamieM",
      "stroke": "Back",
      "age": "9-10",
      "gender": "Girls",
      "date": "2007-06-002",
      "time": "25.43",
      "place": "11",
      "team": "Otters",
      "yards": 0,
      "meet": "044",
      "opponent": "Trials"
    },
    {
      "name": "JamieM",
      "stroke": "Breast",
      "age": "9-10",
      "gender": "Girls",
      "date": "2007-06-002",
      "time": "27.09",
      "place": "9",
      "team": "Otters",
      "yards": 0,
      "meet": "044",
      "opponent": "Trials"
    },
    {
      "name": "JamieM",
      "stroke": "Freestyle",
      "age": "9-10",
      "gender": "Girls",
      "date": "2007-06-002",
      "time": "22.42",
      "place": "15",
      "team": "Otters",
      "yards": 0,
      "meet": "044",
      "opponent": "Trials"
    },
    {
      "name": "JamieM",
      "stroke": "Back",
      "age": "9-10",
      "gender": "Girls",
      "date": "2007-06-009",
      "time": "23.56",
      "place": "6",
      "team": "Otters",
      "yards": 0,
      "meet": "045",
      "opponent": "Pinehurst"
    },
    {
      "name": "JamieM",
      "stroke": "Breast",
      "age": "9-10",
      "gender": "Girls",
      "date": "2007-06-009",
      "time": "25.29",
      "place": "7",
      "team": "Otters",
      "yards": 0,
      "meet": "045",
      "opponent": "Pinehurst"
    },
    {
      "name": "JamieM",
      "stroke": "Freestyle",
      "age": "9-10",
      "gender": "Girls",
      "date": "2007-06-009",
      "time": "21.53",
      "place": "14",
      "team": "Otters",
      "yards": 0,
      "meet": "045",
      "opponent": "Pinehurst"
    },
    {
      "name": "JamieM",
      "stroke": "Back",
      "age": "9-10",
      "gender": "Girls",
      "date": "2007-06-16",
      "time": "24.06",
      "place": "12",
      "team": "Otters",
      "yards": 0,
      "meet": "046",
      "opponent": "Crossgates"
    },
    {
      "name": "JamieM",
      "stroke": "Breast",
      "age": "9-10",
      "gender": "Girls",
      "date": "2007-06-16",
      "time": "26.57",
      "place": "9",
      "team": "Otters",
      "yards": 0,
      "meet": "046",
      "opponent": "Crossgates"
    },
    {
      "name": "JamieM",
      "stroke": "Freestyle",
      "age": "9-10",
      "gender": "Girls",
      "date": "2007-06-16",
      "time": "20.69",
      "place": "21",
      "team": "Otters",
      "yards": 0,
      "meet": "046",
      "opponent": "Crossgates"
    },
    {
      "name": "JamieM",
      "stroke": "Back",
      "age": "9-10",
      "gender": "Girls",
      "date": "2007-06-23",
      "time": "24.73",
      "place": "6",
      "team": "Otters",
      "yards": 0,
      "meet": "047",
      "opponent": "Almaden"
    },
    {
      "name": "JamieM",
      "stroke": "Breast",
      "age": "9-10",
      "gender": "Girls",
      "date": "2007-06-23",
      "time": "25.90",
      "place": "6",
      "team": "Otters",
      "yards": 0,
      "meet": "047",
      "opponent": "Almaden"
    },
    {
      "name": "JamieM",
      "stroke": "Freestyle",
      "age": "9-10",
      "gender": "Girls",
      "date": "2007-06-23",
      "time": "21.19",
      "place": "12",
      "team": "Otters",
      "yards": 0,
      "meet": "047",
      "opponent": "Almaden"
    },
    {
      "name": "JamieM",
      "stroke": "Butterfly",
      "age": "9-10",
      "gender": "Girls",
      "date": "2007-06-30",
      "time": "23.80",
      "place": "11",
      "team": "Otters",
      "yards": 0,
      "meet": "048",
      "opponent": "Creekside"
    },
    {
      "name": "JamieM",
      "stroke": "Breast",
      "age": "9-10",
      "gender": "Girls",
      "date": "2007-06-30",
      "time": "23.53",
      "place": "4",
      "team": "Otters",
      "yards": 0,
      "meet": "048",
      "opponent": "Creekside"
    },
    {
      "name": "JamieM",
      "stroke": "Freestyle",
      "age": "9-10",
      "gender": "Girls",
      "date": "2007-06-30",
      "time": "20.12",
      "place": "15",
      "team": "Otters",
      "yards": 0,
      "meet": "048",
      "opponent": "Creekside"
    },
    {
      "name": "JamieM",
      "stroke": "Butterfly",
      "age": "9-10",
      "gender": "Girls",
      "date": "2007-07-007",
      "time": "25.59",
      "place": "15",
      "team": "Otters",
      "yards": 0,
      "meet": "049",
      "opponent": "Shadowbrook"
    },
    {
      "name": "JamieM",
      "stroke": "Breast",
      "age": "9-10",
      "gender": "Girls",
      "date": "2007-07-007",
      "time": "24.73",
      "place": "9",
      "team": "Otters",
      "yards": 0,
      "meet": "049",
      "opponent": "Shadowbrook"
    },
    {
      "name": "JamieM",
      "stroke": "Freestyle",
      "age": "9-10",
      "gender": "Girls",
      "date": "2007-07-007",
      "time": "19.63",
      "place": "17",
      "team": "Otters",
      "yards": 0,
      "meet": "049",
      "opponent": "Shadowbrook"
    },
    {
      "name": "JamieM",
      "stroke": "Butterfly",
      "age": "9-10",
      "gender": "Girls",
      "date": "2007-07-14",
      "time": "23.22",
      "place": "32",
      "team": "Otters",
      "yards": 0,
      "meet": "050",
      "opponent": "Champs"
    },
    {
      "name": "JamieM",
      "stroke": "Breast",
      "age": "9-10",
      "gender": "Girls",
      "date": "2007-07-14",
      "time": "25.50",
      "place": "29",
      "team": "Otters",
      "yards": 0,
      "meet": "050",
      "opponent": "Champs"
    },
    {
      "name": "JamieM",
      "stroke": "Freestyle",
      "age": "9-10",
      "gender": "Girls",
      "date": "2007-07-14",
      "time": "19.80",
      "place": "57",
      "team": "Otters",
      "yards": 0,
      "meet": "050",
      "opponent": "Champs"
    },
    {
      "name": "JamieM",
      "stroke": "Butterfly",
      "age": "11-12",
      "gender": "Girls",
      "date": "2008-05-31",
      "time": "53.32",
      "place": "11",
      "team": "Otters",
      "yards": 0,
      "meet": "051",
      "opponent": "Trials"
    },
    {
      "name": "JamieM",
      "stroke": "Back",
      "age": "11-12",
      "gender": "Girls",
      "date": "2008-05-31",
      "time": "51.39",
      "place": "8",
      "team": "Otters",
      "yards": 0,
      "meet": "051",
      "opponent": "Trials"
    },
    {
      "name": "JamieM",
      "stroke": "Breast",
      "age": "11-12",
      "gender": "Girls",
      "date": "2008-05-31",
      "time": "52.91",
      "place": "9",
      "team": "Otters",
      "yards": 0,
      "meet": "051",
      "opponent": "Trials"
    },
    {
      "name": "JamieM",
      "stroke": "Freestyle",
      "age": "11-12",
      "gender": "Girls",
      "date": "2008-05-31",
      "time": "46.12",
      "place": "13",
      "team": "Otters",
      "yards": 0,
      "meet": "051",
      "opponent": "Trials"
    },
    {
      "name": "JamieM",
      "stroke": "Back",
      "age": "11-12",
      "gender": "Girls",
      "date": "2008-06-007",
      "time": "50.45",
      "place": "8",
      "team": "Otters",
      "yards": 0,
      "meet": "052",
      "opponent": "Shadowbrook"
    },
    {
      "name": "JamieM",
      "stroke": "Breast",
      "age": "11-12",
      "gender": "Girls",
      "date": "2008-06-007",
      "time": "54.71",
      "place": "10",
      "team": "Otters",
      "yards": 0,
      "meet": "052",
      "opponent": "Shadowbrook"
    },
    {
      "name": "JamieM",
      "stroke": "Freestyle",
      "age": "11-12",
      "gender": "Girls",
      "date": "2008-06-007",
      "time": "48.09",
      "place": "16",
      "team": "Otters",
      "yards": 0,
      "meet": "052",
      "opponent": "Shadowbrook"
    },
    {
      "name": "JamieM",
      "stroke": "Butterfly",
      "age": "11-12",
      "gender": "Girls",
      "date": "2008-06-14",
      "time": "DQ",
      "place": "--",
      "team": "Otters",
      "yards": 0,
      "meet": "053",
      "opponent": "Pinehurst"
    },
    {
      "name": "JamieM",
      "stroke": "Breast",
      "age": "11-12",
      "gender": "Girls",
      "date": "2008-06-14",
      "time": "53.00",
      "place": "7",
      "team": "Otters",
      "yards": 0,
      "meet": "053",
      "opponent": "Pinehurst"
    },
    {
      "name": "JamieM",
      "stroke": "Freestyle",
      "age": "11-12",
      "gender": "Girls",
      "date": "2008-06-14",
      "time": "47.16",
      "place": "18",
      "team": "Otters",
      "yards": 0,
      "meet": "053",
      "opponent": "Pinehurst"
    },
    {
      "name": "JamieM",
      "stroke": "Back",
      "age": "11-12",
      "gender": "Girls",
      "date": "2008-06-21",
      "time": "52.83",
      "place": "14",
      "team": "Otters",
      "yards": 0,
      "meet": "054",
      "opponent": "Crossgates"
    },
    {
      "name": "JamieM",
      "stroke": "Breast",
      "age": "11-12",
      "gender": "Girls",
      "date": "2008-06-21",
      "time": "DQ",
      "place": "--",
      "team": "Otters",
      "yards": 0,
      "meet": "054",
      "opponent": "Crossgates"
    },
    {
      "name": "JamieM",
      "stroke": "Freestyle",
      "age": "11-12",
      "gender": "Girls",
      "date": "2008-06-21",
      "time": "42.60",
      "place": "21",
      "team": "Otters",
      "yards": 0,
      "meet": "054",
      "opponent": "Crossgates"
    },
    {
      "name": "JamieM",
      "stroke": "Butterfly",
      "age": "11-12",
      "gender": "Girls",
      "date": "2008-06-28",
      "time": "DQ",
      "place": "--",
      "team": "Otters",
      "yards": 0,
      "meet": "055",
      "opponent": "Almaden"
    },
    {
      "name": "JamieM",
      "stroke": "Back",
      "age": "11-12",
      "gender": "Girls",
      "date": "2008-06-28",
      "time": "50.15",
      "place": "11",
      "team": "Otters",
      "yards": 0,
      "meet": "055",
      "opponent": "Almaden"
    },
    {
      "name": "JamieM",
      "stroke": "Breast",
      "age": "11-12",
      "gender": "Girls",
      "date": "2008-06-28",
      "time": "49.81",
      "place": "12",
      "team": "Otters",
      "yards": 0,
      "meet": "055",
      "opponent": "Almaden"
    },
    {
      "name": "JamieM",
      "stroke": "Back",
      "age": "11-12",
      "gender": "Girls",
      "date": "2008-07-12",
      "time": "52.13",
      "place": "25",
      "team": "Otters",
      "yards": 0,
      "meet": "056",
      "opponent": "Creekside"
    },
    {
      "name": "JamieM",
      "stroke": "Breast",
      "age": "11-12",
      "gender": "Girls",
      "date": "2008-07-12",
      "time": "46.69",
      "place": "9",
      "team": "Otters",
      "yards": 0,
      "meet": "056",
      "opponent": "Creekside"
    },
    {
      "name": "JamieM",
      "stroke": "Freestyle",
      "age": "11-12",
      "gender": "Girls",
      "date": "2008-07-12",
      "time": "44.06",
      "place": "33",
      "team": "Otters",
      "yards": 0,
      "meet": "056",
      "opponent": "Creekside"
    },
    {
      "name": "JamieM",
      "stroke": "Butterfly",
      "age": "11-12",
      "gender": "Girls",
      "date": "2009-05-30",
      "time": "41.99",
      "place": "5",
      "team": "Otters",
      "yards": 0,
      "meet": "058",
      "opponent": "Trials"
    },
    {
      "name": "JamieM",
      "stroke": "Back",
      "age": "11-12",
      "gender": "Girls",
      "date": "2009-05-30",
      "time": "46.73",
      "place": "6",
      "team": "Otters",
      "yards": 0,
      "meet": "058",
      "opponent": "Trials"
    },
    {
      "name": "JamieM",
      "stroke": "Breast",
      "age": "11-12",
      "gender": "Girls",
      "date": "2009-05-30",
      "time": "47.67",
      "place": "3",
      "team": "Otters",
      "yards": 0,
      "meet": "058",
      "opponent": "Trials"
    },
    {
      "name": "JamieM",
      "stroke": "Freestyle",
      "age": "11-12",
      "gender": "Girls",
      "date": "2009-05-30",
      "time": "37.44",
      "place": "7",
      "team": "Otters",
      "yards": 0,
      "meet": "058",
      "opponent": "Trials"
    },
    {
      "name": "JamieM",
      "stroke": "Butterfly",
      "age": "11-12",
      "gender": "Girls",
      "date": "2009-06-006",
      "time": "45.73",
      "place": "8",
      "team": "Otters",
      "yards": 0,
      "meet": "059",
      "opponent": "Creekside"
    },
    {
      "name": "JamieM",
      "stroke": "Breast",
      "age": "11-12",
      "gender": "Girls",
      "date": "2009-06-006",
      "time": "48.19",
      "place": "5",
      "team": "Otters",
      "yards": 0,
      "meet": "059",
      "opponent": "Creekside"
    },
    {
      "name": "JamieM",
      "stroke": "Freestyle",
      "age": "11-12",
      "gender": "Girls",
      "date": "2009-06-006",
      "time": "38.82",
      "place": "16",
      "team": "Otters",
      "yards": 0,
      "meet": "059",
      "opponent": "Creekside"
    },
    {
      "name": "JamieM",
      "stroke": "Back",
      "age": "11-12",
      "gender": "Girls",
      "date": "2009-06-13",
      "time": "49.80",
      "place": "9",
      "team": "Otters",
      "yards": 0,
      "meet": "060",
      "opponent": "Shadowbrook"
    },
    {
      "name": "JamieM",
      "stroke": "Breast",
      "age": "11-12",
      "gender": "Girls",
      "date": "2009-06-13",
      "time": "48.64",
      "place": "9",
      "team": "Otters",
      "yards": 0,
      "meet": "060",
      "opponent": "Shadowbrook"
    },
    {
      "name": "JamieM",
      "stroke": "Freestyle",
      "age": "11-12",
      "gender": "Girls",
      "date": "2009-06-13",
      "time": "40.49",
      "place": "16",
      "team": "Otters",
      "yards": 0,
      "meet": "060",
      "opponent": "Shadowbrook"
    },
    {
      "name": "JamieM",
      "stroke": "Butterfly",
      "age": "11-12",
      "gender": "Girls",
      "date": "2009-06-27",
      "time": "48.54",
      "place": "13",
      "team": "Otters",
      "yards": 0,
      "meet": "062",
      "opponent": "Crossgates"
    },
    {
      "name": "JamieM",
      "stroke": "Breast",
      "age": "11-12",
      "gender": "Girls",
      "date": "2009-06-27",
      "time": "46.44",
      "place": "7",
      "team": "Otters",
      "yards": 0,
      "meet": "062",
      "opponent": "Crossgates"
    },
    {
      "name": "JamieM",
      "stroke": "Freestyle",
      "age": "11-12",
      "gender": "Girls",
      "date": "2009-06-27",
      "time": "39.38",
      "place": "20",
      "team": "Otters",
      "yards": 0,
      "meet": "062",
      "opponent": "Crossgates"
    },
    {
      "name": "JamieM",
      "stroke": "Back",
      "age": "11-12",
      "gender": "Girls",
      "date": "2009-07-11",
      "time": "DQ",
      "place": "--",
      "team": "Otters",
      "yards": 0,
      "meet": "063",
      "opponent": "Almaden"
    },
    {
      "name": "JamieM",
      "stroke": "Breast",
      "age": "11-12",
      "gender": "Girls",
      "date": "2009-07-11",
      "time": "45.15",
      "place": "7",
      "team": "Otters",
      "yards": 0,
      "meet": "063",
      "opponent": "Almaden"
    },
    {
      "name": "JamieM",
      "stroke": "Freestyle",
      "age": "11-12",
      "gender": "Girls",
      "date": "2009-07-11",
      "time": "38.13",
      "place": "19",
      "team": "Otters",
      "yards": 0,
      "meet": "063",
      "opponent": "Almaden"
    },
    {
      "name": "JamieM",
      "stroke": "Back",
      "age": "11-12",
      "gender": "Girls",
      "date": "2009-07-18",
      "time": "44.63",
      "place": "36",
      "team": "Otters",
      "yards": 0,
      "meet": "064",
      "opponent": "Champs"
    },
    {
      "name": "JamieM",
      "stroke": "Breast",
      "age": "11-12",
      "gender": "Girls",
      "date": "2009-07-18",
      "time": "46.68",
      "place": "26",
      "team": "Otters",
      "yards": 0,
      "meet": "064",
      "opponent": "Champs"
    },
    {
      "name": "JamieM",
      "stroke": "Freestyle",
      "age": "11-12",
      "gender": "Girls",
      "date": "2009-07-18",
      "time": "39.75",
      "place": "62",
      "team": "Otters",
      "yards": 0,
      "meet": "064",
      "opponent": "Champs"
    },
    {
      "name": "JamieM",
      "stroke": "Butterfly",
      "age": "13-14",
      "gender": "Girls",
      "date": "2010-05-22",
      "time": "43.07",
      "place": "10",
      "team": "Otters",
      "yards": 0,
      "meet": "065",
      "opponent": "Trials"
    },
    {
      "name": "JamieM",
      "stroke": "Back",
      "age": "13-14",
      "gender": "Girls",
      "date": "2010-05-22",
      "time": "45.84",
      "place": "8",
      "team": "Otters",
      "yards": 0,
      "meet": "065",
      "opponent": "Trials"
    },
    {
      "name": "JamieM",
      "stroke": "Breast",
      "age": "13-14",
      "gender": "Girls",
      "date": "2010-05-22",
      "time": "48.57",
      "place": "7",
      "team": "Otters",
      "yards": 0,
      "meet": "065",
      "opponent": "Trials"
    },
    {
      "name": "JamieM",
      "stroke": "Freestyle",
      "age": "13-14",
      "gender": "Girls",
      "date": "2010-05-22",
      "time": "37.13",
      "place": "11",
      "team": "Otters",
      "yards": 0,
      "meet": "065",
      "opponent": "Trials"
    },
    {
      "name": "JamieM",
      "stroke": "Back",
      "age": "13-14",
      "gender": "Girls",
      "date": "2010-06-005",
      "time": "42.19",
      "place": "12",
      "team": "Otters",
      "yards": 0,
      "meet": "066",
      "opponent": "Almaden"
    },
    {
      "name": "JamieM",
      "stroke": "Breast",
      "age": "13-14",
      "gender": "Girls",
      "date": "2010-06-005",
      "time": "46.88",
      "place": "15",
      "team": "Otters",
      "yards": 0,
      "meet": "066",
      "opponent": "Almaden"
    },
    {
      "name": "JamieM",
      "stroke": "Freestyle",
      "age": "13-14",
      "gender": "Girls",
      "date": "2010-06-005",
      "time": "37.76",
      "place": "20",
      "team": "Otters",
      "yards": 0,
      "meet": "066",
      "opponent": "Almaden"
    },
    {
      "name": "JamieM",
      "stroke": "Butterfly",
      "age": "13-14",
      "gender": "Girls",
      "date": "2010-06-12",
      "time": "46.19",
      "place": "15",
      "team": "Otters",
      "yards": 0,
      "meet": "067",
      "opponent": "Creekside"
    },
    {
      "name": "JamieM",
      "stroke": "Breast",
      "age": "13-14",
      "gender": "Girls",
      "date": "2010-06-12",
      "time": "46.73",
      "place": "8",
      "team": "Otters",
      "yards": 0,
      "meet": "067",
      "opponent": "Creekside"
    },
    {
      "name": "JamieM",
      "stroke": "Freestyle",
      "age": "13-14",
      "gender": "Girls",
      "date": "2010-06-12",
      "time": "38.18",
      "place": "22",
      "team": "Otters",
      "yards": 0,
      "meet": "067",
      "opponent": "Creekside"
    },
    {
      "name": "JamieM",
      "stroke": "Back",
      "age": "13-14",
      "gender": "Girls",
      "date": "2010-06-26",
      "time": "43.46",
      "place": "10",
      "team": "Otters",
      "yards": 0,
      "meet": "069",
      "opponent": "Pinehurst"
    },
    {
      "name": "JamieM",
      "stroke": "Breast",
      "age": "13-14",
      "gender": "Girls",
      "date": "2010-06-26",
      "time": "45.02",
      "place": "4",
      "team": "Otters",
      "yards": 0,
      "meet": "069",
      "opponent": "Pinehurst"
    },
    {
      "name": "JamieM",
      "stroke": "Freestyle",
      "age": "13-14",
      "gender": "Girls",
      "date": "2010-06-26",
      "time": "34.37",
      "place": "11",
      "team": "Otters",
      "yards": 0,
      "meet": "069",
      "opponent": "Pinehurst"
    },
    {
      "name": "JamieM",
      "stroke": "Butterfly",
      "age": "13-14",
      "gender": "Girls",
      "date": "2010-07-10",
      "time": "44.85",
      "place": "18",
      "team": "Otters",
      "yards": 0,
      "meet": "070",
      "opponent": "Crossgates"
    },
    {
      "name": "JamieM",
      "stroke": "Breast",
      "age": "13-14",
      "gender": "Girls",
      "date": "2010-07-10",
      "time": "46.59",
      "place": "12",
      "team": "Otters",
      "yards": 0,
      "meet": "070",
      "opponent": "Crossgates"
    },
    {
      "name": "JamieM",
      "stroke": "Freestyle",
      "age": "13-14",
      "gender": "Girls",
      "date": "2010-07-10",
      "time": "36.60",
      "place": "19",
      "team": "Otters",
      "yards": 0,
      "meet": "070",
      "opponent": "Crossgates"
    },
    {
      "name": "JamieM",
      "stroke": "Butterfly",
      "age": "13-14",
      "gender": "Girls",
      "date": "2010-07-17",
      "time": "44.60",
      "place": "47",
      "team": "Otters",
      "yards": 0,
      "meet": "071",
      "opponent": "Champs"
    },
    {
      "name": "JamieM",
      "stroke": "Breast",
      "age": "13-14",
      "gender": "Girls",
      "date": "2010-07-17",
      "time": "45.49",
      "place": "27",
      "team": "Otters",
      "yards": 0,
      "meet": "071",
      "opponent": "Champs"
    },
    {
      "name": "JamieM",
      "stroke": "Freestyle",
      "age": "13-14",
      "gender": "Girls",
      "date": "2010-07-17",
      "time": "36.46",
      "place": "65",
      "team": "Otters",
      "yards": 0,
      "meet": "071",
      "opponent": "Champs"
    }
  ]
}