{
  "scores": [
    {
      "name": "JasonN",
      "stroke": "Back",
      "age": "6 & Under",
      "gender": "Boys",
      "date": "2014-05-17",
      "time": "2:26.58",
      "place": "2",
      "team": "Otters",
      "yards": 0,
      "meet": "093",
      "opponent": "Trials"
    },
    {
      "name": "JasonN",
      "stroke": "Freestyle",
      "age": "6 & Under",
      "gender": "Boys",
      "date": "2014-05-17",
      "time": "2:16.63",
      "place": "2",
      "team": "Otters",
      "yards": 0,
      "meet": "093",
      "opponent": "Trials"
    },
    {
      "name": "JasonN",
      "stroke": "Back",
      "age": "6 & Under",
      "gender": "Boys",
      "date": "2014-06-007",
      "time": "1:16.76",
      "place": "8",
      "team": "Otters",
      "yards": 0,
      "meet": "095",
      "opponent": "Shadowbrook"
    },
    {
      "name": "JasonN",
      "stroke": "Freestyle",
      "age": "6 & Under",
      "gender": "Boys",
      "date": "2014-06-007",
      "time": "1:06.97",
      "place": "8",
      "team": "Otters",
      "yards": 0,
      "meet": "095",
      "opponent": "Shadowbrook"
    },
    {
      "name": "JasonN",
      "stroke": "Back",
      "age": "6 & Under",
      "gender": "Boys",
      "date": "2014-06-14",
      "time": "1:18.62",
      "place": "15",
      "team": "Otters",
      "yards": 0,
      "meet": "096",
      "opponent": "Pinehurst"
    },
    {
      "name": "JasonN",
      "stroke": "Freestyle",
      "age": "6 & Under",
      "gender": "Boys",
      "date": "2014-06-14",
      "time": "55.53",
      "place": "14",
      "team": "Otters",
      "yards": 0,
      "meet": "096",
      "opponent": "Pinehurst"
    },
    {
      "name": "JasonN",
      "stroke": "Back",
      "age": "6 & Under",
      "gender": "Boys",
      "date": "2014-06-21",
      "time": "1:18.31",
      "place": "12",
      "team": "Otters",
      "yards": 0,
      "meet": "097",
      "opponent": "Crossgates"
    },
    {
      "name": "JasonN",
      "stroke": "Freestyle",
      "age": "6 & Under",
      "gender": "Boys",
      "date": "2014-06-21",
      "time": "1:02.81",
      "place": "13",
      "team": "Otters",
      "yards": 0,
      "meet": "097",
      "opponent": "Crossgates"
    },
    {
      "name": "JasonN",
      "stroke": "Back",
      "age": "6 & Under",
      "gender": "Boys",
      "date": "2014-07-12",
      "time": "1:12.06",
      "place": "38",
      "team": "Otters",
      "yards": 0,
      "meet": "099",
      "opponent": "Champs"
    },
    {
      "name": "JasonN",
      "stroke": "Freestyle",
      "age": "6 & Under",
      "gender": "Boys",
      "date": "2014-07-12",
      "time": "52.80",
      "place": "38",
      "team": "Otters",
      "yards": 0,
      "meet": "099",
      "opponent": "Champs"
    },
    {
      "name": "JasonN",
      "stroke": "Back",
      "age": "7-8",
      "gender": "Boys",
      "date": "2015-05-31",
      "time": "1:02.34",
      "place": "18",
      "team": "Otters",
      "yards": 0,
      "meet": "100",
      "opponent": "Trials"
    },
    {
      "name": "JasonN",
      "stroke": "Freestyle",
      "age": "7-8",
      "gender": "Boys",
      "date": "2015-05-31",
      "time": "47.37",
      "place": "17",
      "team": "Otters",
      "yards": 0,
      "meet": "100",
      "opponent": "Trials"
    },
    {
      "name": "JasonN",
      "stroke": "Butterfly",
      "age": "8 & Under",
      "gender": "Boys",
      "date": "2015-05-30",
      "time": "DQ",
      "place": "--",
      "team": "Otters",
      "yards": 0,
      "meet": "101",
      "opponent": "Almaden"
    },
    {
      "name": "JasonN",
      "stroke": "Back",
      "age": "7-8",
      "gender": "Boys",
      "date": "2015-05-30",
      "time": "1:02.91",
      "place": "34",
      "team": "Otters",
      "yards": 0,
      "meet": "101",
      "opponent": "Almaden"
    },
    {
      "name": "JasonN",
      "stroke": "Freestyle",
      "age": "7-8",
      "gender": "Boys",
      "date": "2015-05-30",
      "time": "39.72",
      "place": "39",
      "team": "Otters",
      "yards": 0,
      "meet": "101",
      "opponent": "Almaden"
    },
    {
      "name": "JasonN",
      "stroke": "Butterfly",
      "age": "8 & Under",
      "gender": "Boys",
      "date": "2015-06-13",
      "time": "DQ",
      "place": "--",
      "team": "Otters",
      "yards": 0,
      "meet": "103",
      "opponent": "Shadowbrook"
    },
    {
      "name": "JasonN",
      "stroke": "Back",
      "age": "7-8",
      "gender": "Boys",
      "date": "2015-06-13",
      "time": "1:03.50",
      "place": "25",
      "team": "Otters",
      "yards": 0,
      "meet": "103",
      "opponent": "Shadowbrook"
    },
    {
      "name": "JasonN",
      "stroke": "Freestyle",
      "age": "7-8",
      "gender": "Boys",
      "date": "2015-06-13",
      "time": "38.16",
      "place": "30",
      "team": "Otters",
      "yards": 0,
      "meet": "103",
      "opponent": "Shadowbrook"
    },
    {
      "name": "JasonN",
      "stroke": "Butterfly",
      "age": "8 & Under",
      "gender": "Boys",
      "date": "2015-06-20",
      "time": "38.37",
      "place": "10",
      "team": "Otters",
      "yards": 0,
      "meet": "104",
      "opponent": "Pinehurst"
    },
    {
      "name": "JasonN",
      "stroke": "Back",
      "age": "7-8",
      "gender": "Boys",
      "date": "2015-06-20",
      "time": "54.44",
      "place": "20",
      "team": "Otters",
      "yards": 0,
      "meet": "104",
      "opponent": "Pinehurst"
    },
    {
      "name": "JasonN",
      "stroke": "Freestyle",
      "age": "7-8",
      "gender": "Boys",
      "date": "2015-06-20",
      "time": "34.48",
      "place": "25",
      "team": "Otters",
      "yards": 0,
      "meet": "104",
      "opponent": "Pinehurst"
    },
    {
      "name": "JasonN",
      "stroke": "Butterfly",
      "age": "8 & Under",
      "gender": "Boys",
      "date": "2015-06-27",
      "time": "46.37",
      "place": "15",
      "team": "Otters",
      "yards": 0,
      "meet": "105",
      "opponent": "Crossgates"
    },
    {
      "name": "JasonN",
      "stroke": "Back",
      "age": "7-8",
      "gender": "Boys",
      "date": "2015-06-27",
      "time": "59.94",
      "place": "18",
      "team": "Otters",
      "yards": 0,
      "meet": "105",
      "opponent": "Crossgates"
    },
    {
      "name": "JasonN",
      "stroke": "Freestyle",
      "age": "7-8",
      "gender": "Boys",
      "date": "2015-06-27",
      "time": "35.76",
      "place": "26",
      "team": "Otters",
      "yards": 0,
      "meet": "105",
      "opponent": "Crossgates"
    },
    {
      "name": "JasonN",
      "stroke": "Butterfly",
      "age": "8 & Under",
      "gender": "Boys",
      "date": "2015-07-11",
      "time": "40.89",
      "place": "36",
      "team": "Otters",
      "yards": 0,
      "meet": "106",
      "opponent": "Champs"
    },
    {
      "name": "JasonN",
      "stroke": "Back",
      "age": "7-8",
      "gender": "Boys",
      "date": "2015-07-11",
      "time": "1:00.55",
      "place": "69",
      "team": "Otters",
      "yards": 0,
      "meet": "106",
      "opponent": "Champs"
    },
    {
      "name": "JasonN",
      "stroke": "Freestyle",
      "age": "7-8",
      "gender": "Boys",
      "date": "2015-07-11",
      "time": "34.45",
      "place": "80",
      "team": "Otters",
      "yards": 0,
      "meet": "106",
      "opponent": "Champs"
    }
  ]
}