{
  "scores": [
    {
      "name": "JasperN",
      "stroke": "Butterfly",
      "age": "11-12",
      "gender": "Boys",
      "date": "2014-05-17",
      "time": "50.86",
      "place": "9",
      "team": "Otters",
      "yards": 0,
      "meet": "093",
      "opponent": "Trials"
    },
    {
      "name": "JasperN",
      "stroke": "Back",
      "age": "11-12",
      "gender": "Boys",
      "date": "2014-05-17",
      "time": "50.88",
      "place": "10",
      "team": "Otters",
      "yards": 0,
      "meet": "093",
      "opponent": "Trials"
    },
    {
      "name": "JasperN",
      "stroke": "Breast",
      "age": "11-12",
      "gender": "Boys",
      "date": "2014-05-17",
      "time": "55.55",
      "place": "11",
      "team": "Otters",
      "yards": 0,
      "meet": "093",
      "opponent": "Trials"
    },
    {
      "name": "JasperN",
      "stroke": "Freestyle",
      "age": "11-12",
      "gender": "Boys",
      "date": "2014-05-17",
      "time": "38.36",
      "place": "10",
      "team": "Otters",
      "yards": 0,
      "meet": "093",
      "opponent": "Trials"
    }
  ]
}