{
  "scores": [
    {
      "name": "JessicaS",
      "stroke": "Butterfly",
      "age": "8 & Under",
      "gender": "Girls",
      "date": "2001-06-16",
      "time": "23.03",
      "place": "6",
      "team": "Otters",
      "yards": 0,
      "meet": "002",
      "opponent": "Almaden"
    },
    {
      "name": "JessicaS",
      "stroke": "Back",
      "age": "7-8",
      "gender": "Girls",
      "date": "2001-06-16",
      "time": "22.09",
      "place": "2",
      "team": "Otters",
      "yards": 0,
      "meet": "002",
      "opponent": "Almaden"
    },
    {
      "name": "JessicaS",
      "stroke": "Freestyle",
      "age": "7-8",
      "gender": "Girls",
      "date": "2001-06-16",
      "time": "18.87",
      "place": "4",
      "team": "Otters",
      "yards": 0,
      "meet": "002",
      "opponent": "Almaden"
    },
    {
      "name": "JessicaS",
      "stroke": "Butterfly",
      "age": "8 & Under",
      "gender": "Girls",
      "date": "2001-06-23",
      "time": "23.53",
      "place": "3",
      "team": "Otters",
      "yards": 0,
      "meet": "003",
      "opponent": "Creekside"
    },
    {
      "name": "JessicaS",
      "stroke": "Back",
      "age": "7-8",
      "gender": "Girls",
      "date": "2001-06-23",
      "time": "21.06",
      "place": "1",
      "team": "Otters",
      "yards": 0,
      "meet": "003",
      "opponent": "Creekside"
    },
    {
      "name": "JessicaS",
      "stroke": "Freestyle",
      "age": "7-8",
      "gender": "Girls",
      "date": "2001-06-23",
      "time": "19.26",
      "place": "2",
      "team": "Otters",
      "yards": 0,
      "meet": "003",
      "opponent": "Creekside"
    },
    {
      "name": "JessicaS",
      "stroke": "Butterfly",
      "age": "8 & Under",
      "gender": "Girls",
      "date": "2001-06-30",
      "time": "22.66",
      "place": "4",
      "team": "Otters",
      "yards": 0,
      "meet": "004",
      "opponent": "Shadowbrook"
    },
    {
      "name": "JessicaS",
      "stroke": "Back",
      "age": "7-8",
      "gender": "Girls",
      "date": "2001-06-30",
      "time": "21.04",
      "place": "2",
      "team": "Otters",
      "yards": 0,
      "meet": "004",
      "opponent": "Shadowbrook"
    },
    {
      "name": "JessicaS",
      "stroke": "Freestyle",
      "age": "7-8",
      "gender": "Girls",
      "date": "2001-06-30",
      "time": "19.68",
      "place": "4",
      "team": "Otters",
      "yards": 0,
      "meet": "004",
      "opponent": "Shadowbrook"
    },
    {
      "name": "JessicaS",
      "stroke": "Butterfly",
      "age": "8 & Under",
      "gender": "Girls",
      "date": "2001-07-14",
      "time": "20.88",
      "place": "3",
      "team": "Otters",
      "yards": 0,
      "meet": "005",
      "opponent": "Pinehurst"
    },
    {
      "name": "JessicaS",
      "stroke": "Back",
      "age": "7-8",
      "gender": "Girls",
      "date": "2001-07-14",
      "time": "22.08",
      "place": "1",
      "team": "Otters",
      "yards": 0,
      "meet": "005",
      "opponent": "Pinehurst"
    },
    {
      "name": "JessicaS",
      "stroke": "Freestyle",
      "age": "7-8",
      "gender": "Girls",
      "date": "2001-07-14",
      "time": "19.21",
      "place": "3",
      "team": "Otters",
      "yards": 0,
      "meet": "005",
      "opponent": "Pinehurst"
    },
    {
      "name": "JessicaS",
      "stroke": "Butterfly",
      "age": "8 & Under",
      "gender": "Girls",
      "date": "2001-07-21",
      "time": "20.30",
      "place": "6",
      "team": "Otters",
      "yards": 0,
      "meet": "006",
      "opponent": "Champs"
    },
    {
      "name": "JessicaS",
      "stroke": "Back",
      "age": "7-8",
      "gender": "Girls",
      "date": "2001-07-21",
      "time": "21.26",
      "place": "2",
      "team": "Otters",
      "yards": 0,
      "meet": "006",
      "opponent": "Champs"
    },
    {
      "name": "JessicaS",
      "stroke": "Freestyle",
      "age": "7-8",
      "gender": "Girls",
      "date": "2001-07-21",
      "time": "17.50",
      "place": "5",
      "team": "Otters",
      "yards": 0,
      "meet": "006",
      "opponent": "Champs"
    },
    {
      "name": "JessicaS",
      "stroke": "Butterfly",
      "age": "9-10",
      "gender": "Girls",
      "date": "2002-05-11",
      "time": "20.46",
      "place": "3",
      "team": "Otters",
      "yards": 0,
      "meet": "007",
      "opponent": "Trials"
    },
    {
      "name": "JessicaS",
      "stroke": "Back",
      "age": "9-10",
      "gender": "Girls",
      "date": "2002-05-11",
      "time": "20.26",
      "place": "2",
      "team": "Otters",
      "yards": 0,
      "meet": "007",
      "opponent": "Trials"
    },
    {
      "name": "JessicaS",
      "stroke": "Breast",
      "age": "9-10",
      "gender": "Girls",
      "date": "2002-05-11",
      "time": "28.17",
      "place": "8",
      "team": "Otters",
      "yards": 0,
      "meet": "007",
      "opponent": "Trials"
    },
    {
      "name": "JessicaS",
      "stroke": "Freestyle",
      "age": "9-10",
      "gender": "Girls",
      "date": "2002-05-11",
      "time": "19.59",
      "place": "7",
      "team": "Otters",
      "yards": 0,
      "meet": "007",
      "opponent": "Trials"
    },
    {
      "name": "JessicaS",
      "stroke": "Butterfly",
      "age": "9-10",
      "gender": "Girls",
      "date": "2002-06-008",
      "time": "20.62",
      "place": "5",
      "team": "Otters",
      "yards": 0,
      "meet": "009",
      "opponent": "Pinehurst"
    },
    {
      "name": "JessicaS",
      "stroke": "Back",
      "age": "9-10",
      "gender": "Girls",
      "date": "2002-06-008",
      "time": "20.44",
      "place": "4",
      "team": "Otters",
      "yards": 0,
      "meet": "009",
      "opponent": "Pinehurst"
    },
    {
      "name": "JessicaS",
      "stroke": "Freestyle",
      "age": "9-10",
      "gender": "Girls",
      "date": "2002-06-008",
      "time": "17.83",
      "place": "10",
      "team": "Otters",
      "yards": 0,
      "meet": "009",
      "opponent": "Pinehurst"
    },
    {
      "name": "JessicaS",
      "stroke": "Butterfly",
      "age": "9-10",
      "gender": "Girls",
      "date": "2002-06-15",
      "time": "18.76",
      "place": "6",
      "team": "Otters",
      "yards": 0,
      "meet": "010",
      "opponent": "Crossgates"
    },
    {
      "name": "JessicaS",
      "stroke": "Back",
      "age": "9-10",
      "gender": "Girls",
      "date": "2002-06-15",
      "time": "20.59",
      "place": "3",
      "team": "Otters",
      "yards": 0,
      "meet": "010",
      "opponent": "Crossgates"
    },
    {
      "name": "JessicaS",
      "stroke": "Freestyle",
      "age": "9-10",
      "gender": "Girls",
      "date": "2002-06-15",
      "time": "16.97",
      "place": "7",
      "team": "Otters",
      "yards": 0,
      "meet": "010",
      "opponent": "Crossgates"
    },
    {
      "name": "JessicaS",
      "stroke": "Butterfly",
      "age": "9-10",
      "gender": "Girls",
      "date": "2002-06-22",
      "time": "19.79",
      "place": "9",
      "team": "Otters",
      "yards": 0,
      "meet": "011",
      "opponent": "Almaden"
    },
    {
      "name": "JessicaS",
      "stroke": "Back",
      "age": "9-10",
      "gender": "Girls",
      "date": "2002-06-22",
      "time": "19.94",
      "place": "3",
      "team": "Otters",
      "yards": 0,
      "meet": "011",
      "opponent": "Almaden"
    },
    {
      "name": "JessicaS",
      "stroke": "Freestyle",
      "age": "9-10",
      "gender": "Girls",
      "date": "2002-06-22",
      "time": "16.89",
      "place": "9",
      "team": "Otters",
      "yards": 0,
      "meet": "011",
      "opponent": "Almaden"
    },
    {
      "name": "JessicaS",
      "stroke": "Butterfly",
      "age": "9-10",
      "gender": "Girls",
      "date": "2002-06-29",
      "time": "19.10",
      "place": "5",
      "team": "Otters",
      "yards": 0,
      "meet": "012",
      "opponent": "Creekside"
    },
    {
      "name": "JessicaS",
      "stroke": "Back",
      "age": "9-10",
      "gender": "Girls",
      "date": "2002-06-29",
      "time": "20.97",
      "place": "3",
      "team": "Otters",
      "yards": 0,
      "meet": "012",
      "opponent": "Creekside"
    },
    {
      "name": "JessicaS",
      "stroke": "Freestyle",
      "age": "9-10",
      "gender": "Girls",
      "date": "2002-06-29",
      "time": "16.40",
      "place": "6",
      "team": "Otters",
      "yards": 0,
      "meet": "012",
      "opponent": "Creekside"
    },
    {
      "name": "JessicaS",
      "stroke": "Butterfly",
      "age": "9-10",
      "gender": "Girls",
      "date": "2002-07-13",
      "time": "DQ",
      "place": "--",
      "team": "Otters",
      "yards": 0,
      "meet": "013",
      "opponent": "Shadowbrook"
    },
    {
      "name": "JessicaS",
      "stroke": "Back",
      "age": "9-10",
      "gender": "Girls",
      "date": "2002-07-13",
      "time": "18.84",
      "place": "2",
      "team": "Otters",
      "yards": 0,
      "meet": "013",
      "opponent": "Shadowbrook"
    },
    {
      "name": "JessicaS",
      "stroke": "Freestyle",
      "age": "9-10",
      "gender": "Girls",
      "date": "2002-07-13",
      "time": "16.99",
      "place": "6",
      "team": "Otters",
      "yards": 0,
      "meet": "013",
      "opponent": "Shadowbrook"
    },
    {
      "name": "JessicaS",
      "stroke": "Butterfly",
      "age": "9-10",
      "gender": "Girls",
      "date": "2002-07-20",
      "time": "19.09",
      "place": "15",
      "team": "Otters",
      "yards": 0,
      "meet": "014",
      "opponent": "Champs"
    },
    {
      "name": "JessicaS",
      "stroke": "Back",
      "age": "9-10",
      "gender": "Girls",
      "date": "2002-07-20",
      "time": "20.31",
      "place": "6",
      "team": "Otters",
      "yards": 0,
      "meet": "014",
      "opponent": "Champs"
    },
    {
      "name": "JessicaS",
      "stroke": "Freestyle",
      "age": "9-10",
      "gender": "Girls",
      "date": "2002-07-20",
      "time": "16.81",
      "place": "21",
      "team": "Otters",
      "yards": 0,
      "meet": "014",
      "opponent": "Champs"
    },
    {
      "name": "JessicaS",
      "stroke": "Butterfly",
      "age": "9-10",
      "gender": "Girls",
      "date": "2003-05-10",
      "time": "17.74",
      "place": "2",
      "team": "Otters",
      "yards": 0,
      "meet": "015",
      "opponent": "Trials"
    },
    {
      "name": "JessicaS",
      "stroke": "Back",
      "age": "9-10",
      "gender": "Girls",
      "date": "2003-05-10",
      "time": "19.43",
      "place": "1",
      "team": "Otters",
      "yards": 0,
      "meet": "015",
      "opponent": "Trials"
    },
    {
      "name": "JessicaS",
      "stroke": "Breast",
      "age": "9-10",
      "gender": "Girls",
      "date": "2003-05-10",
      "time": "22.90",
      "place": "3",
      "team": "Otters",
      "yards": 0,
      "meet": "015",
      "opponent": "Trials"
    },
    {
      "name": "JessicaS",
      "stroke": "Freestyle",
      "age": "9-10",
      "gender": "Girls",
      "date": "2003-05-10",
      "time": "16.25",
      "place": "3",
      "team": "Otters",
      "yards": 0,
      "meet": "015",
      "opponent": "Trials"
    },
    {
      "name": "JessicaS",
      "stroke": "Butterfly",
      "age": "9-10",
      "gender": "Girls",
      "date": "2003-05-31",
      "time": "18.19",
      "place": "2",
      "team": "Otters",
      "yards": 0,
      "meet": "016",
      "opponent": "Pinehurst"
    },
    {
      "name": "JessicaS",
      "stroke": "Back",
      "age": "9-10",
      "gender": "Girls",
      "date": "2003-05-31",
      "time": "19.46",
      "place": "2",
      "team": "Otters",
      "yards": 0,
      "meet": "016",
      "opponent": "Pinehurst"
    },
    {
      "name": "JessicaS",
      "stroke": "Breast",
      "age": "9-10",
      "gender": "Girls",
      "date": "2003-05-31",
      "time": "22.89",
      "place": "4",
      "team": "Otters",
      "yards": 0,
      "meet": "016",
      "opponent": "Pinehurst"
    },
    {
      "name": "JessicaS",
      "stroke": "Freestyle",
      "age": "9-10",
      "gender": "Girls",
      "date": "2003-05-31",
      "time": "17.13",
      "place": "4",
      "team": "Otters",
      "yards": 0,
      "meet": "016",
      "opponent": "Pinehurst"
    },
    {
      "name": "JessicaS",
      "stroke": "Butterfly",
      "age": "9-10",
      "gender": "Girls",
      "date": "2003-06-009",
      "time": "17.54",
      "place": "2",
      "team": "Otters",
      "yards": 0,
      "meet": "017",
      "opponent": "Shadowbrook"
    },
    {
      "name": "JessicaS",
      "stroke": "Back",
      "age": "9-10",
      "gender": "Girls",
      "date": "2003-06-009",
      "time": "20.27",
      "place": "3",
      "team": "Otters",
      "yards": 0,
      "meet": "017",
      "opponent": "Shadowbrook"
    },
    {
      "name": "JessicaS",
      "stroke": "Freestyle",
      "age": "9-10",
      "gender": "Girls",
      "date": "2003-06-009",
      "time": "16.73",
      "place": "5",
      "team": "Otters",
      "yards": 0,
      "meet": "017",
      "opponent": "Shadowbrook"
    },
    {
      "name": "JessicaS",
      "stroke": "Butterfly",
      "age": "9-10",
      "gender": "Girls",
      "date": "2003-06-14",
      "time": "17.68",
      "place": "2",
      "team": "Otters",
      "yards": 0,
      "meet": "018",
      "opponent": "Pinehurst"
    },
    {
      "name": "JessicaS",
      "stroke": "Back",
      "age": "9-10",
      "gender": "Girls",
      "date": "2003-06-14",
      "time": "20.17",
      "place": "3",
      "team": "Otters",
      "yards": 0,
      "meet": "018",
      "opponent": "Pinehurst"
    },
    {
      "name": "JessicaS",
      "stroke": "Freestyle",
      "age": "9-10",
      "gender": "Girls",
      "date": "2003-06-14",
      "time": "16.91",
      "place": "8",
      "team": "Otters",
      "yards": 0,
      "meet": "018",
      "opponent": "Pinehurst"
    },
    {
      "name": "JessicaS",
      "stroke": "Butterfly",
      "age": "9-10",
      "gender": "Girls",
      "date": "2003-06-21",
      "time": "17.38",
      "place": "2",
      "team": "Otters",
      "yards": 0,
      "meet": "019",
      "opponent": "Crossgates"
    },
    {
      "name": "JessicaS",
      "stroke": "Back",
      "age": "9-10",
      "gender": "Girls",
      "date": "2003-06-21",
      "time": "18.62",
      "place": "2",
      "team": "Otters",
      "yards": 0,
      "meet": "019",
      "opponent": "Crossgates"
    },
    {
      "name": "JessicaS",
      "stroke": "Freestyle",
      "age": "9-10",
      "gender": "Girls",
      "date": "2003-06-21",
      "time": "15.84",
      "place": "4",
      "team": "Otters",
      "yards": 0,
      "meet": "019",
      "opponent": "Crossgates"
    },
    {
      "name": "JessicaS",
      "stroke": "Butterfly",
      "age": "9-10",
      "gender": "Girls",
      "date": "2003-06-28",
      "time": "17.71",
      "place": "2",
      "team": "Otters",
      "yards": 0,
      "meet": "020",
      "opponent": "Almaden"
    },
    {
      "name": "JessicaS",
      "stroke": "Back",
      "age": "9-10",
      "gender": "Girls",
      "date": "2003-06-28",
      "time": "19.60",
      "place": "3",
      "team": "Otters",
      "yards": 0,
      "meet": "020",
      "opponent": "Almaden"
    },
    {
      "name": "JessicaS",
      "stroke": "Freestyle",
      "age": "9-10",
      "gender": "Girls",
      "date": "2003-06-28",
      "time": "15.84",
      "place": "3",
      "team": "Otters",
      "yards": 0,
      "meet": "020",
      "opponent": "Almaden"
    },
    {
      "name": "JessicaS",
      "stroke": "Butterfly",
      "age": "9-10",
      "gender": "Girls",
      "date": "2003-07-12",
      "time": "16.84",
      "place": "5",
      "team": "Otters",
      "yards": 0,
      "meet": "021",
      "opponent": "Creekside"
    },
    {
      "name": "JessicaS",
      "stroke": "Back",
      "age": "9-10",
      "gender": "Girls",
      "date": "2003-07-12",
      "time": "18.17",
      "place": "2",
      "team": "Otters",
      "yards": 0,
      "meet": "021",
      "opponent": "Creekside"
    },
    {
      "name": "JessicaS",
      "stroke": "Freestyle",
      "age": "9-10",
      "gender": "Girls",
      "date": "2003-07-12",
      "time": "15.72",
      "place": "4",
      "team": "Otters",
      "yards": 0,
      "meet": "021",
      "opponent": "Creekside"
    },
    {
      "name": "JessicaS",
      "stroke": "Butterfly",
      "age": "9-10",
      "gender": "Girls",
      "date": "2003-07-19",
      "time": "16.05",
      "place": "2",
      "team": "Otters",
      "yards": 0,
      "meet": "022",
      "opponent": "Champs"
    },
    {
      "name": "JessicaS",
      "stroke": "Back",
      "age": "9-10",
      "gender": "Girls",
      "date": "2003-07-19",
      "time": "18.11",
      "place": "1",
      "team": "Otters",
      "yards": 0,
      "meet": "022",
      "opponent": "Champs"
    },
    {
      "name": "JessicaS",
      "stroke": "Freestyle",
      "age": "9-10",
      "gender": "Girls",
      "date": "2003-07-19",
      "time": "15.15",
      "place": "3",
      "team": "Otters",
      "yards": 0,
      "meet": "022",
      "opponent": "Champs"
    },
    {
      "name": "JessicaS",
      "stroke": "Butterfly",
      "age": "11-12",
      "gender": "Girls",
      "date": "2004-05-20",
      "time": "39.77",
      "place": "3",
      "team": "Otters",
      "yards": 0,
      "meet": "023",
      "opponent": "Trials"
    },
    {
      "name": "JessicaS",
      "stroke": "Back",
      "age": "11-12",
      "gender": "Girls",
      "date": "2004-05-20",
      "time": "37.53",
      "place": "2",
      "team": "Otters",
      "yards": 0,
      "meet": "023",
      "opponent": "Trials"
    },
    {
      "name": "JessicaS",
      "stroke": "Breast",
      "age": "11-12",
      "gender": "Girls",
      "date": "2004-05-20",
      "time": "49.00",
      "place": "9",
      "team": "Otters",
      "yards": 0,
      "meet": "023",
      "opponent": "Trials"
    },
    {
      "name": "JessicaS",
      "stroke": "Freestyle",
      "age": "11-12",
      "gender": "Girls",
      "date": "2004-05-20",
      "time": "34.44",
      "place": "3",
      "team": "Otters",
      "yards": 0,
      "meet": "023",
      "opponent": "Trials"
    },
    {
      "name": "JessicaS",
      "stroke": "Butterfly",
      "age": "11-12",
      "gender": "Girls",
      "date": "2004-06-005",
      "time": "37.73",
      "place": "4",
      "team": "Otters",
      "yards": 0,
      "meet": "024",
      "opponent": "Creekside"
    },
    {
      "name": "JessicaS",
      "stroke": "Back",
      "age": "11-12",
      "gender": "Girls",
      "date": "2004-06-005",
      "time": "37.04",
      "place": "2",
      "team": "Otters",
      "yards": 0,
      "meet": "024",
      "opponent": "Creekside"
    },
    {
      "name": "JessicaS",
      "stroke": "Freestyle",
      "age": "11-12",
      "gender": "Girls",
      "date": "2004-06-005",
      "time": "33.33",
      "place": "6",
      "team": "Otters",
      "yards": 0,
      "meet": "024",
      "opponent": "Creekside"
    },
    {
      "name": "JessicaS",
      "stroke": "Butterfly",
      "age": "11-12",
      "gender": "Girls",
      "date": "2004-06-19",
      "time": "39.25",
      "place": "2",
      "team": "Otters",
      "yards": 0,
      "meet": "026",
      "opponent": "Pinehurst"
    },
    {
      "name": "JessicaS",
      "stroke": "Back",
      "age": "11-12",
      "gender": "Girls",
      "date": "2004-06-19",
      "time": "37.90",
      "place": "2",
      "team": "Otters",
      "yards": 0,
      "meet": "026",
      "opponent": "Pinehurst"
    },
    {
      "name": "JessicaS",
      "stroke": "Freestyle",
      "age": "11-12",
      "gender": "Girls",
      "date": "2004-06-19",
      "time": "33.56",
      "place": "3",
      "team": "Otters",
      "yards": 0,
      "meet": "026",
      "opponent": "Pinehurst"
    },
    {
      "name": "JessicaS",
      "stroke": "Butterfly",
      "age": "11-12",
      "gender": "Girls",
      "date": "2004-06-26",
      "time": "40.65",
      "place": "4",
      "team": "Otters",
      "yards": 0,
      "meet": "027",
      "opponent": "Crossgates"
    },
    {
      "name": "JessicaS",
      "stroke": "Back",
      "age": "11-12",
      "gender": "Girls",
      "date": "2004-06-26",
      "time": "38.62",
      "place": "2",
      "team": "Otters",
      "yards": 0,
      "meet": "027",
      "opponent": "Crossgates"
    },
    {
      "name": "JessicaS",
      "stroke": "Freestyle",
      "age": "11-12",
      "gender": "Girls",
      "date": "2004-06-26",
      "time": "33.37",
      "place": "6",
      "team": "Otters",
      "yards": 0,
      "meet": "027",
      "opponent": "Crossgates"
    },
    {
      "name": "JessicaS",
      "stroke": "Butterfly",
      "age": "11-12",
      "gender": "Girls",
      "date": "2004-07-10",
      "time": "40.51",
      "place": "4",
      "team": "Otters",
      "yards": 0,
      "meet": "028",
      "opponent": "Almaden"
    },
    {
      "name": "JessicaS",
      "stroke": "Back",
      "age": "11-12",
      "gender": "Girls",
      "date": "2004-07-10",
      "time": "36.90",
      "place": "2",
      "team": "Otters",
      "yards": 0,
      "meet": "028",
      "opponent": "Almaden"
    },
    {
      "name": "JessicaS",
      "stroke": "Breast",
      "age": "11-12",
      "gender": "Girls",
      "date": "2004-07-10",
      "time": "45.36",
      "place": "8",
      "team": "Otters",
      "yards": 0,
      "meet": "028",
      "opponent": "Almaden"
    },
    {
      "name": "JessicaS",
      "stroke": "Butterfly",
      "age": "11-12",
      "gender": "Girls",
      "date": "2004-07-17",
      "time": "36.35",
      "place": "11",
      "team": "Otters",
      "yards": 0,
      "meet": "029",
      "opponent": "Champs"
    },
    {
      "name": "JessicaS",
      "stroke": "Back",
      "age": "11-12",
      "gender": "Girls",
      "date": "2004-07-17",
      "time": "35.89",
      "place": "2",
      "team": "Otters",
      "yards": 0,
      "meet": "029",
      "opponent": "Champs"
    },
    {
      "name": "JessicaS",
      "stroke": "Freestyle",
      "age": "11-12",
      "gender": "Girls",
      "date": "2004-07-17",
      "time": "31.39",
      "place": "8",
      "team": "Otters",
      "yards": 0,
      "meet": "029",
      "opponent": "Champs"
    },
    {
      "name": "JessicaS",
      "stroke": "Butterfly",
      "age": "11-12",
      "gender": "Girls",
      "date": "2005-06-004",
      "time": "36.84",
      "place": "1",
      "team": "Otters",
      "yards": 0,
      "meet": "031",
      "opponent": "Almaden"
    },
    {
      "name": "JessicaS",
      "stroke": "Back",
      "age": "11-12",
      "gender": "Girls",
      "date": "2005-06-004",
      "time": "38.13",
      "place": "2",
      "team": "Otters",
      "yards": 0,
      "meet": "031",
      "opponent": "Almaden"
    },
    {
      "name": "JessicaS",
      "stroke": "Freestyle",
      "age": "11-12",
      "gender": "Girls",
      "date": "2005-06-004",
      "time": "32.41",
      "place": "3",
      "team": "Otters",
      "yards": 0,
      "meet": "031",
      "opponent": "Almaden"
    },
    {
      "name": "JessicaS",
      "stroke": "Butterfly",
      "age": "11-12",
      "gender": "Girls",
      "date": "2005-06-11",
      "time": "35.91",
      "place": "2",
      "team": "Otters",
      "yards": 0,
      "meet": "032",
      "opponent": "Creekside"
    },
    {
      "name": "JessicaS",
      "stroke": "Back",
      "age": "11-12",
      "gender": "Girls",
      "date": "2005-06-11",
      "time": "37.77",
      "place": "3",
      "team": "Otters",
      "yards": 0,
      "meet": "032",
      "opponent": "Creekside"
    },
    {
      "name": "JessicaS",
      "stroke": "Freestyle",
      "age": "11-12",
      "gender": "Girls",
      "date": "2005-06-11",
      "time": "30.91",
      "place": "2",
      "team": "Otters",
      "yards": 0,
      "meet": "032",
      "opponent": "Creekside"
    },
    {
      "name": "JessicaS",
      "stroke": "Butterfly",
      "age": "11-12",
      "gender": "Girls",
      "date": "2005-06-18",
      "time": "34.13",
      "place": "1",
      "team": "Otters",
      "yards": 0,
      "meet": "033",
      "opponent": "Shadowbrook"
    },
    {
      "name": "JessicaS",
      "stroke": "Back",
      "age": "11-12",
      "gender": "Girls",
      "date": "2005-06-18",
      "time": "36.56",
      "place": "1",
      "team": "Otters",
      "yards": 0,
      "meet": "033",
      "opponent": "Shadowbrook"
    },
    {
      "name": "JessicaS",
      "stroke": "Freestyle",
      "age": "11-12",
      "gender": "Girls",
      "date": "2005-06-18",
      "time": "30.73",
      "place": "1",
      "team": "Otters",
      "yards": 0,
      "meet": "033",
      "opponent": "Shadowbrook"
    },
    {
      "name": "JessicaS",
      "stroke": "Butterfly",
      "age": "11-12",
      "gender": "Girls",
      "date": "2005-06-25",
      "time": "34.84",
      "place": "1",
      "team": "Otters",
      "yards": 0,
      "meet": "034",
      "opponent": "Pinehurst"
    },
    {
      "name": "JessicaS",
      "stroke": "Back",
      "age": "11-12",
      "gender": "Girls",
      "date": "2005-06-25",
      "time": "34.95",
      "place": "1",
      "team": "Otters",
      "yards": 0,
      "meet": "034",
      "opponent": "Pinehurst"
    },
    {
      "name": "JessicaS",
      "stroke": "Freestyle",
      "age": "11-12",
      "gender": "Girls",
      "date": "2005-06-25",
      "time": "30.34",
      "place": "1",
      "team": "Otters",
      "yards": 0,
      "meet": "034",
      "opponent": "Pinehurst"
    },
    {
      "name": "JessicaS",
      "stroke": "Butterfly",
      "age": "11-12",
      "gender": "Girls",
      "date": "2005-07-009",
      "time": "34.97",
      "place": "1",
      "team": "Otters",
      "yards": 0,
      "meet": "035",
      "opponent": "Crossgates"
    },
    {
      "name": "JessicaS",
      "stroke": "Back",
      "age": "11-12",
      "gender": "Girls",
      "date": "2005-07-009",
      "time": "35.19",
      "place": "1",
      "team": "Otters",
      "yards": 0,
      "meet": "035",
      "opponent": "Crossgates"
    },
    {
      "name": "JessicaS",
      "stroke": "Freestyle",
      "age": "11-12",
      "gender": "Girls",
      "date": "2005-07-009",
      "time": "30.59",
      "place": "1",
      "team": "Otters",
      "yards": 0,
      "meet": "035",
      "opponent": "Crossgates"
    },
    {
      "name": "JessicaS",
      "stroke": "Butterfly",
      "age": "11-12",
      "gender": "Girls",
      "date": "2005-07-16",
      "time": "33.96",
      "place": "3",
      "team": "Otters",
      "yards": 0,
      "meet": "036",
      "opponent": "Champs"
    },
    {
      "name": "JessicaS",
      "stroke": "Back",
      "age": "11-12",
      "gender": "Girls",
      "date": "2005-07-16",
      "time": "35.70",
      "place": "2",
      "team": "Otters",
      "yards": 0,
      "meet": "036",
      "opponent": "Champs"
    },
    {
      "name": "JessicaS",
      "stroke": "Freestyle",
      "age": "11-12",
      "gender": "Girls",
      "date": "2005-07-16",
      "time": "29.86",
      "place": "2",
      "team": "Otters",
      "yards": 0,
      "meet": "036",
      "opponent": "Champs"
    },
    {
      "name": "JessicaS",
      "stroke": "Butterfly",
      "age": "13-14",
      "gender": "Girls",
      "date": "2006-05-20",
      "time": "33.46",
      "place": "3",
      "team": "Otters",
      "yards": 0,
      "meet": "037",
      "opponent": "Trials"
    },
    {
      "name": "JessicaS",
      "stroke": "Back",
      "age": "13-14",
      "gender": "Girls",
      "date": "2006-05-20",
      "time": "36.21",
      "place": "3",
      "team": "Otters",
      "yards": 0,
      "meet": "037",
      "opponent": "Trials"
    },
    {
      "name": "JessicaS",
      "stroke": "Breast",
      "age": "13-14",
      "gender": "Girls",
      "date": "2006-05-20",
      "time": "42.34",
      "place": "4",
      "team": "Otters",
      "yards": 0,
      "meet": "037",
      "opponent": "Trials"
    },
    {
      "name": "JessicaS",
      "stroke": "Freestyle",
      "age": "13-14",
      "gender": "Girls",
      "date": "2006-05-20",
      "time": "30.96",
      "place": "3",
      "team": "Otters",
      "yards": 0,
      "meet": "037",
      "opponent": "Trials"
    },
    {
      "name": "JessicaS",
      "stroke": "Butterfly",
      "age": "13-14",
      "gender": "Girls",
      "date": "2006-06-003",
      "time": "35.15",
      "place": "3",
      "team": "Otters",
      "yards": 0,
      "meet": "038",
      "opponent": "Crossgates"
    },
    {
      "name": "JessicaS",
      "stroke": "Back",
      "age": "13-14",
      "gender": "Girls",
      "date": "2006-06-003",
      "time": "36.16",
      "place": "3",
      "team": "Otters",
      "yards": 0,
      "meet": "038",
      "opponent": "Crossgates"
    },
    {
      "name": "JessicaS",
      "stroke": "Freestyle",
      "age": "13-14",
      "gender": "Girls",
      "date": "2006-06-003",
      "time": "31.00",
      "place": "5",
      "team": "Otters",
      "yards": 0,
      "meet": "038",
      "opponent": "Crossgates"
    },
    {
      "name": "JessicaS",
      "stroke": "Butterfly",
      "age": "13-14",
      "gender": "Girls",
      "date": "2006-06-10",
      "time": "33.84",
      "place": "4",
      "team": "Otters",
      "yards": 0,
      "meet": "039",
      "opponent": "Almaden"
    },
    {
      "name": "JessicaS",
      "stroke": "Back",
      "age": "13-14",
      "gender": "Girls",
      "date": "2006-06-10",
      "time": "35.71",
      "place": "3",
      "team": "Otters",
      "yards": 0,
      "meet": "039",
      "opponent": "Almaden"
    },
    {
      "name": "JessicaS",
      "stroke": "Freestyle",
      "age": "13-14",
      "gender": "Girls",
      "date": "2006-06-10",
      "time": "30.31",
      "place": "5",
      "team": "Otters",
      "yards": 0,
      "meet": "039",
      "opponent": "Almaden"
    },
    {
      "name": "JessicaS",
      "stroke": "Butterfly",
      "age": "13-14",
      "gender": "Girls",
      "date": "2006-06-17",
      "time": "32.65",
      "place": "3",
      "team": "Otters",
      "yards": 0,
      "meet": "040",
      "opponent": "Creekside"
    },
    {
      "name": "JessicaS",
      "stroke": "Back",
      "age": "13-14",
      "gender": "Girls",
      "date": "2006-06-17",
      "time": "34.46",
      "place": "3",
      "team": "Otters",
      "yards": 0,
      "meet": "040",
      "opponent": "Creekside"
    },
    {
      "name": "JessicaS",
      "stroke": "Freestyle",
      "age": "13-14",
      "gender": "Girls",
      "date": "2006-06-17",
      "time": "29.88",
      "place": "7",
      "team": "Otters",
      "yards": 0,
      "meet": "040",
      "opponent": "Creekside"
    },
    {
      "name": "JessicaS",
      "stroke": "Butterfly",
      "age": "13-14",
      "gender": "Girls",
      "date": "2006-06-24",
      "time": "34.29",
      "place": "2",
      "team": "Otters",
      "yards": 0,
      "meet": "041",
      "opponent": "Shadowbrook"
    },
    {
      "name": "JessicaS",
      "stroke": "Back",
      "age": "13-14",
      "gender": "Girls",
      "date": "2006-06-24",
      "time": "33.62",
      "place": "1",
      "team": "Otters",
      "yards": 0,
      "meet": "041",
      "opponent": "Shadowbrook"
    },
    {
      "name": "JessicaS",
      "stroke": "Freestyle",
      "age": "13-14",
      "gender": "Girls",
      "date": "2006-06-24",
      "time": "29.61",
      "place": "3",
      "team": "Otters",
      "yards": 0,
      "meet": "041",
      "opponent": "Shadowbrook"
    },
    {
      "name": "JessicaS",
      "stroke": "Butterfly",
      "age": "13-14",
      "gender": "Girls",
      "date": "2006-07-008",
      "time": "32.64",
      "place": "3",
      "team": "Otters",
      "yards": 0,
      "meet": "042",
      "opponent": "Pinehurst"
    },
    {
      "name": "JessicaS",
      "stroke": "Back",
      "age": "13-14",
      "gender": "Girls",
      "date": "2006-07-008",
      "time": "34.89",
      "place": "3",
      "team": "Otters",
      "yards": 0,
      "meet": "042",
      "opponent": "Pinehurst"
    },
    {
      "name": "JessicaS",
      "stroke": "Freestyle",
      "age": "13-14",
      "gender": "Girls",
      "date": "2006-07-008",
      "time": "29.01",
      "place": "2",
      "team": "Otters",
      "yards": 0,
      "meet": "042",
      "opponent": "Pinehurst"
    },
    {
      "name": "JessicaS",
      "stroke": "Butterfly",
      "age": "13-14",
      "gender": "Girls",
      "date": "2006-07-15",
      "time": "32.72",
      "place": "5",
      "team": "Otters",
      "yards": 0,
      "meet": "043",
      "opponent": "Champs"
    },
    {
      "name": "JessicaS",
      "stroke": "Back",
      "age": "13-14",
      "gender": "Girls",
      "date": "2006-07-15",
      "time": "36.53",
      "place": "8",
      "team": "Otters",
      "yards": 0,
      "meet": "043",
      "opponent": "Champs"
    },
    {
      "name": "JessicaS",
      "stroke": "Freestyle",
      "age": "13-14",
      "gender": "Girls",
      "date": "2006-07-15",
      "time": "29.45",
      "place": "12",
      "team": "Otters",
      "yards": 0,
      "meet": "043",
      "opponent": "Champs"
    },
    {
      "name": "JessicaS",
      "stroke": "Butterfly",
      "age": "13-14",
      "gender": "Girls",
      "date": "2007-06-002",
      "time": "30.91",
      "place": "1",
      "team": "Otters",
      "yards": 0,
      "meet": "044",
      "opponent": "Trials"
    },
    {
      "name": "JessicaS",
      "stroke": "Back",
      "age": "13-14",
      "gender": "Girls",
      "date": "2007-06-002",
      "time": "32.27",
      "place": "1",
      "team": "Otters",
      "yards": 0,
      "meet": "044",
      "opponent": "Trials"
    },
    {
      "name": "JessicaS",
      "stroke": "Breast",
      "age": "13-14",
      "gender": "Girls",
      "date": "2007-06-002",
      "time": "40.07",
      "place": "4",
      "team": "Otters",
      "yards": 0,
      "meet": "044",
      "opponent": "Trials"
    },
    {
      "name": "JessicaS",
      "stroke": "Freestyle",
      "age": "13-14",
      "gender": "Girls",
      "date": "2007-06-002",
      "time": "28.69",
      "place": "2",
      "team": "Otters",
      "yards": 0,
      "meet": "044",
      "opponent": "Trials"
    },
    {
      "name": "JessicaS",
      "stroke": "Butterfly",
      "age": "13-14",
      "gender": "Girls",
      "date": "2007-06-009",
      "time": "31.68",
      "place": "1",
      "team": "Otters",
      "yards": 0,
      "meet": "045",
      "opponent": "Pinehurst"
    },
    {
      "name": "JessicaS",
      "stroke": "Back",
      "age": "13-14",
      "gender": "Girls",
      "date": "2007-06-009",
      "time": "32.63",
      "place": "1",
      "team": "Otters",
      "yards": 0,
      "meet": "045",
      "opponent": "Pinehurst"
    },
    {
      "name": "JessicaS",
      "stroke": "Freestyle",
      "age": "13-14",
      "gender": "Girls",
      "date": "2007-06-009",
      "time": "28.86",
      "place": "3",
      "team": "Otters",
      "yards": 0,
      "meet": "045",
      "opponent": "Pinehurst"
    },
    {
      "name": "JessicaS",
      "stroke": "Butterfly",
      "age": "13-14",
      "gender": "Girls",
      "date": "2007-06-16",
      "time": "31.40",
      "place": "1",
      "team": "Otters",
      "yards": 0,
      "meet": "046",
      "opponent": "Crossgates"
    },
    {
      "name": "JessicaS",
      "stroke": "Back",
      "age": "13-14",
      "gender": "Girls",
      "date": "2007-06-16",
      "time": "34.15",
      "place": "1",
      "team": "Otters",
      "yards": 0,
      "meet": "046",
      "opponent": "Crossgates"
    },
    {
      "name": "JessicaS",
      "stroke": "Freestyle",
      "age": "13-14",
      "gender": "Girls",
      "date": "2007-06-16",
      "time": "29.30",
      "place": "3",
      "team": "Otters",
      "yards": 0,
      "meet": "046",
      "opponent": "Crossgates"
    },
    {
      "name": "JessicaS",
      "stroke": "Butterfly",
      "age": "13-14",
      "gender": "Girls",
      "date": "2007-06-23",
      "time": "30.87",
      "place": "1",
      "team": "Otters",
      "yards": 0,
      "meet": "047",
      "opponent": "Almaden"
    },
    {
      "name": "JessicaS",
      "stroke": "Back",
      "age": "13-14",
      "gender": "Girls",
      "date": "2007-06-23",
      "time": "32.50",
      "place": "1",
      "team": "Otters",
      "yards": 0,
      "meet": "047",
      "opponent": "Almaden"
    },
    {
      "name": "JessicaS",
      "stroke": "Freestyle",
      "age": "13-14",
      "gender": "Girls",
      "date": "2007-06-23",
      "time": "28.60",
      "place": "1",
      "team": "Otters",
      "yards": 0,
      "meet": "047",
      "opponent": "Almaden"
    },
    {
      "name": "JessicaS",
      "stroke": "Back",
      "age": "13-14",
      "gender": "Girls",
      "date": "2007-06-30",
      "time": "31.91",
      "place": "2",
      "team": "Otters",
      "yards": 0,
      "meet": "048",
      "opponent": "Creekside"
    },
    {
      "name": "JessicaS",
      "stroke": "Breast",
      "age": "13-14",
      "gender": "Girls",
      "date": "2007-06-30",
      "time": "39.77",
      "place": "1",
      "team": "Otters",
      "yards": 0,
      "meet": "048",
      "opponent": "Creekside"
    },
    {
      "name": "JessicaS",
      "stroke": "Freestyle",
      "age": "13-14",
      "gender": "Girls",
      "date": "2007-06-30",
      "time": "28.72",
      "place": "2",
      "team": "Otters",
      "yards": 0,
      "meet": "048",
      "opponent": "Creekside"
    },
    {
      "name": "JessicaS",
      "stroke": "Butterfly",
      "age": "13-14",
      "gender": "Girls",
      "date": "2007-07-007",
      "time": "32.87",
      "place": "1",
      "team": "Otters",
      "yards": 0,
      "meet": "049",
      "opponent": "Shadowbrook"
    },
    {
      "name": "JessicaS",
      "stroke": "Back",
      "age": "13-14",
      "gender": "Girls",
      "date": "2007-07-007",
      "time": "33.93",
      "place": "1",
      "team": "Otters",
      "yards": 0,
      "meet": "049",
      "opponent": "Shadowbrook"
    },
    {
      "name": "JessicaS",
      "stroke": "Freestyle",
      "age": "13-14",
      "gender": "Girls",
      "date": "2007-07-007",
      "time": "29.84",
      "place": "3",
      "team": "Otters",
      "yards": 0,
      "meet": "049",
      "opponent": "Shadowbrook"
    },
    {
      "name": "JessicaS",
      "stroke": "Butterfly",
      "age": "13-14",
      "gender": "Girls",
      "date": "2007-07-14",
      "time": "30.91",
      "place": "2",
      "team": "Otters",
      "yards": 0,
      "meet": "050",
      "opponent": "Champs"
    },
    {
      "name": "JessicaS",
      "stroke": "Back",
      "age": "13-14",
      "gender": "Girls",
      "date": "2007-07-14",
      "time": "32.56",
      "place": "2",
      "team": "Otters",
      "yards": 0,
      "meet": "050",
      "opponent": "Champs"
    },
    {
      "name": "JessicaS",
      "stroke": "Freestyle",
      "age": "13-14",
      "gender": "Girls",
      "date": "2007-07-14",
      "time": "28.41",
      "place": "5",
      "team": "Otters",
      "yards": 0,
      "meet": "050",
      "opponent": "Champs"
    },
    {
      "name": "JessicaS",
      "stroke": "Butterfly",
      "age": "15-18",
      "gender": "Girls",
      "date": "2008-05-31",
      "time": "30.38",
      "place": "1",
      "team": "Otters",
      "yards": 0,
      "meet": "051",
      "opponent": "Trials"
    },
    {
      "name": "JessicaS",
      "stroke": "Back",
      "age": "15-18",
      "gender": "Girls",
      "date": "2008-05-31",
      "time": "33.19",
      "place": "2",
      "team": "Otters",
      "yards": 0,
      "meet": "051",
      "opponent": "Trials"
    },
    {
      "name": "JessicaS",
      "stroke": "Breast",
      "age": "15-18",
      "gender": "Girls",
      "date": "2008-05-31",
      "time": "41.89",
      "place": "4",
      "team": "Otters",
      "yards": 0,
      "meet": "051",
      "opponent": "Trials"
    },
    {
      "name": "JessicaS",
      "stroke": "Butterfly",
      "age": "15-18",
      "gender": "Girls",
      "date": "2008-06-007",
      "time": "32.38",
      "place": "4",
      "team": "Otters",
      "yards": 0,
      "meet": "052",
      "opponent": "Shadowbrook"
    },
    {
      "name": "JessicaS",
      "stroke": "Back",
      "age": "15-18",
      "gender": "Girls",
      "date": "2008-06-007",
      "time": "33.68",
      "place": "3",
      "team": "Otters",
      "yards": 0,
      "meet": "052",
      "opponent": "Shadowbrook"
    },
    {
      "name": "JessicaS",
      "stroke": "Freestyle",
      "age": "15-18",
      "gender": "Girls",
      "date": "2008-06-007",
      "time": "29.69",
      "place": "5",
      "team": "Otters",
      "yards": 0,
      "meet": "052",
      "opponent": "Shadowbrook"
    },
    {
      "name": "JessicaS",
      "stroke": "Breast",
      "age": "15-18",
      "gender": "Girls",
      "date": "2008-06-14",
      "time": "41.44",
      "place": "5",
      "team": "Otters",
      "yards": 0,
      "meet": "053",
      "opponent": "Pinehurst"
    },
    {
      "name": "JessicaS",
      "stroke": "Freestyle",
      "age": "15-18",
      "gender": "Girls",
      "date": "2008-06-14",
      "time": "29.66",
      "place": "5",
      "team": "Otters",
      "yards": 0,
      "meet": "053",
      "opponent": "Pinehurst"
    },
    {
      "name": "JessicaS",
      "stroke": "Butterfly",
      "age": "15-18",
      "gender": "Girls",
      "date": "2008-06-21",
      "time": "31.53",
      "place": "5",
      "team": "Otters",
      "yards": 0,
      "meet": "054",
      "opponent": "Crossgates"
    },
    {
      "name": "JessicaS",
      "stroke": "Back",
      "age": "15-18",
      "gender": "Girls",
      "date": "2008-06-21",
      "time": "33.54",
      "place": "4",
      "team": "Otters",
      "yards": 0,
      "meet": "054",
      "opponent": "Crossgates"
    },
    {
      "name": "JessicaS",
      "stroke": "Freestyle",
      "age": "15-18",
      "gender": "Girls",
      "date": "2008-06-21",
      "time": "28.71",
      "place": "5",
      "team": "Otters",
      "yards": 0,
      "meet": "054",
      "opponent": "Crossgates"
    },
    {
      "name": "JessicaS",
      "stroke": "Butterfly",
      "age": "15-18",
      "gender": "Girls",
      "date": "2008-06-28",
      "time": "31.66",
      "place": "6",
      "team": "Otters",
      "yards": 0,
      "meet": "055",
      "opponent": "Almaden"
    },
    {
      "name": "JessicaS",
      "stroke": "Back",
      "age": "15-18",
      "gender": "Girls",
      "date": "2008-06-28",
      "time": "33.03",
      "place": "4",
      "team": "Otters",
      "yards": 0,
      "meet": "055",
      "opponent": "Almaden"
    },
    {
      "name": "JessicaS",
      "stroke": "Freestyle",
      "age": "15-18",
      "gender": "Girls",
      "date": "2008-06-28",
      "time": "29.13",
      "place": "6",
      "team": "Otters",
      "yards": 0,
      "meet": "055",
      "opponent": "Almaden"
    },
    {
      "name": "JessicaS",
      "stroke": "Butterfly",
      "age": "15-18",
      "gender": "Girls",
      "date": "2008-07-12",
      "time": "29.97",
      "place": "1",
      "team": "Otters",
      "yards": 0,
      "meet": "056",
      "opponent": "Creekside"
    },
    {
      "name": "JessicaS",
      "stroke": "Back",
      "age": "15-18",
      "gender": "Girls",
      "date": "2008-07-12",
      "time": "DQ",
      "place": "--",
      "team": "Otters",
      "yards": 0,
      "meet": "056",
      "opponent": "Creekside"
    },
    {
      "name": "JessicaS",
      "stroke": "Freestyle",
      "age": "15-18",
      "gender": "Girls",
      "date": "2008-07-12",
      "time": "28.78",
      "place": "3",
      "team": "Otters",
      "yards": 0,
      "meet": "056",
      "opponent": "Creekside"
    },
    {
      "name": "JessicaS",
      "stroke": "Butterfly",
      "age": "15-18",
      "gender": "Girls",
      "date": "2008-07-19",
      "time": "30.15",
      "place": "7",
      "team": "Otters",
      "yards": 0,
      "meet": "057",
      "opponent": "Champs"
    },
    {
      "name": "JessicaS",
      "stroke": "Back",
      "age": "15-18",
      "gender": "Girls",
      "date": "2008-07-19",
      "time": "33.46",
      "place": "7",
      "team": "Otters",
      "yards": 0,
      "meet": "057",
      "opponent": "Champs"
    },
    {
      "name": "JessicaS",
      "stroke": "Freestyle",
      "age": "15-18",
      "gender": "Girls",
      "date": "2008-07-19",
      "time": "28.66",
      "place": "16",
      "team": "Otters",
      "yards": 0,
      "meet": "057",
      "opponent": "Champs"
    },
    {
      "name": "JessicaS",
      "stroke": "Back",
      "age": "15-18",
      "gender": "Girls",
      "date": "2009-05-30",
      "time": "32.27",
      "place": "2",
      "team": "Otters",
      "yards": 0,
      "meet": "058",
      "opponent": "Trials"
    },
    {
      "name": "JessicaS",
      "stroke": "Breast",
      "age": "15-18",
      "gender": "Girls",
      "date": "2009-05-30",
      "time": "41.53",
      "place": "7",
      "team": "Otters",
      "yards": 0,
      "meet": "058",
      "opponent": "Trials"
    },
    {
      "name": "JessicaS",
      "stroke": "Butterfly",
      "age": "15-18",
      "gender": "Girls",
      "date": "2009-06-13",
      "time": "31.00",
      "place": "2",
      "team": "Otters",
      "yards": 0,
      "meet": "060",
      "opponent": "Shadowbrook"
    },
    {
      "name": "JessicaS",
      "stroke": "Back",
      "age": "15-18",
      "gender": "Girls",
      "date": "2009-06-13",
      "time": "32.98",
      "place": "4",
      "team": "Otters",
      "yards": 0,
      "meet": "060",
      "opponent": "Shadowbrook"
    },
    {
      "name": "JessicaS",
      "stroke": "Freestyle",
      "age": "15-18",
      "gender": "Girls",
      "date": "2009-06-13",
      "time": "28.98",
      "place": "5",
      "team": "Otters",
      "yards": 0,
      "meet": "060",
      "opponent": "Shadowbrook"
    },
    {
      "name": "JessicaS",
      "stroke": "Butterfly",
      "age": "15-18",
      "gender": "Girls",
      "date": "2009-06-20",
      "time": "30.54",
      "place": "3",
      "team": "Otters",
      "yards": 0,
      "meet": "061",
      "opponent": "Pinehurst"
    },
    {
      "name": "JessicaS",
      "stroke": "Back",
      "age": "15-18",
      "gender": "Girls",
      "date": "2009-06-20",
      "time": "32.72",
      "place": "4",
      "team": "Otters",
      "yards": 0,
      "meet": "061",
      "opponent": "Pinehurst"
    },
    {
      "name": "JessicaS",
      "stroke": "Freestyle",
      "age": "15-18",
      "gender": "Girls",
      "date": "2009-06-20",
      "time": "29.78",
      "place": "8",
      "team": "Otters",
      "yards": 0,
      "meet": "061",
      "opponent": "Pinehurst"
    },
    {
      "name": "JessicaS",
      "stroke": "Butterfly",
      "age": "15-18",
      "gender": "Girls",
      "date": "2009-06-27",
      "time": "30.74",
      "place": "6",
      "team": "Otters",
      "yards": 0,
      "meet": "062",
      "opponent": "Crossgates"
    },
    {
      "name": "JessicaS",
      "stroke": "Back",
      "age": "15-18",
      "gender": "Girls",
      "date": "2009-06-27",
      "time": "32.13",
      "place": "4",
      "team": "Otters",
      "yards": 0,
      "meet": "062",
      "opponent": "Crossgates"
    },
    {
      "name": "JessicaS",
      "stroke": "Freestyle",
      "age": "15-18",
      "gender": "Girls",
      "date": "2009-06-27",
      "time": "28.52",
      "place": "8",
      "team": "Otters",
      "yards": 0,
      "meet": "062",
      "opponent": "Crossgates"
    },
    {
      "name": "JessicaS",
      "stroke": "Butterfly",
      "age": "15-18",
      "gender": "Girls",
      "date": "2009-07-11",
      "time": "31.51",
      "place": "6",
      "team": "Otters",
      "yards": 0,
      "meet": "063",
      "opponent": "Almaden"
    },
    {
      "name": "JessicaS",
      "stroke": "Back",
      "age": "15-18",
      "gender": "Girls",
      "date": "2009-07-11",
      "time": "32.64",
      "place": "4",
      "team": "Otters",
      "yards": 0,
      "meet": "063",
      "opponent": "Almaden"
    },
    {
      "name": "JessicaS",
      "stroke": "Freestyle",
      "age": "15-18",
      "gender": "Girls",
      "date": "2009-07-11",
      "time": "28.36",
      "place": "6",
      "team": "Otters",
      "yards": 0,
      "meet": "063",
      "opponent": "Almaden"
    },
    {
      "name": "JessicaS",
      "stroke": "Butterfly",
      "age": "15-18",
      "gender": "Girls",
      "date": "2009-07-18",
      "time": "DQ",
      "place": "--",
      "team": "Otters",
      "yards": 0,
      "meet": "064",
      "opponent": "Champs"
    },
    {
      "name": "JessicaS",
      "stroke": "Back",
      "age": "15-18",
      "gender": "Girls",
      "date": "2009-07-18",
      "time": "31.87",
      "place": "4",
      "team": "Otters",
      "yards": 0,
      "meet": "064",
      "opponent": "Champs"
    },
    {
      "name": "JessicaS",
      "stroke": "Freestyle",
      "age": "15-18",
      "gender": "Girls",
      "date": "2009-07-18",
      "time": "27.69",
      "place": "9",
      "team": "Otters",
      "yards": 0,
      "meet": "064",
      "opponent": "Champs"
    },
    {
      "name": "JessicaS",
      "stroke": "Butterfly",
      "age": "15-18",
      "gender": "Girls",
      "date": "2010-05-22",
      "time": "31.21",
      "place": "1",
      "team": "Otters",
      "yards": 0,
      "meet": "065",
      "opponent": "Trials"
    },
    {
      "name": "JessicaS",
      "stroke": "Back",
      "age": "15-18",
      "gender": "Girls",
      "date": "2010-05-22",
      "time": "32.63",
      "place": "1",
      "team": "Otters",
      "yards": 0,
      "meet": "065",
      "opponent": "Trials"
    },
    {
      "name": "JessicaS",
      "stroke": "Breast",
      "age": "15-18",
      "gender": "Girls",
      "date": "2010-05-22",
      "time": "42.09",
      "place": "6",
      "team": "Otters",
      "yards": 0,
      "meet": "065",
      "opponent": "Trials"
    },
    {
      "name": "JessicaS",
      "stroke": "Freestyle",
      "age": "15-18",
      "gender": "Girls",
      "date": "2010-05-22",
      "time": "28.89",
      "place": "2",
      "team": "Otters",
      "yards": 0,
      "meet": "065",
      "opponent": "Trials"
    },
    {
      "name": "JessicaS",
      "stroke": "Butterfly",
      "age": "15-18",
      "gender": "Girls",
      "date": "2010-06-005",
      "time": "31.99",
      "place": "5",
      "team": "Otters",
      "yards": 0,
      "meet": "066",
      "opponent": "Almaden"
    },
    {
      "name": "JessicaS",
      "stroke": "Back",
      "age": "15-18",
      "gender": "Girls",
      "date": "2010-06-005",
      "time": "33.17",
      "place": "3",
      "team": "Otters",
      "yards": 0,
      "meet": "066",
      "opponent": "Almaden"
    },
    {
      "name": "JessicaS",
      "stroke": "Freestyle",
      "age": "15-18",
      "gender": "Girls",
      "date": "2010-06-005",
      "time": "28.91",
      "place": "6",
      "team": "Otters",
      "yards": 0,
      "meet": "066",
      "opponent": "Almaden"
    },
    {
      "name": "JessicaS",
      "stroke": "Butterfly",
      "age": "15-18",
      "gender": "Girls",
      "date": "2010-06-19",
      "time": "31.68",
      "place": "1",
      "team": "Otters",
      "yards": 0,
      "meet": "068",
      "opponent": "Shadowbrook"
    },
    {
      "name": "JessicaS",
      "stroke": "Back",
      "age": "15-18",
      "gender": "Girls",
      "date": "2010-06-19",
      "time": "33.03",
      "place": "1",
      "team": "Otters",
      "yards": 0,
      "meet": "068",
      "opponent": "Shadowbrook"
    },
    {
      "name": "JessicaS",
      "stroke": "Freestyle",
      "age": "15-18",
      "gender": "Girls",
      "date": "2010-06-19",
      "time": "29.34",
      "place": "3",
      "team": "Otters",
      "yards": 0,
      "meet": "068",
      "opponent": "Shadowbrook"
    },
    {
      "name": "JessicaS",
      "stroke": "Butterfly",
      "age": "15-18",
      "gender": "Girls",
      "date": "2010-06-26",
      "time": "32.33",
      "place": "3",
      "team": "Otters",
      "yards": 0,
      "meet": "069",
      "opponent": "Pinehurst"
    },
    {
      "name": "JessicaS",
      "stroke": "Back",
      "age": "15-18",
      "gender": "Girls",
      "date": "2010-06-26",
      "time": "DQ",
      "place": "--",
      "team": "Otters",
      "yards": 0,
      "meet": "069",
      "opponent": "Pinehurst"
    },
    {
      "name": "JessicaS",
      "stroke": "Freestyle",
      "age": "15-18",
      "gender": "Girls",
      "date": "2010-06-26",
      "time": "29.78",
      "place": "6",
      "team": "Otters",
      "yards": 0,
      "meet": "069",
      "opponent": "Pinehurst"
    },
    {
      "name": "JessicaS",
      "stroke": "Butterfly",
      "age": "15-18",
      "gender": "Girls",
      "date": "2010-07-10",
      "time": "32.10",
      "place": "2",
      "team": "Otters",
      "yards": 0,
      "meet": "070",
      "opponent": "Crossgates"
    },
    {
      "name": "JessicaS",
      "stroke": "Back",
      "age": "15-18",
      "gender": "Girls",
      "date": "2010-07-10",
      "time": "33.16",
      "place": "2",
      "team": "Otters",
      "yards": 0,
      "meet": "070",
      "opponent": "Crossgates"
    },
    {
      "name": "JessicaS",
      "stroke": "Freestyle",
      "age": "15-18",
      "gender": "Girls",
      "date": "2010-07-10",
      "time": "29.10",
      "place": "3",
      "team": "Otters",
      "yards": 0,
      "meet": "070",
      "opponent": "Crossgates"
    },
    {
      "name": "JessicaS",
      "stroke": "Butterfly",
      "age": "15-18",
      "gender": "Girls",
      "date": "2010-07-17",
      "time": "30.84",
      "place": "12",
      "team": "Otters",
      "yards": 0,
      "meet": "071",
      "opponent": "Champs"
    },
    {
      "name": "JessicaS",
      "stroke": "Back",
      "age": "15-18",
      "gender": "Girls",
      "date": "2010-07-17",
      "time": "32.24",
      "place": "6",
      "team": "Otters",
      "yards": 0,
      "meet": "071",
      "opponent": "Champs"
    },
    {
      "name": "JessicaS",
      "stroke": "Freestyle",
      "age": "15-18",
      "gender": "Girls",
      "date": "2010-07-17",
      "time": "28.81",
      "place": "19",
      "team": "Otters",
      "yards": 0,
      "meet": "071",
      "opponent": "Champs"
    },
    {
      "name": "JessicaS",
      "stroke": "Butterfly",
      "age": "15-18",
      "gender": "Girls",
      "date": "2011-05-21",
      "time": "31.20",
      "place": "1",
      "team": "Otters",
      "yards": 0,
      "meet": "072",
      "opponent": "Trials"
    },
    {
      "name": "JessicaS",
      "stroke": "Back",
      "age": "15-18",
      "gender": "Girls",
      "date": "2011-05-21",
      "time": "33.09",
      "place": "1",
      "team": "Otters",
      "yards": 0,
      "meet": "072",
      "opponent": "Trials"
    },
    {
      "name": "JessicaS",
      "stroke": "Breast",
      "age": "15-18",
      "gender": "Girls",
      "date": "2011-05-21",
      "time": "42.53",
      "place": "7",
      "team": "Otters",
      "yards": 0,
      "meet": "072",
      "opponent": "Trials"
    },
    {
      "name": "JessicaS",
      "stroke": "Freestyle",
      "age": "15-18",
      "gender": "Girls",
      "date": "2011-05-21",
      "time": "29.51",
      "place": "2",
      "team": "Otters",
      "yards": 0,
      "meet": "072",
      "opponent": "Trials"
    },
    {
      "name": "JessicaS",
      "stroke": "Butterfly",
      "age": "15-18",
      "gender": "Girls",
      "date": "2011-06-004",
      "time": "32.54",
      "place": "5",
      "team": "Otters",
      "yards": 0,
      "meet": "073",
      "opponent": "Crossgates"
    },
    {
      "name": "JessicaS",
      "stroke": "Back",
      "age": "15-18",
      "gender": "Girls",
      "date": "2011-06-004",
      "time": "34.17",
      "place": "5",
      "team": "Otters",
      "yards": 0,
      "meet": "073",
      "opponent": "Crossgates"
    },
    {
      "name": "JessicaS",
      "stroke": "Freestyle",
      "age": "15-18",
      "gender": "Girls",
      "date": "2011-06-004",
      "time": "33.47",
      "place": "14",
      "team": "Otters",
      "yards": 0,
      "meet": "073",
      "opponent": "Crossgates"
    },
    {
      "name": "JessicaS",
      "stroke": "Butterfly",
      "age": "15-18",
      "gender": "Girls",
      "date": "2011-06-11",
      "time": "31.72",
      "place": "6",
      "team": "Otters",
      "yards": 0,
      "meet": "074",
      "opponent": "Almaden"
    },
    {
      "name": "JessicaS",
      "stroke": "Butterfly",
      "age": "15-18",
      "gender": "Girls",
      "date": "2011-06-18",
      "time": "31.87",
      "place": "6",
      "team": "Otters",
      "yards": 0,
      "meet": "075",
      "opponent": "Creekside"
    },
    {
      "name": "JessicaS",
      "stroke": "Back",
      "age": "15-18",
      "gender": "Girls",
      "date": "2011-06-18",
      "time": "33.59",
      "place": "6",
      "team": "Otters",
      "yards": 0,
      "meet": "075",
      "opponent": "Creekside"
    },
    {
      "name": "JessicaS",
      "stroke": "Freestyle",
      "age": "15-18",
      "gender": "Girls",
      "date": "2011-06-18",
      "time": "29.01",
      "place": "10",
      "team": "Otters",
      "yards": 0,
      "meet": "075",
      "opponent": "Creekside"
    },
    {
      "name": "JessicaS",
      "stroke": "Butterfly",
      "age": "15-18",
      "gender": "Girls",
      "date": "2011-06-25",
      "time": "33.07",
      "place": "7",
      "team": "Otters",
      "yards": 0,
      "meet": "076",
      "opponent": "Shadowbrook"
    },
    {
      "name": "JessicaS",
      "stroke": "Back",
      "age": "15-18",
      "gender": "Girls",
      "date": "2011-06-25",
      "time": "35.35",
      "place": "4",
      "team": "Otters",
      "yards": 0,
      "meet": "076",
      "opponent": "Shadowbrook"
    },
    {
      "name": "JessicaS",
      "stroke": "Freestyle",
      "age": "15-18",
      "gender": "Girls",
      "date": "2011-06-25",
      "time": "29.65",
      "place": "7",
      "team": "Otters",
      "yards": 0,
      "meet": "076",
      "opponent": "Shadowbrook"
    },
    {
      "name": "JessicaS",
      "stroke": "Butterfly",
      "age": "15-18",
      "gender": "Girls",
      "date": "2011-07-009",
      "time": "33.29",
      "place": "6",
      "team": "Otters",
      "yards": 0,
      "meet": "077",
      "opponent": "Pinehurst"
    },
    {
      "name": "JessicaS",
      "stroke": "Back",
      "age": "15-18",
      "gender": "Girls",
      "date": "2011-07-009",
      "time": "33.23",
      "place": "5",
      "team": "Otters",
      "yards": 0,
      "meet": "077",
      "opponent": "Pinehurst"
    },
    {
      "name": "JessicaS",
      "stroke": "Freestyle",
      "age": "15-18",
      "gender": "Girls",
      "date": "2011-07-009",
      "time": "29.79",
      "place": "8",
      "team": "Otters",
      "yards": 0,
      "meet": "077",
      "opponent": "Pinehurst"
    },
    {
      "name": "JessicaS",
      "stroke": "Butterfly",
      "age": "15-18",
      "gender": "Girls",
      "date": "2011-07-16",
      "time": "31.88",
      "place": "18",
      "team": "Otters",
      "yards": 0,
      "meet": "078",
      "opponent": "Champs"
    },
    {
      "name": "JessicaS",
      "stroke": "Back",
      "age": "15-18",
      "gender": "Girls",
      "date": "2011-07-16",
      "time": "34.09",
      "place": "13",
      "team": "Otters",
      "yards": 0,
      "meet": "078",
      "opponent": "Champs"
    },
    {
      "name": "JessicaS",
      "stroke": "Freestyle",
      "age": "15-18",
      "gender": "Girls",
      "date": "2011-07-16",
      "time": "29.22",
      "place": "32",
      "team": "Otters",
      "yards": 0,
      "meet": "078",
      "opponent": "Champs"
    }
  ]
}