{
  "scores": [
    {
      "name": "JessicaN",
      "stroke": "Butterfly",
      "age": "13-14",
      "gender": "Girls",
      "date": "2001-06-09",
      "time": "32.31",
      "place": "1",
      "team": "Otters",
      "yards": 0,
      "meet": "001",
      "opponent": "Crossgates"
    },
    {
      "name": "JessicaN",
      "stroke": "Back",
      "age": "13-14",
      "gender": "Girls",
      "date": "2001-06-09",
      "time": "37.38",
      "place": "3",
      "team": "Otters",
      "yards": 0,
      "meet": "001",
      "opponent": "Crossgates"
    },
    {
      "name": "JessicaN",
      "stroke": "Freestyle",
      "age": "13-14",
      "gender": "Girls",
      "date": "2001-06-09",
      "time": "29.27",
      "place": "2",
      "team": "Otters",
      "yards": 0,
      "meet": "001",
      "opponent": "Crossgates"
    },
    {
      "name": "JessicaN",
      "stroke": "Butterfly",
      "age": "13-14",
      "gender": "Girls",
      "date": "2001-06-16",
      "time": "32.28",
      "place": "2",
      "team": "Otters",
      "yards": 0,
      "meet": "002",
      "opponent": "Almaden"
    },
    {
      "name": "JessicaN",
      "stroke": "Back",
      "age": "13-14",
      "gender": "Girls",
      "date": "2001-06-16",
      "time": "36.53",
      "place": "2",
      "team": "Otters",
      "yards": 0,
      "meet": "002",
      "opponent": "Almaden"
    },
    {
      "name": "JessicaN",
      "stroke": "Freestyle",
      "age": "13-14",
      "gender": "Girls",
      "date": "2001-06-16",
      "time": "29.14",
      "place": "4",
      "team": "Otters",
      "yards": 0,
      "meet": "002",
      "opponent": "Almaden"
    },
    {
      "name": "JessicaN",
      "stroke": "Butterfly",
      "age": "13-14",
      "gender": "Girls",
      "date": "2001-06-23",
      "time": "30.77",
      "place": "2",
      "team": "Otters",
      "yards": 0,
      "meet": "003",
      "opponent": "Creekside"
    },
    {
      "name": "JessicaN",
      "stroke": "Back",
      "age": "13-14",
      "gender": "Girls",
      "date": "2001-06-23",
      "time": "36.48",
      "place": "5",
      "team": "Otters",
      "yards": 0,
      "meet": "003",
      "opponent": "Creekside"
    },
    {
      "name": "JessicaN",
      "stroke": "Freestyle",
      "age": "13-14",
      "gender": "Girls",
      "date": "2001-06-23",
      "time": "28.76",
      "place": "4",
      "team": "Otters",
      "yards": 0,
      "meet": "003",
      "opponent": "Creekside"
    },
    {
      "name": "JessicaN",
      "stroke": "Butterfly",
      "age": "13-14",
      "gender": "Girls",
      "date": "2001-06-30",
      "time": "31.88",
      "place": "1",
      "team": "Otters",
      "yards": 0,
      "meet": "004",
      "opponent": "Shadowbrook"
    },
    {
      "name": "JessicaN",
      "stroke": "Back",
      "age": "13-14",
      "gender": "Girls",
      "date": "2001-06-30",
      "time": "36.57",
      "place": "2",
      "team": "Otters",
      "yards": 0,
      "meet": "004",
      "opponent": "Shadowbrook"
    },
    {
      "name": "JessicaN",
      "stroke": "Freestyle",
      "age": "13-14",
      "gender": "Girls",
      "date": "2001-06-30",
      "time": "29.91",
      "place": "3",
      "team": "Otters",
      "yards": 0,
      "meet": "004",
      "opponent": "Shadowbrook"
    },
    {
      "name": "JessicaN",
      "stroke": "Butterfly",
      "age": "13-14",
      "gender": "Girls",
      "date": "2001-07-21",
      "time": "32.26",
      "place": "3",
      "team": "Otters",
      "yards": 0,
      "meet": "006",
      "opponent": "Champs"
    },
    {
      "name": "JessicaN",
      "stroke": "Back",
      "age": "13-14",
      "gender": "Girls",
      "date": "2001-07-21",
      "time": "38.76",
      "place": "14",
      "team": "Otters",
      "yards": 0,
      "meet": "006",
      "opponent": "Champs"
    },
    {
      "name": "JessicaN",
      "stroke": "Freestyle",
      "age": "13-14",
      "gender": "Girls",
      "date": "2001-07-21",
      "time": "29.39",
      "place": "10",
      "team": "Otters",
      "yards": 0,
      "meet": "006",
      "opponent": "Champs"
    }
  ]
}