{
  "scores": [
    {
      "name": "JilliaG",
      "stroke": "Back",
      "age": "15-18",
      "gender": "Girls",
      "date": "2001-06-09",
      "time": "56.47",
      "place": "7",
      "team": "Otters",
      "yards": 0,
      "meet": "001",
      "opponent": "Crossgates"
    },
    {
      "name": "JilliaG",
      "stroke": "Breast",
      "age": "15-18",
      "gender": "Girls",
      "date": "2001-06-09",
      "time": "48.49",
      "place": "6",
      "team": "Otters",
      "yards": 0,
      "meet": "001",
      "opponent": "Crossgates"
    },
    {
      "name": "JilliaG",
      "stroke": "Freestyle",
      "age": "15-18",
      "gender": "Girls",
      "date": "2001-06-09",
      "time": "43.54",
      "place": "10",
      "team": "Otters",
      "yards": 0,
      "meet": "001",
      "opponent": "Crossgates"
    },
    {
      "name": "JilliaG",
      "stroke": "Back",
      "age": "15-18",
      "gender": "Girls",
      "date": "2001-06-23",
      "time": "57.98",
      "place": "12",
      "team": "Otters",
      "yards": 0,
      "meet": "003",
      "opponent": "Creekside"
    },
    {
      "name": "JilliaG",
      "stroke": "Breast",
      "age": "15-18",
      "gender": "Girls",
      "date": "2001-06-23",
      "time": "46.09",
      "place": "11",
      "team": "Otters",
      "yards": 0,
      "meet": "003",
      "opponent": "Creekside"
    },
    {
      "name": "JilliaG",
      "stroke": "Freestyle",
      "age": "15-18",
      "gender": "Girls",
      "date": "2001-06-23",
      "time": "40.73",
      "place": "18",
      "team": "Otters",
      "yards": 0,
      "meet": "003",
      "opponent": "Creekside"
    },
    {
      "name": "JilliaG",
      "stroke": "Back",
      "age": "15-18",
      "gender": "Girls",
      "date": "2001-06-30",
      "time": "57.03",
      "place": "8",
      "team": "Otters",
      "yards": 0,
      "meet": "004",
      "opponent": "Shadowbrook"
    },
    {
      "name": "JilliaG",
      "stroke": "Breast",
      "age": "15-18",
      "gender": "Girls",
      "date": "2001-06-30",
      "time": "DQ",
      "place": "--",
      "team": "Otters",
      "yards": 0,
      "meet": "004",
      "opponent": "Shadowbrook"
    },
    {
      "name": "JilliaG",
      "stroke": "Freestyle",
      "age": "15-18",
      "gender": "Girls",
      "date": "2001-06-30",
      "time": "40.85",
      "place": "11",
      "team": "Otters",
      "yards": 0,
      "meet": "004",
      "opponent": "Shadowbrook"
    },
    {
      "name": "JilliaG",
      "stroke": "Back",
      "age": "15-18",
      "gender": "Girls",
      "date": "2001-07-14",
      "time": "55.01",
      "place": "14",
      "team": "Otters",
      "yards": 0,
      "meet": "005",
      "opponent": "Pinehurst"
    },
    {
      "name": "JilliaG",
      "stroke": "Breast",
      "age": "15-18",
      "gender": "Girls",
      "date": "2001-07-14",
      "time": "46.94",
      "place": "13",
      "team": "Otters",
      "yards": 0,
      "meet": "005",
      "opponent": "Pinehurst"
    },
    {
      "name": "JilliaG",
      "stroke": "Freestyle",
      "age": "15-18",
      "gender": "Girls",
      "date": "2001-07-14",
      "time": "39.51",
      "place": "18",
      "team": "Otters",
      "yards": 0,
      "meet": "005",
      "opponent": "Pinehurst"
    },
    {
      "name": "JilliaG",
      "stroke": "Breast",
      "age": "15-18",
      "gender": "Girls",
      "date": "2001-07-21",
      "time": "47.10",
      "place": "25",
      "team": "Otters",
      "yards": 0,
      "meet": "006",
      "opponent": "Champs"
    },
    {
      "name": "JilliaG",
      "stroke": "Freestyle",
      "age": "15-18",
      "gender": "Girls",
      "date": "2001-07-21",
      "time": "37.46",
      "place": "47",
      "team": "Otters",
      "yards": 0,
      "meet": "006",
      "opponent": "Champs"
    },
    {
      "name": "JilliaG",
      "stroke": "Back",
      "age": "15-18",
      "gender": "Girls",
      "date": "2002-05-11",
      "time": "50.85",
      "place": "3",
      "team": "Otters",
      "yards": 0,
      "meet": "007",
      "opponent": "Trials"
    },
    {
      "name": "JilliaG",
      "stroke": "Breast",
      "age": "15-18",
      "gender": "Girls",
      "date": "2002-05-11",
      "time": "46.60",
      "place": "2",
      "team": "Otters",
      "yards": 0,
      "meet": "007",
      "opponent": "Trials"
    },
    {
      "name": "JilliaG",
      "stroke": "Freestyle",
      "age": "15-18",
      "gender": "Girls",
      "date": "2002-05-11",
      "time": "38.86",
      "place": "3",
      "team": "Otters",
      "yards": 0,
      "meet": "007",
      "opponent": "Trials"
    },
    {
      "name": "JilliaG",
      "stroke": "Back",
      "age": "15-18",
      "gender": "Girls",
      "date": "2002-06-008",
      "time": "52.59",
      "place": "8",
      "team": "Otters",
      "yards": 0,
      "meet": "009",
      "opponent": "Pinehurst"
    },
    {
      "name": "JilliaG",
      "stroke": "Breast",
      "age": "15-18",
      "gender": "Girls",
      "date": "2002-06-008",
      "time": "46.14",
      "place": "7",
      "team": "Otters",
      "yards": 0,
      "meet": "009",
      "opponent": "Pinehurst"
    },
    {
      "name": "JilliaG",
      "stroke": "Freestyle",
      "age": "15-18",
      "gender": "Girls",
      "date": "2002-06-008",
      "time": "38.50",
      "place": "10",
      "team": "Otters",
      "yards": 0,
      "meet": "009",
      "opponent": "Pinehurst"
    },
    {
      "name": "JilliaG",
      "stroke": "Back",
      "age": "15-18",
      "gender": "Girls",
      "date": "2002-06-15",
      "time": "50.01",
      "place": "5",
      "team": "Otters",
      "yards": 0,
      "meet": "010",
      "opponent": "Crossgates"
    },
    {
      "name": "JilliaG",
      "stroke": "Breast",
      "age": "15-18",
      "gender": "Girls",
      "date": "2002-06-15",
      "time": "46.50",
      "place": "4",
      "team": "Otters",
      "yards": 0,
      "meet": "010",
      "opponent": "Crossgates"
    },
    {
      "name": "JilliaG",
      "stroke": "Freestyle",
      "age": "15-18",
      "gender": "Girls",
      "date": "2002-06-15",
      "time": "37.44",
      "place": "6",
      "team": "Otters",
      "yards": 0,
      "meet": "010",
      "opponent": "Crossgates"
    },
    {
      "name": "JilliaG",
      "stroke": "Back",
      "age": "15-18",
      "gender": "Girls",
      "date": "2002-06-22",
      "time": "50.72",
      "place": "10",
      "team": "Otters",
      "yards": 0,
      "meet": "011",
      "opponent": "Almaden"
    },
    {
      "name": "JilliaG",
      "stroke": "Breast",
      "age": "15-18",
      "gender": "Girls",
      "date": "2002-06-22",
      "time": "47.63",
      "place": "7",
      "team": "Otters",
      "yards": 0,
      "meet": "011",
      "opponent": "Almaden"
    },
    {
      "name": "JilliaG",
      "stroke": "Freestyle",
      "age": "15-18",
      "gender": "Girls",
      "date": "2002-06-22",
      "time": "39.19",
      "place": "11",
      "team": "Otters",
      "yards": 0,
      "meet": "011",
      "opponent": "Almaden"
    },
    {
      "name": "JilliaG",
      "stroke": "Back",
      "age": "15-18",
      "gender": "Girls",
      "date": "2002-06-29",
      "time": "51.83",
      "place": "15",
      "team": "Otters",
      "yards": 0,
      "meet": "012",
      "opponent": "Creekside"
    },
    {
      "name": "JilliaG",
      "stroke": "Breast",
      "age": "15-18",
      "gender": "Girls",
      "date": "2002-06-29",
      "time": "46.40",
      "place": "5",
      "team": "Otters",
      "yards": 0,
      "meet": "012",
      "opponent": "Creekside"
    },
    {
      "name": "JilliaG",
      "stroke": "Freestyle",
      "age": "15-18",
      "gender": "Girls",
      "date": "2002-06-29",
      "time": "37.63",
      "place": "16",
      "team": "Otters",
      "yards": 0,
      "meet": "012",
      "opponent": "Creekside"
    },
    {
      "name": "JilliaG",
      "stroke": "Back",
      "age": "15-18",
      "gender": "Girls",
      "date": "2002-07-13",
      "time": "50.08",
      "place": "5",
      "team": "Otters",
      "yards": 0,
      "meet": "013",
      "opponent": "Shadowbrook"
    },
    {
      "name": "JilliaG",
      "stroke": "Breast",
      "age": "15-18",
      "gender": "Girls",
      "date": "2002-07-13",
      "time": "47.73",
      "place": "5",
      "team": "Otters",
      "yards": 0,
      "meet": "013",
      "opponent": "Shadowbrook"
    },
    {
      "name": "JilliaG",
      "stroke": "Freestyle",
      "age": "15-18",
      "gender": "Girls",
      "date": "2002-07-13",
      "time": "38.47",
      "place": "7",
      "team": "Otters",
      "yards": 0,
      "meet": "013",
      "opponent": "Shadowbrook"
    },
    {
      "name": "JilliaG",
      "stroke": "Breast",
      "age": "15-18",
      "gender": "Girls",
      "date": "2002-07-20",
      "time": "46.15",
      "place": "18",
      "team": "Otters",
      "yards": 0,
      "meet": "014",
      "opponent": "Champs"
    },
    {
      "name": "JilliaG",
      "stroke": "Freestyle",
      "age": "15-18",
      "gender": "Girls",
      "date": "2002-07-20",
      "time": "40.03",
      "place": "39",
      "team": "Otters",
      "yards": 0,
      "meet": "014",
      "opponent": "Champs"
    }
  ]
}