{
  "scores": [
    {
      "name": "JoeyJ",
      "stroke": "Back",
      "age": "15-18",
      "gender": "Boys",
      "date": "2001-06-16",
      "time": "29.16",
      "place": "1",
      "team": "Otters",
      "yards": 0,
      "meet": "002",
      "opponent": "Almaden"
    },
    {
      "name": "JoeyJ",
      "stroke": "Freestyle",
      "age": "15-18",
      "gender": "Boys",
      "date": "2001-06-16",
      "time": "24.57",
      "place": "4",
      "team": "Otters",
      "yards": 0,
      "meet": "002",
      "opponent": "Almaden"
    },
    {
      "name": "JoeyJ",
      "stroke": "Back",
      "age": "15-18",
      "gender": "Boys",
      "date": "2001-06-30",
      "time": "28.93",
      "place": "1",
      "team": "Otters",
      "yards": 0,
      "meet": "004",
      "opponent": "Shadowbrook"
    },
    {
      "name": "JoeyJ",
      "stroke": "Breast",
      "age": "15-18",
      "gender": "Boys",
      "date": "2001-06-30",
      "time": "33.74",
      "place": "4",
      "team": "Otters",
      "yards": 0,
      "meet": "004",
      "opponent": "Shadowbrook"
    },
    {
      "name": "JoeyJ",
      "stroke": "Freestyle",
      "age": "15-18",
      "gender": "Boys",
      "date": "2001-06-30",
      "time": "24.75",
      "place": "2",
      "team": "Otters",
      "yards": 0,
      "meet": "004",
      "opponent": "Shadowbrook"
    },
    {
      "name": "JoeyJ",
      "stroke": "Back",
      "age": "15-18",
      "gender": "Boys",
      "date": "2001-07-14",
      "time": "29.59",
      "place": "1",
      "team": "Otters",
      "yards": 0,
      "meet": "005",
      "opponent": "Pinehurst"
    },
    {
      "name": "JoeyJ",
      "stroke": "Breast",
      "age": "15-18",
      "gender": "Boys",
      "date": "2001-07-14",
      "time": "34.45",
      "place": "5",
      "team": "Otters",
      "yards": 0,
      "meet": "005",
      "opponent": "Pinehurst"
    },
    {
      "name": "JoeyJ",
      "stroke": "Freestyle",
      "age": "15-18",
      "gender": "Boys",
      "date": "2001-07-14",
      "time": "24.56",
      "place": "4",
      "team": "Otters",
      "yards": 0,
      "meet": "005",
      "opponent": "Pinehurst"
    },
    {
      "name": "JoeyJ",
      "stroke": "Back",
      "age": "15-18",
      "gender": "Boys",
      "date": "2002-06-008",
      "time": "28.26",
      "place": "1",
      "team": "Otters",
      "yards": 0,
      "meet": "009",
      "opponent": "Pinehurst"
    },
    {
      "name": "JoeyJ",
      "stroke": "Breast",
      "age": "15-18",
      "gender": "Boys",
      "date": "2002-06-008",
      "time": "32.81",
      "place": "2",
      "team": "Otters",
      "yards": 0,
      "meet": "009",
      "opponent": "Pinehurst"
    },
    {
      "name": "JoeyJ",
      "stroke": "Freestyle",
      "age": "15-18",
      "gender": "Boys",
      "date": "2002-06-008",
      "time": "23.59",
      "place": "1",
      "team": "Otters",
      "yards": 0,
      "meet": "009",
      "opponent": "Pinehurst"
    },
    {
      "name": "JoeyJ",
      "stroke": "Back",
      "age": "15-18",
      "gender": "Boys",
      "date": "2002-06-22",
      "time": "28.22",
      "place": "2",
      "team": "Otters",
      "yards": 0,
      "meet": "011",
      "opponent": "Almaden"
    },
    {
      "name": "JoeyJ",
      "stroke": "Breast",
      "age": "15-18",
      "gender": "Boys",
      "date": "2002-06-22",
      "time": "32.46",
      "place": "1",
      "team": "Otters",
      "yards": 0,
      "meet": "011",
      "opponent": "Almaden"
    },
    {
      "name": "JoeyJ",
      "stroke": "Freestyle",
      "age": "15-18",
      "gender": "Boys",
      "date": "2002-06-22",
      "time": "23.57",
      "place": "2",
      "team": "Otters",
      "yards": 0,
      "meet": "011",
      "opponent": "Almaden"
    },
    {
      "name": "JoeyJ",
      "stroke": "Back",
      "age": "15-18",
      "gender": "Boys",
      "date": "2002-06-29",
      "time": "29.12",
      "place": "2",
      "team": "Otters",
      "yards": 0,
      "meet": "012",
      "opponent": "Creekside"
    },
    {
      "name": "JoeyJ",
      "stroke": "Breast",
      "age": "15-18",
      "gender": "Boys",
      "date": "2002-06-29",
      "time": "33.29",
      "place": "3",
      "team": "Otters",
      "yards": 0,
      "meet": "012",
      "opponent": "Creekside"
    },
    {
      "name": "JoeyJ",
      "stroke": "Freestyle",
      "age": "15-18",
      "gender": "Boys",
      "date": "2002-06-29",
      "time": "23.86",
      "place": "2",
      "team": "Otters",
      "yards": 0,
      "meet": "012",
      "opponent": "Creekside"
    },
    {
      "name": "JoeyJ",
      "stroke": "Back",
      "age": "15-18",
      "gender": "Boys",
      "date": "2002-07-13",
      "time": "29.76",
      "place": "1",
      "team": "Otters",
      "yards": 0,
      "meet": "013",
      "opponent": "Shadowbrook"
    },
    {
      "name": "JoeyJ",
      "stroke": "Breast",
      "age": "15-18",
      "gender": "Boys",
      "date": "2002-07-13",
      "time": "32.54",
      "place": "1",
      "team": "Otters",
      "yards": 0,
      "meet": "013",
      "opponent": "Shadowbrook"
    },
    {
      "name": "JoeyJ",
      "stroke": "Freestyle",
      "age": "15-18",
      "gender": "Boys",
      "date": "2002-07-13",
      "time": "23.81",
      "place": "1",
      "team": "Otters",
      "yards": 0,
      "meet": "013",
      "opponent": "Shadowbrook"
    },
    {
      "name": "JoeyJ",
      "stroke": "Back",
      "age": "15-18",
      "gender": "Boys",
      "date": "2002-07-20",
      "time": "28.68",
      "place": "2",
      "team": "Otters",
      "yards": 0,
      "meet": "014",
      "opponent": "Champs"
    },
    {
      "name": "JoeyJ",
      "stroke": "Breast",
      "age": "15-18",
      "gender": "Boys",
      "date": "2002-07-20",
      "time": "32.00",
      "place": "6",
      "team": "Otters",
      "yards": 0,
      "meet": "014",
      "opponent": "Champs"
    },
    {
      "name": "JoeyJ",
      "stroke": "Freestyle",
      "age": "15-18",
      "gender": "Boys",
      "date": "2002-07-20",
      "time": "23.89",
      "place": "6",
      "team": "Otters",
      "yards": 0,
      "meet": "014",
      "opponent": "Champs"
    }
  ]
}