{
  "scores": [
    {
      "name": "JohnnyW",
      "stroke": "Butterfly",
      "age": "8 & Under",
      "gender": "Boys",
      "date": "2009-05-30",
      "time": "42.37",
      "place": "18",
      "team": "Otters",
      "yards": 0,
      "meet": "058",
      "opponent": "Trials"
    },
    {
      "name": "JohnnyW",
      "stroke": "Back",
      "age": "6 & Under",
      "gender": "Boys",
      "date": "2009-05-30",
      "time": "48.10",
      "place": "3",
      "team": "Otters",
      "yards": 0,
      "meet": "058",
      "opponent": "Trials"
    },
    {
      "name": "JohnnyW",
      "stroke": "Freestyle",
      "age": "6 & Under",
      "gender": "Boys",
      "date": "2009-05-30",
      "time": "42.88",
      "place": "4",
      "team": "Otters",
      "yards": 0,
      "meet": "058",
      "opponent": "Trials"
    },
    {
      "name": "JohnnyW",
      "stroke": "Back",
      "age": "6 & Under",
      "gender": "Boys",
      "date": "2009-06-13",
      "time": "45.01",
      "place": "6",
      "team": "Otters",
      "yards": 0,
      "meet": "060",
      "opponent": "Shadowbrook"
    },
    {
      "name": "JohnnyW",
      "stroke": "Freestyle",
      "age": "6 & Under",
      "gender": "Boys",
      "date": "2009-06-13",
      "time": "36.11",
      "place": "5",
      "team": "Otters",
      "yards": 0,
      "meet": "060",
      "opponent": "Shadowbrook"
    },
    {
      "name": "JohnnyW",
      "stroke": "Back",
      "age": "6 & Under",
      "gender": "Boys",
      "date": "2009-06-20",
      "time": "48.03",
      "place": "7",
      "team": "Otters",
      "yards": 0,
      "meet": "061",
      "opponent": "Pinehurst"
    },
    {
      "name": "JohnnyW",
      "stroke": "Freestyle",
      "age": "6 & Under",
      "gender": "Boys",
      "date": "2009-06-20",
      "time": "38.26",
      "place": "7",
      "team": "Otters",
      "yards": 0,
      "meet": "061",
      "opponent": "Pinehurst"
    },
    {
      "name": "JohnnyW",
      "stroke": "Butterfly",
      "age": "8 & Under",
      "gender": "Boys",
      "date": "2010-06-005",
      "time": "DQ",
      "place": "--",
      "team": "Otters",
      "yards": 0,
      "meet": "066",
      "opponent": "Almaden"
    },
    {
      "name": "JohnnyW",
      "stroke": "Back",
      "age": "7-8",
      "gender": "Boys",
      "date": "2010-06-005",
      "time": "34.88",
      "place": "13",
      "team": "Otters",
      "yards": 0,
      "meet": "066",
      "opponent": "Almaden"
    },
    {
      "name": "JohnnyW",
      "stroke": "Freestyle",
      "age": "7-8",
      "gender": "Boys",
      "date": "2010-06-005",
      "time": "28.22",
      "place": "15",
      "team": "Otters",
      "yards": 0,
      "meet": "066",
      "opponent": "Almaden"
    },
    {
      "name": "JohnnyW",
      "stroke": "Back",
      "age": "7-8",
      "gender": "Boys",
      "date": "2010-06-19",
      "time": "30.95",
      "place": "8",
      "team": "Otters",
      "yards": 0,
      "meet": "068",
      "opponent": "Shadowbrook"
    },
    {
      "name": "JohnnyW",
      "stroke": "Breast",
      "age": "8 & Under",
      "gender": "Boys",
      "date": "2010-06-19",
      "time": "DQ",
      "place": "--",
      "team": "Otters",
      "yards": 0,
      "meet": "068",
      "opponent": "Shadowbrook"
    },
    {
      "name": "JohnnyW",
      "stroke": "Freestyle",
      "age": "7-8",
      "gender": "Boys",
      "date": "2010-06-19",
      "time": "26.42",
      "place": "9",
      "team": "Otters",
      "yards": 0,
      "meet": "068",
      "opponent": "Shadowbrook"
    },
    {
      "name": "JohnnyW",
      "stroke": "Back",
      "age": "7-8",
      "gender": "Boys",
      "date": "2010-06-26",
      "time": "33.70",
      "place": "18",
      "team": "Otters",
      "yards": 0,
      "meet": "069",
      "opponent": "Pinehurst"
    },
    {
      "name": "JohnnyW",
      "stroke": "Back",
      "age": "7-8",
      "gender": "Boys",
      "date": "2010-07-10",
      "time": "34.35",
      "place": "12",
      "team": "Otters",
      "yards": 0,
      "meet": "070",
      "opponent": "Crossgates"
    },
    {
      "name": "JohnnyW",
      "stroke": "Freestyle",
      "age": "7-8",
      "gender": "Boys",
      "date": "2010-07-10",
      "time": "22.78",
      "place": "13",
      "team": "Otters",
      "yards": 0,
      "meet": "070",
      "opponent": "Crossgates"
    },
    {
      "name": "JohnnyW",
      "stroke": "Back",
      "age": "7-8",
      "gender": "Boys",
      "date": "2010-07-17",
      "time": "34.88",
      "place": "51",
      "team": "Otters",
      "yards": 0,
      "meet": "071",
      "opponent": "Champs"
    },
    {
      "name": "JohnnyW",
      "stroke": "Freestyle",
      "age": "7-8",
      "gender": "Boys",
      "date": "2010-07-17",
      "time": "25.01",
      "place": "48",
      "team": "Otters",
      "yards": 0,
      "meet": "071",
      "opponent": "Champs"
    },
    {
      "name": "JohnnyW",
      "stroke": "Butterfly",
      "age": "9-10",
      "gender": "Boys",
      "date": "2013-05-18",
      "time": "27.23",
      "place": "8",
      "team": "Otters",
      "yards": 0,
      "meet": "086",
      "opponent": "Trials"
    },
    {
      "name": "JohnnyW",
      "stroke": "Back",
      "age": "9-10",
      "gender": "Boys",
      "date": "2013-05-18",
      "time": "26.98",
      "place": "8",
      "team": "Otters",
      "yards": 0,
      "meet": "086",
      "opponent": "Trials"
    },
    {
      "name": "JohnnyW",
      "stroke": "Breast",
      "age": "9-10",
      "gender": "Boys",
      "date": "2013-05-18",
      "time": "40.25",
      "place": "18",
      "team": "Otters",
      "yards": 0,
      "meet": "086",
      "opponent": "Trials"
    },
    {
      "name": "JohnnyW",
      "stroke": "Freestyle",
      "age": "9-10",
      "gender": "Boys",
      "date": "2013-05-18",
      "time": "22.52",
      "place": "7",
      "team": "Otters",
      "yards": 0,
      "meet": "086",
      "opponent": "Trials"
    },
    {
      "name": "JohnnyW",
      "stroke": "Back",
      "age": "9-10",
      "gender": "Boys",
      "date": "2013-06-001",
      "time": "26.26",
      "place": "13",
      "team": "Otters",
      "yards": 0,
      "meet": "087",
      "opponent": "Shadowbrook"
    },
    {
      "name": "JohnnyW",
      "stroke": "Breast",
      "age": "9-10",
      "gender": "Boys",
      "date": "2013-06-001",
      "time": "38.51",
      "place": "9",
      "team": "Otters",
      "yards": 0,
      "meet": "087",
      "opponent": "Shadowbrook"
    },
    {
      "name": "JohnnyW",
      "stroke": "Freestyle",
      "age": "9-10",
      "gender": "Boys",
      "date": "2013-06-001",
      "time": "21.79",
      "place": "17",
      "team": "Otters",
      "yards": 0,
      "meet": "087",
      "opponent": "Shadowbrook"
    },
    {
      "name": "JohnnyW",
      "stroke": "Back",
      "age": "9-10",
      "gender": "Boys",
      "date": "2013-06-008",
      "time": "28.27",
      "place": "18",
      "team": "Otters",
      "yards": 0,
      "meet": "088",
      "opponent": "Pinehurst"
    },
    {
      "name": "JohnnyW",
      "stroke": "Breast",
      "age": "9-10",
      "gender": "Boys",
      "date": "2013-06-008",
      "time": "48.37",
      "place": "13",
      "team": "Otters",
      "yards": 0,
      "meet": "088",
      "opponent": "Pinehurst"
    },
    {
      "name": "JohnnyW",
      "stroke": "Freestyle",
      "age": "9-10",
      "gender": "Boys",
      "date": "2013-06-008",
      "time": "26.60",
      "place": "27",
      "team": "Otters",
      "yards": 0,
      "meet": "088",
      "opponent": "Pinehurst"
    },
    {
      "name": "JohnnyW",
      "stroke": "Back",
      "age": "9-10",
      "gender": "Boys",
      "date": "2013-06-15",
      "time": "26.80",
      "place": "16",
      "team": "Otters",
      "yards": 0,
      "meet": "089",
      "opponent": "Crossgates"
    },
    {
      "name": "JohnnyW",
      "stroke": "Breast",
      "age": "9-10",
      "gender": "Boys",
      "date": "2013-06-15",
      "time": "DQ",
      "place": "--",
      "team": "Otters",
      "yards": 0,
      "meet": "089",
      "opponent": "Crossgates"
    },
    {
      "name": "JohnnyW",
      "stroke": "Freestyle",
      "age": "9-10",
      "gender": "Boys",
      "date": "2013-06-15",
      "time": "20.59",
      "place": "19",
      "team": "Otters",
      "yards": 0,
      "meet": "089",
      "opponent": "Crossgates"
    },
    {
      "name": "JohnnyW",
      "stroke": "Back",
      "age": "9-10",
      "gender": "Boys",
      "date": "2013-06-22",
      "time": "27.84",
      "place": "18",
      "team": "Otters",
      "yards": 0,
      "meet": "090",
      "opponent": "Almaden"
    },
    {
      "name": "JohnnyW",
      "stroke": "Breast",
      "age": "9-10",
      "gender": "Boys",
      "date": "2013-06-22",
      "time": "DQ",
      "place": "--",
      "team": "Otters",
      "yards": 0,
      "meet": "090",
      "opponent": "Almaden"
    },
    {
      "name": "JohnnyW",
      "stroke": "Freestyle",
      "age": "9-10",
      "gender": "Boys",
      "date": "2013-06-22",
      "time": "20.68",
      "place": "21",
      "team": "Otters",
      "yards": 0,
      "meet": "090",
      "opponent": "Almaden"
    },
    {
      "name": "JohnnyW",
      "stroke": "Back",
      "age": "9-10",
      "gender": "Boys",
      "date": "2013-06-29",
      "time": "29.19",
      "place": "14",
      "team": "Otters",
      "yards": 0,
      "meet": "091",
      "opponent": "Creekside"
    },
    {
      "name": "JohnnyW",
      "stroke": "Breast",
      "age": "9-10",
      "gender": "Boys",
      "date": "2013-06-29",
      "time": "DQ",
      "place": "--",
      "team": "Otters",
      "yards": 0,
      "meet": "091",
      "opponent": "Creekside"
    },
    {
      "name": "JohnnyW",
      "stroke": "Freestyle",
      "age": "9-10",
      "gender": "Boys",
      "date": "2013-06-29",
      "time": "22.53",
      "place": "20",
      "team": "Otters",
      "yards": 0,
      "meet": "091",
      "opponent": "Creekside"
    },
    {
      "name": "JohnnyW",
      "stroke": "Butterfly",
      "age": "9-10",
      "gender": "Boys",
      "date": "2013-07-13",
      "time": "DQ",
      "place": "--",
      "team": "Otters",
      "yards": 0,
      "meet": "092",
      "opponent": "Almaden"
    },
    {
      "name": "JohnnyW",
      "stroke": "Back",
      "age": "9-10",
      "gender": "Boys",
      "date": "2013-07-13",
      "time": "28.95",
      "place": "48",
      "team": "Otters",
      "yards": 0,
      "meet": "092",
      "opponent": "Almaden"
    },
    {
      "name": "JohnnyW",
      "stroke": "Freestyle",
      "age": "9-10",
      "gender": "Boys",
      "date": "2013-07-13",
      "time": "20.98",
      "place": "54",
      "team": "Otters",
      "yards": 0,
      "meet": "092",
      "opponent": "Almaden"
    }
  ]
}