{
  "scores": [
    {
      "name": "JonathanN",
      "stroke": "Butterfly",
      "age": "13-14",
      "gender": "Boys",
      "date": "2011-06-004",
      "time": "28.44",
      "place": "1",
      "team": "Otters",
      "yards": 0,
      "meet": "073",
      "opponent": "Crossgates"
    },
    {
      "name": "JonathanN",
      "stroke": "Back",
      "age": "13-14",
      "gender": "Boys",
      "date": "2011-06-004",
      "time": "32.09",
      "place": "2",
      "team": "Otters",
      "yards": 0,
      "meet": "073",
      "opponent": "Crossgates"
    },
    {
      "name": "JonathanN",
      "stroke": "Freestyle",
      "age": "13-14",
      "gender": "Boys",
      "date": "2011-06-004",
      "time": "25.17",
      "place": "1",
      "team": "Otters",
      "yards": 0,
      "meet": "073",
      "opponent": "Crossgates"
    },
    {
      "name": "JonathanN",
      "stroke": "Butterfly",
      "age": "13-14",
      "gender": "Boys",
      "date": "2011-06-11",
      "time": "28.28",
      "place": "2",
      "team": "Otters",
      "yards": 0,
      "meet": "074",
      "opponent": "Almaden"
    },
    {
      "name": "JonathanN",
      "stroke": "Back",
      "age": "13-14",
      "gender": "Boys",
      "date": "2011-06-11",
      "time": "30.25",
      "place": "1",
      "team": "Otters",
      "yards": 0,
      "meet": "074",
      "opponent": "Almaden"
    },
    {
      "name": "JonathanN",
      "stroke": "Freestyle",
      "age": "13-14",
      "gender": "Boys",
      "date": "2011-06-11",
      "time": "24.99",
      "place": "1",
      "team": "Otters",
      "yards": 0,
      "meet": "074",
      "opponent": "Almaden"
    },
    {
      "name": "JonathanN",
      "stroke": "Butterfly",
      "age": "13-14",
      "gender": "Boys",
      "date": "2011-06-18",
      "time": "27.71",
      "place": "1",
      "team": "Otters",
      "yards": 0,
      "meet": "075",
      "opponent": "Creekside"
    },
    {
      "name": "JonathanN",
      "stroke": "Back",
      "age": "13-14",
      "gender": "Boys",
      "date": "2011-06-18",
      "time": "30.43",
      "place": "1",
      "team": "Otters",
      "yards": 0,
      "meet": "075",
      "opponent": "Creekside"
    },
    {
      "name": "JonathanN",
      "stroke": "Breast",
      "age": "13-14",
      "gender": "Boys",
      "date": "2011-06-18",
      "time": "33.03",
      "place": "1",
      "team": "Otters",
      "yards": 0,
      "meet": "075",
      "opponent": "Creekside"
    },
    {
      "name": "JonathanN",
      "stroke": "Butterfly",
      "age": "13-14",
      "gender": "Boys",
      "date": "2011-06-25",
      "time": "28.80",
      "place": "1",
      "team": "Otters",
      "yards": 0,
      "meet": "076",
      "opponent": "Shadowbrook"
    },
    {
      "name": "JonathanN",
      "stroke": "Butterfly",
      "age": "13-14",
      "gender": "Boys",
      "date": "2011-07-009",
      "time": "28.81",
      "place": "2",
      "team": "Otters",
      "yards": 0,
      "meet": "077",
      "opponent": "Pinehurst"
    },
    {
      "name": "JonathanN",
      "stroke": "Breast",
      "age": "13-14",
      "gender": "Boys",
      "date": "2011-07-009",
      "time": "32.35",
      "place": "1",
      "team": "Otters",
      "yards": 0,
      "meet": "077",
      "opponent": "Pinehurst"
    },
    {
      "name": "JonathanN",
      "stroke": "Freestyle",
      "age": "13-14",
      "gender": "Boys",
      "date": "2011-07-009",
      "time": "24.45",
      "place": "1",
      "team": "Otters",
      "yards": 0,
      "meet": "077",
      "opponent": "Pinehurst"
    },
    {
      "name": "JonathanN",
      "stroke": "Butterfly",
      "age": "13-14",
      "gender": "Boys",
      "date": "2011-07-16",
      "time": "28.03",
      "place": "5",
      "team": "Otters",
      "yards": 0,
      "meet": "078",
      "opponent": "Champs"
    },
    {
      "name": "JonathanN",
      "stroke": "Back",
      "age": "13-14",
      "gender": "Boys",
      "date": "2011-07-16",
      "time": "29.45",
      "place": "3",
      "team": "Otters",
      "yards": 0,
      "meet": "078",
      "opponent": "Champs"
    },
    {
      "name": "JonathanN",
      "stroke": "Freestyle",
      "age": "13-14",
      "gender": "Boys",
      "date": "2011-07-16",
      "time": "24.45",
      "place": "4",
      "team": "Otters",
      "yards": 0,
      "meet": "078",
      "opponent": "Champs"
    },
    {
      "name": "JonathanN",
      "stroke": "Breast",
      "age": "15-18",
      "gender": "Boys",
      "date": "2012-05-19",
      "time": "31.60",
      "place": "1",
      "team": "Otters",
      "yards": 0,
      "meet": "079",
      "opponent": "Trials"
    },
    {
      "name": "JonathanN",
      "stroke": "Butterfly",
      "age": "15-18",
      "gender": "Boys",
      "date": "2012-06-002",
      "time": "27.29",
      "place": "2",
      "team": "Otters",
      "yards": 0,
      "meet": "080",
      "opponent": "Pinehurst"
    },
    {
      "name": "JonathanN",
      "stroke": "Breast",
      "age": "15-18",
      "gender": "Boys",
      "date": "2012-06-002",
      "time": "31.00",
      "place": "1",
      "team": "Otters",
      "yards": 0,
      "meet": "080",
      "opponent": "Pinehurst"
    },
    {
      "name": "JonathanN",
      "stroke": "Freestyle",
      "age": "15-18",
      "gender": "Boys",
      "date": "2012-06-002",
      "time": "24.07",
      "place": "2",
      "team": "Otters",
      "yards": 0,
      "meet": "080",
      "opponent": "Pinehurst"
    },
    {
      "name": "JonathanN",
      "stroke": "Butterfly",
      "age": "15-18",
      "gender": "Boys",
      "date": "2012-06-009",
      "time": "26.66",
      "place": "2",
      "team": "Otters",
      "yards": 0,
      "meet": "081",
      "opponent": "Crossgates"
    },
    {
      "name": "JonathanN",
      "stroke": "Back",
      "age": "15-18",
      "gender": "Boys",
      "date": "2012-06-009",
      "time": "30.25",
      "place": "3",
      "team": "Otters",
      "yards": 0,
      "meet": "081",
      "opponent": "Crossgates"
    },
    {
      "name": "JonathanN",
      "stroke": "Breast",
      "age": "15-18",
      "gender": "Boys",
      "date": "2012-06-009",
      "time": "31.59",
      "place": "1",
      "team": "Otters",
      "yards": 0,
      "meet": "081",
      "opponent": "Crossgates"
    },
    {
      "name": "JonathanN",
      "stroke": "Butterfly",
      "age": "15-18",
      "gender": "Boys",
      "date": "2012-06-16",
      "time": "26.67",
      "place": "3",
      "team": "Otters",
      "yards": 0,
      "meet": "082",
      "opponent": "Almaden"
    },
    {
      "name": "JonathanN",
      "stroke": "Breast",
      "age": "15-18",
      "gender": "Boys",
      "date": "2012-06-16",
      "time": "31.16",
      "place": "1",
      "team": "Otters",
      "yards": 0,
      "meet": "082",
      "opponent": "Almaden"
    },
    {
      "name": "JonathanN",
      "stroke": "Freestyle",
      "age": "15-18",
      "gender": "Boys",
      "date": "2012-06-16",
      "time": "24.13",
      "place": "3",
      "team": "Otters",
      "yards": 0,
      "meet": "082",
      "opponent": "Almaden"
    },
    {
      "name": "JonathanN",
      "stroke": "Butterfly",
      "age": "15-18",
      "gender": "Boys",
      "date": "2012-06-23",
      "time": "27.38",
      "place": "2",
      "team": "Otters",
      "yards": 0,
      "meet": "083",
      "opponent": "Creekside"
    },
    {
      "name": "JonathanN",
      "stroke": "Breast",
      "age": "15-18",
      "gender": "Boys",
      "date": "2012-06-23",
      "time": "31.47",
      "place": "1",
      "team": "Otters",
      "yards": 0,
      "meet": "083",
      "opponent": "Creekside"
    },
    {
      "name": "JonathanN",
      "stroke": "Freestyle",
      "age": "15-18",
      "gender": "Boys",
      "date": "2012-06-23",
      "time": "25.20",
      "place": "4",
      "team": "Otters",
      "yards": 0,
      "meet": "083",
      "opponent": "Creekside"
    },
    {
      "name": "JonathanN",
      "stroke": "Butterfly",
      "age": "15-18",
      "gender": "Boys",
      "date": "2012-06-30",
      "time": "26.23",
      "place": "3",
      "team": "Otters",
      "yards": 0,
      "meet": "084",
      "opponent": "Shadowbrook"
    },
    {
      "name": "JonathanN",
      "stroke": "Breast",
      "age": "15-18",
      "gender": "Boys",
      "date": "2012-06-30",
      "time": "30.00",
      "place": "2",
      "team": "Otters",
      "yards": 0,
      "meet": "084",
      "opponent": "Shadowbrook"
    },
    {
      "name": "JonathanN",
      "stroke": "Freestyle",
      "age": "15-18",
      "gender": "Boys",
      "date": "2012-06-30",
      "time": "24.30",
      "place": "6",
      "team": "Otters",
      "yards": 0,
      "meet": "084",
      "opponent": "Shadowbrook"
    },
    {
      "name": "JonathanN",
      "stroke": "Butterfly",
      "age": "15-18",
      "gender": "Boys",
      "date": "2012-07-14",
      "time": "25.72",
      "place": "5",
      "team": "Otters",
      "yards": 0,
      "meet": "085",
      "opponent": "Champs"
    },
    {
      "name": "JonathanN",
      "stroke": "Breast",
      "age": "15-18",
      "gender": "Boys",
      "date": "2012-07-14",
      "time": "29.06",
      "place": "1",
      "team": "Otters",
      "yards": 0,
      "meet": "085",
      "opponent": "Champs"
    },
    {
      "name": "JonathanN",
      "stroke": "Freestyle",
      "age": "15-18",
      "gender": "Boys",
      "date": "2012-07-14",
      "time": "24.15",
      "place": "12",
      "team": "Otters",
      "yards": 0,
      "meet": "085",
      "opponent": "Champs"
    },
    {
      "name": "JonathanN",
      "stroke": "Butterfly",
      "age": "15-18",
      "gender": "Boys",
      "date": "2014-05-17",
      "time": "26.93",
      "place": "4",
      "team": "Otters",
      "yards": 0,
      "meet": "093",
      "opponent": "Trials"
    },
    {
      "name": "JonathanN",
      "stroke": "Back",
      "age": "15-18",
      "gender": "Boys",
      "date": "2014-05-17",
      "time": "36.53",
      "place": "7",
      "team": "Otters",
      "yards": 0,
      "meet": "093",
      "opponent": "Trials"
    },
    {
      "name": "JonathanN",
      "stroke": "Breast",
      "age": "15-18",
      "gender": "Boys",
      "date": "2014-05-17",
      "time": "31.27",
      "place": "1",
      "team": "Otters",
      "yards": 0,
      "meet": "093",
      "opponent": "Trials"
    },
    {
      "name": "JonathanN",
      "stroke": "Butterfly",
      "age": "15-18",
      "gender": "Boys",
      "date": "2014-06-007",
      "time": "27.09",
      "place": "4",
      "team": "Otters",
      "yards": 0,
      "meet": "095",
      "opponent": "Shadowbrook"
    },
    {
      "name": "JonathanN",
      "stroke": "Breast",
      "age": "15-18",
      "gender": "Boys",
      "date": "2014-06-007",
      "time": "31.83",
      "place": "3",
      "team": "Otters",
      "yards": 0,
      "meet": "095",
      "opponent": "Shadowbrook"
    },
    {
      "name": "JonathanN",
      "stroke": "Freestyle",
      "age": "15-18",
      "gender": "Boys",
      "date": "2014-06-007",
      "time": "24.46",
      "place": "5",
      "team": "Otters",
      "yards": 0,
      "meet": "095",
      "opponent": "Shadowbrook"
    },
    {
      "name": "JonathanN",
      "stroke": "Butterfly",
      "age": "15-18",
      "gender": "Boys",
      "date": "2014-06-21",
      "time": "26.66",
      "place": "2",
      "team": "Otters",
      "yards": 0,
      "meet": "097",
      "opponent": "Crossgates"
    },
    {
      "name": "JonathanN",
      "stroke": "Breast",
      "age": "15-18",
      "gender": "Boys",
      "date": "2014-06-21",
      "time": "30.78",
      "place": "2",
      "team": "Otters",
      "yards": 0,
      "meet": "097",
      "opponent": "Crossgates"
    },
    {
      "name": "JonathanN",
      "stroke": "Freestyle",
      "age": "15-18",
      "gender": "Boys",
      "date": "2014-06-21",
      "time": "24.66",
      "place": "5",
      "team": "Otters",
      "yards": 0,
      "meet": "097",
      "opponent": "Crossgates"
    },
    {
      "name": "JonathanN",
      "stroke": "Butterfly",
      "age": "15-18",
      "gender": "Boys",
      "date": "2014-06-28",
      "time": "26.18",
      "place": "3",
      "team": "Otters",
      "yards": 0,
      "meet": "098",
      "opponent": "Almaden"
    },
    {
      "name": "JonathanN",
      "stroke": "Breast",
      "age": "15-18",
      "gender": "Boys",
      "date": "2014-06-28",
      "time": "30.89",
      "place": "3",
      "team": "Otters",
      "yards": 0,
      "meet": "098",
      "opponent": "Almaden"
    },
    {
      "name": "JonathanN",
      "stroke": "Freestyle",
      "age": "15-18",
      "gender": "Boys",
      "date": "2014-06-28",
      "time": "24.38",
      "place": "5",
      "team": "Otters",
      "yards": 0,
      "meet": "098",
      "opponent": "Almaden"
    },
    {
      "name": "JonathanN",
      "stroke": "Butterfly",
      "age": "15-18",
      "gender": "Boys",
      "date": "2014-07-12",
      "time": "25.71",
      "place": "9",
      "team": "Otters",
      "yards": 0,
      "meet": "099",
      "opponent": "Champs"
    },
    {
      "name": "JonathanN",
      "stroke": "Breast",
      "age": "15-18",
      "gender": "Boys",
      "date": "2014-07-12",
      "time": "29.92",
      "place": "3",
      "team": "Otters",
      "yards": 0,
      "meet": "099",
      "opponent": "Champs"
    },
    {
      "name": "JonathanN",
      "stroke": "Freestyle",
      "age": "15-18",
      "gender": "Boys",
      "date": "2014-07-12",
      "time": "24.26",
      "place": "12",
      "team": "Otters",
      "yards": 0,
      "meet": "099",
      "opponent": "Champs"
    }
  ]
}