{
  "scores": [
    {
      "name": "JordanB",
      "stroke": "Back",
      "age": "6 & Under",
      "gender": "Boys",
      "date": "2003-05-10",
      "time": "1:02.00",
      "place": "4",
      "team": "Otters",
      "yards": 0,
      "meet": "015",
      "opponent": "Trials"
    },
    {
      "name": "JordanB",
      "stroke": "Freestyle",
      "age": "6 & Under",
      "gender": "Boys",
      "date": "2003-05-10",
      "time": "54.60",
      "place": "4",
      "team": "Otters",
      "yards": 0,
      "meet": "015",
      "opponent": "Trials"
    },
    {
      "name": "JordanB",
      "stroke": "Back",
      "age": "6 & Under",
      "gender": "Boys",
      "date": "2003-05-31",
      "time": "49.08",
      "place": "4",
      "team": "Otters",
      "yards": 0,
      "meet": "016",
      "opponent": "Pinehurst"
    },
    {
      "name": "JordanB",
      "stroke": "Freestyle",
      "age": "6 & Under",
      "gender": "Boys",
      "date": "2003-05-31",
      "time": "44.75",
      "place": "5",
      "team": "Otters",
      "yards": 0,
      "meet": "016",
      "opponent": "Pinehurst"
    },
    {
      "name": "JordanB",
      "stroke": "Back",
      "age": "6 & Under",
      "gender": "Boys",
      "date": "2003-06-009",
      "time": "45.89",
      "place": "6",
      "team": "Otters",
      "yards": 0,
      "meet": "017",
      "opponent": "Shadowbrook"
    },
    {
      "name": "JordanB",
      "stroke": "Freestyle",
      "age": "6 & Under",
      "gender": "Boys",
      "date": "2003-06-009",
      "time": "41.76",
      "place": "7",
      "team": "Otters",
      "yards": 0,
      "meet": "017",
      "opponent": "Shadowbrook"
    },
    {
      "name": "JordanB",
      "stroke": "Back",
      "age": "6 & Under",
      "gender": "Boys",
      "date": "2003-06-14",
      "time": "45.06",
      "place": "3",
      "team": "Otters",
      "yards": 0,
      "meet": "018",
      "opponent": "Pinehurst"
    },
    {
      "name": "JordanB",
      "stroke": "Freestyle",
      "age": "6 & Under",
      "gender": "Boys",
      "date": "2003-06-14",
      "time": "38.00",
      "place": "4",
      "team": "Otters",
      "yards": 0,
      "meet": "018",
      "opponent": "Pinehurst"
    },
    {
      "name": "JordanB",
      "stroke": "Back",
      "age": "6 & Under",
      "gender": "Boys",
      "date": "2003-06-28",
      "time": "43.93",
      "place": "4",
      "team": "Otters",
      "yards": 0,
      "meet": "020",
      "opponent": "Almaden"
    },
    {
      "name": "JordanB",
      "stroke": "Freestyle",
      "age": "6 & Under",
      "gender": "Boys",
      "date": "2003-06-28",
      "time": "34.07",
      "place": "3",
      "team": "Otters",
      "yards": 0,
      "meet": "020",
      "opponent": "Almaden"
    },
    {
      "name": "JordanB",
      "stroke": "Back",
      "age": "6 & Under",
      "gender": "Boys",
      "date": "2003-07-12",
      "time": "34.55",
      "place": "3",
      "team": "Otters",
      "yards": 0,
      "meet": "021",
      "opponent": "Creekside"
    },
    {
      "name": "JordanB",
      "stroke": "Freestyle",
      "age": "6 & Under",
      "gender": "Boys",
      "date": "2003-07-12",
      "time": "29.04",
      "place": "2",
      "team": "Otters",
      "yards": 0,
      "meet": "021",
      "opponent": "Creekside"
    },
    {
      "name": "JordanB",
      "stroke": "Back",
      "age": "6 & Under",
      "gender": "Boys",
      "date": "2003-07-19",
      "time": "32.90",
      "place": "9",
      "team": "Otters",
      "yards": 0,
      "meet": "022",
      "opponent": "Champs"
    },
    {
      "name": "JordanB",
      "stroke": "Freestyle",
      "age": "6 & Under",
      "gender": "Boys",
      "date": "2003-07-19",
      "time": "29.49",
      "place": "11",
      "team": "Otters",
      "yards": 0,
      "meet": "022",
      "opponent": "Champs"
    },
    {
      "name": "JordanB",
      "stroke": "Butterfly",
      "age": "8 & Under",
      "gender": "Boys",
      "date": "2004-05-20",
      "time": "27.37",
      "place": "1",
      "team": "Otters",
      "yards": 0,
      "meet": "023",
      "opponent": "Trials"
    },
    {
      "name": "JordanB",
      "stroke": "Back",
      "age": "6 & Under",
      "gender": "Boys",
      "date": "2004-05-20",
      "time": "29.68",
      "place": "2",
      "team": "Otters",
      "yards": 0,
      "meet": "023",
      "opponent": "Trials"
    },
    {
      "name": "JordanB",
      "stroke": "Breast",
      "age": "8 & Under",
      "gender": "Boys",
      "date": "2004-05-20",
      "time": "42.43",
      "place": "6",
      "team": "Otters",
      "yards": 0,
      "meet": "023",
      "opponent": "Trials"
    },
    {
      "name": "JordanB",
      "stroke": "Freestyle",
      "age": "6 & Under",
      "gender": "Boys",
      "date": "2004-05-20",
      "time": "24.19",
      "place": "1",
      "team": "Otters",
      "yards": 0,
      "meet": "023",
      "opponent": "Trials"
    },
    {
      "name": "JordanB",
      "stroke": "Butterfly",
      "age": "8 & Under",
      "gender": "Boys",
      "date": "2004-06-005",
      "time": "28.91",
      "place": "4",
      "team": "Otters",
      "yards": 0,
      "meet": "024",
      "opponent": "Creekside"
    },
    {
      "name": "JordanB",
      "stroke": "Back",
      "age": "6 & Under",
      "gender": "Boys",
      "date": "2004-06-005",
      "time": "28.39",
      "place": "2",
      "team": "Otters",
      "yards": 0,
      "meet": "024",
      "opponent": "Creekside"
    },
    {
      "name": "JordanB",
      "stroke": "Freestyle",
      "age": "6 & Under",
      "gender": "Boys",
      "date": "2004-06-005",
      "time": "24.29",
      "place": "2",
      "team": "Otters",
      "yards": 0,
      "meet": "024",
      "opponent": "Creekside"
    },
    {
      "name": "JordanB",
      "stroke": "Butterfly",
      "age": "8 & Under",
      "gender": "Boys",
      "date": "2004-06-12",
      "time": "DQ",
      "place": "--",
      "team": "Otters",
      "yards": 0,
      "meet": "025",
      "opponent": "Shadowbrook"
    },
    {
      "name": "JordanB",
      "stroke": "Back",
      "age": "6 & Under",
      "gender": "Boys",
      "date": "2004-06-12",
      "time": "29.59",
      "place": "3",
      "team": "Otters",
      "yards": 0,
      "meet": "025",
      "opponent": "Shadowbrook"
    },
    {
      "name": "JordanB",
      "stroke": "Freestyle",
      "age": "6 & Under",
      "gender": "Boys",
      "date": "2004-06-12",
      "time": "DQ",
      "place": "--",
      "team": "Otters",
      "yards": 0,
      "meet": "025",
      "opponent": "Shadowbrook"
    },
    {
      "name": "JordanB",
      "stroke": "Butterfly",
      "age": "8 & Under",
      "gender": "Boys",
      "date": "2004-06-19",
      "time": "DQ",
      "place": "--",
      "team": "Otters",
      "yards": 0,
      "meet": "026",
      "opponent": "Pinehurst"
    },
    {
      "name": "JordanB",
      "stroke": "Back",
      "age": "6 & Under",
      "gender": "Boys",
      "date": "2004-06-19",
      "time": "31.27",
      "place": "2",
      "team": "Otters",
      "yards": 0,
      "meet": "026",
      "opponent": "Pinehurst"
    },
    {
      "name": "JordanB",
      "stroke": "Freestyle",
      "age": "6 & Under",
      "gender": "Boys",
      "date": "2004-06-19",
      "time": "22.66",
      "place": "1",
      "team": "Otters",
      "yards": 0,
      "meet": "026",
      "opponent": "Pinehurst"
    },
    {
      "name": "JordanB",
      "stroke": "Butterfly",
      "age": "8 & Under",
      "gender": "Boys",
      "date": "2004-06-26",
      "time": "27.29",
      "place": "5",
      "team": "Otters",
      "yards": 0,
      "meet": "027",
      "opponent": "Crossgates"
    },
    {
      "name": "JordanB",
      "stroke": "Back",
      "age": "6 & Under",
      "gender": "Boys",
      "date": "2004-06-26",
      "time": "27.84",
      "place": "2",
      "team": "Otters",
      "yards": 0,
      "meet": "027",
      "opponent": "Crossgates"
    },
    {
      "name": "JordanB",
      "stroke": "Freestyle",
      "age": "6 & Under",
      "gender": "Boys",
      "date": "2004-06-26",
      "time": "23.75",
      "place": "2",
      "team": "Otters",
      "yards": 0,
      "meet": "027",
      "opponent": "Crossgates"
    },
    {
      "name": "JordanB",
      "stroke": "Butterfly",
      "age": "8 & Under",
      "gender": "Boys",
      "date": "2004-07-10",
      "time": "29.22",
      "place": "4",
      "team": "Otters",
      "yards": 0,
      "meet": "028",
      "opponent": "Almaden"
    },
    {
      "name": "JordanB",
      "stroke": "Back",
      "age": "6 & Under",
      "gender": "Boys",
      "date": "2004-07-10",
      "time": "28.55",
      "place": "2",
      "team": "Otters",
      "yards": 0,
      "meet": "028",
      "opponent": "Almaden"
    },
    {
      "name": "JordanB",
      "stroke": "Freestyle",
      "age": "6 & Under",
      "gender": "Boys",
      "date": "2004-07-10",
      "time": "22.03",
      "place": "1",
      "team": "Otters",
      "yards": 0,
      "meet": "028",
      "opponent": "Almaden"
    },
    {
      "name": "JordanB",
      "stroke": "Butterfly",
      "age": "8 & Under",
      "gender": "Boys",
      "date": "2004-07-17",
      "time": "33.88",
      "place": "16",
      "team": "Otters",
      "yards": 0,
      "meet": "029",
      "opponent": "Champs"
    },
    {
      "name": "JordanB",
      "stroke": "Back",
      "age": "6 & Under",
      "gender": "Boys",
      "date": "2004-07-17",
      "time": "26.99",
      "place": "3",
      "team": "Otters",
      "yards": 0,
      "meet": "029",
      "opponent": "Champs"
    },
    {
      "name": "JordanB",
      "stroke": "Freestyle",
      "age": "6 & Under",
      "gender": "Boys",
      "date": "2004-07-17",
      "time": "21.16",
      "place": "2",
      "team": "Otters",
      "yards": 0,
      "meet": "029",
      "opponent": "Champs"
    },
    {
      "name": "JordanB",
      "stroke": "Butterfly",
      "age": "8 & Under",
      "gender": "Boys",
      "date": "2005-06-004",
      "time": "25.25",
      "place": "4",
      "team": "Otters",
      "yards": 0,
      "meet": "031",
      "opponent": "Almaden"
    },
    {
      "name": "JordanB",
      "stroke": "Breast",
      "age": "8 & Under",
      "gender": "Boys",
      "date": "2005-06-004",
      "time": "33.44",
      "place": "5",
      "team": "Otters",
      "yards": 0,
      "meet": "031",
      "opponent": "Almaden"
    },
    {
      "name": "JordanB",
      "stroke": "Freestyle",
      "age": "7-8",
      "gender": "Boys",
      "date": "2005-06-004",
      "time": "20.75",
      "place": "6",
      "team": "Otters",
      "yards": 0,
      "meet": "031",
      "opponent": "Almaden"
    },
    {
      "name": "JordanB",
      "stroke": "Butterfly",
      "age": "8 & Under",
      "gender": "Boys",
      "date": "2005-06-11",
      "time": "24.34",
      "place": "3",
      "team": "Otters",
      "yards": 0,
      "meet": "032",
      "opponent": "Creekside"
    },
    {
      "name": "JordanB",
      "stroke": "Breast",
      "age": "8 & Under",
      "gender": "Boys",
      "date": "2005-06-11",
      "time": "33.62",
      "place": "3",
      "team": "Otters",
      "yards": 0,
      "meet": "032",
      "opponent": "Creekside"
    },
    {
      "name": "JordanB",
      "stroke": "Freestyle",
      "age": "7-8",
      "gender": "Boys",
      "date": "2005-06-11",
      "time": "21.68",
      "place": "6",
      "team": "Otters",
      "yards": 0,
      "meet": "032",
      "opponent": "Creekside"
    },
    {
      "name": "JordanB",
      "stroke": "Butterfly",
      "age": "8 & Under",
      "gender": "Boys",
      "date": "2005-06-18",
      "time": "27.81",
      "place": "5",
      "team": "Otters",
      "yards": 0,
      "meet": "033",
      "opponent": "Shadowbrook"
    },
    {
      "name": "JordanB",
      "stroke": "Breast",
      "age": "8 & Under",
      "gender": "Boys",
      "date": "2005-06-18",
      "time": "DQ",
      "place": "--",
      "team": "Otters",
      "yards": 0,
      "meet": "033",
      "opponent": "Shadowbrook"
    },
    {
      "name": "JordanB",
      "stroke": "Freestyle",
      "age": "7-8",
      "gender": "Boys",
      "date": "2005-06-18",
      "time": "21.95",
      "place": "6",
      "team": "Otters",
      "yards": 0,
      "meet": "033",
      "opponent": "Shadowbrook"
    },
    {
      "name": "JordanB",
      "stroke": "Butterfly",
      "age": "8 & Under",
      "gender": "Boys",
      "date": "2005-06-25",
      "time": "28.53",
      "place": "3",
      "team": "Otters",
      "yards": 0,
      "meet": "034",
      "opponent": "Pinehurst"
    },
    {
      "name": "JordanB",
      "stroke": "Breast",
      "age": "8 & Under",
      "gender": "Boys",
      "date": "2005-06-25",
      "time": "35.90",
      "place": "3",
      "team": "Otters",
      "yards": 0,
      "meet": "034",
      "opponent": "Pinehurst"
    },
    {
      "name": "JordanB",
      "stroke": "Freestyle",
      "age": "7-8",
      "gender": "Boys",
      "date": "2005-06-25",
      "time": "22.20",
      "place": "7",
      "team": "Otters",
      "yards": 0,
      "meet": "034",
      "opponent": "Pinehurst"
    },
    {
      "name": "JordanB",
      "stroke": "Butterfly",
      "age": "8 & Under",
      "gender": "Boys",
      "date": "2005-07-009",
      "time": "25.36",
      "place": "4",
      "team": "Otters",
      "yards": 0,
      "meet": "035",
      "opponent": "Crossgates"
    },
    {
      "name": "JordanB",
      "stroke": "Breast",
      "age": "8 & Under",
      "gender": "Boys",
      "date": "2005-07-009",
      "time": "34.43",
      "place": "5",
      "team": "Otters",
      "yards": 0,
      "meet": "035",
      "opponent": "Crossgates"
    },
    {
      "name": "JordanB",
      "stroke": "Freestyle",
      "age": "7-8",
      "gender": "Boys",
      "date": "2005-07-009",
      "time": "21.41",
      "place": "8",
      "team": "Otters",
      "yards": 0,
      "meet": "035",
      "opponent": "Crossgates"
    },
    {
      "name": "JordanB",
      "stroke": "Butterfly",
      "age": "8 & Under",
      "gender": "Boys",
      "date": "2005-07-16",
      "time": "23.75",
      "place": "7",
      "team": "Otters",
      "yards": 0,
      "meet": "036",
      "opponent": "Champs"
    },
    {
      "name": "JordanB",
      "stroke": "Breast",
      "age": "8 & Under",
      "gender": "Boys",
      "date": "2005-07-16",
      "time": "36.61",
      "place": "17",
      "team": "Otters",
      "yards": 0,
      "meet": "036",
      "opponent": "Champs"
    },
    {
      "name": "JordanB",
      "stroke": "Freestyle",
      "age": "7-8",
      "gender": "Boys",
      "date": "2005-07-16",
      "time": "21.17",
      "place": "16",
      "team": "Otters",
      "yards": 0,
      "meet": "036",
      "opponent": "Champs"
    },
    {
      "name": "JordanB",
      "stroke": "Butterfly",
      "age": "8 & Under",
      "gender": "Boys",
      "date": "2006-05-20",
      "time": "23.06",
      "place": "2",
      "team": "Otters",
      "yards": 0,
      "meet": "037",
      "opponent": "Trials"
    },
    {
      "name": "JordanB",
      "stroke": "Back",
      "age": "7-8",
      "gender": "Boys",
      "date": "2006-05-20",
      "time": "25.00",
      "place": "3",
      "team": "Otters",
      "yards": 0,
      "meet": "037",
      "opponent": "Trials"
    },
    {
      "name": "JordanB",
      "stroke": "Breast",
      "age": "8 & Under",
      "gender": "Boys",
      "date": "2006-05-20",
      "time": "30.80",
      "place": "3",
      "team": "Otters",
      "yards": 0,
      "meet": "037",
      "opponent": "Trials"
    },
    {
      "name": "JordanB",
      "stroke": "Freestyle",
      "age": "7-8",
      "gender": "Boys",
      "date": "2006-05-20",
      "time": "20.40",
      "place": "5",
      "team": "Otters",
      "yards": 0,
      "meet": "037",
      "opponent": "Trials"
    },
    {
      "name": "JordanB",
      "stroke": "Butterfly",
      "age": "8 & Under",
      "gender": "Boys",
      "date": "2006-06-003",
      "time": "24.35",
      "place": "2",
      "team": "Otters",
      "yards": 0,
      "meet": "038",
      "opponent": "Crossgates"
    },
    {
      "name": "JordanB",
      "stroke": "Back",
      "age": "7-8",
      "gender": "Boys",
      "date": "2006-06-003",
      "time": "24.62",
      "place": "1",
      "team": "Otters",
      "yards": 0,
      "meet": "038",
      "opponent": "Crossgates"
    },
    {
      "name": "JordanB",
      "stroke": "Freestyle",
      "age": "7-8",
      "gender": "Boys",
      "date": "2006-06-003",
      "time": "21.06",
      "place": "4",
      "team": "Otters",
      "yards": 0,
      "meet": "038",
      "opponent": "Crossgates"
    },
    {
      "name": "JordanB",
      "stroke": "Butterfly",
      "age": "8 & Under",
      "gender": "Boys",
      "date": "2006-06-10",
      "time": "28.53",
      "place": "4",
      "team": "Otters",
      "yards": 0,
      "meet": "039",
      "opponent": "Almaden"
    },
    {
      "name": "JordanB",
      "stroke": "Back",
      "age": "7-8",
      "gender": "Boys",
      "date": "2006-06-10",
      "time": "25.78",
      "place": "2",
      "team": "Otters",
      "yards": 0,
      "meet": "039",
      "opponent": "Almaden"
    },
    {
      "name": "JordanB",
      "stroke": "Freestyle",
      "age": "7-8",
      "gender": "Boys",
      "date": "2006-06-10",
      "time": "21.37",
      "place": "3",
      "team": "Otters",
      "yards": 0,
      "meet": "039",
      "opponent": "Almaden"
    },
    {
      "name": "JordanB",
      "stroke": "Butterfly",
      "age": "8 & Under",
      "gender": "Boys",
      "date": "2006-06-17",
      "time": "25.09",
      "place": "4",
      "team": "Otters",
      "yards": 0,
      "meet": "040",
      "opponent": "Creekside"
    },
    {
      "name": "JordanB",
      "stroke": "Back",
      "age": "7-8",
      "gender": "Boys",
      "date": "2006-06-17",
      "time": "25.01",
      "place": "5",
      "team": "Otters",
      "yards": 0,
      "meet": "040",
      "opponent": "Creekside"
    },
    {
      "name": "JordanB",
      "stroke": "Freestyle",
      "age": "7-8",
      "gender": "Boys",
      "date": "2006-06-17",
      "time": "21.97",
      "place": "8",
      "team": "Otters",
      "yards": 0,
      "meet": "040",
      "opponent": "Creekside"
    },
    {
      "name": "JordanB",
      "stroke": "Butterfly",
      "age": "8 & Under",
      "gender": "Boys",
      "date": "2006-07-008",
      "time": "25.66",
      "place": "3",
      "team": "Otters",
      "yards": 0,
      "meet": "042",
      "opponent": "Pinehurst"
    },
    {
      "name": "JordanB",
      "stroke": "Back",
      "age": "7-8",
      "gender": "Boys",
      "date": "2006-07-008",
      "time": "25.74",
      "place": "5",
      "team": "Otters",
      "yards": 0,
      "meet": "042",
      "opponent": "Pinehurst"
    },
    {
      "name": "JordanB",
      "stroke": "Freestyle",
      "age": "7-8",
      "gender": "Boys",
      "date": "2006-07-008",
      "time": "20.13",
      "place": "6",
      "team": "Otters",
      "yards": 0,
      "meet": "042",
      "opponent": "Pinehurst"
    },
    {
      "name": "JordanB",
      "stroke": "Butterfly",
      "age": "8 & Under",
      "gender": "Boys",
      "date": "2006-07-15",
      "time": "23.35",
      "place": "8",
      "team": "Otters",
      "yards": 0,
      "meet": "043",
      "opponent": "Champs"
    },
    {
      "name": "JordanB",
      "stroke": "Back",
      "age": "7-8",
      "gender": "Boys",
      "date": "2006-07-15",
      "time": "23.43",
      "place": "7",
      "team": "Otters",
      "yards": 0,
      "meet": "043",
      "opponent": "Champs"
    },
    {
      "name": "JordanB",
      "stroke": "Freestyle",
      "age": "7-8",
      "gender": "Boys",
      "date": "2006-07-15",
      "time": "19.30",
      "place": "15",
      "team": "Otters",
      "yards": 0,
      "meet": "043",
      "opponent": "Champs"
    },
    {
      "name": "JordanB",
      "stroke": "Butterfly",
      "age": "9-10",
      "gender": "Boys",
      "date": "2007-06-002",
      "time": "19.59",
      "place": "2",
      "team": "Otters",
      "yards": 0,
      "meet": "044",
      "opponent": "Trials"
    },
    {
      "name": "JordanB",
      "stroke": "Back",
      "age": "9-10",
      "gender": "Boys",
      "date": "2007-06-002",
      "time": "24.32",
      "place": "9",
      "team": "Otters",
      "yards": 0,
      "meet": "044",
      "opponent": "Trials"
    },
    {
      "name": "JordanB",
      "stroke": "Breast",
      "age": "9-10",
      "gender": "Boys",
      "date": "2007-06-002",
      "time": "29.34",
      "place": "9",
      "team": "Otters",
      "yards": 0,
      "meet": "044",
      "opponent": "Trials"
    },
    {
      "name": "JordanB",
      "stroke": "Freestyle",
      "age": "9-10",
      "gender": "Boys",
      "date": "2007-06-002",
      "time": "18.82",
      "place": "8",
      "team": "Otters",
      "yards": 0,
      "meet": "044",
      "opponent": "Trials"
    },
    {
      "name": "JordanB",
      "stroke": "Back",
      "age": "9-10",
      "gender": "Boys",
      "date": "2007-06-009",
      "time": "23.81",
      "place": "6",
      "team": "Otters",
      "yards": 0,
      "meet": "045",
      "opponent": "Pinehurst"
    },
    {
      "name": "JordanB",
      "stroke": "Breast",
      "age": "9-10",
      "gender": "Boys",
      "date": "2007-06-009",
      "time": "28.66",
      "place": "8",
      "team": "Otters",
      "yards": 0,
      "meet": "045",
      "opponent": "Pinehurst"
    },
    {
      "name": "JordanB",
      "stroke": "Freestyle",
      "age": "9-10",
      "gender": "Boys",
      "date": "2007-06-009",
      "time": "19.47",
      "place": "11",
      "team": "Otters",
      "yards": 0,
      "meet": "045",
      "opponent": "Pinehurst"
    },
    {
      "name": "JordanB",
      "stroke": "Butterfly",
      "age": "9-10",
      "gender": "Boys",
      "date": "2007-06-23",
      "time": "DQ",
      "place": "--",
      "team": "Otters",
      "yards": 0,
      "meet": "047",
      "opponent": "Almaden"
    },
    {
      "name": "JordanB",
      "stroke": "Breast",
      "age": "9-10",
      "gender": "Boys",
      "date": "2007-06-23",
      "time": "29.16",
      "place": "11",
      "team": "Otters",
      "yards": 0,
      "meet": "047",
      "opponent": "Almaden"
    },
    {
      "name": "JordanB",
      "stroke": "Freestyle",
      "age": "9-10",
      "gender": "Boys",
      "date": "2007-06-23",
      "time": "18.43",
      "place": "8",
      "team": "Otters",
      "yards": 0,
      "meet": "047",
      "opponent": "Almaden"
    },
    {
      "name": "JordanB",
      "stroke": "Butterfly",
      "age": "9-10",
      "gender": "Boys",
      "date": "2007-06-30",
      "time": "24.57",
      "place": "5",
      "team": "Otters",
      "yards": 0,
      "meet": "048",
      "opponent": "Creekside"
    },
    {
      "name": "JordanB",
      "stroke": "Back",
      "age": "9-10",
      "gender": "Boys",
      "date": "2007-06-30",
      "time": "23.17",
      "place": "9",
      "team": "Otters",
      "yards": 0,
      "meet": "048",
      "opponent": "Creekside"
    },
    {
      "name": "JordanB",
      "stroke": "Freestyle",
      "age": "9-10",
      "gender": "Boys",
      "date": "2007-06-30",
      "time": "18.79",
      "place": "10",
      "team": "Otters",
      "yards": 0,
      "meet": "048",
      "opponent": "Creekside"
    },
    {
      "name": "JordanB",
      "stroke": "Back",
      "age": "9-10",
      "gender": "Boys",
      "date": "2007-07-007",
      "time": "24.82",
      "place": "6",
      "team": "Otters",
      "yards": 0,
      "meet": "049",
      "opponent": "Shadowbrook"
    },
    {
      "name": "JordanB",
      "stroke": "Breast",
      "age": "9-10",
      "gender": "Boys",
      "date": "2007-07-007",
      "time": "30.12",
      "place": "8",
      "team": "Otters",
      "yards": 0,
      "meet": "049",
      "opponent": "Shadowbrook"
    },
    {
      "name": "JordanB",
      "stroke": "Freestyle",
      "age": "9-10",
      "gender": "Boys",
      "date": "2007-07-007",
      "time": "19.53",
      "place": "10",
      "team": "Otters",
      "yards": 0,
      "meet": "049",
      "opponent": "Shadowbrook"
    },
    {
      "name": "JordanB",
      "stroke": "Back",
      "age": "9-10",
      "gender": "Boys",
      "date": "2007-07-14",
      "time": "23.45",
      "place": "27",
      "team": "Otters",
      "yards": 0,
      "meet": "050",
      "opponent": "Champs"
    },
    {
      "name": "JordanB",
      "stroke": "Breast",
      "age": "9-10",
      "gender": "Boys",
      "date": "2007-07-14",
      "time": "27.24",
      "place": "27",
      "team": "Otters",
      "yards": 0,
      "meet": "050",
      "opponent": "Champs"
    },
    {
      "name": "JordanB",
      "stroke": "Freestyle",
      "age": "9-10",
      "gender": "Boys",
      "date": "2007-07-14",
      "time": "18.50",
      "place": "40",
      "team": "Otters",
      "yards": 0,
      "meet": "050",
      "opponent": "Champs"
    },
    {
      "name": "JordanB",
      "stroke": "Breast",
      "age": "9-10",
      "gender": "Boys",
      "date": "2008-05-31",
      "time": "25.97",
      "place": "7",
      "team": "Otters",
      "yards": 0,
      "meet": "051",
      "opponent": "Trials"
    },
    {
      "name": "JordanB",
      "stroke": "Freestyle",
      "age": "9-10",
      "gender": "Boys",
      "date": "2008-05-31",
      "time": "18.15",
      "place": "4",
      "team": "Otters",
      "yards": 0,
      "meet": "051",
      "opponent": "Trials"
    },
    {
      "name": "JordanB",
      "stroke": "Butterfly",
      "age": "9-10",
      "gender": "Boys",
      "date": "2008-06-14",
      "time": "20.80",
      "place": "7",
      "team": "Otters",
      "yards": 0,
      "meet": "053",
      "opponent": "Pinehurst"
    },
    {
      "name": "JordanB",
      "stroke": "Back",
      "age": "9-10",
      "gender": "Boys",
      "date": "2008-06-14",
      "time": "22.38",
      "place": "6",
      "team": "Otters",
      "yards": 0,
      "meet": "053",
      "opponent": "Pinehurst"
    },
    {
      "name": "JordanB",
      "stroke": "Freestyle",
      "age": "9-10",
      "gender": "Boys",
      "date": "2008-06-14",
      "time": "18.22",
      "place": "9",
      "team": "Otters",
      "yards": 0,
      "meet": "053",
      "opponent": "Pinehurst"
    },
    {
      "name": "JordanB",
      "stroke": "Butterfly",
      "age": "9-10",
      "gender": "Boys",
      "date": "2008-06-21",
      "time": "20.32",
      "place": "3",
      "team": "Otters",
      "yards": 0,
      "meet": "054",
      "opponent": "Crossgates"
    },
    {
      "name": "JordanB",
      "stroke": "Breast",
      "age": "9-10",
      "gender": "Boys",
      "date": "2008-06-28",
      "time": "DQ",
      "place": "--",
      "team": "Otters",
      "yards": 0,
      "meet": "055",
      "opponent": "Almaden"
    },
    {
      "name": "JordanB",
      "stroke": "Freestyle",
      "age": "9-10",
      "gender": "Boys",
      "date": "2008-06-28",
      "time": "17.40",
      "place": "9",
      "team": "Otters",
      "yards": 0,
      "meet": "055",
      "opponent": "Almaden"
    },
    {
      "name": "JordanB",
      "stroke": "Back",
      "age": "9-10",
      "gender": "Boys",
      "date": "2008-07-12",
      "time": "22.22",
      "place": "5",
      "team": "Otters",
      "yards": 0,
      "meet": "056",
      "opponent": "Creekside"
    },
    {
      "name": "JordanB",
      "stroke": "Breast",
      "age": "9-10",
      "gender": "Boys",
      "date": "2008-07-12",
      "time": "26.37",
      "place": "11",
      "team": "Otters",
      "yards": 0,
      "meet": "056",
      "opponent": "Creekside"
    },
    {
      "name": "JordanB",
      "stroke": "Freestyle",
      "age": "9-10",
      "gender": "Boys",
      "date": "2008-07-12",
      "time": "17.28",
      "place": "10",
      "team": "Otters",
      "yards": 0,
      "meet": "056",
      "opponent": "Creekside"
    },
    {
      "name": "JordanB",
      "stroke": "Back",
      "age": "9-10",
      "gender": "Boys",
      "date": "2008-07-19",
      "time": "23.47",
      "place": "30",
      "team": "Otters",
      "yards": 0,
      "meet": "057",
      "opponent": "Champs"
    },
    {
      "name": "JordanB",
      "stroke": "Breast",
      "age": "9-10",
      "gender": "Boys",
      "date": "2008-07-19",
      "time": "25.29",
      "place": "22",
      "team": "Otters",
      "yards": 0,
      "meet": "057",
      "opponent": "Champs"
    },
    {
      "name": "JordanB",
      "stroke": "Freestyle",
      "age": "9-10",
      "gender": "Boys",
      "date": "2008-07-19",
      "time": "18.06",
      "place": "38",
      "team": "Otters",
      "yards": 0,
      "meet": "057",
      "opponent": "Champs"
    },
    {
      "name": "JordanB",
      "stroke": "Back",
      "age": "11-12",
      "gender": "Boys",
      "date": "2009-05-30",
      "time": "45.70",
      "place": "8",
      "team": "Otters",
      "yards": 0,
      "meet": "058",
      "opponent": "Trials"
    },
    {
      "name": "JordanB",
      "stroke": "Freestyle",
      "age": "11-12",
      "gender": "Boys",
      "date": "2009-05-30",
      "time": "39.91",
      "place": "8",
      "team": "Otters",
      "yards": 0,
      "meet": "058",
      "opponent": "Trials"
    },
    {
      "name": "JordanB",
      "stroke": "Butterfly",
      "age": "11-12",
      "gender": "Boys",
      "date": "2009-06-006",
      "time": "50.28",
      "place": "5",
      "team": "Otters",
      "yards": 0,
      "meet": "059",
      "opponent": "Creekside"
    },
    {
      "name": "JordanB",
      "stroke": "Back",
      "age": "11-12",
      "gender": "Boys",
      "date": "2009-06-006",
      "time": "46.69",
      "place": "10",
      "team": "Otters",
      "yards": 0,
      "meet": "059",
      "opponent": "Creekside"
    },
    {
      "name": "JordanB",
      "stroke": "Breast",
      "age": "11-12",
      "gender": "Boys",
      "date": "2009-06-006",
      "time": "56.47",
      "place": "8",
      "team": "Otters",
      "yards": 0,
      "meet": "059",
      "opponent": "Creekside"
    },
    {
      "name": "JordanB",
      "stroke": "Back",
      "age": "11-12",
      "gender": "Boys",
      "date": "2009-06-13",
      "time": "46.64",
      "place": "9",
      "team": "Otters",
      "yards": 0,
      "meet": "060",
      "opponent": "Shadowbrook"
    },
    {
      "name": "JordanB",
      "stroke": "Breast",
      "age": "11-12",
      "gender": "Boys",
      "date": "2009-06-13",
      "time": "55.40",
      "place": "10",
      "team": "Otters",
      "yards": 0,
      "meet": "060",
      "opponent": "Shadowbrook"
    },
    {
      "name": "JordanB",
      "stroke": "Freestyle",
      "age": "11-12",
      "gender": "Boys",
      "date": "2009-06-13",
      "time": "40.36",
      "place": "12",
      "team": "Otters",
      "yards": 0,
      "meet": "060",
      "opponent": "Shadowbrook"
    },
    {
      "name": "JordanB",
      "stroke": "Back",
      "age": "11-12",
      "gender": "Boys",
      "date": "2009-07-11",
      "time": "44.23",
      "place": "8",
      "team": "Otters",
      "yards": 0,
      "meet": "063",
      "opponent": "Almaden"
    },
    {
      "name": "JordanB",
      "stroke": "Breast",
      "age": "11-12",
      "gender": "Boys",
      "date": "2009-07-11",
      "time": "52.89",
      "place": "10",
      "team": "Otters",
      "yards": 0,
      "meet": "063",
      "opponent": "Almaden"
    },
    {
      "name": "JordanB",
      "stroke": "Freestyle",
      "age": "11-12",
      "gender": "Boys",
      "date": "2009-07-11",
      "time": "39.62",
      "place": "14",
      "team": "Otters",
      "yards": 0,
      "meet": "063",
      "opponent": "Almaden"
    },
    {
      "name": "JordanB",
      "stroke": "Back",
      "age": "11-12",
      "gender": "Boys",
      "date": "2009-07-18",
      "time": "44.82",
      "place": "24",
      "team": "Otters",
      "yards": 0,
      "meet": "064",
      "opponent": "Champs"
    },
    {
      "name": "JordanB",
      "stroke": "Breast",
      "age": "11-12",
      "gender": "Boys",
      "date": "2009-07-18",
      "time": "51.95",
      "place": "30",
      "team": "Otters",
      "yards": 0,
      "meet": "064",
      "opponent": "Champs"
    },
    {
      "name": "JordanB",
      "stroke": "Freestyle",
      "age": "11-12",
      "gender": "Boys",
      "date": "2009-07-18",
      "time": "38.11",
      "place": "45",
      "team": "Otters",
      "yards": 0,
      "meet": "064",
      "opponent": "Champs"
    },
    {
      "name": "JordanB",
      "stroke": "Butterfly",
      "age": "11-12",
      "gender": "Boys",
      "date": "2010-05-22",
      "time": "44.03",
      "place": "4",
      "team": "Otters",
      "yards": 0,
      "meet": "065",
      "opponent": "Trials"
    },
    {
      "name": "JordanB",
      "stroke": "Back",
      "age": "11-12",
      "gender": "Boys",
      "date": "2010-05-22",
      "time": "43.45",
      "place": "4",
      "team": "Otters",
      "yards": 0,
      "meet": "065",
      "opponent": "Trials"
    },
    {
      "name": "JordanB",
      "stroke": "Breast",
      "age": "11-12",
      "gender": "Boys",
      "date": "2010-05-22",
      "time": "53.49",
      "place": "6",
      "team": "Otters",
      "yards": 0,
      "meet": "065",
      "opponent": "Trials"
    },
    {
      "name": "JordanB",
      "stroke": "Freestyle",
      "age": "11-12",
      "gender": "Boys",
      "date": "2010-05-22",
      "time": "37.73",
      "place": "4",
      "team": "Otters",
      "yards": 0,
      "meet": "065",
      "opponent": "Trials"
    },
    {
      "name": "JordanB",
      "stroke": "Butterfly",
      "age": "11-12",
      "gender": "Boys",
      "date": "2010-06-005",
      "time": "44.26",
      "place": "4",
      "team": "Otters",
      "yards": 0,
      "meet": "066",
      "opponent": "Almaden"
    },
    {
      "name": "JordanB",
      "stroke": "Back",
      "age": "11-12",
      "gender": "Boys",
      "date": "2010-06-005",
      "time": "43.47",
      "place": "5",
      "team": "Otters",
      "yards": 0,
      "meet": "066",
      "opponent": "Almaden"
    },
    {
      "name": "JordanB",
      "stroke": "Freestyle",
      "age": "11-12",
      "gender": "Boys",
      "date": "2010-06-005",
      "time": "35.31",
      "place": "6",
      "team": "Otters",
      "yards": 0,
      "meet": "066",
      "opponent": "Almaden"
    },
    {
      "name": "JordanB",
      "stroke": "Butterfly",
      "age": "11-12",
      "gender": "Boys",
      "date": "2010-06-12",
      "time": "42.27",
      "place": "6",
      "team": "Otters",
      "yards": 0,
      "meet": "067",
      "opponent": "Creekside"
    },
    {
      "name": "JordanB",
      "stroke": "Breast",
      "age": "11-12",
      "gender": "Boys",
      "date": "2010-06-12",
      "time": "51.93",
      "place": "12",
      "team": "Otters",
      "yards": 0,
      "meet": "067",
      "opponent": "Creekside"
    },
    {
      "name": "JordanB",
      "stroke": "Freestyle",
      "age": "11-12",
      "gender": "Boys",
      "date": "2010-06-12",
      "time": "35.38",
      "place": "13",
      "team": "Otters",
      "yards": 0,
      "meet": "067",
      "opponent": "Creekside"
    },
    {
      "name": "JordanB",
      "stroke": "Back",
      "age": "11-12",
      "gender": "Boys",
      "date": "2010-06-19",
      "time": "41.93",
      "place": "5",
      "team": "Otters",
      "yards": 0,
      "meet": "068",
      "opponent": "Shadowbrook"
    },
    {
      "name": "JordanB",
      "stroke": "Breast",
      "age": "11-12",
      "gender": "Boys",
      "date": "2010-06-19",
      "time": "50.23",
      "place": "6",
      "team": "Otters",
      "yards": 0,
      "meet": "068",
      "opponent": "Shadowbrook"
    },
    {
      "name": "JordanB",
      "stroke": "Freestyle",
      "age": "11-12",
      "gender": "Boys",
      "date": "2010-06-19",
      "time": "34.76",
      "place": "9",
      "team": "Otters",
      "yards": 0,
      "meet": "068",
      "opponent": "Shadowbrook"
    },
    {
      "name": "JordanB",
      "stroke": "Butterfly",
      "age": "11-12",
      "gender": "Boys",
      "date": "2010-06-26",
      "time": "44.41",
      "place": "6",
      "team": "Otters",
      "yards": 0,
      "meet": "069",
      "opponent": "Pinehurst"
    },
    {
      "name": "JordanB",
      "stroke": "Back",
      "age": "11-12",
      "gender": "Boys",
      "date": "2010-06-26",
      "time": "43.50",
      "place": "6",
      "team": "Otters",
      "yards": 0,
      "meet": "069",
      "opponent": "Pinehurst"
    },
    {
      "name": "JordanB",
      "stroke": "Freestyle",
      "age": "11-12",
      "gender": "Boys",
      "date": "2010-06-26",
      "time": "35.37",
      "place": "9",
      "team": "Otters",
      "yards": 0,
      "meet": "069",
      "opponent": "Pinehurst"
    },
    {
      "name": "JordanB",
      "stroke": "Butterfly",
      "age": "11-12",
      "gender": "Boys",
      "date": "2010-07-10",
      "time": "43.88",
      "place": "5",
      "team": "Otters",
      "yards": 0,
      "meet": "070",
      "opponent": "Crossgates"
    },
    {
      "name": "JordanB",
      "stroke": "Back",
      "age": "11-12",
      "gender": "Boys",
      "date": "2010-07-10",
      "time": "41.84",
      "place": "6",
      "team": "Otters",
      "yards": 0,
      "meet": "070",
      "opponent": "Crossgates"
    },
    {
      "name": "JordanB",
      "stroke": "Freestyle",
      "age": "11-12",
      "gender": "Boys",
      "date": "2010-07-10",
      "time": "35.16",
      "place": "8",
      "team": "Otters",
      "yards": 0,
      "meet": "070",
      "opponent": "Crossgates"
    },
    {
      "name": "JordanB",
      "stroke": "Butterfly",
      "age": "11-12",
      "gender": "Boys",
      "date": "2010-07-17",
      "time": "42.09",
      "place": "19",
      "team": "Otters",
      "yards": 0,
      "meet": "071",
      "opponent": "Champs"
    },
    {
      "name": "JordanB",
      "stroke": "Back",
      "age": "11-12",
      "gender": "Boys",
      "date": "2010-07-17",
      "time": "40.80",
      "place": "16",
      "team": "Otters",
      "yards": 0,
      "meet": "071",
      "opponent": "Champs"
    },
    {
      "name": "JordanB",
      "stroke": "Freestyle",
      "age": "11-12",
      "gender": "Boys",
      "date": "2010-07-17",
      "time": "34.48",
      "place": "35",
      "team": "Otters",
      "yards": 0,
      "meet": "071",
      "opponent": "Champs"
    },
    {
      "name": "JordanB",
      "stroke": "Butterfly",
      "age": "13-14",
      "gender": "Boys",
      "date": "2011-05-21",
      "time": "42.09",
      "place": "8",
      "team": "Otters",
      "yards": 0,
      "meet": "072",
      "opponent": "Trials"
    },
    {
      "name": "JordanB",
      "stroke": "Back",
      "age": "13-14",
      "gender": "Boys",
      "date": "2011-05-21",
      "time": "41.89",
      "place": "7",
      "team": "Otters",
      "yards": 0,
      "meet": "072",
      "opponent": "Trials"
    },
    {
      "name": "JordanB",
      "stroke": "Breast",
      "age": "13-14",
      "gender": "Boys",
      "date": "2011-05-21",
      "time": "49.17",
      "place": "6",
      "team": "Otters",
      "yards": 0,
      "meet": "072",
      "opponent": "Trials"
    },
    {
      "name": "JordanB",
      "stroke": "Freestyle",
      "age": "13-14",
      "gender": "Boys",
      "date": "2011-05-21",
      "time": "35.95",
      "place": "6",
      "team": "Otters",
      "yards": 0,
      "meet": "072",
      "opponent": "Trials"
    },
    {
      "name": "JordanB",
      "stroke": "Butterfly",
      "age": "13-14",
      "gender": "Boys",
      "date": "2011-06-004",
      "time": "44.52",
      "place": "10",
      "team": "Otters",
      "yards": 0,
      "meet": "073",
      "opponent": "Crossgates"
    },
    {
      "name": "JordanB",
      "stroke": "Back",
      "age": "13-14",
      "gender": "Boys",
      "date": "2011-06-004",
      "time": "42.29",
      "place": "7",
      "team": "Otters",
      "yards": 0,
      "meet": "073",
      "opponent": "Crossgates"
    },
    {
      "name": "JordanB",
      "stroke": "Freestyle",
      "age": "13-14",
      "gender": "Boys",
      "date": "2011-06-004",
      "time": "35.67",
      "place": "11",
      "team": "Otters",
      "yards": 0,
      "meet": "073",
      "opponent": "Crossgates"
    },
    {
      "name": "JordanB",
      "stroke": "Butterfly",
      "age": "13-14",
      "gender": "Boys",
      "date": "2011-06-11",
      "time": "42.13",
      "place": "16",
      "team": "Otters",
      "yards": 0,
      "meet": "074",
      "opponent": "Almaden"
    },
    {
      "name": "JordanB",
      "stroke": "Back",
      "age": "13-14",
      "gender": "Boys",
      "date": "2011-06-11",
      "time": "40.91",
      "place": "10",
      "team": "Otters",
      "yards": 0,
      "meet": "074",
      "opponent": "Almaden"
    },
    {
      "name": "JordanB",
      "stroke": "Freestyle",
      "age": "13-14",
      "gender": "Boys",
      "date": "2011-06-11",
      "time": "35.26",
      "place": "20",
      "team": "Otters",
      "yards": 0,
      "meet": "074",
      "opponent": "Almaden"
    },
    {
      "name": "JordanB",
      "stroke": "Butterfly",
      "age": "13-14",
      "gender": "Boys",
      "date": "2011-06-25",
      "time": "44.43",
      "place": "10",
      "team": "Otters",
      "yards": 0,
      "meet": "076",
      "opponent": "Shadowbrook"
    },
    {
      "name": "JordanB",
      "stroke": "Back",
      "age": "13-14",
      "gender": "Boys",
      "date": "2011-06-25",
      "time": "42.12",
      "place": "5",
      "team": "Otters",
      "yards": 0,
      "meet": "076",
      "opponent": "Shadowbrook"
    },
    {
      "name": "JordanB",
      "stroke": "Freestyle",
      "age": "13-14",
      "gender": "Boys",
      "date": "2011-06-25",
      "time": "36.12",
      "place": "10",
      "team": "Otters",
      "yards": 0,
      "meet": "076",
      "opponent": "Shadowbrook"
    },
    {
      "name": "JordanB",
      "stroke": "Butterfly",
      "age": "13-14",
      "gender": "Boys",
      "date": "2011-07-009",
      "time": "46.70",
      "place": "13",
      "team": "Otters",
      "yards": 0,
      "meet": "077",
      "opponent": "Pinehurst"
    },
    {
      "name": "JordanB",
      "stroke": "Back",
      "age": "13-14",
      "gender": "Boys",
      "date": "2011-07-009",
      "time": "39.69",
      "place": "4",
      "team": "Otters",
      "yards": 0,
      "meet": "077",
      "opponent": "Pinehurst"
    },
    {
      "name": "JordanB",
      "stroke": "Freestyle",
      "age": "13-14",
      "gender": "Boys",
      "date": "2011-07-009",
      "time": "35.03",
      "place": "16",
      "team": "Otters",
      "yards": 0,
      "meet": "077",
      "opponent": "Pinehurst"
    },
    {
      "name": "JordanB",
      "stroke": "Butterfly",
      "age": "13-14",
      "gender": "Boys",
      "date": "2011-07-16",
      "time": "DQ",
      "place": "--",
      "team": "Otters",
      "yards": 0,
      "meet": "078",
      "opponent": "Champs"
    },
    {
      "name": "JordanB",
      "stroke": "Back",
      "age": "13-14",
      "gender": "Boys",
      "date": "2011-07-16",
      "time": "43.92",
      "place": "31",
      "team": "Otters",
      "yards": 0,
      "meet": "078",
      "opponent": "Champs"
    },
    {
      "name": "JordanB",
      "stroke": "Freestyle",
      "age": "13-14",
      "gender": "Boys",
      "date": "2011-07-16",
      "time": "36.39",
      "place": "52",
      "team": "Otters",
      "yards": 0,
      "meet": "078",
      "opponent": "Champs"
    },
    {
      "name": "JordanB",
      "stroke": "Back",
      "age": "13-14",
      "gender": "Boys",
      "date": "2012-06-002",
      "time": "41.36",
      "place": "7",
      "team": "Otters",
      "yards": 0,
      "meet": "080",
      "opponent": "Pinehurst"
    },
    {
      "name": "JordanB",
      "stroke": "Freestyle",
      "age": "13-14",
      "gender": "Boys",
      "date": "2012-06-002",
      "time": "37.54",
      "place": "12",
      "team": "Otters",
      "yards": 0,
      "meet": "080",
      "opponent": "Pinehurst"
    },
    {
      "name": "JordanB",
      "stroke": "Back",
      "age": "13-14",
      "gender": "Boys",
      "date": "2012-06-009",
      "time": "40.90",
      "place": "6",
      "team": "Otters",
      "yards": 0,
      "meet": "081",
      "opponent": "Crossgates"
    },
    {
      "name": "JordanB",
      "stroke": "Freestyle",
      "age": "13-14",
      "gender": "Boys",
      "date": "2012-06-009",
      "time": "34.06",
      "place": "15",
      "team": "Otters",
      "yards": 0,
      "meet": "081",
      "opponent": "Crossgates"
    },
    {
      "name": "JordanB",
      "stroke": "Back",
      "age": "13-14",
      "gender": "Boys",
      "date": "2012-06-16",
      "time": "40.22",
      "place": "7",
      "team": "Otters",
      "yards": 0,
      "meet": "082",
      "opponent": "Almaden"
    },
    {
      "name": "JordanB",
      "stroke": "Freestyle",
      "age": "13-14",
      "gender": "Boys",
      "date": "2012-06-16",
      "time": "34.44",
      "place": "17",
      "team": "Otters",
      "yards": 0,
      "meet": "082",
      "opponent": "Almaden"
    },
    {
      "name": "JordanB",
      "stroke": "Back",
      "age": "13-14",
      "gender": "Boys",
      "date": "2012-06-23",
      "time": "39.90",
      "place": "8",
      "team": "Otters",
      "yards": 0,
      "meet": "083",
      "opponent": "Creekside"
    },
    {
      "name": "JordanB",
      "stroke": "Freestyle",
      "age": "13-14",
      "gender": "Boys",
      "date": "2012-06-23",
      "time": "33.76",
      "place": "14",
      "team": "Otters",
      "yards": 0,
      "meet": "083",
      "opponent": "Creekside"
    },
    {
      "name": "JordanB",
      "stroke": "Back",
      "age": "13-14",
      "gender": "Boys",
      "date": "2012-07-14",
      "time": "DQ",
      "place": "--",
      "team": "Otters",
      "yards": 0,
      "meet": "085",
      "opponent": "Champs"
    },
    {
      "name": "JordanB",
      "stroke": "Freestyle",
      "age": "13-14",
      "gender": "Boys",
      "date": "2012-07-14",
      "time": "35.23",
      "place": "50",
      "team": "Otters",
      "yards": 0,
      "meet": "085",
      "opponent": "Champs"
    },
    {
      "name": "JordanB",
      "stroke": "Back",
      "age": "15-18",
      "gender": "Boys",
      "date": "2013-06-001",
      "time": "37.53",
      "place": "11",
      "team": "Otters",
      "yards": 0,
      "meet": "087",
      "opponent": "Shadowbrook"
    },
    {
      "name": "JordanB",
      "stroke": "Breast",
      "age": "15-18",
      "gender": "Boys",
      "date": "2013-06-001",
      "time": "45.44",
      "place": "8",
      "team": "Otters",
      "yards": 0,
      "meet": "087",
      "opponent": "Shadowbrook"
    },
    {
      "name": "JordanB",
      "stroke": "Freestyle",
      "age": "15-18",
      "gender": "Boys",
      "date": "2013-06-001",
      "time": "34.31",
      "place": "13",
      "team": "Otters",
      "yards": 0,
      "meet": "087",
      "opponent": "Shadowbrook"
    },
    {
      "name": "JordanB",
      "stroke": "Back",
      "age": "15-18",
      "gender": "Boys",
      "date": "2013-06-008",
      "time": "36.80",
      "place": "8",
      "team": "Otters",
      "yards": 0,
      "meet": "088",
      "opponent": "Pinehurst"
    },
    {
      "name": "JordanB",
      "stroke": "Back",
      "age": "15-18",
      "gender": "Boys",
      "date": "2013-06-15",
      "time": "37.21",
      "place": "7",
      "team": "Otters",
      "yards": 0,
      "meet": "089",
      "opponent": "Crossgates"
    },
    {
      "name": "JordanB",
      "stroke": "Breast",
      "age": "15-18",
      "gender": "Boys",
      "date": "2013-06-15",
      "time": "DQ",
      "place": "--",
      "team": "Otters",
      "yards": 0,
      "meet": "089",
      "opponent": "Crossgates"
    },
    {
      "name": "JordanB",
      "stroke": "Freestyle",
      "age": "15-18",
      "gender": "Boys",
      "date": "2013-06-15",
      "time": "33.53",
      "place": "16",
      "team": "Otters",
      "yards": 0,
      "meet": "089",
      "opponent": "Crossgates"
    },
    {
      "name": "JordanB",
      "stroke": "Back",
      "age": "15-18",
      "gender": "Boys",
      "date": "2013-06-22",
      "time": "36.72",
      "place": "11",
      "team": "Otters",
      "yards": 0,
      "meet": "090",
      "opponent": "Almaden"
    },
    {
      "name": "JordanB",
      "stroke": "Breast",
      "age": "15-18",
      "gender": "Boys",
      "date": "2013-06-22",
      "time": "45.53",
      "place": "11",
      "team": "Otters",
      "yards": 0,
      "meet": "090",
      "opponent": "Almaden"
    },
    {
      "name": "JordanB",
      "stroke": "Freestyle",
      "age": "15-18",
      "gender": "Boys",
      "date": "2013-06-22",
      "time": "34.41",
      "place": "23",
      "team": "Otters",
      "yards": 0,
      "meet": "090",
      "opponent": "Almaden"
    },
    {
      "name": "JordanB",
      "stroke": "Back",
      "age": "15-18",
      "gender": "Boys",
      "date": "2013-06-29",
      "time": "36.31",
      "place": "10",
      "team": "Otters",
      "yards": 0,
      "meet": "091",
      "opponent": "Creekside"
    },
    {
      "name": "JordanB",
      "stroke": "Freestyle",
      "age": "15-18",
      "gender": "Boys",
      "date": "2013-06-29",
      "time": "33.03",
      "place": "17",
      "team": "Otters",
      "yards": 0,
      "meet": "091",
      "opponent": "Creekside"
    },
    {
      "name": "JordanB",
      "stroke": "Back",
      "age": "15-18",
      "gender": "Boys",
      "date": "2013-07-13",
      "time": "36.35",
      "place": "25",
      "team": "Otters",
      "yards": 0,
      "meet": "092",
      "opponent": "Almaden"
    },
    {
      "name": "JordanB",
      "stroke": "Breast",
      "age": "15-18",
      "gender": "Boys",
      "date": "2013-07-13",
      "time": "42.74",
      "place": "31",
      "team": "Otters",
      "yards": 0,
      "meet": "092",
      "opponent": "Almaden"
    },
    {
      "name": "JordanB",
      "stroke": "Freestyle",
      "age": "15-18",
      "gender": "Boys",
      "date": "2013-07-13",
      "time": "31.99",
      "place": "58",
      "team": "Otters",
      "yards": 0,
      "meet": "092",
      "opponent": "Almaden"
    },
    {
      "name": "JordanB",
      "stroke": "Back",
      "age": "15-18",
      "gender": "Boys",
      "date": "2014-06-007",
      "time": "DQ",
      "place": "--",
      "team": "Otters",
      "yards": 0,
      "meet": "095",
      "opponent": "Shadowbrook"
    },
    {
      "name": "JordanB",
      "stroke": "Freestyle",
      "age": "15-18",
      "gender": "Boys",
      "date": "2014-06-007",
      "time": "31.15",
      "place": "18",
      "team": "Otters",
      "yards": 0,
      "meet": "095",
      "opponent": "Shadowbrook"
    },
    {
      "name": "JordanB",
      "stroke": "Back",
      "age": "15-18",
      "gender": "Boys",
      "date": "2014-06-14",
      "time": "34.47",
      "place": "8",
      "team": "Otters",
      "yards": 0,
      "meet": "096",
      "opponent": "Pinehurst"
    },
    {
      "name": "JordanB",
      "stroke": "Back",
      "age": "15-18",
      "gender": "Boys",
      "date": "2014-06-28",
      "time": "34.14",
      "place": "6",
      "team": "Otters",
      "yards": 0,
      "meet": "098",
      "opponent": "Almaden"
    },
    {
      "name": "JordanB",
      "stroke": "Freestyle",
      "age": "15-18",
      "gender": "Boys",
      "date": "2014-06-28",
      "time": "31.49",
      "place": "20",
      "team": "Otters",
      "yards": 0,
      "meet": "098",
      "opponent": "Almaden"
    },
    {
      "name": "JordanB",
      "stroke": "Back",
      "age": "15-18",
      "gender": "Boys",
      "date": "2014-07-12",
      "time": "34.65",
      "place": "24",
      "team": "Otters",
      "yards": 0,
      "meet": "099",
      "opponent": "Champs"
    },
    {
      "name": "JordanB",
      "stroke": "Freestyle",
      "age": "15-18",
      "gender": "Boys",
      "date": "2014-07-12",
      "time": "29.32",
      "place": "54",
      "team": "Otters",
      "yards": 0,
      "meet": "099",
      "opponent": "Champs"
    }
  ]
}