{
  "scores": [
    {
      "name": "JordanA",
      "stroke": "Butterfly",
      "age": "9-10",
      "gender": "Girls",
      "date": "2005-06-004",
      "time": "32.00",
      "place": "17",
      "team": "Otters",
      "yards": 0,
      "meet": "031",
      "opponent": "Almaden"
    },
    {
      "name": "JordanA",
      "stroke": "Back",
      "age": "9-10",
      "gender": "Girls",
      "date": "2005-06-004",
      "time": "30.81",
      "place": "25",
      "team": "Otters",
      "yards": 0,
      "meet": "031",
      "opponent": "Almaden"
    },
    {
      "name": "JordanA",
      "stroke": "Freestyle",
      "age": "9-10",
      "gender": "Girls",
      "date": "2005-06-004",
      "time": "21.75",
      "place": "24",
      "team": "Otters",
      "yards": 0,
      "meet": "031",
      "opponent": "Almaden"
    },
    {
      "name": "JordanA",
      "stroke": "Butterfly",
      "age": "9-10",
      "gender": "Girls",
      "date": "2005-06-11",
      "time": "25.21",
      "place": "16",
      "team": "Otters",
      "yards": 0,
      "meet": "032",
      "opponent": "Creekside"
    },
    {
      "name": "JordanA",
      "stroke": "Back",
      "age": "9-10",
      "gender": "Girls",
      "date": "2005-06-11",
      "time": "27.74",
      "place": "22",
      "team": "Otters",
      "yards": 0,
      "meet": "032",
      "opponent": "Creekside"
    },
    {
      "name": "JordanA",
      "stroke": "Freestyle",
      "age": "9-10",
      "gender": "Girls",
      "date": "2005-06-11",
      "time": "20.51",
      "place": "21",
      "team": "Otters",
      "yards": 0,
      "meet": "032",
      "opponent": "Creekside"
    },
    {
      "name": "JordanA",
      "stroke": "Butterfly",
      "age": "9-10",
      "gender": "Girls",
      "date": "2005-06-18",
      "time": "24.55",
      "place": "9",
      "team": "Otters",
      "yards": 0,
      "meet": "033",
      "opponent": "Shadowbrook"
    },
    {
      "name": "JordanA",
      "stroke": "Back",
      "age": "9-10",
      "gender": "Girls",
      "date": "2005-06-18",
      "time": "25.44",
      "place": "9",
      "team": "Otters",
      "yards": 0,
      "meet": "033",
      "opponent": "Shadowbrook"
    },
    {
      "name": "JordanA",
      "stroke": "Freestyle",
      "age": "9-10",
      "gender": "Girls",
      "date": "2005-06-18",
      "time": "20.21",
      "place": "13",
      "team": "Otters",
      "yards": 0,
      "meet": "033",
      "opponent": "Shadowbrook"
    },
    {
      "name": "JordanA",
      "stroke": "Butterfly",
      "age": "9-10",
      "gender": "Girls",
      "date": "2005-06-25",
      "time": "24.45",
      "place": "11",
      "team": "Otters",
      "yards": 0,
      "meet": "034",
      "opponent": "Pinehurst"
    },
    {
      "name": "JordanA",
      "stroke": "Back",
      "age": "9-10",
      "gender": "Girls",
      "date": "2005-06-25",
      "time": "25.37",
      "place": "8",
      "team": "Otters",
      "yards": 0,
      "meet": "034",
      "opponent": "Pinehurst"
    },
    {
      "name": "JordanA",
      "stroke": "Freestyle",
      "age": "9-10",
      "gender": "Girls",
      "date": "2005-06-25",
      "time": "19.84",
      "place": "13",
      "team": "Otters",
      "yards": 0,
      "meet": "034",
      "opponent": "Pinehurst"
    },
    {
      "name": "JordanA",
      "stroke": "Butterfly",
      "age": "9-10",
      "gender": "Girls",
      "date": "2005-07-009",
      "time": "22.76",
      "place": "9",
      "team": "Otters",
      "yards": 0,
      "meet": "035",
      "opponent": "Crossgates"
    },
    {
      "name": "JordanA",
      "stroke": "Breast",
      "age": "9-10",
      "gender": "Girls",
      "date": "2005-07-009",
      "time": "31.12",
      "place": "8",
      "team": "Otters",
      "yards": 0,
      "meet": "035",
      "opponent": "Crossgates"
    },
    {
      "name": "JordanA",
      "stroke": "Freestyle",
      "age": "9-10",
      "gender": "Girls",
      "date": "2005-07-009",
      "time": "19.28",
      "place": "12",
      "team": "Otters",
      "yards": 0,
      "meet": "035",
      "opponent": "Crossgates"
    },
    {
      "name": "JordanA",
      "stroke": "Butterfly",
      "age": "9-10",
      "gender": "Girls",
      "date": "2005-07-16",
      "time": "23.52",
      "place": "36",
      "team": "Otters",
      "yards": 0,
      "meet": "036",
      "opponent": "Champs"
    },
    {
      "name": "JordanA",
      "stroke": "Back",
      "age": "9-10",
      "gender": "Girls",
      "date": "2005-07-16",
      "time": "24.84",
      "place": "40",
      "team": "Otters",
      "yards": 0,
      "meet": "036",
      "opponent": "Champs"
    },
    {
      "name": "JordanA",
      "stroke": "Freestyle",
      "age": "9-10",
      "gender": "Girls",
      "date": "2005-07-16",
      "time": "19.12",
      "place": "48",
      "team": "Otters",
      "yards": 0,
      "meet": "036",
      "opponent": "Champs"
    },
    {
      "name": "JordanA",
      "stroke": "Butterfly",
      "age": "9-10",
      "gender": "Girls",
      "date": "2006-05-20",
      "time": "20.83",
      "place": "5",
      "team": "Otters",
      "yards": 0,
      "meet": "037",
      "opponent": "Trials"
    },
    {
      "name": "JordanA",
      "stroke": "Back",
      "age": "9-10",
      "gender": "Girls",
      "date": "2006-05-20",
      "time": "24.40",
      "place": "7",
      "team": "Otters",
      "yards": 0,
      "meet": "037",
      "opponent": "Trials"
    },
    {
      "name": "JordanA",
      "stroke": "Breast",
      "age": "9-10",
      "gender": "Girls",
      "date": "2006-05-20",
      "time": "29.31",
      "place": "10",
      "team": "Otters",
      "yards": 0,
      "meet": "037",
      "opponent": "Trials"
    },
    {
      "name": "JordanA",
      "stroke": "Freestyle",
      "age": "9-10",
      "gender": "Girls",
      "date": "2006-05-20",
      "time": "17.93",
      "place": "6",
      "team": "Otters",
      "yards": 0,
      "meet": "037",
      "opponent": "Trials"
    },
    {
      "name": "JordanA",
      "stroke": "Butterfly",
      "age": "9-10",
      "gender": "Girls",
      "date": "2006-06-003",
      "time": "20.00",
      "place": "6",
      "team": "Otters",
      "yards": 0,
      "meet": "038",
      "opponent": "Crossgates"
    },
    {
      "name": "JordanA",
      "stroke": "Back",
      "age": "9-10",
      "gender": "Girls",
      "date": "2006-06-003",
      "time": "25.12",
      "place": "13",
      "team": "Otters",
      "yards": 0,
      "meet": "038",
      "opponent": "Crossgates"
    },
    {
      "name": "JordanA",
      "stroke": "Freestyle",
      "age": "9-10",
      "gender": "Girls",
      "date": "2006-06-003",
      "time": "17.00",
      "place": "9",
      "team": "Otters",
      "yards": 0,
      "meet": "038",
      "opponent": "Crossgates"
    },
    {
      "name": "JordanA",
      "stroke": "Butterfly",
      "age": "9-10",
      "gender": "Girls",
      "date": "2006-06-10",
      "time": "20.19",
      "place": "3",
      "team": "Otters",
      "yards": 0,
      "meet": "039",
      "opponent": "Almaden"
    },
    {
      "name": "JordanA",
      "stroke": "Breast",
      "age": "9-10",
      "gender": "Girls",
      "date": "2006-06-10",
      "time": "25.34",
      "place": "9",
      "team": "Otters",
      "yards": 0,
      "meet": "039",
      "opponent": "Almaden"
    },
    {
      "name": "JordanA",
      "stroke": "Freestyle",
      "age": "9-10",
      "gender": "Girls",
      "date": "2006-06-10",
      "time": "16.78",
      "place": "4",
      "team": "Otters",
      "yards": 0,
      "meet": "039",
      "opponent": "Almaden"
    },
    {
      "name": "JordanA",
      "stroke": "Butterfly",
      "age": "9-10",
      "gender": "Girls",
      "date": "2006-06-17",
      "time": "19.21",
      "place": "7",
      "team": "Otters",
      "yards": 0,
      "meet": "040",
      "opponent": "Creekside"
    },
    {
      "name": "JordanA",
      "stroke": "Breast",
      "age": "9-10",
      "gender": "Girls",
      "date": "2006-06-17",
      "time": "27.58",
      "place": "14",
      "team": "Otters",
      "yards": 0,
      "meet": "040",
      "opponent": "Creekside"
    },
    {
      "name": "JordanA",
      "stroke": "Freestyle",
      "age": "9-10",
      "gender": "Girls",
      "date": "2006-06-17",
      "time": "16.53",
      "place": "6",
      "team": "Otters",
      "yards": 0,
      "meet": "040",
      "opponent": "Creekside"
    }
  ]
}