{
  "scores": [
    {
      "name": "JoshB",
      "stroke": "Butterfly",
      "age": "11-12",
      "gender": "Boys",
      "date": "2002-05-31",
      "time": "1:06.98",
      "place": "6",
      "team": "Otters",
      "yards": 0,
      "meet": "008",
      "opponent": "Trials"
    },
    {
      "name": "JoshB",
      "stroke": "Back",
      "age": "11-12",
      "gender": "Boys",
      "date": "2002-05-31",
      "time": "1:20.55",
      "place": "6",
      "team": "Otters",
      "yards": 0,
      "meet": "008",
      "opponent": "Trials"
    },
    {
      "name": "JoshB",
      "stroke": "Breast",
      "age": "11-12",
      "gender": "Boys",
      "date": "2002-05-31",
      "time": "1:16.83",
      "place": "6",
      "team": "Otters",
      "yards": 0,
      "meet": "008",
      "opponent": "Trials"
    },
    {
      "name": "JoshB",
      "stroke": "Freestyle",
      "age": "11-12",
      "gender": "Boys",
      "date": "2002-05-31",
      "time": "55.67",
      "place": "7",
      "team": "Otters",
      "yards": 0,
      "meet": "008",
      "opponent": "Trials"
    },
    {
      "name": "JoshB",
      "stroke": "Butterfly",
      "age": "11-12",
      "gender": "Boys",
      "date": "2002-06-008",
      "time": "DQ",
      "place": "--",
      "team": "Otters",
      "yards": 0,
      "meet": "009",
      "opponent": "Pinehurst"
    },
    {
      "name": "JoshB",
      "stroke": "Back",
      "age": "11-12",
      "gender": "Boys",
      "date": "2002-06-008",
      "time": "1:12.99",
      "place": "9",
      "team": "Otters",
      "yards": 0,
      "meet": "009",
      "opponent": "Pinehurst"
    },
    {
      "name": "JoshB",
      "stroke": "Freestyle",
      "age": "11-12",
      "gender": "Boys",
      "date": "2002-06-008",
      "time": "55.19",
      "place": "13",
      "team": "Otters",
      "yards": 0,
      "meet": "009",
      "opponent": "Pinehurst"
    },
    {
      "name": "JoshB",
      "stroke": "Butterfly",
      "age": "11-12",
      "gender": "Boys",
      "date": "2002-06-15",
      "time": "DQ",
      "place": "--",
      "team": "Otters",
      "yards": 0,
      "meet": "010",
      "opponent": "Crossgates"
    },
    {
      "name": "JoshB",
      "stroke": "Back",
      "age": "11-12",
      "gender": "Boys",
      "date": "2002-06-15",
      "time": "1:10.89",
      "place": "8",
      "team": "Otters",
      "yards": 0,
      "meet": "010",
      "opponent": "Crossgates"
    },
    {
      "name": "JoshB",
      "stroke": "Freestyle",
      "age": "11-12",
      "gender": "Boys",
      "date": "2002-06-15",
      "time": "51.36",
      "place": "12",
      "team": "Otters",
      "yards": 0,
      "meet": "010",
      "opponent": "Crossgates"
    },
    {
      "name": "JoshB",
      "stroke": "Butterfly",
      "age": "11-12",
      "gender": "Boys",
      "date": "2002-06-22",
      "time": "DQ",
      "place": "--",
      "team": "Otters",
      "yards": 0,
      "meet": "011",
      "opponent": "Almaden"
    },
    {
      "name": "JoshB",
      "stroke": "Back",
      "age": "11-12",
      "gender": "Boys",
      "date": "2002-06-22",
      "time": "1:09.07",
      "place": "8",
      "team": "Otters",
      "yards": 0,
      "meet": "011",
      "opponent": "Almaden"
    },
    {
      "name": "JoshB",
      "stroke": "Freestyle",
      "age": "11-12",
      "gender": "Boys",
      "date": "2002-06-22",
      "time": "49.62",
      "place": "14",
      "team": "Otters",
      "yards": 0,
      "meet": "011",
      "opponent": "Almaden"
    },
    {
      "name": "JoshB",
      "stroke": "Back",
      "age": "11-12",
      "gender": "Boys",
      "date": "2002-06-29",
      "time": "1:14.18",
      "place": "16",
      "team": "Otters",
      "yards": 0,
      "meet": "012",
      "opponent": "Creekside"
    },
    {
      "name": "JoshB",
      "stroke": "Breast",
      "age": "11-12",
      "gender": "Boys",
      "date": "2002-06-29",
      "time": "DQ",
      "place": "--",
      "team": "Otters",
      "yards": 0,
      "meet": "012",
      "opponent": "Creekside"
    },
    {
      "name": "JoshB",
      "stroke": "Freestyle",
      "age": "11-12",
      "gender": "Boys",
      "date": "2002-06-29",
      "time": "56.29",
      "place": "20",
      "team": "Otters",
      "yards": 0,
      "meet": "012",
      "opponent": "Creekside"
    },
    {
      "name": "JoshB",
      "stroke": "Back",
      "age": "11-12",
      "gender": "Boys",
      "date": "2002-07-13",
      "time": "1:07.43",
      "place": "5",
      "team": "Otters",
      "yards": 0,
      "meet": "013",
      "opponent": "Shadowbrook"
    },
    {
      "name": "JoshB",
      "stroke": "Breast",
      "age": "11-12",
      "gender": "Boys",
      "date": "2002-07-13",
      "time": "1:25.65",
      "place": "6",
      "team": "Otters",
      "yards": 0,
      "meet": "013",
      "opponent": "Shadowbrook"
    },
    {
      "name": "JoshB",
      "stroke": "Freestyle",
      "age": "11-12",
      "gender": "Boys",
      "date": "2002-07-13",
      "time": "55.36",
      "place": "8",
      "team": "Otters",
      "yards": 0,
      "meet": "013",
      "opponent": "Shadowbrook"
    },
    {
      "name": "JoshB",
      "stroke": "Butterfly",
      "age": "11-12",
      "gender": "Boys",
      "date": "2002-07-20",
      "time": "DQ",
      "place": "--",
      "team": "Otters",
      "yards": 0,
      "meet": "014",
      "opponent": "Champs"
    },
    {
      "name": "JoshB",
      "stroke": "Back",
      "age": "11-12",
      "gender": "Boys",
      "date": "2002-07-20",
      "time": "1:09.03",
      "place": "29",
      "team": "Otters",
      "yards": 0,
      "meet": "014",
      "opponent": "Champs"
    },
    {
      "name": "JoshB",
      "stroke": "Freestyle",
      "age": "11-12",
      "gender": "Boys",
      "date": "2002-07-20",
      "time": "47.54",
      "place": "39",
      "team": "Otters",
      "yards": 0,
      "meet": "014",
      "opponent": "Champs"
    },
    {
      "name": "JoshB",
      "stroke": "Butterfly",
      "age": "13-14",
      "gender": "Boys",
      "date": "2004-06-005",
      "time": "DQ",
      "place": "--",
      "team": "Otters",
      "yards": 0,
      "meet": "024",
      "opponent": "Creekside"
    },
    {
      "name": "JoshB",
      "stroke": "Back",
      "age": "13-14",
      "gender": "Boys",
      "date": "2004-06-005",
      "time": "59.07",
      "place": "17",
      "team": "Otters",
      "yards": 0,
      "meet": "024",
      "opponent": "Creekside"
    },
    {
      "name": "JoshB",
      "stroke": "Freestyle",
      "age": "13-14",
      "gender": "Boys",
      "date": "2004-06-005",
      "time": "45.77",
      "place": "20",
      "team": "Otters",
      "yards": 0,
      "meet": "024",
      "opponent": "Creekside"
    },
    {
      "name": "JoshB",
      "stroke": "Back",
      "age": "13-14",
      "gender": "Boys",
      "date": "2004-06-12",
      "time": "51.31",
      "place": "6",
      "team": "Otters",
      "yards": 0,
      "meet": "025",
      "opponent": "Shadowbrook"
    },
    {
      "name": "JoshB",
      "stroke": "Breast",
      "age": "13-14",
      "gender": "Boys",
      "date": "2004-06-12",
      "time": "DQ",
      "place": "--",
      "team": "Otters",
      "yards": 0,
      "meet": "025",
      "opponent": "Shadowbrook"
    },
    {
      "name": "JoshB",
      "stroke": "Back",
      "age": "13-14",
      "gender": "Boys",
      "date": "2004-06-19",
      "time": "53.87",
      "place": "13",
      "team": "Otters",
      "yards": 0,
      "meet": "026",
      "opponent": "Pinehurst"
    },
    {
      "name": "JoshB",
      "stroke": "Breast",
      "age": "13-14",
      "gender": "Boys",
      "date": "2004-06-19",
      "time": "DQ",
      "place": "--",
      "team": "Otters",
      "yards": 0,
      "meet": "026",
      "opponent": "Pinehurst"
    },
    {
      "name": "JoshB",
      "stroke": "Freestyle",
      "age": "13-14",
      "gender": "Boys",
      "date": "2004-06-19",
      "time": "42.63",
      "place": "15",
      "team": "Otters",
      "yards": 0,
      "meet": "026",
      "opponent": "Pinehurst"
    },
    {
      "name": "JoshB",
      "stroke": "Back",
      "age": "13-14",
      "gender": "Boys",
      "date": "2004-06-26",
      "time": "52.84",
      "place": "8",
      "team": "Otters",
      "yards": 0,
      "meet": "027",
      "opponent": "Crossgates"
    },
    {
      "name": "JoshB",
      "stroke": "Breast",
      "age": "13-14",
      "gender": "Boys",
      "date": "2004-06-26",
      "time": "1:05.12",
      "place": "7",
      "team": "Otters",
      "yards": 0,
      "meet": "027",
      "opponent": "Crossgates"
    },
    {
      "name": "JoshB",
      "stroke": "Freestyle",
      "age": "13-14",
      "gender": "Boys",
      "date": "2004-06-26",
      "time": "42.28",
      "place": "10",
      "team": "Otters",
      "yards": 0,
      "meet": "027",
      "opponent": "Crossgates"
    },
    {
      "name": "JoshB",
      "stroke": "Back",
      "age": "13-14",
      "gender": "Boys",
      "date": "2004-07-10",
      "time": "DQ",
      "place": "--",
      "team": "Otters",
      "yards": 0,
      "meet": "028",
      "opponent": "Almaden"
    },
    {
      "name": "JoshB",
      "stroke": "Breast",
      "age": "13-14",
      "gender": "Boys",
      "date": "2004-07-10",
      "time": "1:05.66",
      "place": "10",
      "team": "Otters",
      "yards": 0,
      "meet": "028",
      "opponent": "Almaden"
    },
    {
      "name": "JoshB",
      "stroke": "Freestyle",
      "age": "13-14",
      "gender": "Boys",
      "date": "2004-07-10",
      "time": "37.34",
      "place": "15",
      "team": "Otters",
      "yards": 0,
      "meet": "028",
      "opponent": "Almaden"
    },
    {
      "name": "JoshB",
      "stroke": "Back",
      "age": "13-14",
      "gender": "Boys",
      "date": "2004-07-17",
      "time": "52.73",
      "place": "32",
      "team": "Otters",
      "yards": 0,
      "meet": "029",
      "opponent": "Champs"
    },
    {
      "name": "JoshB",
      "stroke": "Breast",
      "age": "13-14",
      "gender": "Boys",
      "date": "2004-07-17",
      "time": "1:01.19",
      "place": "27",
      "team": "Otters",
      "yards": 0,
      "meet": "029",
      "opponent": "Champs"
    },
    {
      "name": "JoshB",
      "stroke": "Freestyle",
      "age": "13-14",
      "gender": "Boys",
      "date": "2004-07-17",
      "time": "37.04",
      "place": "36",
      "team": "Otters",
      "yards": 0,
      "meet": "029",
      "opponent": "Champs"
    }
  ]
}