{
  "scores": [
    {
      "name": "KadenM",
      "stroke": "Freestyle",
      "age": "6 & Under",
      "gender": "Boys",
      "date": "2010-05-22",
      "time": "30.21",
      "place": "2",
      "team": "Otters",
      "yards": 0,
      "meet": "065",
      "opponent": "Trials"
    },
    {
      "name": "KadenM",
      "stroke": "Back",
      "age": "6 & Under",
      "gender": "Boys",
      "date": "2010-06-005",
      "time": "32.81",
      "place": "1",
      "team": "Otters",
      "yards": 0,
      "meet": "066",
      "opponent": "Almaden"
    },
    {
      "name": "KadenM",
      "stroke": "Freestyle",
      "age": "6 & Under",
      "gender": "Boys",
      "date": "2010-06-005",
      "time": "28.03",
      "place": "1",
      "team": "Otters",
      "yards": 0,
      "meet": "066",
      "opponent": "Almaden"
    },
    {
      "name": "KadenM",
      "stroke": "Back",
      "age": "6 & Under",
      "gender": "Boys",
      "date": "2010-06-12",
      "time": "29.14",
      "place": "2",
      "team": "Otters",
      "yards": 0,
      "meet": "067",
      "opponent": "Creekside"
    },
    {
      "name": "KadenM",
      "stroke": "Freestyle",
      "age": "6 & Under",
      "gender": "Boys",
      "date": "2010-06-12",
      "time": "28.82",
      "place": "3",
      "team": "Otters",
      "yards": 0,
      "meet": "067",
      "opponent": "Creekside"
    },
    {
      "name": "KadenM",
      "stroke": "Back",
      "age": "6 & Under",
      "gender": "Boys",
      "date": "2010-06-19",
      "time": "29.26",
      "place": "1",
      "team": "Otters",
      "yards": 0,
      "meet": "068",
      "opponent": "Shadowbrook"
    },
    {
      "name": "KadenM",
      "stroke": "Freestyle",
      "age": "6 & Under",
      "gender": "Boys",
      "date": "2010-06-19",
      "time": "27.41",
      "place": "2",
      "team": "Otters",
      "yards": 0,
      "meet": "068",
      "opponent": "Shadowbrook"
    },
    {
      "name": "KadenM",
      "stroke": "Back",
      "age": "6 & Under",
      "gender": "Boys",
      "date": "2010-06-26",
      "time": "32.57",
      "place": "2",
      "team": "Otters",
      "yards": 0,
      "meet": "069",
      "opponent": "Pinehurst"
    },
    {
      "name": "KadenM",
      "stroke": "Freestyle",
      "age": "6 & Under",
      "gender": "Boys",
      "date": "2010-06-26",
      "time": "25.71",
      "place": "2",
      "team": "Otters",
      "yards": 0,
      "meet": "069",
      "opponent": "Pinehurst"
    },
    {
      "name": "KadenM",
      "stroke": "Back",
      "age": "6 & Under",
      "gender": "Boys",
      "date": "2010-07-10",
      "time": "30.66",
      "place": "3",
      "team": "Otters",
      "yards": 0,
      "meet": "070",
      "opponent": "Crossgates"
    },
    {
      "name": "KadenM",
      "stroke": "Freestyle",
      "age": "6 & Under",
      "gender": "Boys",
      "date": "2010-07-10",
      "time": "31.57",
      "place": "7",
      "team": "Otters",
      "yards": 0,
      "meet": "070",
      "opponent": "Crossgates"
    },
    {
      "name": "KadenM",
      "stroke": "Back",
      "age": "6 & Under",
      "gender": "Boys",
      "date": "2010-07-17",
      "time": "30.23",
      "place": "5",
      "team": "Otters",
      "yards": 0,
      "meet": "071",
      "opponent": "Champs"
    },
    {
      "name": "KadenM",
      "stroke": "Freestyle",
      "age": "6 & Under",
      "gender": "Boys",
      "date": "2010-07-17",
      "time": "29.03",
      "place": "10",
      "team": "Otters",
      "yards": 0,
      "meet": "071",
      "opponent": "Champs"
    },
    {
      "name": "KadenM",
      "stroke": "Butterfly",
      "age": "8 & Under",
      "gender": "Boys",
      "date": "2011-05-21",
      "time": "33.14",
      "place": "5",
      "team": "Otters",
      "yards": 0,
      "meet": "072",
      "opponent": "Trials"
    },
    {
      "name": "KadenM",
      "stroke": "Back",
      "age": "6 & Under",
      "gender": "Boys",
      "date": "2011-05-21",
      "time": "31.67",
      "place": "3",
      "team": "Otters",
      "yards": 0,
      "meet": "072",
      "opponent": "Trials"
    },
    {
      "name": "KadenM",
      "stroke": "Breast",
      "age": "8 & Under",
      "gender": "Boys",
      "date": "2011-05-21",
      "time": "29.49",
      "place": "2",
      "team": "Otters",
      "yards": 0,
      "meet": "072",
      "opponent": "Trials"
    },
    {
      "name": "KadenM",
      "stroke": "Freestyle",
      "age": "6 & Under",
      "gender": "Boys",
      "date": "2011-05-21",
      "time": "28.09",
      "place": "2",
      "team": "Otters",
      "yards": 0,
      "meet": "072",
      "opponent": "Trials"
    },
    {
      "name": "KadenM",
      "stroke": "Back",
      "age": "6 & Under",
      "gender": "Boys",
      "date": "2011-06-004",
      "time": "29.09",
      "place": "1",
      "team": "Otters",
      "yards": 0,
      "meet": "073",
      "opponent": "Crossgates"
    },
    {
      "name": "KadenM",
      "stroke": "Breast",
      "age": "8 & Under",
      "gender": "Boys",
      "date": "2011-06-004",
      "time": "34.00",
      "place": "1",
      "team": "Otters",
      "yards": 0,
      "meet": "073",
      "opponent": "Crossgates"
    },
    {
      "name": "KadenM",
      "stroke": "Freestyle",
      "age": "6 & Under",
      "gender": "Boys",
      "date": "2011-06-004",
      "time": "25.51",
      "place": "1",
      "team": "Otters",
      "yards": 0,
      "meet": "073",
      "opponent": "Crossgates"
    },
    {
      "name": "KadenM",
      "stroke": "Back",
      "age": "6 & Under",
      "gender": "Boys",
      "date": "2011-06-11",
      "time": "29.64",
      "place": "4",
      "team": "Otters",
      "yards": 0,
      "meet": "074",
      "opponent": "Almaden"
    },
    {
      "name": "KadenM",
      "stroke": "Breast",
      "age": "8 & Under",
      "gender": "Boys",
      "date": "2011-06-11",
      "time": "DQ",
      "place": "--",
      "team": "Otters",
      "yards": 0,
      "meet": "074",
      "opponent": "Almaden"
    },
    {
      "name": "KadenM",
      "stroke": "Freestyle",
      "age": "6 & Under",
      "gender": "Boys",
      "date": "2011-06-11",
      "time": "25.70",
      "place": "3",
      "team": "Otters",
      "yards": 0,
      "meet": "074",
      "opponent": "Almaden"
    },
    {
      "name": "KadenM",
      "stroke": "Back",
      "age": "6 & Under",
      "gender": "Boys",
      "date": "2011-06-18",
      "time": "26.00",
      "place": "1",
      "team": "Otters",
      "yards": 0,
      "meet": "075",
      "opponent": "Creekside"
    },
    {
      "name": "KadenM",
      "stroke": "Breast",
      "age": "8 & Under",
      "gender": "Boys",
      "date": "2011-06-18",
      "time": "28.06",
      "place": "2",
      "team": "Otters",
      "yards": 0,
      "meet": "075",
      "opponent": "Creekside"
    },
    {
      "name": "KadenM",
      "stroke": "Freestyle",
      "age": "6 & Under",
      "gender": "Boys",
      "date": "2011-06-18",
      "time": "25.04",
      "place": "1",
      "team": "Otters",
      "yards": 0,
      "meet": "075",
      "opponent": "Creekside"
    },
    {
      "name": "KadenM",
      "stroke": "Back",
      "age": "6 & Under",
      "gender": "Boys",
      "date": "2011-06-25",
      "time": "27.57",
      "place": "3",
      "team": "Otters",
      "yards": 0,
      "meet": "076",
      "opponent": "Shadowbrook"
    },
    {
      "name": "KadenM",
      "stroke": "Breast",
      "age": "8 & Under",
      "gender": "Boys",
      "date": "2011-06-25",
      "time": "28.70",
      "place": "5",
      "team": "Otters",
      "yards": 0,
      "meet": "076",
      "opponent": "Shadowbrook"
    },
    {
      "name": "KadenM",
      "stroke": "Freestyle",
      "age": "6 & Under",
      "gender": "Boys",
      "date": "2011-06-25",
      "time": "22.15",
      "place": "1",
      "team": "Otters",
      "yards": 0,
      "meet": "076",
      "opponent": "Shadowbrook"
    },
    {
      "name": "KadenM",
      "stroke": "Back",
      "age": "6 & Under",
      "gender": "Boys",
      "date": "2011-07-009",
      "time": "26.95",
      "place": "1",
      "team": "Otters",
      "yards": 0,
      "meet": "077",
      "opponent": "Pinehurst"
    },
    {
      "name": "KadenM",
      "stroke": "Breast",
      "age": "8 & Under",
      "gender": "Boys",
      "date": "2011-07-009",
      "time": "26.10",
      "place": "2",
      "team": "Otters",
      "yards": 0,
      "meet": "077",
      "opponent": "Pinehurst"
    },
    {
      "name": "KadenM",
      "stroke": "Freestyle",
      "age": "6 & Under",
      "gender": "Boys",
      "date": "2011-07-009",
      "time": "23.28",
      "place": "2",
      "team": "Otters",
      "yards": 0,
      "meet": "077",
      "opponent": "Pinehurst"
    },
    {
      "name": "KadenM",
      "stroke": "Back",
      "age": "6 & Under",
      "gender": "Boys",
      "date": "2011-07-16",
      "time": "26.95",
      "place": "4",
      "team": "Otters",
      "yards": 0,
      "meet": "078",
      "opponent": "Champs"
    },
    {
      "name": "KadenM",
      "stroke": "Breast",
      "age": "8 & Under",
      "gender": "Boys",
      "date": "2011-07-16",
      "time": "28.54",
      "place": "9",
      "team": "Otters",
      "yards": 0,
      "meet": "078",
      "opponent": "Champs"
    },
    {
      "name": "KadenM",
      "stroke": "Freestyle",
      "age": "6 & Under",
      "gender": "Boys",
      "date": "2011-07-16",
      "time": "22.11",
      "place": "4",
      "team": "Otters",
      "yards": 0,
      "meet": "078",
      "opponent": "Champs"
    },
    {
      "name": "KadenM",
      "stroke": "Butterfly",
      "age": "8 & Under",
      "gender": "Boys",
      "date": "2012-05-19",
      "time": "25.69",
      "place": "2",
      "team": "Otters",
      "yards": 0,
      "meet": "079",
      "opponent": "Trials"
    },
    {
      "name": "KadenM",
      "stroke": "Back",
      "age": "7-8",
      "gender": "Boys",
      "date": "2012-05-19",
      "time": "24.69",
      "place": "2",
      "team": "Otters",
      "yards": 0,
      "meet": "079",
      "opponent": "Trials"
    },
    {
      "name": "KadenM",
      "stroke": "Breast",
      "age": "8 & Under",
      "gender": "Boys",
      "date": "2012-05-19",
      "time": "24.46",
      "place": "1",
      "team": "Otters",
      "yards": 0,
      "meet": "079",
      "opponent": "Trials"
    },
    {
      "name": "KadenM",
      "stroke": "Freestyle",
      "age": "7-8",
      "gender": "Boys",
      "date": "2012-05-19",
      "time": "19.47",
      "place": "2",
      "team": "Otters",
      "yards": 0,
      "meet": "079",
      "opponent": "Trials"
    },
    {
      "name": "KadenM",
      "stroke": "Back",
      "age": "7-8",
      "gender": "Boys",
      "date": "2012-06-002",
      "time": "26.51",
      "place": "3",
      "team": "Otters",
      "yards": 0,
      "meet": "080",
      "opponent": "Pinehurst"
    },
    {
      "name": "KadenM",
      "stroke": "Breast",
      "age": "8 & Under",
      "gender": "Boys",
      "date": "2012-06-002",
      "time": "25.17",
      "place": "1",
      "team": "Otters",
      "yards": 0,
      "meet": "080",
      "opponent": "Pinehurst"
    },
    {
      "name": "KadenM",
      "stroke": "Freestyle",
      "age": "7-8",
      "gender": "Boys",
      "date": "2012-06-002",
      "time": "18.66",
      "place": "1",
      "team": "Otters",
      "yards": 0,
      "meet": "080",
      "opponent": "Pinehurst"
    },
    {
      "name": "KadenM",
      "stroke": "Back",
      "age": "7-8",
      "gender": "Boys",
      "date": "2012-06-009",
      "time": "24.63",
      "place": "5",
      "team": "Otters",
      "yards": 0,
      "meet": "081",
      "opponent": "Crossgates"
    },
    {
      "name": "KadenM",
      "stroke": "Breast",
      "age": "8 & Under",
      "gender": "Boys",
      "date": "2012-06-009",
      "time": "24.72",
      "place": "2",
      "team": "Otters",
      "yards": 0,
      "meet": "081",
      "opponent": "Crossgates"
    },
    {
      "name": "KadenM",
      "stroke": "Freestyle",
      "age": "7-8",
      "gender": "Boys",
      "date": "2012-06-009",
      "time": "18.57",
      "place": "4",
      "team": "Otters",
      "yards": 0,
      "meet": "081",
      "opponent": "Crossgates"
    },
    {
      "name": "KadenM",
      "stroke": "Back",
      "age": "7-8",
      "gender": "Boys",
      "date": "2012-06-16",
      "time": "23.25",
      "place": "1",
      "team": "Otters",
      "yards": 0,
      "meet": "082",
      "opponent": "Almaden"
    },
    {
      "name": "KadenM",
      "stroke": "Breast",
      "age": "8 & Under",
      "gender": "Boys",
      "date": "2012-06-16",
      "time": "23.12",
      "place": "1",
      "team": "Otters",
      "yards": 0,
      "meet": "082",
      "opponent": "Almaden"
    },
    {
      "name": "KadenM",
      "stroke": "Freestyle",
      "age": "7-8",
      "gender": "Boys",
      "date": "2012-06-16",
      "time": "17.17",
      "place": "1",
      "team": "Otters",
      "yards": 0,
      "meet": "082",
      "opponent": "Almaden"
    },
    {
      "name": "KadenM",
      "stroke": "Butterfly",
      "age": "8 & Under",
      "gender": "Boys",
      "date": "2012-06-23",
      "time": "27.81",
      "place": "4",
      "team": "Otters",
      "yards": 0,
      "meet": "083",
      "opponent": "Creekside"
    },
    {
      "name": "KadenM",
      "stroke": "Breast",
      "age": "8 & Under",
      "gender": "Boys",
      "date": "2012-06-23",
      "time": "24.23",
      "place": "2",
      "team": "Otters",
      "yards": 0,
      "meet": "083",
      "opponent": "Creekside"
    },
    {
      "name": "KadenM",
      "stroke": "Freestyle",
      "age": "7-8",
      "gender": "Boys",
      "date": "2012-06-23",
      "time": "19.06",
      "place": "1",
      "team": "Otters",
      "yards": 0,
      "meet": "083",
      "opponent": "Creekside"
    },
    {
      "name": "KadenM",
      "stroke": "Back",
      "age": "7-8",
      "gender": "Boys",
      "date": "2012-06-30",
      "time": "24.26",
      "place": "3",
      "team": "Otters",
      "yards": 0,
      "meet": "084",
      "opponent": "Shadowbrook"
    },
    {
      "name": "KadenM",
      "stroke": "Breast",
      "age": "8 & Under",
      "gender": "Boys",
      "date": "2012-06-30",
      "time": "23.73",
      "place": "1",
      "team": "Otters",
      "yards": 0,
      "meet": "084",
      "opponent": "Shadowbrook"
    },
    {
      "name": "KadenM",
      "stroke": "Freestyle",
      "age": "7-8",
      "gender": "Boys",
      "date": "2012-06-30",
      "time": "18.47",
      "place": "4",
      "team": "Otters",
      "yards": 0,
      "meet": "084",
      "opponent": "Shadowbrook"
    },
    {
      "name": "KadenM",
      "stroke": "Back",
      "age": "7-8",
      "gender": "Boys",
      "date": "2012-07-14",
      "time": "22.43",
      "place": "3",
      "team": "Otters",
      "yards": 0,
      "meet": "085",
      "opponent": "Champs"
    },
    {
      "name": "KadenM",
      "stroke": "Breast",
      "age": "8 & Under",
      "gender": "Boys",
      "date": "2012-07-14",
      "time": "23.61",
      "place": "2",
      "team": "Otters",
      "yards": 0,
      "meet": "085",
      "opponent": "Champs"
    },
    {
      "name": "KadenM",
      "stroke": "Freestyle",
      "age": "7-8",
      "gender": "Boys",
      "date": "2012-07-14",
      "time": "17.64",
      "place": "4",
      "team": "Otters",
      "yards": 0,
      "meet": "085",
      "opponent": "Champs"
    },
    {
      "name": "KadenM",
      "stroke": "Butterfly",
      "age": "8 & Under",
      "gender": "Boys",
      "date": "2013-05-18",
      "time": "20.50",
      "place": "3",
      "team": "Otters",
      "yards": 0,
      "meet": "086",
      "opponent": "Trials"
    },
    {
      "name": "KadenM",
      "stroke": "Back",
      "age": "7-8",
      "gender": "Boys",
      "date": "2013-05-18",
      "time": "24.02",
      "place": "3",
      "team": "Otters",
      "yards": 0,
      "meet": "086",
      "opponent": "Trials"
    },
    {
      "name": "KadenM",
      "stroke": "Breast",
      "age": "8 & Under",
      "gender": "Boys",
      "date": "2013-05-18",
      "time": "22.27",
      "place": "2",
      "team": "Otters",
      "yards": 0,
      "meet": "086",
      "opponent": "Trials"
    },
    {
      "name": "KadenM",
      "stroke": "Freestyle",
      "age": "7-8",
      "gender": "Boys",
      "date": "2013-05-18",
      "time": "17.04",
      "place": "2",
      "team": "Otters",
      "yards": 0,
      "meet": "086",
      "opponent": "Trials"
    },
    {
      "name": "KadenM",
      "stroke": "Butterfly",
      "age": "8 & Under",
      "gender": "Boys",
      "date": "2013-06-001",
      "time": "23.44",
      "place": "6",
      "team": "Otters",
      "yards": 0,
      "meet": "087",
      "opponent": "Shadowbrook"
    },
    {
      "name": "KadenM",
      "stroke": "Breast",
      "age": "8 & Under",
      "gender": "Boys",
      "date": "2013-06-001",
      "time": "22.57",
      "place": "2",
      "team": "Otters",
      "yards": 0,
      "meet": "087",
      "opponent": "Shadowbrook"
    },
    {
      "name": "KadenM",
      "stroke": "Freestyle",
      "age": "7-8",
      "gender": "Boys",
      "date": "2013-06-001",
      "time": "17.78",
      "place": "3",
      "team": "Otters",
      "yards": 0,
      "meet": "087",
      "opponent": "Shadowbrook"
    },
    {
      "name": "KadenM",
      "stroke": "Back",
      "age": "7-8",
      "gender": "Boys",
      "date": "2013-06-008",
      "time": "21.60",
      "place": "1",
      "team": "Otters",
      "yards": 0,
      "meet": "088",
      "opponent": "Pinehurst"
    },
    {
      "name": "KadenM",
      "stroke": "Freestyle",
      "age": "7-8",
      "gender": "Boys",
      "date": "2013-06-008",
      "time": "17.03",
      "place": "2",
      "team": "Otters",
      "yards": 0,
      "meet": "088",
      "opponent": "Pinehurst"
    },
    {
      "name": "KadenM",
      "stroke": "Back",
      "age": "7-8",
      "gender": "Boys",
      "date": "2013-06-15",
      "time": "21.43",
      "place": "1",
      "team": "Otters",
      "yards": 0,
      "meet": "089",
      "opponent": "Crossgates"
    },
    {
      "name": "KadenM",
      "stroke": "Breast",
      "age": "8 & Under",
      "gender": "Boys",
      "date": "2013-06-15",
      "time": "21.59",
      "place": "2",
      "team": "Otters",
      "yards": 0,
      "meet": "089",
      "opponent": "Crossgates"
    },
    {
      "name": "KadenM",
      "stroke": "Freestyle",
      "age": "7-8",
      "gender": "Boys",
      "date": "2013-06-15",
      "time": "17.47",
      "place": "3",
      "team": "Otters",
      "yards": 0,
      "meet": "089",
      "opponent": "Crossgates"
    },
    {
      "name": "KadenM",
      "stroke": "Back",
      "age": "7-8",
      "gender": "Boys",
      "date": "2013-06-22",
      "time": "21.50",
      "place": "2",
      "team": "Otters",
      "yards": 0,
      "meet": "090",
      "opponent": "Almaden"
    },
    {
      "name": "KadenM",
      "stroke": "Breast",
      "age": "8 & Under",
      "gender": "Boys",
      "date": "2013-06-22",
      "time": "22.23",
      "place": "2",
      "team": "Otters",
      "yards": 0,
      "meet": "090",
      "opponent": "Almaden"
    },
    {
      "name": "KadenM",
      "stroke": "Freestyle",
      "age": "7-8",
      "gender": "Boys",
      "date": "2013-06-22",
      "time": "17.47",
      "place": "3",
      "team": "Otters",
      "yards": 0,
      "meet": "090",
      "opponent": "Almaden"
    },
    {
      "name": "KadenM",
      "stroke": "Back",
      "age": "7-8",
      "gender": "Boys",
      "date": "2013-06-29",
      "time": "21.88",
      "place": "1",
      "team": "Otters",
      "yards": 0,
      "meet": "091",
      "opponent": "Creekside"
    },
    {
      "name": "KadenM",
      "stroke": "Breast",
      "age": "8 & Under",
      "gender": "Boys",
      "date": "2013-06-29",
      "time": "21.81",
      "place": "2",
      "team": "Otters",
      "yards": 0,
      "meet": "091",
      "opponent": "Creekside"
    },
    {
      "name": "KadenM",
      "stroke": "Freestyle",
      "age": "7-8",
      "gender": "Boys",
      "date": "2013-06-29",
      "time": "17.47",
      "place": "3",
      "team": "Otters",
      "yards": 0,
      "meet": "091",
      "opponent": "Creekside"
    },
    {
      "name": "KadenM",
      "stroke": "Back",
      "age": "7-8",
      "gender": "Boys",
      "date": "2013-07-13",
      "time": "21.19",
      "place": "3",
      "team": "Otters",
      "yards": 0,
      "meet": "092",
      "opponent": "Almaden"
    },
    {
      "name": "KadenM",
      "stroke": "Breast",
      "age": "8 & Under",
      "gender": "Boys",
      "date": "2013-07-13",
      "time": "22.22",
      "place": "2",
      "team": "Otters",
      "yards": 0,
      "meet": "092",
      "opponent": "Almaden"
    },
    {
      "name": "KadenM",
      "stroke": "Freestyle",
      "age": "7-8",
      "gender": "Boys",
      "date": "2013-07-13",
      "time": "17.01",
      "place": "4",
      "team": "Otters",
      "yards": 0,
      "meet": "092",
      "opponent": "Almaden"
    },
    {
      "name": "KadenM",
      "stroke": "Butterfly",
      "age": "9-10",
      "gender": "Boys",
      "date": "2014-05-17",
      "time": "19.74",
      "place": "4",
      "team": "Otters",
      "yards": 0,
      "meet": "093",
      "opponent": "Trials"
    },
    {
      "name": "KadenM",
      "stroke": "Back",
      "age": "9-10",
      "gender": "Boys",
      "date": "2014-05-17",
      "time": "21.59",
      "place": "5",
      "team": "Otters",
      "yards": 0,
      "meet": "093",
      "opponent": "Trials"
    },
    {
      "name": "KadenM",
      "stroke": "Breast",
      "age": "9-10",
      "gender": "Boys",
      "date": "2014-05-17",
      "time": "21.91",
      "place": "1",
      "team": "Otters",
      "yards": 0,
      "meet": "093",
      "opponent": "Trials"
    },
    {
      "name": "KadenM",
      "stroke": "Freestyle",
      "age": "9-10",
      "gender": "Boys",
      "date": "2014-05-17",
      "time": "16.58",
      "place": "2",
      "team": "Otters",
      "yards": 0,
      "meet": "093",
      "opponent": "Trials"
    },
    {
      "name": "KadenM",
      "stroke": "Back",
      "age": "9-10",
      "gender": "Boys",
      "date": "2014-06-007",
      "time": "20.88",
      "place": "4",
      "team": "Otters",
      "yards": 0,
      "meet": "095",
      "opponent": "Shadowbrook"
    },
    {
      "name": "KadenM",
      "stroke": "Breast",
      "age": "9-10",
      "gender": "Boys",
      "date": "2014-06-007",
      "time": "19.43",
      "place": "2",
      "team": "Otters",
      "yards": 0,
      "meet": "095",
      "opponent": "Shadowbrook"
    },
    {
      "name": "KadenM",
      "stroke": "Freestyle",
      "age": "9-10",
      "gender": "Boys",
      "date": "2014-06-007",
      "time": "16.26",
      "place": "5",
      "team": "Otters",
      "yards": 0,
      "meet": "095",
      "opponent": "Shadowbrook"
    },
    {
      "name": "KadenM",
      "stroke": "Back",
      "age": "9-10",
      "gender": "Boys",
      "date": "2014-06-14",
      "time": "19.65",
      "place": "4",
      "team": "Otters",
      "yards": 0,
      "meet": "096",
      "opponent": "Pinehurst"
    },
    {
      "name": "KadenM",
      "stroke": "Breast",
      "age": "9-10",
      "gender": "Boys",
      "date": "2014-06-14",
      "time": "20.01",
      "place": "1",
      "team": "Otters",
      "yards": 0,
      "meet": "096",
      "opponent": "Pinehurst"
    },
    {
      "name": "KadenM",
      "stroke": "Freestyle",
      "age": "9-10",
      "gender": "Boys",
      "date": "2014-06-14",
      "time": "15.69",
      "place": "4",
      "team": "Otters",
      "yards": 0,
      "meet": "096",
      "opponent": "Pinehurst"
    },
    {
      "name": "KadenM",
      "stroke": "Back",
      "age": "9-10",
      "gender": "Boys",
      "date": "2014-06-21",
      "time": "20.71",
      "place": "6",
      "team": "Otters",
      "yards": 0,
      "meet": "097",
      "opponent": "Crossgates"
    },
    {
      "name": "KadenM",
      "stroke": "Breast",
      "age": "9-10",
      "gender": "Boys",
      "date": "2014-06-21",
      "time": "19.66",
      "place": "2",
      "team": "Otters",
      "yards": 0,
      "meet": "097",
      "opponent": "Crossgates"
    },
    {
      "name": "KadenM",
      "stroke": "Freestyle",
      "age": "9-10",
      "gender": "Boys",
      "date": "2014-06-21",
      "time": "15.69",
      "place": "7",
      "team": "Otters",
      "yards": 0,
      "meet": "097",
      "opponent": "Crossgates"
    },
    {
      "name": "KadenM",
      "stroke": "Back",
      "age": "9-10",
      "gender": "Boys",
      "date": "2014-06-28",
      "time": "20.83",
      "place": "4",
      "team": "Otters",
      "yards": 0,
      "meet": "098",
      "opponent": "Almaden"
    },
    {
      "name": "KadenM",
      "stroke": "Breast",
      "age": "9-10",
      "gender": "Boys",
      "date": "2014-06-28",
      "time": "20.29",
      "place": "4",
      "team": "Otters",
      "yards": 0,
      "meet": "098",
      "opponent": "Almaden"
    },
    {
      "name": "KadenM",
      "stroke": "Freestyle",
      "age": "9-10",
      "gender": "Boys",
      "date": "2014-06-28",
      "time": "15.69",
      "place": "3",
      "team": "Otters",
      "yards": 0,
      "meet": "098",
      "opponent": "Almaden"
    },
    {
      "name": "KadenM",
      "stroke": "Back",
      "age": "9-10",
      "gender": "Boys",
      "date": "2014-07-12",
      "time": "19.62",
      "place": "4",
      "team": "Otters",
      "yards": 0,
      "meet": "099",
      "opponent": "Champs"
    },
    {
      "name": "KadenM",
      "stroke": "Breast",
      "age": "9-10",
      "gender": "Boys",
      "date": "2014-07-12",
      "time": "20.07",
      "place": "3",
      "team": "Otters",
      "yards": 0,
      "meet": "099",
      "opponent": "Champs"
    },
    {
      "name": "KadenM",
      "stroke": "Freestyle",
      "age": "9-10",
      "gender": "Boys",
      "date": "2014-07-12",
      "time": "15.61",
      "place": "6",
      "team": "Otters",
      "yards": 0,
      "meet": "099",
      "opponent": "Champs"
    },
    {
      "name": "KadenM",
      "stroke": "Butterfly",
      "age": "9-10",
      "gender": "Boys",
      "date": "2015-05-31",
      "time": "19.98",
      "place": "5",
      "team": "Otters",
      "yards": 0,
      "meet": "100",
      "opponent": "Trials"
    },
    {
      "name": "KadenM",
      "stroke": "Back",
      "age": "9-10",
      "gender": "Boys",
      "date": "2015-05-31",
      "time": "18.61",
      "place": "1",
      "team": "Otters",
      "yards": 0,
      "meet": "100",
      "opponent": "Trials"
    },
    {
      "name": "KadenM",
      "stroke": "Breast",
      "age": "9-10",
      "gender": "Boys",
      "date": "2015-05-31",
      "time": "19.53",
      "place": "1",
      "team": "Otters",
      "yards": 0,
      "meet": "100",
      "opponent": "Trials"
    },
    {
      "name": "KadenM",
      "stroke": "Freestyle",
      "age": "9-10",
      "gender": "Boys",
      "date": "2015-05-31",
      "time": "14.95",
      "place": "1",
      "team": "Otters",
      "yards": 0,
      "meet": "100",
      "opponent": "Trials"
    },
    {
      "name": "KadenM",
      "stroke": "Back",
      "age": "9-10",
      "gender": "Boys",
      "date": "2015-05-30",
      "time": "19.31",
      "place": "2",
      "team": "Otters",
      "yards": 0,
      "meet": "101",
      "opponent": "Almaden"
    },
    {
      "name": "KadenM",
      "stroke": "Breast",
      "age": "9-10",
      "gender": "Boys",
      "date": "2015-05-30",
      "time": "19.22",
      "place": "2",
      "team": "Otters",
      "yards": 0,
      "meet": "101",
      "opponent": "Almaden"
    },
    {
      "name": "KadenM",
      "stroke": "Freestyle",
      "age": "9-10",
      "gender": "Boys",
      "date": "2015-05-30",
      "time": "14.97",
      "place": "3",
      "team": "Otters",
      "yards": 0,
      "meet": "101",
      "opponent": "Almaden"
    },
    {
      "name": "KadenM",
      "stroke": "Back",
      "age": "9-10",
      "gender": "Boys",
      "date": "2015-06-006",
      "time": "18.77",
      "place": "1",
      "team": "Otters",
      "yards": 0,
      "meet": "102",
      "opponent": "Creekside"
    },
    {
      "name": "KadenM",
      "stroke": "Breast",
      "age": "9-10",
      "gender": "Boys",
      "date": "2015-06-006",
      "time": "18.93",
      "place": "2",
      "team": "Otters",
      "yards": 0,
      "meet": "102",
      "opponent": "Creekside"
    },
    {
      "name": "KadenM",
      "stroke": "Freestyle",
      "age": "9-10",
      "gender": "Boys",
      "date": "2015-06-006",
      "time": "14.93",
      "place": "4",
      "team": "Otters",
      "yards": 0,
      "meet": "102",
      "opponent": "Creekside"
    },
    {
      "name": "KadenM",
      "stroke": "Back",
      "age": "9-10",
      "gender": "Boys",
      "date": "2015-06-13",
      "time": "18.73",
      "place": "1",
      "team": "Otters",
      "yards": 0,
      "meet": "103",
      "opponent": "Shadowbrook"
    },
    {
      "name": "KadenM",
      "stroke": "Breast",
      "age": "9-10",
      "gender": "Boys",
      "date": "2015-06-13",
      "time": "18.94",
      "place": "2",
      "team": "Otters",
      "yards": 0,
      "meet": "103",
      "opponent": "Shadowbrook"
    },
    {
      "name": "KadenM",
      "stroke": "Freestyle",
      "age": "9-10",
      "gender": "Boys",
      "date": "2015-06-13",
      "time": "14.92",
      "place": "3",
      "team": "Otters",
      "yards": 0,
      "meet": "103",
      "opponent": "Shadowbrook"
    },
    {
      "name": "KadenM",
      "stroke": "Back",
      "age": "9-10",
      "gender": "Boys",
      "date": "2015-06-20",
      "time": "18.95",
      "place": "1",
      "team": "Otters",
      "yards": 0,
      "meet": "104",
      "opponent": "Pinehurst"
    },
    {
      "name": "KadenM",
      "stroke": "Breast",
      "age": "9-10",
      "gender": "Boys",
      "date": "2015-06-20",
      "time": "18.87",
      "place": "1",
      "team": "Otters",
      "yards": 0,
      "meet": "104",
      "opponent": "Pinehurst"
    },
    {
      "name": "KadenM",
      "stroke": "Freestyle",
      "age": "9-10",
      "gender": "Boys",
      "date": "2015-06-20",
      "time": "14.61",
      "place": "1",
      "team": "Otters",
      "yards": 0,
      "meet": "104",
      "opponent": "Pinehurst"
    },
    {
      "name": "KadenM",
      "stroke": "Back",
      "age": "9-10",
      "gender": "Boys",
      "date": "2015-06-27",
      "time": "18.14",
      "place": "1",
      "team": "Otters",
      "yards": 0,
      "meet": "105",
      "opponent": "Crossgates"
    },
    {
      "name": "KadenM",
      "stroke": "Breast",
      "age": "9-10",
      "gender": "Boys",
      "date": "2015-06-27",
      "time": "18.89",
      "place": "2",
      "team": "Otters",
      "yards": 0,
      "meet": "105",
      "opponent": "Crossgates"
    },
    {
      "name": "KadenM",
      "stroke": "Freestyle",
      "age": "9-10",
      "gender": "Boys",
      "date": "2015-06-27",
      "time": "14.53",
      "place": "1",
      "team": "Otters",
      "yards": 0,
      "meet": "105",
      "opponent": "Crossgates"
    },
    {
      "name": "KadenM",
      "stroke": "Back",
      "age": "9-10",
      "gender": "Boys",
      "date": "2015-07-11",
      "time": "19.01",
      "place": "4",
      "team": "Otters",
      "yards": 0,
      "meet": "106",
      "opponent": "Champs"
    },
    {
      "name": "KadenM",
      "stroke": "Breast",
      "age": "9-10",
      "gender": "Boys",
      "date": "2015-07-11",
      "time": "19.24",
      "place": "2",
      "team": "Otters",
      "yards": 0,
      "meet": "106",
      "opponent": "Champs"
    },
    {
      "name": "KadenM",
      "stroke": "Freestyle",
      "age": "9-10",
      "gender": "Boys",
      "date": "2015-07-11",
      "time": "14.86",
      "place": "3",
      "team": "Otters",
      "yards": 0,
      "meet": "106",
      "opponent": "Champs"
    },
    {
      "name": "KadenM",
      "stroke": "Butterfly",
      "age": "11-12",
      "gender": "Boys",
      "date": "2016-05-20",
      "time": "40.05",
      "place": "5",
      "team": "Otters",
      "yards": 0,
      "meet": "107",
      "opponent": "Trials"
    },
    {
      "name": "KadenM",
      "stroke": "Back",
      "age": "11-12",
      "gender": "Boys",
      "date": "2016-05-20",
      "time": "39.27",
      "place": "3",
      "team": "Otters",
      "yards": 0,
      "meet": "107",
      "opponent": "Trials"
    },
    {
      "name": "KadenM",
      "stroke": "Breast",
      "age": "11-12",
      "gender": "Boys",
      "date": "2016-05-20",
      "time": "43.99",
      "place": "4",
      "team": "Otters",
      "yards": 0,
      "meet": "107",
      "opponent": "Trials"
    },
    {
      "name": "KadenM",
      "stroke": "Freestyle",
      "age": "11-12",
      "gender": "Boys",
      "date": "2016-05-20",
      "time": "33.83",
      "place": "8",
      "team": "Otters",
      "yards": 0,
      "meet": "107",
      "opponent": "Trials"
    }
  ]
}