{
  "scores": [
    {
      "name": "KameronK",
      "stroke": "Back",
      "age": "6 & Under",
      "gender": "Boys",
      "date": "2016-05-20",
      "time": "46.96",
      "place": "8",
      "team": "Otters",
      "yards": 0,
      "meet": "107",
      "opponent": "Trials"
    },
    {
      "name": "KameronK",
      "stroke": "Freestyle",
      "age": "6 & Under",
      "gender": "Boys",
      "date": "2016-05-20",
      "time": "43.08",
      "place": "8",
      "team": "Otters",
      "yards": 0,
      "meet": "107",
      "opponent": "Trials"
    }
  ]
}