{
  "scores": [
    {
      "name": "KaylaP",
      "stroke": "Butterfly",
      "age": "8 & Under",
      "gender": "Girls",
      "date": "2014-05-17",
      "time": "45.94",
      "place": "12",
      "team": "Otters",
      "yards": 0,
      "meet": "093",
      "opponent": "Trials"
    },
    {
      "name": "KaylaP",
      "stroke": "Back",
      "age": "7-8",
      "gender": "Girls",
      "date": "2014-05-17",
      "time": "31.03",
      "place": "8",
      "team": "Otters",
      "yards": 0,
      "meet": "093",
      "opponent": "Trials"
    },
    {
      "name": "KaylaP",
      "stroke": "Breast",
      "age": "8 & Under",
      "gender": "Girls",
      "date": "2014-05-17",
      "time": "46.67",
      "place": "11",
      "team": "Otters",
      "yards": 0,
      "meet": "093",
      "opponent": "Trials"
    },
    {
      "name": "KaylaP",
      "stroke": "Butterfly",
      "age": "8 & Under",
      "gender": "Girls",
      "date": "2014-06-007",
      "time": "DQ",
      "place": "--",
      "team": "Otters",
      "yards": 0,
      "meet": "095",
      "opponent": "Shadowbrook"
    },
    {
      "name": "KaylaP",
      "stroke": "Back",
      "age": "7-8",
      "gender": "Girls",
      "date": "2014-06-007",
      "time": "31.00",
      "place": "10",
      "team": "Otters",
      "yards": 0,
      "meet": "095",
      "opponent": "Shadowbrook"
    },
    {
      "name": "KaylaP",
      "stroke": "Freestyle",
      "age": "7-8",
      "gender": "Girls",
      "date": "2014-06-007",
      "time": "27.84",
      "place": "14",
      "team": "Otters",
      "yards": 0,
      "meet": "095",
      "opponent": "Shadowbrook"
    },
    {
      "name": "KaylaP",
      "stroke": "Butterfly",
      "age": "8 & Under",
      "gender": "Girls",
      "date": "2014-06-14",
      "time": "DQ",
      "place": "--",
      "team": "Otters",
      "yards": 0,
      "meet": "096",
      "opponent": "Pinehurst"
    },
    {
      "name": "KaylaP",
      "stroke": "Back",
      "age": "7-8",
      "gender": "Girls",
      "date": "2014-06-14",
      "time": "31.24",
      "place": "22",
      "team": "Otters",
      "yards": 0,
      "meet": "096",
      "opponent": "Pinehurst"
    },
    {
      "name": "KaylaP",
      "stroke": "Breast",
      "age": "8 & Under",
      "gender": "Girls",
      "date": "2014-06-14",
      "time": "DQ",
      "place": "--",
      "team": "Otters",
      "yards": 0,
      "meet": "096",
      "opponent": "Pinehurst"
    },
    {
      "name": "KaylaP",
      "stroke": "Back",
      "age": "7-8",
      "gender": "Girls",
      "date": "2014-06-21",
      "time": "27.69",
      "place": "10",
      "team": "Otters",
      "yards": 0,
      "meet": "097",
      "opponent": "Crossgates"
    },
    {
      "name": "KaylaP",
      "stroke": "Breast",
      "age": "8 & Under",
      "gender": "Girls",
      "date": "2014-06-21",
      "time": "41.53",
      "place": "21",
      "team": "Otters",
      "yards": 0,
      "meet": "097",
      "opponent": "Crossgates"
    },
    {
      "name": "KaylaP",
      "stroke": "Freestyle",
      "age": "7-8",
      "gender": "Girls",
      "date": "2014-06-21",
      "time": "28.22",
      "place": "30",
      "team": "Otters",
      "yards": 0,
      "meet": "097",
      "opponent": "Crossgates"
    },
    {
      "name": "KaylaP",
      "stroke": "Butterfly",
      "age": "8 & Under",
      "gender": "Girls",
      "date": "2014-06-28",
      "time": "DQ",
      "place": "--",
      "team": "Otters",
      "yards": 0,
      "meet": "098",
      "opponent": "Almaden"
    },
    {
      "name": "KaylaP",
      "stroke": "Back",
      "age": "7-8",
      "gender": "Girls",
      "date": "2014-06-28",
      "time": "25.99",
      "place": "12",
      "team": "Otters",
      "yards": 0,
      "meet": "098",
      "opponent": "Almaden"
    },
    {
      "name": "KaylaP",
      "stroke": "Breast",
      "age": "8 & Under",
      "gender": "Girls",
      "date": "2014-06-28",
      "time": "DQ",
      "place": "--",
      "team": "Otters",
      "yards": 0,
      "meet": "098",
      "opponent": "Almaden"
    },
    {
      "name": "KaylaP",
      "stroke": "Back",
      "age": "7-8",
      "gender": "Girls",
      "date": "2014-07-12",
      "time": "27.10",
      "place": "31",
      "team": "Otters",
      "yards": 0,
      "meet": "099",
      "opponent": "Champs"
    },
    {
      "name": "KaylaP",
      "stroke": "Breast",
      "age": "8 & Under",
      "gender": "Girls",
      "date": "2014-07-12",
      "time": "DQ",
      "place": "--",
      "team": "Otters",
      "yards": 0,
      "meet": "099",
      "opponent": "Champs"
    },
    {
      "name": "KaylaP",
      "stroke": "Freestyle",
      "age": "7-8",
      "gender": "Girls",
      "date": "2014-07-12",
      "time": "27.94",
      "place": "66",
      "team": "Otters",
      "yards": 0,
      "meet": "099",
      "opponent": "Champs"
    },
    {
      "name": "KaylaP",
      "stroke": "Breast",
      "age": "7-8",
      "gender": "Girls",
      "date": "2015-05-31",
      "time": "28.80",
      "place": "2",
      "team": "Otters",
      "yards": 0,
      "meet": "100",
      "opponent": "Trials"
    },
    {
      "name": "KaylaP",
      "stroke": "Freestyle",
      "age": "7-8",
      "gender": "Girls",
      "date": "2015-05-31",
      "time": "21.17",
      "place": "2",
      "team": "Otters",
      "yards": 0,
      "meet": "100",
      "opponent": "Trials"
    },
    {
      "name": "KaylaP",
      "stroke": "Back",
      "age": "7-8",
      "gender": "Girls",
      "date": "2015-05-30",
      "time": "23.25",
      "place": "1",
      "team": "Otters",
      "yards": 0,
      "meet": "101",
      "opponent": "Almaden"
    },
    {
      "name": "KaylaP",
      "stroke": "Breast",
      "age": "8 & Under",
      "gender": "Girls",
      "date": "2015-05-30",
      "time": "29.12",
      "place": "3",
      "team": "Otters",
      "yards": 0,
      "meet": "101",
      "opponent": "Almaden"
    },
    {
      "name": "KaylaP",
      "stroke": "Back",
      "age": "7-8",
      "gender": "Girls",
      "date": "2015-06-006",
      "time": "23.47",
      "place": "1",
      "team": "Otters",
      "yards": 0,
      "meet": "102",
      "opponent": "Creekside"
    },
    {
      "name": "KaylaP",
      "stroke": "Breast",
      "age": "8 & Under",
      "gender": "Girls",
      "date": "2015-06-006",
      "time": "28.61",
      "place": "2",
      "team": "Otters",
      "yards": 0,
      "meet": "102",
      "opponent": "Creekside"
    },
    {
      "name": "KaylaP",
      "stroke": "Freestyle",
      "age": "7-8",
      "gender": "Girls",
      "date": "2015-06-006",
      "time": "21.27",
      "place": "4",
      "team": "Otters",
      "yards": 0,
      "meet": "102",
      "opponent": "Creekside"
    },
    {
      "name": "KaylaP",
      "stroke": "Back",
      "age": "7-8",
      "gender": "Girls",
      "date": "2015-06-13",
      "time": "24.43",
      "place": "4",
      "team": "Otters",
      "yards": 0,
      "meet": "103",
      "opponent": "Shadowbrook"
    },
    {
      "name": "KaylaP",
      "stroke": "Breast",
      "age": "8 & Under",
      "gender": "Girls",
      "date": "2015-06-13",
      "time": "27.21",
      "place": "3",
      "team": "Otters",
      "yards": 0,
      "meet": "103",
      "opponent": "Shadowbrook"
    },
    {
      "name": "KaylaP",
      "stroke": "Freestyle",
      "age": "7-8",
      "gender": "Girls",
      "date": "2015-06-13",
      "time": "20.34",
      "place": "6",
      "team": "Otters",
      "yards": 0,
      "meet": "103",
      "opponent": "Shadowbrook"
    },
    {
      "name": "KaylaP",
      "stroke": "Back",
      "age": "7-8",
      "gender": "Girls",
      "date": "2015-06-20",
      "time": "23.33",
      "place": "1",
      "team": "Otters",
      "yards": 0,
      "meet": "104",
      "opponent": "Pinehurst"
    },
    {
      "name": "KaylaP",
      "stroke": "Breast",
      "age": "8 & Under",
      "gender": "Girls",
      "date": "2015-06-20",
      "time": "26.26",
      "place": "2",
      "team": "Otters",
      "yards": 0,
      "meet": "104",
      "opponent": "Pinehurst"
    },
    {
      "name": "KaylaP",
      "stroke": "Freestyle",
      "age": "7-8",
      "gender": "Girls",
      "date": "2015-06-20",
      "time": "20.19",
      "place": "4",
      "team": "Otters",
      "yards": 0,
      "meet": "104",
      "opponent": "Pinehurst"
    },
    {
      "name": "KaylaP",
      "stroke": "Back",
      "age": "7-8",
      "gender": "Girls",
      "date": "2015-06-27",
      "time": "22.44",
      "place": "2",
      "team": "Otters",
      "yards": 0,
      "meet": "105",
      "opponent": "Crossgates"
    },
    {
      "name": "KaylaP",
      "stroke": "Breast",
      "age": "8 & Under",
      "gender": "Girls",
      "date": "2015-06-27",
      "time": "27.05",
      "place": "3",
      "team": "Otters",
      "yards": 0,
      "meet": "105",
      "opponent": "Crossgates"
    },
    {
      "name": "KaylaP",
      "stroke": "Freestyle",
      "age": "7-8",
      "gender": "Girls",
      "date": "2015-06-27",
      "time": "20.33",
      "place": "5",
      "team": "Otters",
      "yards": 0,
      "meet": "105",
      "opponent": "Crossgates"
    },
    {
      "name": "KaylaP",
      "stroke": "Back",
      "age": "7-8",
      "gender": "Girls",
      "date": "2015-07-11",
      "time": "23.14",
      "place": "3",
      "team": "Otters",
      "yards": 0,
      "meet": "106",
      "opponent": "Champs"
    },
    {
      "name": "KaylaP",
      "stroke": "Breast",
      "age": "8 & Under",
      "gender": "Girls",
      "date": "2015-07-11",
      "time": "27.00",
      "place": "10",
      "team": "Otters",
      "yards": 0,
      "meet": "106",
      "opponent": "Champs"
    },
    {
      "name": "KaylaP",
      "stroke": "Freestyle",
      "age": "7-8",
      "gender": "Girls",
      "date": "2015-07-11",
      "time": "20.98",
      "place": "21",
      "team": "Otters",
      "yards": 0,
      "meet": "106",
      "opponent": "Champs"
    },
    {
      "name": "KaylaP",
      "stroke": "Butterfly",
      "age": "9-10",
      "gender": "Girls",
      "date": "2016-05-20",
      "time": "19.69",
      "place": "6",
      "team": "Otters",
      "yards": 0,
      "meet": "107",
      "opponent": "Trials"
    },
    {
      "name": "KaylaP",
      "stroke": "Back",
      "age": "9-10",
      "gender": "Girls",
      "date": "2016-05-20",
      "time": "20.34",
      "place": "5",
      "team": "Otters",
      "yards": 0,
      "meet": "107",
      "opponent": "Trials"
    },
    {
      "name": "KaylaP",
      "stroke": "Breast",
      "age": "9-10",
      "gender": "Girls",
      "date": "2016-05-20",
      "time": "22.13",
      "place": "9",
      "team": "Otters",
      "yards": 0,
      "meet": "107",
      "opponent": "Trials"
    },
    {
      "name": "KaylaP",
      "stroke": "Freestyle",
      "age": "9-10",
      "gender": "Girls",
      "date": "2016-05-20",
      "time": "16.99",
      "place": "8",
      "team": "Otters",
      "yards": 0,
      "meet": "107",
      "opponent": "Trials"
    }
  ]
}