{
  "scores": [
    {
      "name": "KaylynA",
      "stroke": "Back",
      "age": "9-10",
      "gender": "Girls",
      "date": "2009-06-20",
      "time": "36.94",
      "place": "16",
      "team": "Otters",
      "yards": 0,
      "meet": "061",
      "opponent": "Pinehurst"
    },
    {
      "name": "KaylynA",
      "stroke": "Freestyle",
      "age": "9-10",
      "gender": "Girls",
      "date": "2009-06-20",
      "time": "28.66",
      "place": "22",
      "team": "Otters",
      "yards": 0,
      "meet": "061",
      "opponent": "Pinehurst"
    },
    {
      "name": "KaylynA",
      "stroke": "Back",
      "age": "9-10",
      "gender": "Girls",
      "date": "2009-06-27",
      "time": "31.07",
      "place": "14",
      "team": "Otters",
      "yards": 0,
      "meet": "062",
      "opponent": "Crossgates"
    },
    {
      "name": "KaylynA",
      "stroke": "Freestyle",
      "age": "9-10",
      "gender": "Girls",
      "date": "2009-06-27",
      "time": "28.22",
      "place": "23",
      "team": "Otters",
      "yards": 0,
      "meet": "062",
      "opponent": "Crossgates"
    },
    {
      "name": "KaylynA",
      "stroke": "Back",
      "age": "9-10",
      "gender": "Girls",
      "date": "2009-07-11",
      "time": "32.76",
      "place": "22",
      "team": "Otters",
      "yards": 0,
      "meet": "063",
      "opponent": "Almaden"
    },
    {
      "name": "KaylynA",
      "stroke": "Freestyle",
      "age": "9-10",
      "gender": "Girls",
      "date": "2009-07-11",
      "time": "26.09",
      "place": "31",
      "team": "Otters",
      "yards": 0,
      "meet": "063",
      "opponent": "Almaden"
    },
    {
      "name": "KaylynA",
      "stroke": "Back",
      "age": "9-10",
      "gender": "Girls",
      "date": "2009-07-18",
      "time": "30.28",
      "place": "57",
      "team": "Otters",
      "yards": 0,
      "meet": "064",
      "opponent": "Champs"
    },
    {
      "name": "KaylynA",
      "stroke": "Freestyle",
      "age": "9-10",
      "gender": "Girls",
      "date": "2009-07-18",
      "time": "24.89",
      "place": "76",
      "team": "Otters",
      "yards": 0,
      "meet": "064",
      "opponent": "Champs"
    }
  ]
}