{
  "scores": [
    {
      "name": "KaylaV",
      "stroke": "Back",
      "age": "7-8",
      "gender": "Girls",
      "date": "2001-06-16",
      "time": "36.43",
      "place": "16",
      "team": "Otters",
      "yards": 0,
      "meet": "002",
      "opponent": "Almaden"
    },
    {
      "name": "KaylaV",
      "stroke": "Breast",
      "age": "8 & Under",
      "gender": "Girls",
      "date": "2001-06-16",
      "time": "35.34",
      "place": "11",
      "team": "Otters",
      "yards": 0,
      "meet": "002",
      "opponent": "Almaden"
    },
    {
      "name": "KaylaV",
      "stroke": "Freestyle",
      "age": "7-8",
      "gender": "Girls",
      "date": "2001-06-16",
      "time": "30.28",
      "place": "20",
      "team": "Otters",
      "yards": 0,
      "meet": "002",
      "opponent": "Almaden"
    },
    {
      "name": "KaylaV",
      "stroke": "Back",
      "age": "7-8",
      "gender": "Girls",
      "date": "2001-06-23",
      "time": "29.72",
      "place": "8",
      "team": "Otters",
      "yards": 0,
      "meet": "003",
      "opponent": "Creekside"
    },
    {
      "name": "KaylaV",
      "stroke": "Breast",
      "age": "8 & Under",
      "gender": "Girls",
      "date": "2001-06-23",
      "time": "37.18",
      "place": "2",
      "team": "Otters",
      "yards": 0,
      "meet": "003",
      "opponent": "Creekside"
    },
    {
      "name": "KaylaV",
      "stroke": "Freestyle",
      "age": "7-8",
      "gender": "Girls",
      "date": "2001-06-23",
      "time": "27.15",
      "place": "9",
      "team": "Otters",
      "yards": 0,
      "meet": "003",
      "opponent": "Creekside"
    },
    {
      "name": "KaylaV",
      "stroke": "Back",
      "age": "7-8",
      "gender": "Girls",
      "date": "2001-06-30",
      "time": "31.25",
      "place": "13",
      "team": "Otters",
      "yards": 0,
      "meet": "004",
      "opponent": "Shadowbrook"
    },
    {
      "name": "KaylaV",
      "stroke": "Butterfly",
      "age": "8 & Under",
      "gender": "Girls",
      "date": "2001-07-14",
      "time": "25.56",
      "place": "4",
      "team": "Otters",
      "yards": 0,
      "meet": "005",
      "opponent": "Pinehurst"
    },
    {
      "name": "KaylaV",
      "stroke": "Back",
      "age": "7-8",
      "gender": "Girls",
      "date": "2001-07-14",
      "time": "31.38",
      "place": "8",
      "team": "Otters",
      "yards": 0,
      "meet": "005",
      "opponent": "Pinehurst"
    },
    {
      "name": "KaylaV",
      "stroke": "Freestyle",
      "age": "7-8",
      "gender": "Girls",
      "date": "2001-07-14",
      "time": "23.03",
      "place": "7",
      "team": "Otters",
      "yards": 0,
      "meet": "005",
      "opponent": "Pinehurst"
    },
    {
      "name": "KaylaV",
      "stroke": "Back",
      "age": "7-8",
      "gender": "Girls",
      "date": "2001-07-21",
      "time": "26.94",
      "place": "25",
      "team": "Otters",
      "yards": 0,
      "meet": "006",
      "opponent": "Champs"
    },
    {
      "name": "KaylaV",
      "stroke": "Breast",
      "age": "8 & Under",
      "gender": "Girls",
      "date": "2001-07-21",
      "time": "33.71",
      "place": "23",
      "team": "Otters",
      "yards": 0,
      "meet": "006",
      "opponent": "Champs"
    },
    {
      "name": "KaylaV",
      "stroke": "Freestyle",
      "age": "7-8",
      "gender": "Girls",
      "date": "2001-07-21",
      "time": "27.98",
      "place": "48",
      "team": "Otters",
      "yards": 0,
      "meet": "006",
      "opponent": "Champs"
    },
    {
      "name": "KaylaV",
      "stroke": "Butterfly",
      "age": "9-10",
      "gender": "Girls",
      "date": "2002-05-11",
      "time": "31.45",
      "place": "12",
      "team": "Otters",
      "yards": 0,
      "meet": "007",
      "opponent": "Trials"
    },
    {
      "name": "KaylaV",
      "stroke": "Back",
      "age": "9-10",
      "gender": "Girls",
      "date": "2002-05-11",
      "time": "31.37",
      "place": "14",
      "team": "Otters",
      "yards": 0,
      "meet": "007",
      "opponent": "Trials"
    },
    {
      "name": "KaylaV",
      "stroke": "Breast",
      "age": "9-10",
      "gender": "Girls",
      "date": "2002-05-11",
      "time": "37.86",
      "place": "15",
      "team": "Otters",
      "yards": 0,
      "meet": "007",
      "opponent": "Trials"
    },
    {
      "name": "KaylaV",
      "stroke": "Butterfly",
      "age": "9-10",
      "gender": "Girls",
      "date": "2002-06-008",
      "time": "27.59",
      "place": "10",
      "team": "Otters",
      "yards": 0,
      "meet": "009",
      "opponent": "Pinehurst"
    },
    {
      "name": "KaylaV",
      "stroke": "Back",
      "age": "9-10",
      "gender": "Girls",
      "date": "2002-06-008",
      "time": "31.22",
      "place": "25",
      "team": "Otters",
      "yards": 0,
      "meet": "009",
      "opponent": "Pinehurst"
    },
    {
      "name": "KaylaV",
      "stroke": "Freestyle",
      "age": "9-10",
      "gender": "Girls",
      "date": "2002-06-008",
      "time": "22.43",
      "place": "24",
      "team": "Otters",
      "yards": 0,
      "meet": "009",
      "opponent": "Pinehurst"
    },
    {
      "name": "KaylaV",
      "stroke": "Back",
      "age": "9-10",
      "gender": "Girls",
      "date": "2002-06-22",
      "time": "31.23",
      "place": "27",
      "team": "Otters",
      "yards": 0,
      "meet": "011",
      "opponent": "Almaden"
    },
    {
      "name": "KaylaV",
      "stroke": "Breast",
      "age": "9-10",
      "gender": "Girls",
      "date": "2002-06-22",
      "time": "30.66",
      "place": "21",
      "team": "Otters",
      "yards": 0,
      "meet": "011",
      "opponent": "Almaden"
    },
    {
      "name": "KaylaV",
      "stroke": "Freestyle",
      "age": "9-10",
      "gender": "Girls",
      "date": "2002-06-22",
      "time": "20.78",
      "place": "27",
      "team": "Otters",
      "yards": 0,
      "meet": "011",
      "opponent": "Almaden"
    },
    {
      "name": "KaylaV",
      "stroke": "Back",
      "age": "9-10",
      "gender": "Girls",
      "date": "2002-06-29",
      "time": "29.56",
      "place": "19",
      "team": "Otters",
      "yards": 0,
      "meet": "012",
      "opponent": "Creekside"
    },
    {
      "name": "KaylaV",
      "stroke": "Breast",
      "age": "9-10",
      "gender": "Girls",
      "date": "2002-06-29",
      "time": "33.84",
      "place": "10",
      "team": "Otters",
      "yards": 0,
      "meet": "012",
      "opponent": "Creekside"
    },
    {
      "name": "KaylaV",
      "stroke": "Freestyle",
      "age": "9-10",
      "gender": "Girls",
      "date": "2002-06-29",
      "time": "22.41",
      "place": "19",
      "team": "Otters",
      "yards": 0,
      "meet": "012",
      "opponent": "Creekside"
    },
    {
      "name": "KaylaV",
      "stroke": "Back",
      "age": "9-10",
      "gender": "Girls",
      "date": "2002-07-13",
      "time": "27.88",
      "place": "18",
      "team": "Otters",
      "yards": 0,
      "meet": "013",
      "opponent": "Shadowbrook"
    },
    {
      "name": "KaylaV",
      "stroke": "Breast",
      "age": "9-10",
      "gender": "Girls",
      "date": "2002-07-13",
      "time": "34.24",
      "place": "13",
      "team": "Otters",
      "yards": 0,
      "meet": "013",
      "opponent": "Shadowbrook"
    },
    {
      "name": "KaylaV",
      "stroke": "Freestyle",
      "age": "9-10",
      "gender": "Girls",
      "date": "2002-07-13",
      "time": "23.75",
      "place": "22",
      "team": "Otters",
      "yards": 0,
      "meet": "013",
      "opponent": "Shadowbrook"
    },
    {
      "name": "KaylaV",
      "stroke": "Back",
      "age": "9-10",
      "gender": "Girls",
      "date": "2002-07-20",
      "time": "27.02",
      "place": "49",
      "team": "Otters",
      "yards": 0,
      "meet": "014",
      "opponent": "Champs"
    },
    {
      "name": "KaylaV",
      "stroke": "Breast",
      "age": "9-10",
      "gender": "Girls",
      "date": "2002-07-20",
      "time": "30.18",
      "place": "43",
      "team": "Otters",
      "yards": 0,
      "meet": "014",
      "opponent": "Champs"
    },
    {
      "name": "KaylaV",
      "stroke": "Freestyle",
      "age": "9-10",
      "gender": "Girls",
      "date": "2002-07-20",
      "time": "26.41",
      "place": "77",
      "team": "Otters",
      "yards": 0,
      "meet": "014",
      "opponent": "Champs"
    },
    {
      "name": "KaylaV",
      "stroke": "Back",
      "age": "11-12",
      "gender": "Girls",
      "date": "2005-06-004",
      "time": "53.87",
      "place": "10",
      "team": "Otters",
      "yards": 0,
      "meet": "031",
      "opponent": "Almaden"
    },
    {
      "name": "KaylaV",
      "stroke": "Breast",
      "age": "11-12",
      "gender": "Girls",
      "date": "2005-06-004",
      "time": "53.15",
      "place": "15",
      "team": "Otters",
      "yards": 0,
      "meet": "031",
      "opponent": "Almaden"
    },
    {
      "name": "KaylaV",
      "stroke": "Freestyle",
      "age": "11-12",
      "gender": "Girls",
      "date": "2005-06-004",
      "time": "38.75",
      "place": "16",
      "team": "Otters",
      "yards": 0,
      "meet": "031",
      "opponent": "Almaden"
    },
    {
      "name": "KaylaV",
      "stroke": "Back",
      "age": "11-12",
      "gender": "Girls",
      "date": "2005-06-11",
      "time": "1:01.96",
      "place": "15",
      "team": "Otters",
      "yards": 0,
      "meet": "032",
      "opponent": "Creekside"
    },
    {
      "name": "KaylaV",
      "stroke": "Breast",
      "age": "11-12",
      "gender": "Girls",
      "date": "2005-06-11",
      "time": "52.50",
      "place": "9",
      "team": "Otters",
      "yards": 0,
      "meet": "032",
      "opponent": "Creekside"
    },
    {
      "name": "KaylaV",
      "stroke": "Freestyle",
      "age": "11-12",
      "gender": "Girls",
      "date": "2005-06-11",
      "time": "40.59",
      "place": "16",
      "team": "Otters",
      "yards": 0,
      "meet": "032",
      "opponent": "Creekside"
    },
    {
      "name": "KaylaV",
      "stroke": "Back",
      "age": "11-12",
      "gender": "Girls",
      "date": "2005-06-18",
      "time": "54.84",
      "place": "9",
      "team": "Otters",
      "yards": 0,
      "meet": "033",
      "opponent": "Shadowbrook"
    },
    {
      "name": "KaylaV",
      "stroke": "Breast",
      "age": "11-12",
      "gender": "Girls",
      "date": "2005-06-18",
      "time": "53.36",
      "place": "6",
      "team": "Otters",
      "yards": 0,
      "meet": "033",
      "opponent": "Shadowbrook"
    },
    {
      "name": "KaylaV",
      "stroke": "Freestyle",
      "age": "11-12",
      "gender": "Girls",
      "date": "2005-06-18",
      "time": "42.53",
      "place": "10",
      "team": "Otters",
      "yards": 0,
      "meet": "033",
      "opponent": "Shadowbrook"
    },
    {
      "name": "KaylaV",
      "stroke": "Back",
      "age": "11-12",
      "gender": "Girls",
      "date": "2005-06-25",
      "time": "54.87",
      "place": "14",
      "team": "Otters",
      "yards": 0,
      "meet": "034",
      "opponent": "Pinehurst"
    },
    {
      "name": "KaylaV",
      "stroke": "Breast",
      "age": "11-12",
      "gender": "Girls",
      "date": "2005-06-25",
      "time": "DQ",
      "place": "--",
      "team": "Otters",
      "yards": 0,
      "meet": "034",
      "opponent": "Pinehurst"
    },
    {
      "name": "KaylaV",
      "stroke": "Freestyle",
      "age": "11-12",
      "gender": "Girls",
      "date": "2005-06-25",
      "time": "43.75",
      "place": "18",
      "team": "Otters",
      "yards": 0,
      "meet": "034",
      "opponent": "Pinehurst"
    },
    {
      "name": "KaylaV",
      "stroke": "Back",
      "age": "11-12",
      "gender": "Girls",
      "date": "2005-07-009",
      "time": "51.22",
      "place": "15",
      "team": "Otters",
      "yards": 0,
      "meet": "035",
      "opponent": "Crossgates"
    },
    {
      "name": "KaylaV",
      "stroke": "Breast",
      "age": "11-12",
      "gender": "Girls",
      "date": "2005-07-009",
      "time": "52.61",
      "place": "9",
      "team": "Otters",
      "yards": 0,
      "meet": "035",
      "opponent": "Crossgates"
    },
    {
      "name": "KaylaV",
      "stroke": "Freestyle",
      "age": "11-12",
      "gender": "Girls",
      "date": "2005-07-009",
      "time": "40.83",
      "place": "20",
      "team": "Otters",
      "yards": 0,
      "meet": "035",
      "opponent": "Crossgates"
    },
    {
      "name": "KaylaV",
      "stroke": "Back",
      "age": "11-12",
      "gender": "Girls",
      "date": "2005-07-16",
      "time": "50.77",
      "place": "38",
      "team": "Otters",
      "yards": 0,
      "meet": "036",
      "opponent": "Champs"
    },
    {
      "name": "KaylaV",
      "stroke": "Breast",
      "age": "11-12",
      "gender": "Girls",
      "date": "2005-07-16",
      "time": "50.87",
      "place": "30",
      "team": "Otters",
      "yards": 0,
      "meet": "036",
      "opponent": "Champs"
    },
    {
      "name": "KaylaV",
      "stroke": "Freestyle",
      "age": "11-12",
      "gender": "Girls",
      "date": "2005-07-16",
      "time": "39.93",
      "place": "51",
      "team": "Otters",
      "yards": 0,
      "meet": "036",
      "opponent": "Champs"
    },
    {
      "name": "KaylaV",
      "stroke": "Butterfly",
      "age": "13-14",
      "gender": "Girls",
      "date": "2007-06-009",
      "time": "47.54",
      "place": "13",
      "team": "Otters",
      "yards": 0,
      "meet": "045",
      "opponent": "Pinehurst"
    },
    {
      "name": "KaylaV",
      "stroke": "Breast",
      "age": "13-14",
      "gender": "Girls",
      "date": "2007-06-009",
      "time": "50.09",
      "place": "10",
      "team": "Otters",
      "yards": 0,
      "meet": "045",
      "opponent": "Pinehurst"
    },
    {
      "name": "KaylaV",
      "stroke": "Freestyle",
      "age": "13-14",
      "gender": "Girls",
      "date": "2007-06-009",
      "time": "39.03",
      "place": "18",
      "team": "Otters",
      "yards": 0,
      "meet": "045",
      "opponent": "Pinehurst"
    },
    {
      "name": "KaylaV",
      "stroke": "Butterfly",
      "age": "13-14",
      "gender": "Girls",
      "date": "2007-06-16",
      "time": "47.24",
      "place": "12",
      "team": "Otters",
      "yards": 0,
      "meet": "046",
      "opponent": "Crossgates"
    },
    {
      "name": "KaylaV",
      "stroke": "Breast",
      "age": "13-14",
      "gender": "Girls",
      "date": "2007-06-16",
      "time": "48.81",
      "place": "9",
      "team": "Otters",
      "yards": 0,
      "meet": "046",
      "opponent": "Crossgates"
    },
    {
      "name": "KaylaV",
      "stroke": "Freestyle",
      "age": "13-14",
      "gender": "Girls",
      "date": "2007-06-16",
      "time": "39.43",
      "place": "20",
      "team": "Otters",
      "yards": 0,
      "meet": "046",
      "opponent": "Crossgates"
    },
    {
      "name": "KaylaV",
      "stroke": "Butterfly",
      "age": "13-14",
      "gender": "Girls",
      "date": "2007-06-23",
      "time": "45.72",
      "place": "14",
      "team": "Otters",
      "yards": 0,
      "meet": "047",
      "opponent": "Almaden"
    },
    {
      "name": "KaylaV",
      "stroke": "Breast",
      "age": "13-14",
      "gender": "Girls",
      "date": "2007-06-23",
      "time": "48.69",
      "place": "11",
      "team": "Otters",
      "yards": 0,
      "meet": "047",
      "opponent": "Almaden"
    },
    {
      "name": "KaylaV",
      "stroke": "Freestyle",
      "age": "13-14",
      "gender": "Girls",
      "date": "2007-06-23",
      "time": "38.58",
      "place": "16",
      "team": "Otters",
      "yards": 0,
      "meet": "047",
      "opponent": "Almaden"
    },
    {
      "name": "KaylaV",
      "stroke": "Back",
      "age": "13-14",
      "gender": "Girls",
      "date": "2007-06-30",
      "time": "49.63",
      "place": "12",
      "team": "Otters",
      "yards": 0,
      "meet": "048",
      "opponent": "Creekside"
    },
    {
      "name": "KaylaV",
      "stroke": "Breast",
      "age": "13-14",
      "gender": "Girls",
      "date": "2007-06-30",
      "time": "50.94",
      "place": "8",
      "team": "Otters",
      "yards": 0,
      "meet": "048",
      "opponent": "Creekside"
    },
    {
      "name": "KaylaV",
      "stroke": "Freestyle",
      "age": "13-14",
      "gender": "Girls",
      "date": "2007-06-30",
      "time": "38.19",
      "place": "10",
      "team": "Otters",
      "yards": 0,
      "meet": "048",
      "opponent": "Creekside"
    },
    {
      "name": "KaylaV",
      "stroke": "Butterfly",
      "age": "13-14",
      "gender": "Girls",
      "date": "2007-07-007",
      "time": "46.46",
      "place": "7",
      "team": "Otters",
      "yards": 0,
      "meet": "049",
      "opponent": "Shadowbrook"
    },
    {
      "name": "KaylaV",
      "stroke": "Breast",
      "age": "13-14",
      "gender": "Girls",
      "date": "2007-07-007",
      "time": "51.74",
      "place": "4",
      "team": "Otters",
      "yards": 0,
      "meet": "049",
      "opponent": "Shadowbrook"
    },
    {
      "name": "KaylaV",
      "stroke": "Freestyle",
      "age": "13-14",
      "gender": "Girls",
      "date": "2007-07-007",
      "time": "40.47",
      "place": "10",
      "team": "Otters",
      "yards": 0,
      "meet": "049",
      "opponent": "Shadowbrook"
    },
    {
      "name": "KaylaV",
      "stroke": "Butterfly",
      "age": "13-14",
      "gender": "Girls",
      "date": "2007-07-14",
      "time": "45.90",
      "place": "36",
      "team": "Otters",
      "yards": 0,
      "meet": "050",
      "opponent": "Champs"
    },
    {
      "name": "KaylaV",
      "stroke": "Breast",
      "age": "13-14",
      "gender": "Girls",
      "date": "2007-07-14",
      "time": "49.14",
      "place": "29",
      "team": "Otters",
      "yards": 0,
      "meet": "050",
      "opponent": "Champs"
    },
    {
      "name": "KaylaV",
      "stroke": "Freestyle",
      "age": "13-14",
      "gender": "Girls",
      "date": "2007-07-14",
      "time": "38.35",
      "place": "54",
      "team": "Otters",
      "yards": 0,
      "meet": "050",
      "opponent": "Champs"
    },
    {
      "name": "KaylaV",
      "stroke": "Butterfly",
      "age": "15-18",
      "gender": "Girls",
      "date": "2010-05-22",
      "time": "49.97",
      "place": "11",
      "team": "Otters",
      "yards": 0,
      "meet": "065",
      "opponent": "Trials"
    },
    {
      "name": "KaylaV",
      "stroke": "Back",
      "age": "15-18",
      "gender": "Girls",
      "date": "2010-05-22",
      "time": "50.78",
      "place": "13",
      "team": "Otters",
      "yards": 0,
      "meet": "065",
      "opponent": "Trials"
    },
    {
      "name": "KaylaV",
      "stroke": "Breast",
      "age": "15-18",
      "gender": "Girls",
      "date": "2010-05-22",
      "time": "50.69",
      "place": "13",
      "team": "Otters",
      "yards": 0,
      "meet": "065",
      "opponent": "Trials"
    },
    {
      "name": "KaylaV",
      "stroke": "Freestyle",
      "age": "15-18",
      "gender": "Girls",
      "date": "2010-05-22",
      "time": "39.93",
      "place": "12",
      "team": "Otters",
      "yards": 0,
      "meet": "065",
      "opponent": "Trials"
    },
    {
      "name": "KaylaV",
      "stroke": "Back",
      "age": "15-18",
      "gender": "Girls",
      "date": "2010-06-005",
      "time": "49.68",
      "place": "11",
      "team": "Otters",
      "yards": 0,
      "meet": "066",
      "opponent": "Almaden"
    },
    {
      "name": "KaylaV",
      "stroke": "Breast",
      "age": "15-18",
      "gender": "Girls",
      "date": "2010-06-005",
      "time": "52.53",
      "place": "9",
      "team": "Otters",
      "yards": 0,
      "meet": "066",
      "opponent": "Almaden"
    },
    {
      "name": "KaylaV",
      "stroke": "Freestyle",
      "age": "15-18",
      "gender": "Girls",
      "date": "2010-06-005",
      "time": "40.67",
      "place": "16",
      "team": "Otters",
      "yards": 0,
      "meet": "066",
      "opponent": "Almaden"
    },
    {
      "name": "KaylaV",
      "stroke": "Butterfly",
      "age": "15-18",
      "gender": "Girls",
      "date": "2010-06-19",
      "time": "52.56",
      "place": "12",
      "team": "Otters",
      "yards": 0,
      "meet": "068",
      "opponent": "Shadowbrook"
    },
    {
      "name": "KaylaV",
      "stroke": "Breast",
      "age": "15-18",
      "gender": "Girls",
      "date": "2010-06-19",
      "time": "51.86",
      "place": "6",
      "team": "Otters",
      "yards": 0,
      "meet": "068",
      "opponent": "Shadowbrook"
    },
    {
      "name": "KaylaV",
      "stroke": "Freestyle",
      "age": "15-18",
      "gender": "Girls",
      "date": "2010-06-19",
      "time": "41.09",
      "place": "14",
      "team": "Otters",
      "yards": 0,
      "meet": "068",
      "opponent": "Shadowbrook"
    },
    {
      "name": "KaylaV",
      "stroke": "Butterfly",
      "age": "15-18",
      "gender": "Girls",
      "date": "2010-06-26",
      "time": "47.63",
      "place": "13",
      "team": "Otters",
      "yards": 0,
      "meet": "069",
      "opponent": "Pinehurst"
    },
    {
      "name": "KaylaV",
      "stroke": "Back",
      "age": "15-18",
      "gender": "Girls",
      "date": "2010-06-26",
      "time": "50.89",
      "place": "11",
      "team": "Otters",
      "yards": 0,
      "meet": "069",
      "opponent": "Pinehurst"
    },
    {
      "name": "KaylaV",
      "stroke": "Freestyle",
      "age": "15-18",
      "gender": "Girls",
      "date": "2010-06-26",
      "time": "40.38",
      "place": "13",
      "team": "Otters",
      "yards": 0,
      "meet": "069",
      "opponent": "Pinehurst"
    },
    {
      "name": "KaylaV",
      "stroke": "Butterfly",
      "age": "15-18",
      "gender": "Girls",
      "date": "2010-07-10",
      "time": "49.85",
      "place": "14",
      "team": "Otters",
      "yards": 0,
      "meet": "070",
      "opponent": "Crossgates"
    },
    {
      "name": "KaylaV",
      "stroke": "Back",
      "age": "15-18",
      "gender": "Girls",
      "date": "2010-07-10",
      "time": "50.85",
      "place": "13",
      "team": "Otters",
      "yards": 0,
      "meet": "070",
      "opponent": "Crossgates"
    },
    {
      "name": "KaylaV",
      "stroke": "Freestyle",
      "age": "15-18",
      "gender": "Girls",
      "date": "2010-07-10",
      "time": "40.69",
      "place": "17",
      "team": "Otters",
      "yards": 0,
      "meet": "070",
      "opponent": "Crossgates"
    },
    {
      "name": "KaylaV",
      "stroke": "Butterfly",
      "age": "15-18",
      "gender": "Girls",
      "date": "2010-07-17",
      "time": "49.06",
      "place": "44",
      "team": "Otters",
      "yards": 0,
      "meet": "071",
      "opponent": "Champs"
    },
    {
      "name": "KaylaV",
      "stroke": "Back",
      "age": "15-18",
      "gender": "Girls",
      "date": "2010-07-17",
      "time": "50.67",
      "place": "39",
      "team": "Otters",
      "yards": 0,
      "meet": "071",
      "opponent": "Champs"
    },
    {
      "name": "KaylaV",
      "stroke": "Freestyle",
      "age": "15-18",
      "gender": "Girls",
      "date": "2010-07-17",
      "time": "40.55",
      "place": "54",
      "team": "Otters",
      "yards": 0,
      "meet": "071",
      "opponent": "Champs"
    }
  ]
}