{
  "scores": [
    {
      "name": "KeganH",
      "stroke": "Butterfly",
      "age": "9-10",
      "gender": "Boys",
      "date": "2007-06-002",
      "time": "24.23",
      "place": "7",
      "team": "Otters",
      "yards": 0,
      "meet": "044",
      "opponent": "Trials"
    },
    {
      "name": "KeganH",
      "stroke": "Back",
      "age": "9-10",
      "gender": "Boys",
      "date": "2007-06-002",
      "time": "22.83",
      "place": "4",
      "team": "Otters",
      "yards": 0,
      "meet": "044",
      "opponent": "Trials"
    },
    {
      "name": "KeganH",
      "stroke": "Breast",
      "age": "9-10",
      "gender": "Boys",
      "date": "2007-06-002",
      "time": "26.62",
      "place": "7",
      "team": "Otters",
      "yards": 0,
      "meet": "044",
      "opponent": "Trials"
    },
    {
      "name": "KeganH",
      "stroke": "Freestyle",
      "age": "9-10",
      "gender": "Boys",
      "date": "2007-06-002",
      "time": "18.51",
      "place": "6",
      "team": "Otters",
      "yards": 0,
      "meet": "044",
      "opponent": "Trials"
    },
    {
      "name": "KeganH",
      "stroke": "Back",
      "age": "9-10",
      "gender": "Boys",
      "date": "2007-06-009",
      "time": "20.82",
      "place": "3",
      "team": "Otters",
      "yards": 0,
      "meet": "045",
      "opponent": "Pinehurst"
    },
    {
      "name": "KeganH",
      "stroke": "Breast",
      "age": "9-10",
      "gender": "Boys",
      "date": "2007-06-009",
      "time": "25.23",
      "place": "4",
      "team": "Otters",
      "yards": 0,
      "meet": "045",
      "opponent": "Pinehurst"
    },
    {
      "name": "KeganH",
      "stroke": "Freestyle",
      "age": "9-10",
      "gender": "Boys",
      "date": "2007-06-009",
      "time": "17.97",
      "place": "9",
      "team": "Otters",
      "yards": 0,
      "meet": "045",
      "opponent": "Pinehurst"
    },
    {
      "name": "KeganH",
      "stroke": "Back",
      "age": "9-10",
      "gender": "Boys",
      "date": "2007-06-16",
      "time": "22.86",
      "place": "8",
      "team": "Otters",
      "yards": 0,
      "meet": "046",
      "opponent": "Crossgates"
    },
    {
      "name": "KeganH",
      "stroke": "Breast",
      "age": "9-10",
      "gender": "Boys",
      "date": "2007-06-16",
      "time": "26.43",
      "place": "4",
      "team": "Otters",
      "yards": 0,
      "meet": "046",
      "opponent": "Crossgates"
    },
    {
      "name": "KeganH",
      "stroke": "Freestyle",
      "age": "9-10",
      "gender": "Boys",
      "date": "2007-06-16",
      "time": "18.84",
      "place": "11",
      "team": "Otters",
      "yards": 0,
      "meet": "046",
      "opponent": "Crossgates"
    },
    {
      "name": "KeganH",
      "stroke": "Back",
      "age": "9-10",
      "gender": "Boys",
      "date": "2007-06-23",
      "time": "23.10",
      "place": "4",
      "team": "Otters",
      "yards": 0,
      "meet": "047",
      "opponent": "Almaden"
    },
    {
      "name": "KeganH",
      "stroke": "Breast",
      "age": "9-10",
      "gender": "Boys",
      "date": "2007-06-23",
      "time": "25.38",
      "place": "6",
      "team": "Otters",
      "yards": 0,
      "meet": "047",
      "opponent": "Almaden"
    },
    {
      "name": "KeganH",
      "stroke": "Freestyle",
      "age": "9-10",
      "gender": "Boys",
      "date": "2007-06-23",
      "time": "18.13",
      "place": "7",
      "team": "Otters",
      "yards": 0,
      "meet": "047",
      "opponent": "Almaden"
    },
    {
      "name": "KeganH",
      "stroke": "Butterfly",
      "age": "9-10",
      "gender": "Boys",
      "date": "2007-06-30",
      "time": "24.68",
      "place": "6",
      "team": "Otters",
      "yards": 0,
      "meet": "048",
      "opponent": "Creekside"
    },
    {
      "name": "KeganH",
      "stroke": "Back",
      "age": "9-10",
      "gender": "Boys",
      "date": "2007-06-30",
      "time": "22.30",
      "place": "4",
      "team": "Otters",
      "yards": 0,
      "meet": "048",
      "opponent": "Creekside"
    },
    {
      "name": "KeganH",
      "stroke": "Breast",
      "age": "9-10",
      "gender": "Boys",
      "date": "2007-06-30",
      "time": "27.22",
      "place": "8",
      "team": "Otters",
      "yards": 0,
      "meet": "048",
      "opponent": "Creekside"
    },
    {
      "name": "KeganH",
      "stroke": "Back",
      "age": "9-10",
      "gender": "Boys",
      "date": "2007-07-007",
      "time": "21.78",
      "place": "2",
      "team": "Otters",
      "yards": 0,
      "meet": "049",
      "opponent": "Shadowbrook"
    },
    {
      "name": "KeganH",
      "stroke": "Breast",
      "age": "9-10",
      "gender": "Boys",
      "date": "2007-07-007",
      "time": "29.76",
      "place": "7",
      "team": "Otters",
      "yards": 0,
      "meet": "049",
      "opponent": "Shadowbrook"
    },
    {
      "name": "KeganH",
      "stroke": "Freestyle",
      "age": "9-10",
      "gender": "Boys",
      "date": "2007-07-007",
      "time": "18.28",
      "place": "9",
      "team": "Otters",
      "yards": 0,
      "meet": "049",
      "opponent": "Shadowbrook"
    },
    {
      "name": "KeganH",
      "stroke": "Back",
      "age": "9-10",
      "gender": "Boys",
      "date": "2007-07-14",
      "time": "21.40",
      "place": "11",
      "team": "Otters",
      "yards": 0,
      "meet": "050",
      "opponent": "Champs"
    },
    {
      "name": "KeganH",
      "stroke": "Breast",
      "age": "9-10",
      "gender": "Boys",
      "date": "2007-07-14",
      "time": "25.74",
      "place": "22",
      "team": "Otters",
      "yards": 0,
      "meet": "050",
      "opponent": "Champs"
    },
    {
      "name": "KeganH",
      "stroke": "Freestyle",
      "age": "9-10",
      "gender": "Boys",
      "date": "2007-07-14",
      "time": "17.63",
      "place": "32",
      "team": "Otters",
      "yards": 0,
      "meet": "050",
      "opponent": "Champs"
    },
    {
      "name": "KeganH",
      "stroke": "Butterfly",
      "age": "9-10",
      "gender": "Boys",
      "date": "2008-05-31",
      "time": "20.53",
      "place": "4",
      "team": "Otters",
      "yards": 0,
      "meet": "051",
      "opponent": "Trials"
    },
    {
      "name": "KeganH",
      "stroke": "Back",
      "age": "9-10",
      "gender": "Boys",
      "date": "2008-05-31",
      "time": "21.32",
      "place": "4",
      "team": "Otters",
      "yards": 0,
      "meet": "051",
      "opponent": "Trials"
    },
    {
      "name": "KeganH",
      "stroke": "Breast",
      "age": "9-10",
      "gender": "Boys",
      "date": "2008-05-31",
      "time": "23.88",
      "place": "4",
      "team": "Otters",
      "yards": 0,
      "meet": "051",
      "opponent": "Trials"
    },
    {
      "name": "KeganH",
      "stroke": "Freestyle",
      "age": "9-10",
      "gender": "Boys",
      "date": "2008-05-31",
      "time": "18.46",
      "place": "5",
      "team": "Otters",
      "yards": 0,
      "meet": "051",
      "opponent": "Trials"
    },
    {
      "name": "KeganH",
      "stroke": "Back",
      "age": "11-12",
      "gender": "Boys",
      "date": "2008-06-007",
      "time": "41.99",
      "place": "3",
      "team": "Otters",
      "yards": 0,
      "meet": "052",
      "opponent": "Shadowbrook"
    },
    {
      "name": "KeganH",
      "stroke": "Breast",
      "age": "11-12",
      "gender": "Boys",
      "date": "2008-06-007",
      "time": "DQ",
      "place": "--",
      "team": "Otters",
      "yards": 0,
      "meet": "052",
      "opponent": "Shadowbrook"
    },
    {
      "name": "KeganH",
      "stroke": "Freestyle",
      "age": "11-12",
      "gender": "Boys",
      "date": "2008-06-007",
      "time": "37.86",
      "place": "5",
      "team": "Otters",
      "yards": 0,
      "meet": "052",
      "opponent": "Shadowbrook"
    },
    {
      "name": "KeganH",
      "stroke": "Butterfly",
      "age": "11-12",
      "gender": "Boys",
      "date": "2008-06-14",
      "time": "DQ",
      "place": "--",
      "team": "Otters",
      "yards": 0,
      "meet": "053",
      "opponent": "Pinehurst"
    },
    {
      "name": "KeganH",
      "stroke": "Back",
      "age": "11-12",
      "gender": "Boys",
      "date": "2008-06-14",
      "time": "45.47",
      "place": "5",
      "team": "Otters",
      "yards": 0,
      "meet": "053",
      "opponent": "Pinehurst"
    },
    {
      "name": "KeganH",
      "stroke": "Freestyle",
      "age": "11-12",
      "gender": "Boys",
      "date": "2008-06-14",
      "time": "35.16",
      "place": "7",
      "team": "Otters",
      "yards": 0,
      "meet": "053",
      "opponent": "Pinehurst"
    },
    {
      "name": "KeganH",
      "stroke": "Back",
      "age": "9-10",
      "gender": "Boys",
      "date": "2008-06-21",
      "time": "20.25",
      "place": "2",
      "team": "Otters",
      "yards": 0,
      "meet": "054",
      "opponent": "Crossgates"
    },
    {
      "name": "KeganH",
      "stroke": "Breast",
      "age": "9-10",
      "gender": "Boys",
      "date": "2008-06-21",
      "time": "25.18",
      "place": "7",
      "team": "Otters",
      "yards": 0,
      "meet": "054",
      "opponent": "Crossgates"
    },
    {
      "name": "KeganH",
      "stroke": "Freestyle",
      "age": "9-10",
      "gender": "Boys",
      "date": "2008-06-21",
      "time": "16.20",
      "place": "6",
      "team": "Otters",
      "yards": 0,
      "meet": "054",
      "opponent": "Crossgates"
    },
    {
      "name": "KeganH",
      "stroke": "Butterfly",
      "age": "9-10",
      "gender": "Boys",
      "date": "2008-06-28",
      "time": "20.14",
      "place": "5",
      "team": "Otters",
      "yards": 0,
      "meet": "055",
      "opponent": "Almaden"
    },
    {
      "name": "KeganH",
      "stroke": "Back",
      "age": "9-10",
      "gender": "Boys",
      "date": "2008-06-28",
      "time": "20.82",
      "place": "3",
      "team": "Otters",
      "yards": 0,
      "meet": "055",
      "opponent": "Almaden"
    },
    {
      "name": "KeganH",
      "stroke": "Freestyle",
      "age": "9-10",
      "gender": "Boys",
      "date": "2008-06-28",
      "time": "16.44",
      "place": "7",
      "team": "Otters",
      "yards": 0,
      "meet": "055",
      "opponent": "Almaden"
    },
    {
      "name": "KeganH",
      "stroke": "Butterfly",
      "age": "9-10",
      "gender": "Boys",
      "date": "2008-07-12",
      "time": "DQ",
      "place": "--",
      "team": "Otters",
      "yards": 0,
      "meet": "056",
      "opponent": "Creekside"
    },
    {
      "name": "KeganH",
      "stroke": "Breast",
      "age": "9-10",
      "gender": "Boys",
      "date": "2008-07-12",
      "time": "24.18",
      "place": "9",
      "team": "Otters",
      "yards": 0,
      "meet": "056",
      "opponent": "Creekside"
    },
    {
      "name": "KeganH",
      "stroke": "Freestyle",
      "age": "9-10",
      "gender": "Boys",
      "date": "2008-07-12",
      "time": "15.59",
      "place": "5",
      "team": "Otters",
      "yards": 0,
      "meet": "056",
      "opponent": "Creekside"
    },
    {
      "name": "KeganH",
      "stroke": "Back",
      "age": "9-10",
      "gender": "Boys",
      "date": "2008-07-19",
      "time": "20.76",
      "place": "9",
      "team": "Otters",
      "yards": 0,
      "meet": "057",
      "opponent": "Champs"
    },
    {
      "name": "KeganH",
      "stroke": "Breast",
      "age": "9-10",
      "gender": "Boys",
      "date": "2008-07-19",
      "time": "23.95",
      "place": "19",
      "team": "Otters",
      "yards": 0,
      "meet": "057",
      "opponent": "Champs"
    },
    {
      "name": "KeganH",
      "stroke": "Freestyle",
      "age": "9-10",
      "gender": "Boys",
      "date": "2008-07-19",
      "time": "16.56",
      "place": "19",
      "team": "Otters",
      "yards": 0,
      "meet": "057",
      "opponent": "Champs"
    },
    {
      "name": "KeganH",
      "stroke": "Butterfly",
      "age": "11-12",
      "gender": "Boys",
      "date": "2009-05-30",
      "time": "41.70",
      "place": "5",
      "team": "Otters",
      "yards": 0,
      "meet": "058",
      "opponent": "Trials"
    },
    {
      "name": "KeganH",
      "stroke": "Back",
      "age": "11-12",
      "gender": "Boys",
      "date": "2009-05-30",
      "time": "43.71",
      "place": "6",
      "team": "Otters",
      "yards": 0,
      "meet": "058",
      "opponent": "Trials"
    },
    {
      "name": "KeganH",
      "stroke": "Breast",
      "age": "11-12",
      "gender": "Boys",
      "date": "2009-05-30",
      "time": "47.73",
      "place": "6",
      "team": "Otters",
      "yards": 0,
      "meet": "058",
      "opponent": "Trials"
    },
    {
      "name": "KeganH",
      "stroke": "Freestyle",
      "age": "11-12",
      "gender": "Boys",
      "date": "2009-05-30",
      "time": "34.25",
      "place": "4",
      "team": "Otters",
      "yards": 0,
      "meet": "058",
      "opponent": "Trials"
    },
    {
      "name": "KeganH",
      "stroke": "Butterfly",
      "age": "11-12",
      "gender": "Boys",
      "date": "2009-06-006",
      "time": "45.27",
      "place": "4",
      "team": "Otters",
      "yards": 0,
      "meet": "059",
      "opponent": "Creekside"
    },
    {
      "name": "KeganH",
      "stroke": "Back",
      "age": "11-12",
      "gender": "Boys",
      "date": "2009-06-006",
      "time": "43.44",
      "place": "7",
      "team": "Otters",
      "yards": 0,
      "meet": "059",
      "opponent": "Creekside"
    },
    {
      "name": "KeganH",
      "stroke": "Freestyle",
      "age": "11-12",
      "gender": "Boys",
      "date": "2009-06-006",
      "time": "35.00",
      "place": "6",
      "team": "Otters",
      "yards": 0,
      "meet": "059",
      "opponent": "Creekside"
    },
    {
      "name": "KeganH",
      "stroke": "Back",
      "age": "11-12",
      "gender": "Boys",
      "date": "2009-06-13",
      "time": "42.94",
      "place": "6",
      "team": "Otters",
      "yards": 0,
      "meet": "060",
      "opponent": "Shadowbrook"
    },
    {
      "name": "KeganH",
      "stroke": "Breast",
      "age": "11-12",
      "gender": "Boys",
      "date": "2009-06-13",
      "time": "49.23",
      "place": "8",
      "team": "Otters",
      "yards": 0,
      "meet": "060",
      "opponent": "Shadowbrook"
    },
    {
      "name": "KeganH",
      "stroke": "Freestyle",
      "age": "11-12",
      "gender": "Boys",
      "date": "2009-06-13",
      "time": "34.81",
      "place": "7",
      "team": "Otters",
      "yards": 0,
      "meet": "060",
      "opponent": "Shadowbrook"
    },
    {
      "name": "KeganH",
      "stroke": "Butterfly",
      "age": "11-12",
      "gender": "Boys",
      "date": "2009-06-20",
      "time": "47.07",
      "place": "7",
      "team": "Otters",
      "yards": 0,
      "meet": "061",
      "opponent": "Pinehurst"
    },
    {
      "name": "KeganH",
      "stroke": "Back",
      "age": "11-12",
      "gender": "Boys",
      "date": "2009-06-20",
      "time": "46.07",
      "place": "3",
      "team": "Otters",
      "yards": 0,
      "meet": "061",
      "opponent": "Pinehurst"
    },
    {
      "name": "KeganH",
      "stroke": "Freestyle",
      "age": "11-12",
      "gender": "Boys",
      "date": "2009-06-20",
      "time": "36.78",
      "place": "8",
      "team": "Otters",
      "yards": 0,
      "meet": "061",
      "opponent": "Pinehurst"
    },
    {
      "name": "KeganH",
      "stroke": "Back",
      "age": "11-12",
      "gender": "Boys",
      "date": "2009-06-27",
      "time": "45.63",
      "place": "4",
      "team": "Otters",
      "yards": 0,
      "meet": "062",
      "opponent": "Crossgates"
    },
    {
      "name": "KeganH",
      "stroke": "Breast",
      "age": "11-12",
      "gender": "Boys",
      "date": "2009-06-27",
      "time": "55.91",
      "place": "6",
      "team": "Otters",
      "yards": 0,
      "meet": "062",
      "opponent": "Crossgates"
    },
    {
      "name": "KeganH",
      "stroke": "Freestyle",
      "age": "11-12",
      "gender": "Boys",
      "date": "2009-06-27",
      "time": "34.50",
      "place": "6",
      "team": "Otters",
      "yards": 0,
      "meet": "062",
      "opponent": "Crossgates"
    },
    {
      "name": "KeganH",
      "stroke": "Butterfly",
      "age": "11-12",
      "gender": "Boys",
      "date": "2009-07-11",
      "time": "42.01",
      "place": "5",
      "team": "Otters",
      "yards": 0,
      "meet": "063",
      "opponent": "Almaden"
    },
    {
      "name": "KeganH",
      "stroke": "Breast",
      "age": "11-12",
      "gender": "Boys",
      "date": "2009-07-11",
      "time": "47.69",
      "place": "8",
      "team": "Otters",
      "yards": 0,
      "meet": "063",
      "opponent": "Almaden"
    },
    {
      "name": "KeganH",
      "stroke": "Freestyle",
      "age": "11-12",
      "gender": "Boys",
      "date": "2009-07-11",
      "time": "35.42",
      "place": "13",
      "team": "Otters",
      "yards": 0,
      "meet": "063",
      "opponent": "Almaden"
    },
    {
      "name": "KeganH",
      "stroke": "Butterfly",
      "age": "11-12",
      "gender": "Boys",
      "date": "2009-07-18",
      "time": "42.93",
      "place": "19",
      "team": "Otters",
      "yards": 0,
      "meet": "064",
      "opponent": "Champs"
    },
    {
      "name": "KeganH",
      "stroke": "Breast",
      "age": "11-12",
      "gender": "Boys",
      "date": "2009-07-18",
      "time": "50.00",
      "place": "27",
      "team": "Otters",
      "yards": 0,
      "meet": "064",
      "opponent": "Champs"
    },
    {
      "name": "KeganH",
      "stroke": "Freestyle",
      "age": "11-12",
      "gender": "Boys",
      "date": "2009-07-18",
      "time": "34.90",
      "place": "30",
      "team": "Otters",
      "yards": 0,
      "meet": "064",
      "opponent": "Champs"
    },
    {
      "name": "KeganH",
      "stroke": "Butterfly",
      "age": "13-14",
      "gender": "Boys",
      "date": "2011-05-21",
      "time": "34.64",
      "place": "7",
      "team": "Otters",
      "yards": 0,
      "meet": "072",
      "opponent": "Trials"
    },
    {
      "name": "KeganH",
      "stroke": "Freestyle",
      "age": "13-14",
      "gender": "Boys",
      "date": "2011-05-21",
      "time": "31.25",
      "place": "5",
      "team": "Otters",
      "yards": 0,
      "meet": "072",
      "opponent": "Trials"
    },
    {
      "name": "KeganH",
      "stroke": "Butterfly",
      "age": "13-14",
      "gender": "Boys",
      "date": "2011-06-004",
      "time": "34.55",
      "place": "5",
      "team": "Otters",
      "yards": 0,
      "meet": "073",
      "opponent": "Crossgates"
    },
    {
      "name": "KeganH",
      "stroke": "Back",
      "age": "13-14",
      "gender": "Boys",
      "date": "2011-06-004",
      "time": "38.67",
      "place": "6",
      "team": "Otters",
      "yards": 0,
      "meet": "073",
      "opponent": "Crossgates"
    },
    {
      "name": "KeganH",
      "stroke": "Freestyle",
      "age": "13-14",
      "gender": "Boys",
      "date": "2011-06-004",
      "time": "29.36",
      "place": "7",
      "team": "Otters",
      "yards": 0,
      "meet": "073",
      "opponent": "Crossgates"
    },
    {
      "name": "KeganH",
      "stroke": "Butterfly",
      "age": "13-14",
      "gender": "Boys",
      "date": "2011-06-11",
      "time": "34.48",
      "place": "9",
      "team": "Otters",
      "yards": 0,
      "meet": "074",
      "opponent": "Almaden"
    },
    {
      "name": "KeganH",
      "stroke": "Back",
      "age": "13-14",
      "gender": "Boys",
      "date": "2011-06-11",
      "time": "36.97",
      "place": "7",
      "team": "Otters",
      "yards": 0,
      "meet": "074",
      "opponent": "Almaden"
    },
    {
      "name": "KeganH",
      "stroke": "Freestyle",
      "age": "13-14",
      "gender": "Boys",
      "date": "2011-06-11",
      "time": "30.03",
      "place": "11",
      "team": "Otters",
      "yards": 0,
      "meet": "074",
      "opponent": "Almaden"
    },
    {
      "name": "KeganH",
      "stroke": "Butterfly",
      "age": "13-14",
      "gender": "Boys",
      "date": "2011-06-18",
      "time": "34.36",
      "place": "9",
      "team": "Otters",
      "yards": 0,
      "meet": "075",
      "opponent": "Creekside"
    },
    {
      "name": "KeganH",
      "stroke": "Back",
      "age": "13-14",
      "gender": "Boys",
      "date": "2011-06-18",
      "time": "36.37",
      "place": "6",
      "team": "Otters",
      "yards": 0,
      "meet": "075",
      "opponent": "Creekside"
    },
    {
      "name": "KeganH",
      "stroke": "Freestyle",
      "age": "13-14",
      "gender": "Boys",
      "date": "2011-06-18",
      "time": "29.99",
      "place": "8",
      "team": "Otters",
      "yards": 0,
      "meet": "075",
      "opponent": "Creekside"
    },
    {
      "name": "KeganH",
      "stroke": "Butterfly",
      "age": "13-14",
      "gender": "Boys",
      "date": "2011-07-009",
      "time": "34.79",
      "place": "8",
      "team": "Otters",
      "yards": 0,
      "meet": "077",
      "opponent": "Pinehurst"
    },
    {
      "name": "KeganH",
      "stroke": "Breast",
      "age": "13-14",
      "gender": "Boys",
      "date": "2011-07-009",
      "time": "41.54",
      "place": "7",
      "team": "Otters",
      "yards": 0,
      "meet": "077",
      "opponent": "Pinehurst"
    },
    {
      "name": "KeganH",
      "stroke": "Freestyle",
      "age": "13-14",
      "gender": "Boys",
      "date": "2011-07-009",
      "time": "30.99",
      "place": "10",
      "team": "Otters",
      "yards": 0,
      "meet": "077",
      "opponent": "Pinehurst"
    },
    {
      "name": "KeganH",
      "stroke": "Butterfly",
      "age": "13-14",
      "gender": "Boys",
      "date": "2011-07-16",
      "time": "36.43",
      "place": "22",
      "team": "Otters",
      "yards": 0,
      "meet": "078",
      "opponent": "Champs"
    },
    {
      "name": "KeganH",
      "stroke": "Back",
      "age": "13-14",
      "gender": "Boys",
      "date": "2011-07-16",
      "time": "36.99",
      "place": "17",
      "team": "Otters",
      "yards": 0,
      "meet": "078",
      "opponent": "Champs"
    },
    {
      "name": "KeganH",
      "stroke": "Freestyle",
      "age": "13-14",
      "gender": "Boys",
      "date": "2011-07-16",
      "time": "29.93",
      "place": "30",
      "team": "Otters",
      "yards": 0,
      "meet": "078",
      "opponent": "Champs"
    },
    {
      "name": "KeganH",
      "stroke": "Butterfly",
      "age": "13-14",
      "gender": "Boys",
      "date": "2012-05-19",
      "time": "30.94",
      "place": "3",
      "team": "Otters",
      "yards": 0,
      "meet": "079",
      "opponent": "Trials"
    },
    {
      "name": "KeganH",
      "stroke": "Back",
      "age": "13-14",
      "gender": "Boys",
      "date": "2012-05-19",
      "time": "32.44",
      "place": "3",
      "team": "Otters",
      "yards": 0,
      "meet": "079",
      "opponent": "Trials"
    },
    {
      "name": "KeganH",
      "stroke": "Breast",
      "age": "13-14",
      "gender": "Boys",
      "date": "2012-05-19",
      "time": "37.19",
      "place": "3",
      "team": "Otters",
      "yards": 0,
      "meet": "079",
      "opponent": "Trials"
    },
    {
      "name": "KeganH",
      "stroke": "Freestyle",
      "age": "13-14",
      "gender": "Boys",
      "date": "2012-05-19",
      "time": "36.52",
      "place": "6",
      "team": "Otters",
      "yards": 0,
      "meet": "079",
      "opponent": "Trials"
    },
    {
      "name": "KeganH",
      "stroke": "Freestyle",
      "age": "13-14",
      "gender": "Boys",
      "date": "2012-06-002",
      "time": "25.80",
      "place": "4",
      "team": "Otters",
      "yards": 0,
      "meet": "080",
      "opponent": "Pinehurst"
    },
    {
      "name": "KeganH",
      "stroke": "Butterfly",
      "age": "13-14",
      "gender": "Boys",
      "date": "2012-06-009",
      "time": "32.81",
      "place": "3",
      "team": "Otters",
      "yards": 0,
      "meet": "081",
      "opponent": "Crossgates"
    },
    {
      "name": "KeganH",
      "stroke": "Back",
      "age": "13-14",
      "gender": "Boys",
      "date": "2012-06-009",
      "time": "33.72",
      "place": "3",
      "team": "Otters",
      "yards": 0,
      "meet": "081",
      "opponent": "Crossgates"
    },
    {
      "name": "KeganH",
      "stroke": "Freestyle",
      "age": "13-14",
      "gender": "Boys",
      "date": "2012-06-009",
      "time": "25.56",
      "place": "2",
      "team": "Otters",
      "yards": 0,
      "meet": "081",
      "opponent": "Crossgates"
    },
    {
      "name": "KeganH",
      "stroke": "Butterfly",
      "age": "13-14",
      "gender": "Boys",
      "date": "2012-06-16",
      "time": "30.46",
      "place": "6",
      "team": "Otters",
      "yards": 0,
      "meet": "082",
      "opponent": "Almaden"
    },
    {
      "name": "KeganH",
      "stroke": "Back",
      "age": "13-14",
      "gender": "Boys",
      "date": "2012-06-16",
      "time": "32.99",
      "place": "3",
      "team": "Otters",
      "yards": 0,
      "meet": "082",
      "opponent": "Almaden"
    },
    {
      "name": "KeganH",
      "stroke": "Freestyle",
      "age": "13-14",
      "gender": "Boys",
      "date": "2012-06-16",
      "time": "25.58",
      "place": "2",
      "team": "Otters",
      "yards": 0,
      "meet": "082",
      "opponent": "Almaden"
    },
    {
      "name": "KeganH",
      "stroke": "Butterfly",
      "age": "13-14",
      "gender": "Boys",
      "date": "2012-06-23",
      "time": "30.65",
      "place": "3",
      "team": "Otters",
      "yards": 0,
      "meet": "083",
      "opponent": "Creekside"
    },
    {
      "name": "KeganH",
      "stroke": "Back",
      "age": "13-14",
      "gender": "Boys",
      "date": "2012-06-23",
      "time": "32.73",
      "place": "1",
      "team": "Otters",
      "yards": 0,
      "meet": "083",
      "opponent": "Creekside"
    },
    {
      "name": "KeganH",
      "stroke": "Freestyle",
      "age": "13-14",
      "gender": "Boys",
      "date": "2012-06-23",
      "time": "25.64",
      "place": "2",
      "team": "Otters",
      "yards": 0,
      "meet": "083",
      "opponent": "Creekside"
    },
    {
      "name": "KeganH",
      "stroke": "Butterfly",
      "age": "13-14",
      "gender": "Boys",
      "date": "2012-06-30",
      "time": "30.47",
      "place": "6",
      "team": "Otters",
      "yards": 0,
      "meet": "084",
      "opponent": "Shadowbrook"
    },
    {
      "name": "KeganH",
      "stroke": "Back",
      "age": "13-14",
      "gender": "Boys",
      "date": "2012-06-30",
      "time": "33.51",
      "place": "6",
      "team": "Otters",
      "yards": 0,
      "meet": "084",
      "opponent": "Shadowbrook"
    },
    {
      "name": "KeganH",
      "stroke": "Freestyle",
      "age": "13-14",
      "gender": "Boys",
      "date": "2012-06-30",
      "time": "25.17",
      "place": "1",
      "team": "Otters",
      "yards": 0,
      "meet": "084",
      "opponent": "Shadowbrook"
    },
    {
      "name": "KeganH",
      "stroke": "Butterfly",
      "age": "13-14",
      "gender": "Boys",
      "date": "2012-07-14",
      "time": "29.27",
      "place": "10",
      "team": "Otters",
      "yards": 0,
      "meet": "085",
      "opponent": "Champs"
    },
    {
      "name": "KeganH",
      "stroke": "Back",
      "age": "13-14",
      "gender": "Boys",
      "date": "2012-07-14",
      "time": "33.19",
      "place": "6",
      "team": "Otters",
      "yards": 0,
      "meet": "085",
      "opponent": "Champs"
    },
    {
      "name": "KeganH",
      "stroke": "Freestyle",
      "age": "13-14",
      "gender": "Boys",
      "date": "2012-07-14",
      "time": "24.50",
      "place": "2",
      "team": "Otters",
      "yards": 0,
      "meet": "085",
      "opponent": "Champs"
    },
    {
      "name": "KeganH",
      "stroke": "Butterfly",
      "age": "15-18",
      "gender": "Boys",
      "date": "2013-05-18",
      "time": "27.56",
      "place": "2",
      "team": "Otters",
      "yards": 0,
      "meet": "086",
      "opponent": "Trials"
    },
    {
      "name": "KeganH",
      "stroke": "Back",
      "age": "15-18",
      "gender": "Boys",
      "date": "2013-05-18",
      "time": "31.22",
      "place": "2",
      "team": "Otters",
      "yards": 0,
      "meet": "086",
      "opponent": "Trials"
    },
    {
      "name": "KeganH",
      "stroke": "Breast",
      "age": "15-18",
      "gender": "Boys",
      "date": "2013-05-18",
      "time": "40.66",
      "place": "6",
      "team": "Otters",
      "yards": 0,
      "meet": "086",
      "opponent": "Trials"
    },
    {
      "name": "KeganH",
      "stroke": "Butterfly",
      "age": "15-18",
      "gender": "Boys",
      "date": "2013-06-001",
      "time": "27.08",
      "place": "3",
      "team": "Otters",
      "yards": 0,
      "meet": "087",
      "opponent": "Shadowbrook"
    },
    {
      "name": "KeganH",
      "stroke": "Back",
      "age": "15-18",
      "gender": "Boys",
      "date": "2013-06-001",
      "time": "30.75",
      "place": "6",
      "team": "Otters",
      "yards": 0,
      "meet": "087",
      "opponent": "Shadowbrook"
    },
    {
      "name": "KeganH",
      "stroke": "Freestyle",
      "age": "15-18",
      "gender": "Boys",
      "date": "2013-06-001",
      "time": "23.73",
      "place": "2",
      "team": "Otters",
      "yards": 0,
      "meet": "087",
      "opponent": "Shadowbrook"
    },
    {
      "name": "KeganH",
      "stroke": "Butterfly",
      "age": "15-18",
      "gender": "Boys",
      "date": "2013-06-008",
      "time": "27.27",
      "place": "6",
      "team": "Otters",
      "yards": 0,
      "meet": "088",
      "opponent": "Pinehurst"
    },
    {
      "name": "KeganH",
      "stroke": "Back",
      "age": "15-18",
      "gender": "Boys",
      "date": "2013-06-008",
      "time": "37.04",
      "place": "9",
      "team": "Otters",
      "yards": 0,
      "meet": "088",
      "opponent": "Pinehurst"
    },
    {
      "name": "KeganH",
      "stroke": "Freestyle",
      "age": "15-18",
      "gender": "Boys",
      "date": "2013-06-008",
      "time": "23.82",
      "place": "4",
      "team": "Otters",
      "yards": 0,
      "meet": "088",
      "opponent": "Pinehurst"
    },
    {
      "name": "KeganH",
      "stroke": "Butterfly",
      "age": "15-18",
      "gender": "Boys",
      "date": "2013-06-15",
      "time": "27.83",
      "place": "4",
      "team": "Otters",
      "yards": 0,
      "meet": "089",
      "opponent": "Crossgates"
    },
    {
      "name": "KeganH",
      "stroke": "Back",
      "age": "15-18",
      "gender": "Boys",
      "date": "2013-06-15",
      "time": "33.44",
      "place": "5",
      "team": "Otters",
      "yards": 0,
      "meet": "089",
      "opponent": "Crossgates"
    },
    {
      "name": "KeganH",
      "stroke": "Freestyle",
      "age": "15-18",
      "gender": "Boys",
      "date": "2013-06-15",
      "time": "30.33",
      "place": "12",
      "team": "Otters",
      "yards": 0,
      "meet": "089",
      "opponent": "Crossgates"
    },
    {
      "name": "KeganH",
      "stroke": "Butterfly",
      "age": "15-18",
      "gender": "Boys",
      "date": "2013-06-22",
      "time": "27.31",
      "place": "6",
      "team": "Otters",
      "yards": 0,
      "meet": "090",
      "opponent": "Almaden"
    },
    {
      "name": "KeganH",
      "stroke": "Back",
      "age": "15-18",
      "gender": "Boys",
      "date": "2013-06-22",
      "time": "30.32",
      "place": "6",
      "team": "Otters",
      "yards": 0,
      "meet": "090",
      "opponent": "Almaden"
    },
    {
      "name": "KeganH",
      "stroke": "Freestyle",
      "age": "15-18",
      "gender": "Boys",
      "date": "2013-06-22",
      "time": "23.78",
      "place": "3",
      "team": "Otters",
      "yards": 0,
      "meet": "090",
      "opponent": "Almaden"
    },
    {
      "name": "KeganH",
      "stroke": "Butterfly",
      "age": "15-18",
      "gender": "Boys",
      "date": "2013-06-29",
      "time": "27.19",
      "place": "4",
      "team": "Otters",
      "yards": 0,
      "meet": "091",
      "opponent": "Creekside"
    },
    {
      "name": "KeganH",
      "stroke": "Back",
      "age": "15-18",
      "gender": "Boys",
      "date": "2013-06-29",
      "time": "30.82",
      "place": "5",
      "team": "Otters",
      "yards": 0,
      "meet": "091",
      "opponent": "Creekside"
    },
    {
      "name": "KeganH",
      "stroke": "Breast",
      "age": "15-18",
      "gender": "Boys",
      "date": "2013-06-29",
      "time": "31.94",
      "place": "1",
      "team": "Otters",
      "yards": 0,
      "meet": "091",
      "opponent": "Creekside"
    },
    {
      "name": "KeganH",
      "stroke": "Butterfly",
      "age": "15-18",
      "gender": "Boys",
      "date": "2013-07-13",
      "time": "25.69",
      "place": "4",
      "team": "Otters",
      "yards": 0,
      "meet": "092",
      "opponent": "Almaden"
    },
    {
      "name": "KeganH",
      "stroke": "Breast",
      "age": "15-18",
      "gender": "Boys",
      "date": "2013-07-13",
      "time": "31.43",
      "place": "8",
      "team": "Otters",
      "yards": 0,
      "meet": "092",
      "opponent": "Almaden"
    },
    {
      "name": "KeganH",
      "stroke": "Freestyle",
      "age": "15-18",
      "gender": "Boys",
      "date": "2013-07-13",
      "time": "23.44",
      "place": "5",
      "team": "Otters",
      "yards": 0,
      "meet": "092",
      "opponent": "Almaden"
    },
    {
      "name": "KeganH",
      "stroke": "Butterfly",
      "age": "15-18",
      "gender": "Boys",
      "date": "2014-06-007",
      "time": "26.71",
      "place": "2",
      "team": "Otters",
      "yards": 0,
      "meet": "095",
      "opponent": "Shadowbrook"
    },
    {
      "name": "KeganH",
      "stroke": "Breast",
      "age": "15-18",
      "gender": "Boys",
      "date": "2014-06-007",
      "time": "32.33",
      "place": "4",
      "team": "Otters",
      "yards": 0,
      "meet": "095",
      "opponent": "Shadowbrook"
    },
    {
      "name": "KeganH",
      "stroke": "Freestyle",
      "age": "15-18",
      "gender": "Boys",
      "date": "2014-06-007",
      "time": "23.71",
      "place": "2",
      "team": "Otters",
      "yards": 0,
      "meet": "095",
      "opponent": "Shadowbrook"
    },
    {
      "name": "KeganH",
      "stroke": "Butterfly",
      "age": "15-18",
      "gender": "Boys",
      "date": "2014-06-21",
      "time": "27.13",
      "place": "3",
      "team": "Otters",
      "yards": 0,
      "meet": "097",
      "opponent": "Crossgates"
    },
    {
      "name": "KeganH",
      "stroke": "Breast",
      "age": "15-18",
      "gender": "Boys",
      "date": "2014-06-21",
      "time": "32.47",
      "place": "5",
      "team": "Otters",
      "yards": 0,
      "meet": "097",
      "opponent": "Crossgates"
    },
    {
      "name": "KeganH",
      "stroke": "Freestyle",
      "age": "15-18",
      "gender": "Boys",
      "date": "2014-06-21",
      "time": "22.75",
      "place": "2",
      "team": "Otters",
      "yards": 0,
      "meet": "097",
      "opponent": "Crossgates"
    },
    {
      "name": "KeganH",
      "stroke": "Butterfly",
      "age": "15-18",
      "gender": "Boys",
      "date": "2014-06-28",
      "time": "26.20",
      "place": "4",
      "team": "Otters",
      "yards": 0,
      "meet": "098",
      "opponent": "Almaden"
    },
    {
      "name": "KeganH",
      "stroke": "Breast",
      "age": "15-18",
      "gender": "Boys",
      "date": "2014-06-28",
      "time": "31.77",
      "place": "5",
      "team": "Otters",
      "yards": 0,
      "meet": "098",
      "opponent": "Almaden"
    },
    {
      "name": "KeganH",
      "stroke": "Freestyle",
      "age": "15-18",
      "gender": "Boys",
      "date": "2014-06-28",
      "time": "22.36",
      "place": "2",
      "team": "Otters",
      "yards": 0,
      "meet": "098",
      "opponent": "Almaden"
    },
    {
      "name": "KeganH",
      "stroke": "Butterfly",
      "age": "15-18",
      "gender": "Boys",
      "date": "2014-07-12",
      "time": "25.60",
      "place": "6",
      "team": "Otters",
      "yards": 0,
      "meet": "099",
      "opponent": "Champs"
    },
    {
      "name": "KeganH",
      "stroke": "Breast",
      "age": "15-18",
      "gender": "Boys",
      "date": "2014-07-12",
      "time": "31.43",
      "place": "10",
      "team": "Otters",
      "yards": 0,
      "meet": "099",
      "opponent": "Champs"
    },
    {
      "name": "KeganH",
      "stroke": "Butterfly",
      "age": "15-18",
      "gender": "Boys",
      "date": "2015-05-30",
      "time": "26.12",
      "place": "3",
      "team": "Otters",
      "yards": 0,
      "meet": "101",
      "opponent": "Almaden"
    },
    {
      "name": "KeganH",
      "stroke": "Breast",
      "age": "15-18",
      "gender": "Boys",
      "date": "2015-05-30",
      "time": "30.31",
      "place": "3",
      "team": "Otters",
      "yards": 0,
      "meet": "101",
      "opponent": "Almaden"
    },
    {
      "name": "KeganH",
      "stroke": "Freestyle",
      "age": "15-18",
      "gender": "Boys",
      "date": "2015-05-30",
      "time": "22.72",
      "place": "1",
      "team": "Otters",
      "yards": 0,
      "meet": "101",
      "opponent": "Almaden"
    },
    {
      "name": "KeganH",
      "stroke": "Butterfly",
      "age": "15-18",
      "gender": "Boys",
      "date": "2015-06-006",
      "time": "25.71",
      "place": "2",
      "team": "Otters",
      "yards": 0,
      "meet": "102",
      "opponent": "Creekside"
    },
    {
      "name": "KeganH",
      "stroke": "Breast",
      "age": "15-18",
      "gender": "Boys",
      "date": "2015-06-006",
      "time": "30.24",
      "place": "1",
      "team": "Otters",
      "yards": 0,
      "meet": "102",
      "opponent": "Creekside"
    },
    {
      "name": "KeganH",
      "stroke": "Freestyle",
      "age": "15-18",
      "gender": "Boys",
      "date": "2015-06-006",
      "time": "22.74",
      "place": "1",
      "team": "Otters",
      "yards": 0,
      "meet": "102",
      "opponent": "Creekside"
    },
    {
      "name": "KeganH",
      "stroke": "Butterfly",
      "age": "15-18",
      "gender": "Boys",
      "date": "2015-06-13",
      "time": "25.77",
      "place": "2",
      "team": "Otters",
      "yards": 0,
      "meet": "103",
      "opponent": "Shadowbrook"
    },
    {
      "name": "KeganH",
      "stroke": "Breast",
      "age": "15-18",
      "gender": "Boys",
      "date": "2015-06-13",
      "time": "30.74",
      "place": "1",
      "team": "Otters",
      "yards": 0,
      "meet": "103",
      "opponent": "Shadowbrook"
    },
    {
      "name": "KeganH",
      "stroke": "Freestyle",
      "age": "15-18",
      "gender": "Boys",
      "date": "2015-06-13",
      "time": "23.20",
      "place": "1",
      "team": "Otters",
      "yards": 0,
      "meet": "103",
      "opponent": "Shadowbrook"
    },
    {
      "name": "KeganH",
      "stroke": "Butterfly",
      "age": "15-18",
      "gender": "Boys",
      "date": "2015-06-20",
      "time": "25.74",
      "place": "2",
      "team": "Otters",
      "yards": 0,
      "meet": "104",
      "opponent": "Pinehurst"
    },
    {
      "name": "KeganH",
      "stroke": "Breast",
      "age": "15-18",
      "gender": "Boys",
      "date": "2015-06-20",
      "time": "31.17",
      "place": "1",
      "team": "Otters",
      "yards": 0,
      "meet": "104",
      "opponent": "Pinehurst"
    },
    {
      "name": "KeganH",
      "stroke": "Freestyle",
      "age": "15-18",
      "gender": "Boys",
      "date": "2015-06-20",
      "time": "23.24",
      "place": "1",
      "team": "Otters",
      "yards": 0,
      "meet": "104",
      "opponent": "Pinehurst"
    },
    {
      "name": "KeganH",
      "stroke": "Butterfly",
      "age": "15-18",
      "gender": "Boys",
      "date": "2015-06-27",
      "time": "25.93",
      "place": "2",
      "team": "Otters",
      "yards": 0,
      "meet": "105",
      "opponent": "Crossgates"
    },
    {
      "name": "KeganH",
      "stroke": "Breast",
      "age": "15-18",
      "gender": "Boys",
      "date": "2015-06-27",
      "time": "32.05",
      "place": "2",
      "team": "Otters",
      "yards": 0,
      "meet": "105",
      "opponent": "Crossgates"
    },
    {
      "name": "KeganH",
      "stroke": "Freestyle",
      "age": "15-18",
      "gender": "Boys",
      "date": "2015-06-27",
      "time": "24.15",
      "place": "1",
      "team": "Otters",
      "yards": 0,
      "meet": "105",
      "opponent": "Crossgates"
    },
    {
      "name": "KeganH",
      "stroke": "Butterfly",
      "age": "15-18",
      "gender": "Boys",
      "date": "2015-07-11",
      "time": "25.25",
      "place": "11",
      "team": "Otters",
      "yards": 0,
      "meet": "106",
      "opponent": "Champs"
    },
    {
      "name": "KeganH",
      "stroke": "Breast",
      "age": "15-18",
      "gender": "Boys",
      "date": "2015-07-11",
      "time": "30.30",
      "place": "6",
      "team": "Otters",
      "yards": 0,
      "meet": "106",
      "opponent": "Champs"
    },
    {
      "name": "KeganH",
      "stroke": "Freestyle",
      "age": "15-18",
      "gender": "Boys",
      "date": "2015-07-11",
      "time": "22.08",
      "place": "2",
      "team": "Otters",
      "yards": 0,
      "meet": "106",
      "opponent": "Champs"
    },
    {
      "name": "KeganH",
      "stroke": "Butterfly",
      "age": "15-18",
      "gender": "Boys",
      "date": "2016-05-20",
      "time": "32.24",
      "place": "5",
      "team": "Otters",
      "yards": 0,
      "meet": "107",
      "opponent": "Trials"
    }
  ]
}