{
  "scores": [
    {
      "name": "KeilaI",
      "stroke": "Freestyle",
      "age": "7-8",
      "gender": "Girls",
      "date": "2008-05-31",
      "time": "41.09",
      "place": "20",
      "team": "Otters",
      "yards": 0,
      "meet": "051",
      "opponent": "Trials"
    },
    {
      "name": "KeilaI",
      "stroke": "Back",
      "age": "7-8",
      "gender": "Girls",
      "date": "2008-06-14",
      "time": "44.50",
      "place": "18",
      "team": "Otters",
      "yards": 0,
      "meet": "053",
      "opponent": "Pinehurst"
    },
    {
      "name": "KeilaI",
      "stroke": "Freestyle",
      "age": "7-8",
      "gender": "Girls",
      "date": "2008-06-14",
      "time": "37.32",
      "place": "21",
      "team": "Otters",
      "yards": 0,
      "meet": "053",
      "opponent": "Pinehurst"
    },
    {
      "name": "KeilaI",
      "stroke": "Back",
      "age": "7-8",
      "gender": "Girls",
      "date": "2008-06-28",
      "time": "35.59",
      "place": "17",
      "team": "Otters",
      "yards": 0,
      "meet": "055",
      "opponent": "Almaden"
    },
    {
      "name": "KeilaI",
      "stroke": "Freestyle",
      "age": "7-8",
      "gender": "Girls",
      "date": "2008-06-28",
      "time": "30.36",
      "place": "24",
      "team": "Otters",
      "yards": 0,
      "meet": "055",
      "opponent": "Almaden"
    },
    {
      "name": "KeilaI",
      "stroke": "Back",
      "age": "7-8",
      "gender": "Girls",
      "date": "2008-07-12",
      "time": "34.28",
      "place": "21",
      "team": "Otters",
      "yards": 0,
      "meet": "056",
      "opponent": "Creekside"
    },
    {
      "name": "KeilaI",
      "stroke": "Breast",
      "age": "8 & Under",
      "gender": "Girls",
      "date": "2008-07-12",
      "time": "40.75",
      "place": "14",
      "team": "Otters",
      "yards": 0,
      "meet": "056",
      "opponent": "Creekside"
    },
    {
      "name": "KeilaI",
      "stroke": "Freestyle",
      "age": "7-8",
      "gender": "Girls",
      "date": "2008-07-12",
      "time": "29.19",
      "place": "26",
      "team": "Otters",
      "yards": 0,
      "meet": "056",
      "opponent": "Creekside"
    },
    {
      "name": "KeilaI",
      "stroke": "Butterfly",
      "age": "9-10",
      "gender": "Girls",
      "date": "2009-05-30",
      "time": "DQ",
      "place": "--",
      "team": "Otters",
      "yards": 0,
      "meet": "058",
      "opponent": "Trials"
    },
    {
      "name": "KeilaI",
      "stroke": "Back",
      "age": "9-10",
      "gender": "Girls",
      "date": "2009-05-30",
      "time": "29.61",
      "place": "24",
      "team": "Otters",
      "yards": 0,
      "meet": "058",
      "opponent": "Trials"
    },
    {
      "name": "KeilaI",
      "stroke": "Breast",
      "age": "9-10",
      "gender": "Girls",
      "date": "2009-05-30",
      "time": "DQ",
      "place": "--",
      "team": "Otters",
      "yards": 0,
      "meet": "058",
      "opponent": "Trials"
    },
    {
      "name": "KeilaI",
      "stroke": "Freestyle",
      "age": "9-10",
      "gender": "Girls",
      "date": "2009-05-30",
      "time": "24.59",
      "place": "25",
      "team": "Otters",
      "yards": 0,
      "meet": "058",
      "opponent": "Trials"
    }
  ]
}