{
  "scores": [
    {
      "name": "KeithA",
      "stroke": "Back",
      "age": "13-14",
      "gender": "Boys",
      "date": "2001-06-09",
      "time": "37.70",
      "place": "5",
      "team": "Otters",
      "yards": 0,
      "meet": "001",
      "opponent": "Crossgates"
    },
    {
      "name": "KeithA",
      "stroke": "Breast",
      "age": "13-14",
      "gender": "Boys",
      "date": "2001-06-09",
      "time": "38.00",
      "place": "2",
      "team": "Otters",
      "yards": 0,
      "meet": "001",
      "opponent": "Crossgates"
    },
    {
      "name": "KeithA",
      "stroke": "Freestyle",
      "age": "13-14",
      "gender": "Boys",
      "date": "2001-06-09",
      "time": "29.97",
      "place": "4",
      "team": "Otters",
      "yards": 0,
      "meet": "001",
      "opponent": "Crossgates"
    },
    {
      "name": "KeithA",
      "stroke": "Back",
      "age": "13-14",
      "gender": "Boys",
      "date": "2001-06-16",
      "time": "38.28",
      "place": "6",
      "team": "Otters",
      "yards": 0,
      "meet": "002",
      "opponent": "Almaden"
    },
    {
      "name": "KeithA",
      "stroke": "Breast",
      "age": "13-14",
      "gender": "Boys",
      "date": "2001-06-16",
      "time": "37.32",
      "place": "4",
      "team": "Otters",
      "yards": 0,
      "meet": "002",
      "opponent": "Almaden"
    },
    {
      "name": "KeithA",
      "stroke": "Freestyle",
      "age": "13-14",
      "gender": "Boys",
      "date": "2001-06-16",
      "time": "30.17",
      "place": "6",
      "team": "Otters",
      "yards": 0,
      "meet": "002",
      "opponent": "Almaden"
    },
    {
      "name": "KeithA",
      "stroke": "Back",
      "age": "13-14",
      "gender": "Boys",
      "date": "2001-06-30",
      "time": "DQ",
      "place": "--",
      "team": "Otters",
      "yards": 0,
      "meet": "004",
      "opponent": "Shadowbrook"
    },
    {
      "name": "KeithA",
      "stroke": "Breast",
      "age": "13-14",
      "gender": "Boys",
      "date": "2001-06-30",
      "time": "37.14",
      "place": "2",
      "team": "Otters",
      "yards": 0,
      "meet": "004",
      "opponent": "Shadowbrook"
    },
    {
      "name": "KeithA",
      "stroke": "Freestyle",
      "age": "13-14",
      "gender": "Boys",
      "date": "2001-06-30",
      "time": "29.94",
      "place": "3",
      "team": "Otters",
      "yards": 0,
      "meet": "004",
      "opponent": "Shadowbrook"
    },
    {
      "name": "KeithA",
      "stroke": "Back",
      "age": "13-14",
      "gender": "Boys",
      "date": "2001-07-14",
      "time": "36.84",
      "place": "3",
      "team": "Otters",
      "yards": 0,
      "meet": "005",
      "opponent": "Pinehurst"
    },
    {
      "name": "KeithA",
      "stroke": "Breast",
      "age": "13-14",
      "gender": "Boys",
      "date": "2001-07-14",
      "time": "37.16",
      "place": "2",
      "team": "Otters",
      "yards": 0,
      "meet": "005",
      "opponent": "Pinehurst"
    },
    {
      "name": "KeithA",
      "stroke": "Freestyle",
      "age": "13-14",
      "gender": "Boys",
      "date": "2001-07-14",
      "time": "28.79",
      "place": "3",
      "team": "Otters",
      "yards": 0,
      "meet": "005",
      "opponent": "Pinehurst"
    },
    {
      "name": "KeithA",
      "stroke": "Back",
      "age": "13-14",
      "gender": "Boys",
      "date": "2001-07-21",
      "time": "37.70",
      "place": "14",
      "team": "Otters",
      "yards": 0,
      "meet": "006",
      "opponent": "Champs"
    },
    {
      "name": "KeithA",
      "stroke": "Breast",
      "age": "13-14",
      "gender": "Boys",
      "date": "2001-07-21",
      "time": "36.34",
      "place": "6",
      "team": "Otters",
      "yards": 0,
      "meet": "006",
      "opponent": "Champs"
    },
    {
      "name": "KeithA",
      "stroke": "Freestyle",
      "age": "13-14",
      "gender": "Boys",
      "date": "2001-07-21",
      "time": "28.65",
      "place": "14",
      "team": "Otters",
      "yards": 0,
      "meet": "006",
      "opponent": "Champs"
    }
  ]
}