{
  "scores": [
    {
      "name": "KylieW",
      "stroke": "Back",
      "age": "7-8",
      "gender": "Girls",
      "date": "2009-06-006",
      "time": "27.59",
      "place": "11",
      "team": "Otters",
      "yards": 0,
      "meet": "059",
      "opponent": "Creekside"
    },
    {
      "name": "KylieW",
      "stroke": "Breast",
      "age": "8 & Under",
      "gender": "Girls",
      "date": "2009-06-006",
      "time": "DQ",
      "place": "--",
      "team": "Otters",
      "yards": 0,
      "meet": "059",
      "opponent": "Creekside"
    },
    {
      "name": "KylieW",
      "stroke": "Freestyle",
      "age": "7-8",
      "gender": "Girls",
      "date": "2009-06-006",
      "time": "28.78",
      "place": "23",
      "team": "Otters",
      "yards": 0,
      "meet": "059",
      "opponent": "Creekside"
    },
    {
      "name": "KylieW",
      "stroke": "Back",
      "age": "7-8",
      "gender": "Girls",
      "date": "2009-06-20",
      "time": "28.49",
      "place": "5",
      "team": "Otters",
      "yards": 0,
      "meet": "061",
      "opponent": "Pinehurst"
    },
    {
      "name": "KylieW",
      "stroke": "Breast",
      "age": "8 & Under",
      "gender": "Girls",
      "date": "2009-06-20",
      "time": "DQ",
      "place": "--",
      "team": "Otters",
      "yards": 0,
      "meet": "061",
      "opponent": "Pinehurst"
    },
    {
      "name": "KylieW",
      "stroke": "Freestyle",
      "age": "7-8",
      "gender": "Girls",
      "date": "2009-06-20",
      "time": "27.49",
      "place": "9",
      "team": "Otters",
      "yards": 0,
      "meet": "061",
      "opponent": "Pinehurst"
    },
    {
      "name": "KylieW",
      "stroke": "Back",
      "age": "7-8",
      "gender": "Girls",
      "date": "2009-06-27",
      "time": "26.44",
      "place": "9",
      "team": "Otters",
      "yards": 0,
      "meet": "062",
      "opponent": "Crossgates"
    },
    {
      "name": "KylieW",
      "stroke": "Breast",
      "age": "8 & Under",
      "gender": "Girls",
      "date": "2009-06-27",
      "time": "DQ",
      "place": "--",
      "team": "Otters",
      "yards": 0,
      "meet": "062",
      "opponent": "Crossgates"
    },
    {
      "name": "KylieW",
      "stroke": "Freestyle",
      "age": "7-8",
      "gender": "Girls",
      "date": "2009-06-27",
      "time": "30.00",
      "place": "31",
      "team": "Otters",
      "yards": 0,
      "meet": "062",
      "opponent": "Crossgates"
    },
    {
      "name": "KylieW",
      "stroke": "Back",
      "age": "7-8",
      "gender": "Girls",
      "date": "2009-07-11",
      "time": "27.18",
      "place": "15",
      "team": "Otters",
      "yards": 0,
      "meet": "063",
      "opponent": "Almaden"
    },
    {
      "name": "KylieW",
      "stroke": "Freestyle",
      "age": "7-8",
      "gender": "Girls",
      "date": "2009-07-11",
      "time": "25.90",
      "place": "24",
      "team": "Otters",
      "yards": 0,
      "meet": "063",
      "opponent": "Almaden"
    },
    {
      "name": "KylieW",
      "stroke": "Back",
      "age": "7-8",
      "gender": "Girls",
      "date": "2009-07-18",
      "time": "28.72",
      "place": "44",
      "team": "Otters",
      "yards": 0,
      "meet": "064",
      "opponent": "Champs"
    },
    {
      "name": "KylieW",
      "stroke": "Freestyle",
      "age": "7-8",
      "gender": "Girls",
      "date": "2009-07-18",
      "time": "27.56",
      "place": "78",
      "team": "Otters",
      "yards": 0,
      "meet": "064",
      "opponent": "Champs"
    },
    {
      "name": "KylieW",
      "stroke": "Butterfly",
      "age": "9-10",
      "gender": "Girls",
      "date": "2010-05-22",
      "time": "25.61",
      "place": "13",
      "team": "Otters",
      "yards": 0,
      "meet": "065",
      "opponent": "Trials"
    },
    {
      "name": "KylieW",
      "stroke": "Back",
      "age": "9-10",
      "gender": "Girls",
      "date": "2010-05-22",
      "time": "26.44",
      "place": "13",
      "team": "Otters",
      "yards": 0,
      "meet": "065",
      "opponent": "Trials"
    },
    {
      "name": "KylieW",
      "stroke": "Breast",
      "age": "9-10",
      "gender": "Girls",
      "date": "2010-05-22",
      "time": "27.52",
      "place": "13",
      "team": "Otters",
      "yards": 0,
      "meet": "065",
      "opponent": "Trials"
    },
    {
      "name": "KylieW",
      "stroke": "Freestyle",
      "age": "9-10",
      "gender": "Girls",
      "date": "2010-05-22",
      "time": "22.23",
      "place": "17",
      "team": "Otters",
      "yards": 0,
      "meet": "065",
      "opponent": "Trials"
    },
    {
      "name": "KylieW",
      "stroke": "Butterfly",
      "age": "9-10",
      "gender": "Girls",
      "date": "2010-06-12",
      "time": "23.75",
      "place": "11",
      "team": "Otters",
      "yards": 0,
      "meet": "067",
      "opponent": "Creekside"
    },
    {
      "name": "KylieW",
      "stroke": "Breast",
      "age": "9-10",
      "gender": "Girls",
      "date": "2010-06-12",
      "time": "25.62",
      "place": "14",
      "team": "Otters",
      "yards": 0,
      "meet": "067",
      "opponent": "Creekside"
    },
    {
      "name": "KylieW",
      "stroke": "Freestyle",
      "age": "9-10",
      "gender": "Girls",
      "date": "2010-06-12",
      "time": "20.56",
      "place": "24",
      "team": "Otters",
      "yards": 0,
      "meet": "067",
      "opponent": "Creekside"
    },
    {
      "name": "KylieW",
      "stroke": "Back",
      "age": "9-10",
      "gender": "Girls",
      "date": "2010-06-19",
      "time": "25.55",
      "place": "9",
      "team": "Otters",
      "yards": 0,
      "meet": "068",
      "opponent": "Shadowbrook"
    },
    {
      "name": "KylieW",
      "stroke": "Breast",
      "age": "9-10",
      "gender": "Girls",
      "date": "2010-06-19",
      "time": "26.48",
      "place": "5",
      "team": "Otters",
      "yards": 0,
      "meet": "068",
      "opponent": "Shadowbrook"
    },
    {
      "name": "KylieW",
      "stroke": "Freestyle",
      "age": "9-10",
      "gender": "Girls",
      "date": "2010-06-19",
      "time": "20.33",
      "place": "15",
      "team": "Otters",
      "yards": 0,
      "meet": "068",
      "opponent": "Shadowbrook"
    },
    {
      "name": "KylieW",
      "stroke": "Back",
      "age": "9-10",
      "gender": "Girls",
      "date": "2010-07-10",
      "time": "25.25",
      "place": "16",
      "team": "Otters",
      "yards": 0,
      "meet": "070",
      "opponent": "Crossgates"
    },
    {
      "name": "KylieW",
      "stroke": "Breast",
      "age": "9-10",
      "gender": "Girls",
      "date": "2010-07-10",
      "time": "26.50",
      "place": "10",
      "team": "Otters",
      "yards": 0,
      "meet": "070",
      "opponent": "Crossgates"
    },
    {
      "name": "KylieW",
      "stroke": "Freestyle",
      "age": "9-10",
      "gender": "Girls",
      "date": "2010-07-10",
      "time": "20.84",
      "place": "22",
      "team": "Otters",
      "yards": 0,
      "meet": "070",
      "opponent": "Crossgates"
    },
    {
      "name": "KylieW",
      "stroke": "Back",
      "age": "9-10",
      "gender": "Girls",
      "date": "2010-07-17",
      "time": "26.78",
      "place": "59",
      "team": "Otters",
      "yards": 0,
      "meet": "071",
      "opponent": "Champs"
    },
    {
      "name": "KylieW",
      "stroke": "Breast",
      "age": "9-10",
      "gender": "Girls",
      "date": "2010-07-17",
      "time": "25.79",
      "place": "40",
      "team": "Otters",
      "yards": 0,
      "meet": "071",
      "opponent": "Champs"
    },
    {
      "name": "KylieW",
      "stroke": "Freestyle",
      "age": "9-10",
      "gender": "Girls",
      "date": "2010-07-17",
      "time": "22.34",
      "place": "93",
      "team": "Otters",
      "yards": 0,
      "meet": "071",
      "opponent": "Champs"
    },
    {
      "name": "KylieW",
      "stroke": "Butterfly",
      "age": "9-10",
      "gender": "Girls",
      "date": "2011-05-21",
      "time": "24.53",
      "place": "12",
      "team": "Otters",
      "yards": 0,
      "meet": "072",
      "opponent": "Trials"
    },
    {
      "name": "KylieW",
      "stroke": "Back",
      "age": "9-10",
      "gender": "Girls",
      "date": "2011-05-21",
      "time": "25.96",
      "place": "11",
      "team": "Otters",
      "yards": 0,
      "meet": "072",
      "opponent": "Trials"
    },
    {
      "name": "KylieW",
      "stroke": "Breast",
      "age": "9-10",
      "gender": "Girls",
      "date": "2011-05-21",
      "time": "24.22",
      "place": "4",
      "team": "Otters",
      "yards": 0,
      "meet": "072",
      "opponent": "Trials"
    },
    {
      "name": "KylieW",
      "stroke": "Freestyle",
      "age": "9-10",
      "gender": "Girls",
      "date": "2011-05-21",
      "time": "18.63",
      "place": "6",
      "team": "Otters",
      "yards": 0,
      "meet": "072",
      "opponent": "Trials"
    },
    {
      "name": "KylieW",
      "stroke": "Butterfly",
      "age": "9-10",
      "gender": "Girls",
      "date": "2011-06-004",
      "time": "DQ",
      "place": "--",
      "team": "Otters",
      "yards": 0,
      "meet": "073",
      "opponent": "Crossgates"
    },
    {
      "name": "KylieW",
      "stroke": "Butterfly",
      "age": "9-10",
      "gender": "Girls",
      "date": "2011-06-11",
      "time": "24.34",
      "place": "15",
      "team": "Otters",
      "yards": 0,
      "meet": "074",
      "opponent": "Almaden"
    },
    {
      "name": "KylieW",
      "stroke": "Breast",
      "age": "9-10",
      "gender": "Girls",
      "date": "2011-06-11",
      "time": "23.73",
      "place": "7",
      "team": "Otters",
      "yards": 0,
      "meet": "074",
      "opponent": "Almaden"
    },
    {
      "name": "KylieW",
      "stroke": "Freestyle",
      "age": "9-10",
      "gender": "Girls",
      "date": "2011-06-11",
      "time": "19.27",
      "place": "17",
      "team": "Otters",
      "yards": 0,
      "meet": "074",
      "opponent": "Almaden"
    },
    {
      "name": "KylieW",
      "stroke": "Butterfly",
      "age": "9-10",
      "gender": "Girls",
      "date": "2011-06-18",
      "time": "24.56",
      "place": "14",
      "team": "Otters",
      "yards": 0,
      "meet": "075",
      "opponent": "Creekside"
    },
    {
      "name": "KylieW",
      "stroke": "Breast",
      "age": "9-10",
      "gender": "Girls",
      "date": "2011-06-18",
      "time": "23.59",
      "place": "6",
      "team": "Otters",
      "yards": 0,
      "meet": "075",
      "opponent": "Creekside"
    },
    {
      "name": "KylieW",
      "stroke": "Freestyle",
      "age": "9-10",
      "gender": "Girls",
      "date": "2011-06-18",
      "time": "19.89",
      "place": "20",
      "team": "Otters",
      "yards": 0,
      "meet": "075",
      "opponent": "Creekside"
    },
    {
      "name": "KylieW",
      "stroke": "Back",
      "age": "9-10",
      "gender": "Girls",
      "date": "2011-07-009",
      "time": "22.56",
      "place": "5",
      "team": "Otters",
      "yards": 0,
      "meet": "077",
      "opponent": "Pinehurst"
    },
    {
      "name": "KylieW",
      "stroke": "Breast",
      "age": "9-10",
      "gender": "Girls",
      "date": "2011-07-009",
      "time": "22.65",
      "place": "2",
      "team": "Otters",
      "yards": 0,
      "meet": "077",
      "opponent": "Pinehurst"
    },
    {
      "name": "KylieW",
      "stroke": "Freestyle",
      "age": "9-10",
      "gender": "Girls",
      "date": "2011-07-009",
      "time": "17.89",
      "place": "5",
      "team": "Otters",
      "yards": 0,
      "meet": "077",
      "opponent": "Pinehurst"
    },
    {
      "name": "KylieW",
      "stroke": "Back",
      "age": "9-10",
      "gender": "Girls",
      "date": "2011-07-16",
      "time": "23.95",
      "place": "43",
      "team": "Otters",
      "yards": 0,
      "meet": "078",
      "opponent": "Champs"
    },
    {
      "name": "KylieW",
      "stroke": "Breast",
      "age": "9-10",
      "gender": "Girls",
      "date": "2011-07-16",
      "time": "22.53",
      "place": "19",
      "team": "Otters",
      "yards": 0,
      "meet": "078",
      "opponent": "Champs"
    },
    {
      "name": "KylieW",
      "stroke": "Freestyle",
      "age": "9-10",
      "gender": "Girls",
      "date": "2011-07-16",
      "time": "18.70",
      "place": "53",
      "team": "Otters",
      "yards": 0,
      "meet": "078",
      "opponent": "Champs"
    },
    {
      "name": "KylieW",
      "stroke": "Butterfly",
      "age": "11-12",
      "gender": "Girls",
      "date": "2012-05-19",
      "time": "51.19",
      "place": "13",
      "team": "Otters",
      "yards": 0,
      "meet": "079",
      "opponent": "Trials"
    },
    {
      "name": "KylieW",
      "stroke": "Back",
      "age": "11-12",
      "gender": "Girls",
      "date": "2012-05-19",
      "time": "51.32",
      "place": "14",
      "team": "Otters",
      "yards": 0,
      "meet": "079",
      "opponent": "Trials"
    },
    {
      "name": "KylieW",
      "stroke": "Breast",
      "age": "11-12",
      "gender": "Girls",
      "date": "2012-05-19",
      "time": "47.63",
      "place": "5",
      "team": "Otters",
      "yards": 0,
      "meet": "079",
      "opponent": "Trials"
    },
    {
      "name": "KylieW",
      "stroke": "Freestyle",
      "age": "11-12",
      "gender": "Girls",
      "date": "2012-05-19",
      "time": "42.62",
      "place": "19",
      "team": "Otters",
      "yards": 0,
      "meet": "079",
      "opponent": "Trials"
    },
    {
      "name": "KylieW",
      "stroke": "Back",
      "age": "11-12",
      "gender": "Girls",
      "date": "2012-06-002",
      "time": "47.09",
      "place": "14",
      "team": "Otters",
      "yards": 0,
      "meet": "080",
      "opponent": "Pinehurst"
    },
    {
      "name": "KylieW",
      "stroke": "Breast",
      "age": "11-12",
      "gender": "Girls",
      "date": "2012-06-002",
      "time": "47.40",
      "place": "7",
      "team": "Otters",
      "yards": 0,
      "meet": "080",
      "opponent": "Pinehurst"
    },
    {
      "name": "KylieW",
      "stroke": "Freestyle",
      "age": "11-12",
      "gender": "Girls",
      "date": "2012-06-002",
      "time": "41.61",
      "place": "20",
      "team": "Otters",
      "yards": 0,
      "meet": "080",
      "opponent": "Pinehurst"
    },
    {
      "name": "KylieW",
      "stroke": "Back",
      "age": "11-12",
      "gender": "Girls",
      "date": "2012-06-009",
      "time": "46.63",
      "place": "10",
      "team": "Otters",
      "yards": 0,
      "meet": "081",
      "opponent": "Crossgates"
    },
    {
      "name": "KylieW",
      "stroke": "Breast",
      "age": "11-12",
      "gender": "Girls",
      "date": "2012-06-009",
      "time": "46.93",
      "place": "12",
      "team": "Otters",
      "yards": 0,
      "meet": "081",
      "opponent": "Crossgates"
    },
    {
      "name": "KylieW",
      "stroke": "Freestyle",
      "age": "11-12",
      "gender": "Girls",
      "date": "2012-06-009",
      "time": "40.72",
      "place": "26",
      "team": "Otters",
      "yards": 0,
      "meet": "081",
      "opponent": "Crossgates"
    },
    {
      "name": "KylieW",
      "stroke": "Back",
      "age": "11-12",
      "gender": "Girls",
      "date": "2012-06-16",
      "time": "48.31",
      "place": "19",
      "team": "Otters",
      "yards": 0,
      "meet": "082",
      "opponent": "Almaden"
    },
    {
      "name": "KylieW",
      "stroke": "Breast",
      "age": "11-12",
      "gender": "Girls",
      "date": "2012-06-16",
      "time": "47.06",
      "place": "12",
      "team": "Otters",
      "yards": 0,
      "meet": "082",
      "opponent": "Almaden"
    },
    {
      "name": "KylieW",
      "stroke": "Freestyle",
      "age": "11-12",
      "gender": "Girls",
      "date": "2012-06-16",
      "time": "41.46",
      "place": "34",
      "team": "Otters",
      "yards": 0,
      "meet": "082",
      "opponent": "Almaden"
    },
    {
      "name": "KylieW",
      "stroke": "Back",
      "age": "11-12",
      "gender": "Girls",
      "date": "2012-06-23",
      "time": "53.93",
      "place": "20",
      "team": "Otters",
      "yards": 0,
      "meet": "083",
      "opponent": "Creekside"
    },
    {
      "name": "KylieW",
      "stroke": "Breast",
      "age": "11-12",
      "gender": "Girls",
      "date": "2012-06-23",
      "time": "47.51",
      "place": "9",
      "team": "Otters",
      "yards": 0,
      "meet": "083",
      "opponent": "Creekside"
    },
    {
      "name": "KylieW",
      "stroke": "Freestyle",
      "age": "11-12",
      "gender": "Girls",
      "date": "2012-06-23",
      "time": "42.89",
      "place": "32",
      "team": "Otters",
      "yards": 0,
      "meet": "083",
      "opponent": "Creekside"
    },
    {
      "name": "KylieW",
      "stroke": "Back",
      "age": "11-12",
      "gender": "Girls",
      "date": "2012-06-30",
      "time": "50.10",
      "place": "15",
      "team": "Otters",
      "yards": 0,
      "meet": "084",
      "opponent": "Shadowbrook"
    },
    {
      "name": "KylieW",
      "stroke": "Breast",
      "age": "11-12",
      "gender": "Girls",
      "date": "2012-06-30",
      "time": "46.74",
      "place": "6",
      "team": "Otters",
      "yards": 0,
      "meet": "084",
      "opponent": "Shadowbrook"
    },
    {
      "name": "KylieW",
      "stroke": "Back",
      "age": "11-12",
      "gender": "Girls",
      "date": "2012-07-14",
      "time": "x50.90",
      "place": "54",
      "team": "Otters",
      "yards": 0,
      "meet": "085",
      "opponent": "Champs"
    },
    {
      "name": "KylieW",
      "stroke": "Breast",
      "age": "11-12",
      "gender": "Girls",
      "date": "2012-07-14",
      "time": "46.25",
      "place": "27",
      "team": "Otters",
      "yards": 0,
      "meet": "085",
      "opponent": "Champs"
    },
    {
      "name": "KylieW",
      "stroke": "Freestyle",
      "age": "11-12",
      "gender": "Girls",
      "date": "2012-07-14",
      "time": "42.34",
      "place": "82",
      "team": "Otters",
      "yards": 0,
      "meet": "085",
      "opponent": "Champs"
    },
    {
      "name": "KylieW",
      "stroke": "Butterfly",
      "age": "11-12",
      "gender": "Girls",
      "date": "2013-05-18",
      "time": "40.65",
      "place": "9",
      "team": "Otters",
      "yards": 0,
      "meet": "086",
      "opponent": "Trials"
    },
    {
      "name": "KylieW",
      "stroke": "Back",
      "age": "11-12",
      "gender": "Girls",
      "date": "2013-05-18",
      "time": "44.35",
      "place": "10",
      "team": "Otters",
      "yards": 0,
      "meet": "086",
      "opponent": "Trials"
    },
    {
      "name": "KylieW",
      "stroke": "Breast",
      "age": "11-12",
      "gender": "Girls",
      "date": "2013-05-18",
      "time": "42.69",
      "place": "3",
      "team": "Otters",
      "yards": 0,
      "meet": "086",
      "opponent": "Trials"
    },
    {
      "name": "KylieW",
      "stroke": "Freestyle",
      "age": "11-12",
      "gender": "Girls",
      "date": "2013-05-18",
      "time": "36.09",
      "place": "11",
      "team": "Otters",
      "yards": 0,
      "meet": "086",
      "opponent": "Trials"
    },
    {
      "name": "KylieW",
      "stroke": "Back",
      "age": "11-12",
      "gender": "Girls",
      "date": "2013-06-001",
      "time": "43.96",
      "place": "9",
      "team": "Otters",
      "yards": 0,
      "meet": "087",
      "opponent": "Shadowbrook"
    },
    {
      "name": "KylieW",
      "stroke": "Breast",
      "age": "11-12",
      "gender": "Girls",
      "date": "2013-06-001",
      "time": "42.55",
      "place": "3",
      "team": "Otters",
      "yards": 0,
      "meet": "087",
      "opponent": "Shadowbrook"
    },
    {
      "name": "KylieW",
      "stroke": "Freestyle",
      "age": "11-12",
      "gender": "Girls",
      "date": "2013-06-001",
      "time": "36.08",
      "place": "16",
      "team": "Otters",
      "yards": 0,
      "meet": "087",
      "opponent": "Shadowbrook"
    },
    {
      "name": "KylieW",
      "stroke": "Butterfly",
      "age": "11-12",
      "gender": "Girls",
      "date": "2013-06-008",
      "time": "42.83",
      "place": "8",
      "team": "Otters",
      "yards": 0,
      "meet": "088",
      "opponent": "Pinehurst"
    },
    {
      "name": "KylieW",
      "stroke": "Back",
      "age": "11-12",
      "gender": "Girls",
      "date": "2013-06-008",
      "time": "44.30",
      "place": "6",
      "team": "Otters",
      "yards": 0,
      "meet": "088",
      "opponent": "Pinehurst"
    },
    {
      "name": "KylieW",
      "stroke": "Breast",
      "age": "11-12",
      "gender": "Girls",
      "date": "2013-06-008",
      "time": "40.77",
      "place": "2",
      "team": "Otters",
      "yards": 0,
      "meet": "088",
      "opponent": "Pinehurst"
    },
    {
      "name": "KylieW",
      "stroke": "Back",
      "age": "11-12",
      "gender": "Girls",
      "date": "2013-06-22",
      "time": "44.50",
      "place": "14",
      "team": "Otters",
      "yards": 0,
      "meet": "090",
      "opponent": "Almaden"
    },
    {
      "name": "KylieW",
      "stroke": "Breast",
      "age": "11-12",
      "gender": "Girls",
      "date": "2013-06-22",
      "time": "42.31",
      "place": "5",
      "team": "Otters",
      "yards": 0,
      "meet": "090",
      "opponent": "Almaden"
    },
    {
      "name": "KylieW",
      "stroke": "Freestyle",
      "age": "11-12",
      "gender": "Girls",
      "date": "2013-06-22",
      "time": "36.78",
      "place": "24",
      "team": "Otters",
      "yards": 0,
      "meet": "090",
      "opponent": "Almaden"
    },
    {
      "name": "KylieW",
      "stroke": "Breast",
      "age": "11-12",
      "gender": "Girls",
      "date": "2013-06-29",
      "time": "41.94",
      "place": "3",
      "team": "Otters",
      "yards": 0,
      "meet": "091",
      "opponent": "Creekside"
    },
    {
      "name": "KylieW",
      "stroke": "Freestyle",
      "age": "11-12",
      "gender": "Girls",
      "date": "2013-06-29",
      "time": "35.96",
      "place": "20",
      "team": "Otters",
      "yards": 0,
      "meet": "091",
      "opponent": "Creekside"
    },
    {
      "name": "KylieW",
      "stroke": "Back",
      "age": "11-12",
      "gender": "Girls",
      "date": "2013-07-13",
      "time": "42.62",
      "place": "32",
      "team": "Otters",
      "yards": 0,
      "meet": "092",
      "opponent": "Almaden"
    },
    {
      "name": "KylieW",
      "stroke": "Breast",
      "age": "11-12",
      "gender": "Girls",
      "date": "2013-07-13",
      "time": "41.21",
      "place": "11",
      "team": "Otters",
      "yards": 0,
      "meet": "092",
      "opponent": "Almaden"
    },
    {
      "name": "KylieW",
      "stroke": "Freestyle",
      "age": "11-12",
      "gender": "Girls",
      "date": "2013-07-13",
      "time": "34.89",
      "place": "55",
      "team": "Otters",
      "yards": 0,
      "meet": "092",
      "opponent": "Almaden"
    },
    {
      "name": "KylieW",
      "stroke": "Butterfly",
      "age": "13-14",
      "gender": "Girls",
      "date": "2014-05-17",
      "time": "37.88",
      "place": "10",
      "team": "Otters",
      "yards": 0,
      "meet": "093",
      "opponent": "Trials"
    },
    {
      "name": "KylieW",
      "stroke": "Back",
      "age": "13-14",
      "gender": "Girls",
      "date": "2014-05-17",
      "time": "40.07",
      "place": "11",
      "team": "Otters",
      "yards": 0,
      "meet": "093",
      "opponent": "Trials"
    },
    {
      "name": "KylieW",
      "stroke": "Breast",
      "age": "13-14",
      "gender": "Girls",
      "date": "2014-05-17",
      "time": "38.76",
      "place": "2",
      "team": "Otters",
      "yards": 0,
      "meet": "093",
      "opponent": "Trials"
    },
    {
      "name": "KylieW",
      "stroke": "Freestyle",
      "age": "13-14",
      "gender": "Girls",
      "date": "2014-05-17",
      "time": "32.38",
      "place": "9",
      "team": "Otters",
      "yards": 0,
      "meet": "093",
      "opponent": "Trials"
    },
    {
      "name": "KylieW",
      "stroke": "Butterfly",
      "age": "13-14",
      "gender": "Girls",
      "date": "2014-06-007",
      "time": "37.66",
      "place": "10",
      "team": "Otters",
      "yards": 0,
      "meet": "095",
      "opponent": "Shadowbrook"
    },
    {
      "name": "KylieW",
      "stroke": "Breast",
      "age": "13-14",
      "gender": "Girls",
      "date": "2014-06-007",
      "time": "38.81",
      "place": "4",
      "team": "Otters",
      "yards": 0,
      "meet": "095",
      "opponent": "Shadowbrook"
    },
    {
      "name": "KylieW",
      "stroke": "Freestyle",
      "age": "13-14",
      "gender": "Girls",
      "date": "2014-06-007",
      "time": "32.37",
      "place": "14",
      "team": "Otters",
      "yards": 0,
      "meet": "095",
      "opponent": "Shadowbrook"
    },
    {
      "name": "KylieW",
      "stroke": "Butterfly",
      "age": "13-14",
      "gender": "Girls",
      "date": "2014-06-21",
      "time": "37.72",
      "place": "13",
      "team": "Otters",
      "yards": 0,
      "meet": "097",
      "opponent": "Crossgates"
    },
    {
      "name": "KylieW",
      "stroke": "Breast",
      "age": "13-14",
      "gender": "Girls",
      "date": "2014-06-21",
      "time": "39.22",
      "place": "6",
      "team": "Otters",
      "yards": 0,
      "meet": "097",
      "opponent": "Crossgates"
    },
    {
      "name": "KylieW",
      "stroke": "Freestyle",
      "age": "13-14",
      "gender": "Girls",
      "date": "2014-06-21",
      "time": "32.84",
      "place": "19",
      "team": "Otters",
      "yards": 0,
      "meet": "097",
      "opponent": "Crossgates"
    },
    {
      "name": "KylieW",
      "stroke": "Butterfly",
      "age": "13-14",
      "gender": "Girls",
      "date": "2014-06-28",
      "time": "36.43",
      "place": "16",
      "team": "Otters",
      "yards": 0,
      "meet": "098",
      "opponent": "Almaden"
    },
    {
      "name": "KylieW",
      "stroke": "Breast",
      "age": "13-14",
      "gender": "Girls",
      "date": "2014-06-28",
      "time": "37.79",
      "place": "5",
      "team": "Otters",
      "yards": 0,
      "meet": "098",
      "opponent": "Almaden"
    },
    {
      "name": "KylieW",
      "stroke": "Freestyle",
      "age": "13-14",
      "gender": "Girls",
      "date": "2014-06-28",
      "time": "32.00",
      "place": "20",
      "team": "Otters",
      "yards": 0,
      "meet": "098",
      "opponent": "Almaden"
    },
    {
      "name": "KylieW",
      "stroke": "Butterfly",
      "age": "13-14",
      "gender": "Girls",
      "date": "2014-07-12",
      "time": "36.63",
      "place": "30",
      "team": "Otters",
      "yards": 0,
      "meet": "099",
      "opponent": "Champs"
    },
    {
      "name": "KylieW",
      "stroke": "Breast",
      "age": "13-14",
      "gender": "Girls",
      "date": "2014-07-12",
      "time": "38.35",
      "place": "11",
      "team": "Otters",
      "yards": 0,
      "meet": "099",
      "opponent": "Champs"
    },
    {
      "name": "KylieW",
      "stroke": "Freestyle",
      "age": "13-14",
      "gender": "Girls",
      "date": "2014-07-12",
      "time": "32.08",
      "place": "44",
      "team": "Otters",
      "yards": 0,
      "meet": "099",
      "opponent": "Champs"
    },
    {
      "name": "KylieW",
      "stroke": "Butterfly",
      "age": "13-14",
      "gender": "Girls",
      "date": "2015-05-31",
      "time": "35.08",
      "place": "9",
      "team": "Otters",
      "yards": 0,
      "meet": "100",
      "opponent": "Trials"
    },
    {
      "name": "KylieW",
      "stroke": "Back",
      "age": "13-14",
      "gender": "Girls",
      "date": "2015-05-31",
      "time": "37.10",
      "place": "6",
      "team": "Otters",
      "yards": 0,
      "meet": "100",
      "opponent": "Trials"
    },
    {
      "name": "KylieW",
      "stroke": "Breast",
      "age": "13-14",
      "gender": "Girls",
      "date": "2015-05-31",
      "time": "37.49",
      "place": "1",
      "team": "Otters",
      "yards": 0,
      "meet": "100",
      "opponent": "Trials"
    },
    {
      "name": "KylieW",
      "stroke": "Freestyle",
      "age": "13-14",
      "gender": "Girls",
      "date": "2015-05-31",
      "time": "31.25",
      "place": "9",
      "team": "Otters",
      "yards": 0,
      "meet": "100",
      "opponent": "Trials"
    },
    {
      "name": "KylieW",
      "stroke": "Butterfly",
      "age": "13-14",
      "gender": "Girls",
      "date": "2015-05-30",
      "time": "34.81",
      "place": "11",
      "team": "Otters",
      "yards": 0,
      "meet": "101",
      "opponent": "Almaden"
    },
    {
      "name": "KylieW",
      "stroke": "Breast",
      "age": "13-14",
      "gender": "Girls",
      "date": "2015-05-30",
      "time": "35.94",
      "place": "2",
      "team": "Otters",
      "yards": 0,
      "meet": "101",
      "opponent": "Almaden"
    },
    {
      "name": "KylieW",
      "stroke": "Freestyle",
      "age": "13-14",
      "gender": "Girls",
      "date": "2015-05-30",
      "time": "30.19",
      "place": "11",
      "team": "Otters",
      "yards": 0,
      "meet": "101",
      "opponent": "Almaden"
    },
    {
      "name": "KylieW",
      "stroke": "Butterfly",
      "age": "13-14",
      "gender": "Girls",
      "date": "2015-06-006",
      "time": "35.12",
      "place": "9",
      "team": "Otters",
      "yards": 0,
      "meet": "102",
      "opponent": "Creekside"
    },
    {
      "name": "KylieW",
      "stroke": "Breast",
      "age": "13-14",
      "gender": "Girls",
      "date": "2015-06-006",
      "time": "37.02",
      "place": "2",
      "team": "Otters",
      "yards": 0,
      "meet": "102",
      "opponent": "Creekside"
    },
    {
      "name": "KylieW",
      "stroke": "Freestyle",
      "age": "13-14",
      "gender": "Girls",
      "date": "2015-06-006",
      "time": "30.63",
      "place": "10",
      "team": "Otters",
      "yards": 0,
      "meet": "102",
      "opponent": "Creekside"
    },
    {
      "name": "KylieW",
      "stroke": "Butterfly",
      "age": "13-14",
      "gender": "Girls",
      "date": "2015-06-20",
      "time": "35.50",
      "place": "8",
      "team": "Otters",
      "yards": 0,
      "meet": "104",
      "opponent": "Pinehurst"
    },
    {
      "name": "KylieW",
      "stroke": "Breast",
      "age": "13-14",
      "gender": "Girls",
      "date": "2015-06-20",
      "time": "35.99",
      "place": "1",
      "team": "Otters",
      "yards": 0,
      "meet": "104",
      "opponent": "Pinehurst"
    },
    {
      "name": "KylieW",
      "stroke": "Freestyle",
      "age": "13-14",
      "gender": "Girls",
      "date": "2015-06-20",
      "time": "31.23",
      "place": "12",
      "team": "Otters",
      "yards": 0,
      "meet": "104",
      "opponent": "Pinehurst"
    },
    {
      "name": "KylieW",
      "stroke": "Butterfly",
      "age": "13-14",
      "gender": "Girls",
      "date": "2015-06-27",
      "time": "36.02",
      "place": "11",
      "team": "Otters",
      "yards": 0,
      "meet": "105",
      "opponent": "Crossgates"
    },
    {
      "name": "KylieW",
      "stroke": "Breast",
      "age": "13-14",
      "gender": "Girls",
      "date": "2015-06-27",
      "time": "36.73",
      "place": "2",
      "team": "Otters",
      "yards": 0,
      "meet": "105",
      "opponent": "Crossgates"
    },
    {
      "name": "KylieW",
      "stroke": "Freestyle",
      "age": "13-14",
      "gender": "Girls",
      "date": "2015-06-27",
      "time": "31.35",
      "place": "13",
      "team": "Otters",
      "yards": 0,
      "meet": "105",
      "opponent": "Crossgates"
    },
    {
      "name": "KylieW",
      "stroke": "Butterfly",
      "age": "13-14",
      "gender": "Girls",
      "date": "2015-07-11",
      "time": "34.74",
      "place": "25",
      "team": "Otters",
      "yards": 0,
      "meet": "106",
      "opponent": "Champs"
    },
    {
      "name": "KylieW",
      "stroke": "Breast",
      "age": "13-14",
      "gender": "Girls",
      "date": "2015-07-11",
      "time": "35.47",
      "place": "9",
      "team": "Otters",
      "yards": 0,
      "meet": "106",
      "opponent": "Champs"
    },
    {
      "name": "KylieW",
      "stroke": "Freestyle",
      "age": "13-14",
      "gender": "Girls",
      "date": "2015-07-11",
      "time": "31.22",
      "place": "35",
      "team": "Otters",
      "yards": 0,
      "meet": "106",
      "opponent": "Champs"
    },
    {
      "name": "KylieW",
      "stroke": "Butterfly",
      "age": "15-18",
      "gender": "Girls",
      "date": "2016-05-20",
      "time": "32.57",
      "place": "5",
      "team": "Otters",
      "yards": 0,
      "meet": "107",
      "opponent": "Trials"
    },
    {
      "name": "KylieW",
      "stroke": "Back",
      "age": "15-18",
      "gender": "Girls",
      "date": "2016-05-20",
      "time": "34.76",
      "place": "5",
      "team": "Otters",
      "yards": 0,
      "meet": "107",
      "opponent": "Trials"
    },
    {
      "name": "KylieW",
      "stroke": "Breast",
      "age": "15-18",
      "gender": "Girls",
      "date": "2016-05-20",
      "time": "35.99",
      "place": "4",
      "team": "Otters",
      "yards": 0,
      "meet": "107",
      "opponent": "Trials"
    },
    {
      "name": "KylieW",
      "stroke": "Freestyle",
      "age": "15-18",
      "gender": "Girls",
      "date": "2016-05-20",
      "time": "30.08",
      "place": "5",
      "team": "Otters",
      "yards": 0,
      "meet": "107",
      "opponent": "Trials"
    }
  ]
}