{
  "scores": [
    {
      "name": "LaytonS",
      "stroke": "Freestyle",
      "age": "6 & Under",
      "gender": "Boys",
      "date": "2015-05-31",
      "time": "52.59",
      "place": "6",
      "team": "Otters",
      "yards": 0,
      "meet": "100",
      "opponent": "Trials"
    },
    {
      "name": "LaytonS",
      "stroke": "Back",
      "age": "6 & Under",
      "gender": "Boys",
      "date": "2015-06-006",
      "time": "1:08.33",
      "place": "6",
      "team": "Otters",
      "yards": 0,
      "meet": "102",
      "opponent": "Creekside"
    },
    {
      "name": "LaytonS",
      "stroke": "Freestyle",
      "age": "6 & Under",
      "gender": "Boys",
      "date": "2015-06-006",
      "time": "44.75",
      "place": "8",
      "team": "Otters",
      "yards": 0,
      "meet": "102",
      "opponent": "Creekside"
    },
    {
      "name": "LaytonS",
      "stroke": "Back",
      "age": "6 & Under",
      "gender": "Boys",
      "date": "2015-06-13",
      "time": "52.48",
      "place": "8",
      "team": "Otters",
      "yards": 0,
      "meet": "103",
      "opponent": "Shadowbrook"
    },
    {
      "name": "LaytonS",
      "stroke": "Freestyle",
      "age": "6 & Under",
      "gender": "Boys",
      "date": "2015-06-13",
      "time": "39.72",
      "place": "6",
      "team": "Otters",
      "yards": 0,
      "meet": "103",
      "opponent": "Shadowbrook"
    },
    {
      "name": "LaytonS",
      "stroke": "Back",
      "age": "6 & Under",
      "gender": "Boys",
      "date": "2015-06-20",
      "time": "1:05.56",
      "place": "13",
      "team": "Otters",
      "yards": 0,
      "meet": "104",
      "opponent": "Pinehurst"
    },
    {
      "name": "LaytonS",
      "stroke": "Freestyle",
      "age": "6 & Under",
      "gender": "Boys",
      "date": "2015-06-20",
      "time": "53.30",
      "place": "14",
      "team": "Otters",
      "yards": 0,
      "meet": "104",
      "opponent": "Pinehurst"
    },
    {
      "name": "LaytonS",
      "stroke": "Back",
      "age": "6 & Under",
      "gender": "Boys",
      "date": "2016-05-20",
      "time": "39.09",
      "place": "2",
      "team": "Otters",
      "yards": 0,
      "meet": "107",
      "opponent": "Trials"
    },
    {
      "name": "LaytonS",
      "stroke": "Freestyle",
      "age": "6 & Under",
      "gender": "Boys",
      "date": "2016-05-20",
      "time": "38.67",
      "place": "3",
      "team": "Otters",
      "yards": 0,
      "meet": "107",
      "opponent": "Trials"
    }
  ]
}