{
  "scores": [
    {
      "name": "LoganM",
      "stroke": "Butterfly",
      "age": "8 & Under",
      "gender": "Boys",
      "date": "2008-05-31",
      "time": "40.69",
      "place": "12",
      "team": "Otters",
      "yards": 0,
      "meet": "051",
      "opponent": "Trials"
    },
    {
      "name": "LoganM",
      "stroke": "Back",
      "age": "6 & Under",
      "gender": "Boys",
      "date": "2008-05-31",
      "time": "1:05.38",
      "place": "6",
      "team": "Otters",
      "yards": 0,
      "meet": "051",
      "opponent": "Trials"
    },
    {
      "name": "LoganM",
      "stroke": "Breast",
      "age": "8 & Under",
      "gender": "Boys",
      "date": "2008-05-31",
      "time": "38.03",
      "place": "9",
      "team": "Otters",
      "yards": 0,
      "meet": "051",
      "opponent": "Trials"
    },
    {
      "name": "LoganM",
      "stroke": "Freestyle",
      "age": "6 & Under",
      "gender": "Boys",
      "date": "2008-05-31",
      "time": "34.89",
      "place": "4",
      "team": "Otters",
      "yards": 0,
      "meet": "051",
      "opponent": "Trials"
    },
    {
      "name": "LoganM",
      "stroke": "Back",
      "age": "6 & Under",
      "gender": "Boys",
      "date": "2008-06-007",
      "time": "44.96",
      "place": "6",
      "team": "Otters",
      "yards": 0,
      "meet": "052",
      "opponent": "Shadowbrook"
    },
    {
      "name": "LoganM",
      "stroke": "Freestyle",
      "age": "6 & Under",
      "gender": "Boys",
      "date": "2008-06-007",
      "time": "30.75",
      "place": "5",
      "team": "Otters",
      "yards": 0,
      "meet": "052",
      "opponent": "Shadowbrook"
    },
    {
      "name": "LoganM",
      "stroke": "Back",
      "age": "6 & Under",
      "gender": "Boys",
      "date": "2008-06-14",
      "time": "DQ",
      "place": "--",
      "team": "Otters",
      "yards": 0,
      "meet": "053",
      "opponent": "Pinehurst"
    },
    {
      "name": "LoganM",
      "stroke": "Freestyle",
      "age": "6 & Under",
      "gender": "Boys",
      "date": "2008-06-14",
      "time": "34.28",
      "place": "11",
      "team": "Otters",
      "yards": 0,
      "meet": "053",
      "opponent": "Pinehurst"
    },
    {
      "name": "LoganM",
      "stroke": "Back",
      "age": "6 & Under",
      "gender": "Boys",
      "date": "2008-06-21",
      "time": "33.66",
      "place": "7",
      "team": "Otters",
      "yards": 0,
      "meet": "054",
      "opponent": "Crossgates"
    },
    {
      "name": "LoganM",
      "stroke": "Back",
      "age": "6 & Under",
      "gender": "Boys",
      "date": "2008-06-28",
      "time": "44.25",
      "place": "5",
      "team": "Otters",
      "yards": 0,
      "meet": "055",
      "opponent": "Almaden"
    },
    {
      "name": "LoganM",
      "stroke": "Back",
      "age": "6 & Under",
      "gender": "Boys",
      "date": "2008-07-12",
      "time": "37.78",
      "place": "6",
      "team": "Otters",
      "yards": 0,
      "meet": "056",
      "opponent": "Creekside"
    },
    {
      "name": "LoganM",
      "stroke": "Freestyle",
      "age": "6 & Under",
      "gender": "Boys",
      "date": "2008-07-12",
      "time": "31.49",
      "place": "6",
      "team": "Otters",
      "yards": 0,
      "meet": "056",
      "opponent": "Creekside"
    },
    {
      "name": "LoganM",
      "stroke": "Back",
      "age": "6 & Under",
      "gender": "Boys",
      "date": "2008-07-19",
      "time": "38.37",
      "place": "24",
      "team": "Otters",
      "yards": 0,
      "meet": "057",
      "opponent": "Champs"
    },
    {
      "name": "LoganM",
      "stroke": "Freestyle",
      "age": "6 & Under",
      "gender": "Boys",
      "date": "2008-07-19",
      "time": "28.05",
      "place": "17",
      "team": "Otters",
      "yards": 0,
      "meet": "057",
      "opponent": "Champs"
    },
    {
      "name": "LoganM",
      "stroke": "Butterfly",
      "age": "8 & Under",
      "gender": "Boys",
      "date": "2010-05-22",
      "time": "38.78",
      "place": "5",
      "team": "Otters",
      "yards": 0,
      "meet": "065",
      "opponent": "Trials"
    },
    {
      "name": "LoganM",
      "stroke": "Back",
      "age": "7-8",
      "gender": "Boys",
      "date": "2010-05-22",
      "time": "34.09",
      "place": "6",
      "team": "Otters",
      "yards": 0,
      "meet": "065",
      "opponent": "Trials"
    },
    {
      "name": "LoganM",
      "stroke": "Breast",
      "age": "8 & Under",
      "gender": "Boys",
      "date": "2010-05-22",
      "time": "31.80",
      "place": "2",
      "team": "Otters",
      "yards": 0,
      "meet": "065",
      "opponent": "Trials"
    },
    {
      "name": "LoganM",
      "stroke": "Freestyle",
      "age": "7-8",
      "gender": "Boys",
      "date": "2010-05-22",
      "time": "23.77",
      "place": "3",
      "team": "Otters",
      "yards": 0,
      "meet": "065",
      "opponent": "Trials"
    },
    {
      "name": "LoganM",
      "stroke": "Butterfly",
      "age": "8 & Under",
      "gender": "Boys",
      "date": "2010-06-005",
      "time": "27.59",
      "place": "2",
      "team": "Otters",
      "yards": 0,
      "meet": "066",
      "opponent": "Almaden"
    },
    {
      "name": "LoganM",
      "stroke": "Breast",
      "age": "8 & Under",
      "gender": "Boys",
      "date": "2010-06-005",
      "time": "27.69",
      "place": "3",
      "team": "Otters",
      "yards": 0,
      "meet": "066",
      "opponent": "Almaden"
    },
    {
      "name": "LoganM",
      "stroke": "Freestyle",
      "age": "7-8",
      "gender": "Boys",
      "date": "2010-06-005",
      "time": "20.29",
      "place": "4",
      "team": "Otters",
      "yards": 0,
      "meet": "066",
      "opponent": "Almaden"
    },
    {
      "name": "LoganM",
      "stroke": "Back",
      "age": "7-8",
      "gender": "Boys",
      "date": "2010-06-12",
      "time": "29.89",
      "place": "5",
      "team": "Otters",
      "yards": 0,
      "meet": "067",
      "opponent": "Creekside"
    },
    {
      "name": "LoganM",
      "stroke": "Freestyle",
      "age": "7-8",
      "gender": "Boys",
      "date": "2010-06-12",
      "time": "19.72",
      "place": "3",
      "team": "Otters",
      "yards": 0,
      "meet": "067",
      "opponent": "Creekside"
    },
    {
      "name": "LoganM",
      "stroke": "Butterfly",
      "age": "8 & Under",
      "gender": "Boys",
      "date": "2010-06-19",
      "time": "27.83",
      "place": "3",
      "team": "Otters",
      "yards": 0,
      "meet": "068",
      "opponent": "Shadowbrook"
    },
    {
      "name": "LoganM",
      "stroke": "Breast",
      "age": "8 & Under",
      "gender": "Boys",
      "date": "2010-06-19",
      "time": "26.15",
      "place": "3",
      "team": "Otters",
      "yards": 0,
      "meet": "068",
      "opponent": "Shadowbrook"
    },
    {
      "name": "LoganM",
      "stroke": "Freestyle",
      "age": "7-8",
      "gender": "Boys",
      "date": "2010-06-19",
      "time": "18.83",
      "place": "5",
      "team": "Otters",
      "yards": 0,
      "meet": "068",
      "opponent": "Shadowbrook"
    },
    {
      "name": "LoganM",
      "stroke": "Butterfly",
      "age": "8 & Under",
      "gender": "Boys",
      "date": "2010-06-26",
      "time": "25.73",
      "place": "6",
      "team": "Otters",
      "yards": 0,
      "meet": "069",
      "opponent": "Pinehurst"
    },
    {
      "name": "LoganM",
      "stroke": "Back",
      "age": "7-8",
      "gender": "Boys",
      "date": "2010-06-26",
      "time": "23.32",
      "place": "3",
      "team": "Otters",
      "yards": 0,
      "meet": "069",
      "opponent": "Pinehurst"
    },
    {
      "name": "LoganM",
      "stroke": "Freestyle",
      "age": "7-8",
      "gender": "Boys",
      "date": "2010-06-26",
      "time": "19.33",
      "place": "6",
      "team": "Otters",
      "yards": 0,
      "meet": "069",
      "opponent": "Pinehurst"
    },
    {
      "name": "LoganM",
      "stroke": "Back",
      "age": "7-8",
      "gender": "Boys",
      "date": "2010-07-10",
      "time": "22.16",
      "place": "3",
      "team": "Otters",
      "yards": 0,
      "meet": "070",
      "opponent": "Crossgates"
    },
    {
      "name": "LoganM",
      "stroke": "Breast",
      "age": "8 & Under",
      "gender": "Boys",
      "date": "2010-07-10",
      "time": "25.25",
      "place": "4",
      "team": "Otters",
      "yards": 0,
      "meet": "070",
      "opponent": "Crossgates"
    },
    {
      "name": "LoganM",
      "stroke": "Freestyle",
      "age": "7-8",
      "gender": "Boys",
      "date": "2010-07-10",
      "time": "18.15",
      "place": "5",
      "team": "Otters",
      "yards": 0,
      "meet": "070",
      "opponent": "Crossgates"
    },
    {
      "name": "LoganM",
      "stroke": "Back",
      "age": "7-8",
      "gender": "Boys",
      "date": "2010-07-17",
      "time": "27.63",
      "place": "27",
      "team": "Otters",
      "yards": 0,
      "meet": "071",
      "opponent": "Champs"
    },
    {
      "name": "LoganM",
      "stroke": "Breast",
      "age": "8 & Under",
      "gender": "Boys",
      "date": "2010-07-17",
      "time": "26.86",
      "place": "13",
      "team": "Otters",
      "yards": 0,
      "meet": "071",
      "opponent": "Champs"
    },
    {
      "name": "LoganM",
      "stroke": "Freestyle",
      "age": "7-8",
      "gender": "Boys",
      "date": "2010-07-17",
      "time": "18.48",
      "place": "11",
      "team": "Otters",
      "yards": 0,
      "meet": "071",
      "opponent": "Champs"
    },
    {
      "name": "LoganM",
      "stroke": "Butterfly",
      "age": "9-10",
      "gender": "Boys",
      "date": "2011-05-21",
      "time": "24.96",
      "place": "7",
      "team": "Otters",
      "yards": 0,
      "meet": "072",
      "opponent": "Trials"
    },
    {
      "name": "LoganM",
      "stroke": "Back",
      "age": "9-10",
      "gender": "Boys",
      "date": "2011-05-21",
      "time": "23.57",
      "place": "7",
      "team": "Otters",
      "yards": 0,
      "meet": "072",
      "opponent": "Trials"
    },
    {
      "name": "LoganM",
      "stroke": "Breast",
      "age": "9-10",
      "gender": "Boys",
      "date": "2011-05-21",
      "time": "22.18",
      "place": "6",
      "team": "Otters",
      "yards": 0,
      "meet": "072",
      "opponent": "Trials"
    },
    {
      "name": "LoganM",
      "stroke": "Freestyle",
      "age": "9-10",
      "gender": "Boys",
      "date": "2011-05-21",
      "time": "16.87",
      "place": "7",
      "team": "Otters",
      "yards": 0,
      "meet": "072",
      "opponent": "Trials"
    },
    {
      "name": "LoganM",
      "stroke": "Back",
      "age": "9-10",
      "gender": "Boys",
      "date": "2011-06-004",
      "time": "24.57",
      "place": "8",
      "team": "Otters",
      "yards": 0,
      "meet": "073",
      "opponent": "Crossgates"
    },
    {
      "name": "LoganM",
      "stroke": "Breast",
      "age": "9-10",
      "gender": "Boys",
      "date": "2011-06-004",
      "time": "DQ",
      "place": "--",
      "team": "Otters",
      "yards": 0,
      "meet": "073",
      "opponent": "Crossgates"
    },
    {
      "name": "LoganM",
      "stroke": "Freestyle",
      "age": "9-10",
      "gender": "Boys",
      "date": "2011-06-004",
      "time": "16.78",
      "place": "5",
      "team": "Otters",
      "yards": 0,
      "meet": "073",
      "opponent": "Crossgates"
    },
    {
      "name": "LoganM",
      "stroke": "Back",
      "age": "9-10",
      "gender": "Boys",
      "date": "2011-06-11",
      "time": "22.34",
      "place": "7",
      "team": "Otters",
      "yards": 0,
      "meet": "074",
      "opponent": "Almaden"
    },
    {
      "name": "LoganM",
      "stroke": "Breast",
      "age": "9-10",
      "gender": "Boys",
      "date": "2011-06-11",
      "time": "23.00",
      "place": "3",
      "team": "Otters",
      "yards": 0,
      "meet": "074",
      "opponent": "Almaden"
    },
    {
      "name": "LoganM",
      "stroke": "Freestyle",
      "age": "9-10",
      "gender": "Boys",
      "date": "2011-06-11",
      "time": "15.92",
      "place": "6",
      "team": "Otters",
      "yards": 0,
      "meet": "074",
      "opponent": "Almaden"
    },
    {
      "name": "LoganM",
      "stroke": "Back",
      "age": "9-10",
      "gender": "Boys",
      "date": "2011-06-18",
      "time": "21.90",
      "place": "7",
      "team": "Otters",
      "yards": 0,
      "meet": "075",
      "opponent": "Creekside"
    },
    {
      "name": "LoganM",
      "stroke": "Breast",
      "age": "9-10",
      "gender": "Boys",
      "date": "2011-06-18",
      "time": "23.97",
      "place": "7",
      "team": "Otters",
      "yards": 0,
      "meet": "075",
      "opponent": "Creekside"
    },
    {
      "name": "LoganM",
      "stroke": "Freestyle",
      "age": "9-10",
      "gender": "Boys",
      "date": "2011-06-18",
      "time": "16.69",
      "place": "9",
      "team": "Otters",
      "yards": 0,
      "meet": "075",
      "opponent": "Creekside"
    },
    {
      "name": "LoganM",
      "stroke": "Back",
      "age": "9-10",
      "gender": "Boys",
      "date": "2011-06-25",
      "time": "22.90",
      "place": "8",
      "team": "Otters",
      "yards": 0,
      "meet": "076",
      "opponent": "Shadowbrook"
    },
    {
      "name": "LoganM",
      "stroke": "Breast",
      "age": "9-10",
      "gender": "Boys",
      "date": "2011-06-25",
      "time": "21.61",
      "place": "3",
      "team": "Otters",
      "yards": 0,
      "meet": "076",
      "opponent": "Shadowbrook"
    },
    {
      "name": "LoganM",
      "stroke": "Freestyle",
      "age": "9-10",
      "gender": "Boys",
      "date": "2011-06-25",
      "time": "15.98",
      "place": "7",
      "team": "Otters",
      "yards": 0,
      "meet": "076",
      "opponent": "Shadowbrook"
    },
    {
      "name": "LoganM",
      "stroke": "Back",
      "age": "9-10",
      "gender": "Boys",
      "date": "2011-07-009",
      "time": "23.10",
      "place": "9",
      "team": "Otters",
      "yards": 0,
      "meet": "077",
      "opponent": "Pinehurst"
    },
    {
      "name": "LoganM",
      "stroke": "Breast",
      "age": "9-10",
      "gender": "Boys",
      "date": "2011-07-009",
      "time": "21.32",
      "place": "3",
      "team": "Otters",
      "yards": 0,
      "meet": "077",
      "opponent": "Pinehurst"
    },
    {
      "name": "LoganM",
      "stroke": "Freestyle",
      "age": "9-10",
      "gender": "Boys",
      "date": "2011-07-009",
      "time": "15.62",
      "place": "7",
      "team": "Otters",
      "yards": 0,
      "meet": "077",
      "opponent": "Pinehurst"
    },
    {
      "name": "LoganM",
      "stroke": "Back",
      "age": "9-10",
      "gender": "Boys",
      "date": "2011-07-16",
      "time": "23.18",
      "place": "24",
      "team": "Otters",
      "yards": 0,
      "meet": "078",
      "opponent": "Champs"
    },
    {
      "name": "LoganM",
      "stroke": "Breast",
      "age": "9-10",
      "gender": "Boys",
      "date": "2011-07-16",
      "time": "21.48",
      "place": "8",
      "team": "Otters",
      "yards": 0,
      "meet": "078",
      "opponent": "Champs"
    },
    {
      "name": "LoganM",
      "stroke": "Freestyle",
      "age": "9-10",
      "gender": "Boys",
      "date": "2011-07-16",
      "time": "16.65",
      "place": "24",
      "team": "Otters",
      "yards": 0,
      "meet": "078",
      "opponent": "Champs"
    },
    {
      "name": "LoganM",
      "stroke": "Butterfly",
      "age": "9-10",
      "gender": "Boys",
      "date": "2012-05-19",
      "time": "19.12",
      "place": "3",
      "team": "Otters",
      "yards": 0,
      "meet": "079",
      "opponent": "Trials"
    },
    {
      "name": "LoganM",
      "stroke": "Back",
      "age": "9-10",
      "gender": "Boys",
      "date": "2012-05-19",
      "time": "21.37",
      "place": "4",
      "team": "Otters",
      "yards": 0,
      "meet": "079",
      "opponent": "Trials"
    },
    {
      "name": "LoganM",
      "stroke": "Breast",
      "age": "9-10",
      "gender": "Boys",
      "date": "2012-05-19",
      "time": "20.10",
      "place": "3",
      "team": "Otters",
      "yards": 0,
      "meet": "079",
      "opponent": "Trials"
    },
    {
      "name": "LoganM",
      "stroke": "Freestyle",
      "age": "9-10",
      "gender": "Boys",
      "date": "2012-05-19",
      "time": "15.43",
      "place": "3",
      "team": "Otters",
      "yards": 0,
      "meet": "079",
      "opponent": "Trials"
    },
    {
      "name": "LoganM",
      "stroke": "Back",
      "age": "9-10",
      "gender": "Boys",
      "date": "2012-06-002",
      "time": "21.13",
      "place": "5",
      "team": "Otters",
      "yards": 0,
      "meet": "080",
      "opponent": "Pinehurst"
    },
    {
      "name": "LoganM",
      "stroke": "Breast",
      "age": "9-10",
      "gender": "Boys",
      "date": "2012-06-002",
      "time": "20.58",
      "place": "3",
      "team": "Otters",
      "yards": 0,
      "meet": "080",
      "opponent": "Pinehurst"
    },
    {
      "name": "LoganM",
      "stroke": "Freestyle",
      "age": "9-10",
      "gender": "Boys",
      "date": "2012-06-002",
      "time": "15.06",
      "place": "4",
      "team": "Otters",
      "yards": 0,
      "meet": "080",
      "opponent": "Pinehurst"
    },
    {
      "name": "LoganM",
      "stroke": "Butterfly",
      "age": "9-10",
      "gender": "Boys",
      "date": "2012-06-009",
      "time": "19.97",
      "place": "2",
      "team": "Otters",
      "yards": 0,
      "meet": "081",
      "opponent": "Crossgates"
    },
    {
      "name": "LoganM",
      "stroke": "Breast",
      "age": "9-10",
      "gender": "Boys",
      "date": "2012-06-009",
      "time": "21.38",
      "place": "3",
      "team": "Otters",
      "yards": 0,
      "meet": "081",
      "opponent": "Crossgates"
    },
    {
      "name": "LoganM",
      "stroke": "Freestyle",
      "age": "9-10",
      "gender": "Boys",
      "date": "2012-06-009",
      "time": "15.00",
      "place": "3",
      "team": "Otters",
      "yards": 0,
      "meet": "081",
      "opponent": "Crossgates"
    },
    {
      "name": "LoganM",
      "stroke": "Butterfly",
      "age": "9-10",
      "gender": "Boys",
      "date": "2012-06-16",
      "time": "19.39",
      "place": "6",
      "team": "Otters",
      "yards": 0,
      "meet": "082",
      "opponent": "Almaden"
    },
    {
      "name": "LoganM",
      "stroke": "Breast",
      "age": "9-10",
      "gender": "Boys",
      "date": "2012-06-16",
      "time": "20.67",
      "place": "4",
      "team": "Otters",
      "yards": 0,
      "meet": "082",
      "opponent": "Almaden"
    },
    {
      "name": "LoganM",
      "stroke": "Freestyle",
      "age": "9-10",
      "gender": "Boys",
      "date": "2012-06-16",
      "time": "14.98",
      "place": "2",
      "team": "Otters",
      "yards": 0,
      "meet": "082",
      "opponent": "Almaden"
    },
    {
      "name": "LoganM",
      "stroke": "Butterfly",
      "age": "9-10",
      "gender": "Boys",
      "date": "2012-06-23",
      "time": "18.49",
      "place": "2",
      "team": "Otters",
      "yards": 0,
      "meet": "083",
      "opponent": "Creekside"
    },
    {
      "name": "LoganM",
      "stroke": "Breast",
      "age": "9-10",
      "gender": "Boys",
      "date": "2012-06-23",
      "time": "19.91",
      "place": "1",
      "team": "Otters",
      "yards": 0,
      "meet": "083",
      "opponent": "Creekside"
    },
    {
      "name": "LoganM",
      "stroke": "Freestyle",
      "age": "9-10",
      "gender": "Boys",
      "date": "2012-06-23",
      "time": "14.66",
      "place": "2",
      "team": "Otters",
      "yards": 0,
      "meet": "083",
      "opponent": "Creekside"
    },
    {
      "name": "LoganM",
      "stroke": "Butterfly",
      "age": "9-10",
      "gender": "Boys",
      "date": "2012-06-30",
      "time": "18.86",
      "place": "4",
      "team": "Otters",
      "yards": 0,
      "meet": "084",
      "opponent": "Shadowbrook"
    },
    {
      "name": "LoganM",
      "stroke": "Breast",
      "age": "9-10",
      "gender": "Boys",
      "date": "2012-06-30",
      "time": "20.23",
      "place": "3",
      "team": "Otters",
      "yards": 0,
      "meet": "084",
      "opponent": "Shadowbrook"
    },
    {
      "name": "LoganM",
      "stroke": "Freestyle",
      "age": "9-10",
      "gender": "Boys",
      "date": "2012-06-30",
      "time": "14.77",
      "place": "3",
      "team": "Otters",
      "yards": 0,
      "meet": "084",
      "opponent": "Shadowbrook"
    },
    {
      "name": "LoganM",
      "stroke": "Butterfly",
      "age": "9-10",
      "gender": "Boys",
      "date": "2012-07-14",
      "time": "19.01",
      "place": "13",
      "team": "Otters",
      "yards": 0,
      "meet": "085",
      "opponent": "Champs"
    },
    {
      "name": "LoganM",
      "stroke": "Breast",
      "age": "9-10",
      "gender": "Boys",
      "date": "2012-07-14",
      "time": "20.02",
      "place": "4",
      "team": "Otters",
      "yards": 0,
      "meet": "085",
      "opponent": "Champs"
    },
    {
      "name": "LoganM",
      "stroke": "Freestyle",
      "age": "9-10",
      "gender": "Boys",
      "date": "2012-07-14",
      "time": "14.59",
      "place": "3",
      "team": "Otters",
      "yards": 0,
      "meet": "085",
      "opponent": "Champs"
    },
    {
      "name": "LoganM",
      "stroke": "Butterfly",
      "age": "11-12",
      "gender": "Boys",
      "date": "2013-05-18",
      "time": "47.85",
      "place": "9",
      "team": "Otters",
      "yards": 0,
      "meet": "086",
      "opponent": "Trials"
    },
    {
      "name": "LoganM",
      "stroke": "Back",
      "age": "11-12",
      "gender": "Boys",
      "date": "2013-05-18",
      "time": "44.84",
      "place": "7",
      "team": "Otters",
      "yards": 0,
      "meet": "086",
      "opponent": "Trials"
    },
    {
      "name": "LoganM",
      "stroke": "Breast",
      "age": "11-12",
      "gender": "Boys",
      "date": "2013-05-18",
      "time": "44.36",
      "place": "7",
      "team": "Otters",
      "yards": 0,
      "meet": "086",
      "opponent": "Trials"
    },
    {
      "name": "LoganM",
      "stroke": "Freestyle",
      "age": "11-12",
      "gender": "Boys",
      "date": "2013-05-18",
      "time": "32.63",
      "place": "5",
      "team": "Otters",
      "yards": 0,
      "meet": "086",
      "opponent": "Trials"
    },
    {
      "name": "LoganM",
      "stroke": "Back",
      "age": "11-12",
      "gender": "Boys",
      "date": "2013-06-001",
      "time": "DQ",
      "place": "--",
      "team": "Otters",
      "yards": 0,
      "meet": "087",
      "opponent": "Shadowbrook"
    },
    {
      "name": "LoganM",
      "stroke": "Breast",
      "age": "11-12",
      "gender": "Boys",
      "date": "2013-06-001",
      "time": "43.47",
      "place": "6",
      "team": "Otters",
      "yards": 0,
      "meet": "087",
      "opponent": "Shadowbrook"
    },
    {
      "name": "LoganM",
      "stroke": "Freestyle",
      "age": "11-12",
      "gender": "Boys",
      "date": "2013-06-001",
      "time": "32.49",
      "place": "8",
      "team": "Otters",
      "yards": 0,
      "meet": "087",
      "opponent": "Shadowbrook"
    },
    {
      "name": "LoganM",
      "stroke": "Back",
      "age": "11-12",
      "gender": "Boys",
      "date": "2013-06-008",
      "time": "43.77",
      "place": "8",
      "team": "Otters",
      "yards": 0,
      "meet": "088",
      "opponent": "Pinehurst"
    },
    {
      "name": "LoganM",
      "stroke": "Breast",
      "age": "11-12",
      "gender": "Boys",
      "date": "2013-06-008",
      "time": "43.58",
      "place": "6",
      "team": "Otters",
      "yards": 0,
      "meet": "088",
      "opponent": "Pinehurst"
    },
    {
      "name": "LoganM",
      "stroke": "Freestyle",
      "age": "11-12",
      "gender": "Boys",
      "date": "2013-06-008",
      "time": "32.31",
      "place": "8",
      "team": "Otters",
      "yards": 0,
      "meet": "088",
      "opponent": "Pinehurst"
    },
    {
      "name": "LoganM",
      "stroke": "Back",
      "age": "11-12",
      "gender": "Boys",
      "date": "2013-06-15",
      "time": "42.77",
      "place": "4",
      "team": "Otters",
      "yards": 0,
      "meet": "089",
      "opponent": "Crossgates"
    },
    {
      "name": "LoganM",
      "stroke": "Breast",
      "age": "11-12",
      "gender": "Boys",
      "date": "2013-06-15",
      "time": "44.00",
      "place": "6",
      "team": "Otters",
      "yards": 0,
      "meet": "089",
      "opponent": "Crossgates"
    },
    {
      "name": "LoganM",
      "stroke": "Freestyle",
      "age": "11-12",
      "gender": "Boys",
      "date": "2013-06-15",
      "time": "31.63",
      "place": "5",
      "team": "Otters",
      "yards": 0,
      "meet": "089",
      "opponent": "Crossgates"
    },
    {
      "name": "LoganM",
      "stroke": "Back",
      "age": "11-12",
      "gender": "Boys",
      "date": "2013-06-22",
      "time": "42.81",
      "place": "8",
      "team": "Otters",
      "yards": 0,
      "meet": "090",
      "opponent": "Almaden"
    },
    {
      "name": "LoganM",
      "stroke": "Breast",
      "age": "11-12",
      "gender": "Boys",
      "date": "2013-06-22",
      "time": "43.16",
      "place": "6",
      "team": "Otters",
      "yards": 0,
      "meet": "090",
      "opponent": "Almaden"
    },
    {
      "name": "LoganM",
      "stroke": "Freestyle",
      "age": "11-12",
      "gender": "Boys",
      "date": "2013-06-22",
      "time": "32.56",
      "place": "10",
      "team": "Otters",
      "yards": 0,
      "meet": "090",
      "opponent": "Almaden"
    },
    {
      "name": "LoganM",
      "stroke": "Back",
      "age": "11-12",
      "gender": "Boys",
      "date": "2013-06-29",
      "time": "41.85",
      "place": "7",
      "team": "Otters",
      "yards": 0,
      "meet": "091",
      "opponent": "Creekside"
    },
    {
      "name": "LoganM",
      "stroke": "Breast",
      "age": "11-12",
      "gender": "Boys",
      "date": "2013-06-29",
      "time": "42.97",
      "place": "7",
      "team": "Otters",
      "yards": 0,
      "meet": "091",
      "opponent": "Creekside"
    },
    {
      "name": "LoganM",
      "stroke": "Freestyle",
      "age": "11-12",
      "gender": "Boys",
      "date": "2013-06-29",
      "time": "32.47",
      "place": "7",
      "team": "Otters",
      "yards": 0,
      "meet": "091",
      "opponent": "Creekside"
    },
    {
      "name": "LoganM",
      "stroke": "Back",
      "age": "11-12",
      "gender": "Boys",
      "date": "2013-07-13",
      "time": "40.13",
      "place": "13",
      "team": "Otters",
      "yards": 0,
      "meet": "092",
      "opponent": "Almaden"
    },
    {
      "name": "LoganM",
      "stroke": "Breast",
      "age": "11-12",
      "gender": "Boys",
      "date": "2013-07-13",
      "time": "43.24",
      "place": "14",
      "team": "Otters",
      "yards": 0,
      "meet": "092",
      "opponent": "Almaden"
    },
    {
      "name": "LoganM",
      "stroke": "Freestyle",
      "age": "11-12",
      "gender": "Boys",
      "date": "2013-07-13",
      "time": "31.81",
      "place": "20",
      "team": "Otters",
      "yards": 0,
      "meet": "092",
      "opponent": "Almaden"
    },
    {
      "name": "LoganM",
      "stroke": "Butterfly",
      "age": "11-12",
      "gender": "Boys",
      "date": "2014-05-17",
      "time": "39.55",
      "place": "4",
      "team": "Otters",
      "yards": 0,
      "meet": "093",
      "opponent": "Trials"
    },
    {
      "name": "LoganM",
      "stroke": "Back",
      "age": "11-12",
      "gender": "Boys",
      "date": "2014-05-17",
      "time": "41.33",
      "place": "3",
      "team": "Otters",
      "yards": 0,
      "meet": "093",
      "opponent": "Trials"
    },
    {
      "name": "LoganM",
      "stroke": "Breast",
      "age": "11-12",
      "gender": "Boys",
      "date": "2014-05-17",
      "time": "39.71",
      "place": "3",
      "team": "Otters",
      "yards": 0,
      "meet": "093",
      "opponent": "Trials"
    },
    {
      "name": "LoganM",
      "stroke": "Freestyle",
      "age": "11-12",
      "gender": "Boys",
      "date": "2014-05-17",
      "time": "31.75",
      "place": "2",
      "team": "Otters",
      "yards": 0,
      "meet": "093",
      "opponent": "Trials"
    },
    {
      "name": "LoganM",
      "stroke": "Back",
      "age": "11-12",
      "gender": "Boys",
      "date": "2014-06-007",
      "time": "40.58",
      "place": "8",
      "team": "Otters",
      "yards": 0,
      "meet": "095",
      "opponent": "Shadowbrook"
    },
    {
      "name": "LoganM",
      "stroke": "Breast",
      "age": "11-12",
      "gender": "Boys",
      "date": "2014-06-007",
      "time": "40.43",
      "place": "5",
      "team": "Otters",
      "yards": 0,
      "meet": "095",
      "opponent": "Shadowbrook"
    },
    {
      "name": "LoganM",
      "stroke": "Freestyle",
      "age": "11-12",
      "gender": "Boys",
      "date": "2014-06-007",
      "time": "30.74",
      "place": "5",
      "team": "Otters",
      "yards": 0,
      "meet": "095",
      "opponent": "Shadowbrook"
    },
    {
      "name": "LoganM",
      "stroke": "Back",
      "age": "11-12",
      "gender": "Boys",
      "date": "2014-06-14",
      "time": "39.67",
      "place": "6",
      "team": "Otters",
      "yards": 0,
      "meet": "096",
      "opponent": "Pinehurst"
    },
    {
      "name": "LoganM",
      "stroke": "Breast",
      "age": "11-12",
      "gender": "Boys",
      "date": "2014-06-14",
      "time": "40.12",
      "place": "5",
      "team": "Otters",
      "yards": 0,
      "meet": "096",
      "opponent": "Pinehurst"
    },
    {
      "name": "LoganM",
      "stroke": "Freestyle",
      "age": "11-12",
      "gender": "Boys",
      "date": "2014-06-14",
      "time": "30.69",
      "place": "4",
      "team": "Otters",
      "yards": 0,
      "meet": "096",
      "opponent": "Pinehurst"
    },
    {
      "name": "LoganM",
      "stroke": "Back",
      "age": "11-12",
      "gender": "Boys",
      "date": "2014-06-21",
      "time": "39.25",
      "place": "6",
      "team": "Otters",
      "yards": 0,
      "meet": "097",
      "opponent": "Crossgates"
    },
    {
      "name": "LoganM",
      "stroke": "Breast",
      "age": "11-12",
      "gender": "Boys",
      "date": "2014-06-21",
      "time": "40.44",
      "place": "6",
      "team": "Otters",
      "yards": 0,
      "meet": "097",
      "opponent": "Crossgates"
    },
    {
      "name": "LoganM",
      "stroke": "Freestyle",
      "age": "11-12",
      "gender": "Boys",
      "date": "2014-06-21",
      "time": "30.47",
      "place": "5",
      "team": "Otters",
      "yards": 0,
      "meet": "097",
      "opponent": "Crossgates"
    },
    {
      "name": "LoganM",
      "stroke": "Back",
      "age": "11-12",
      "gender": "Boys",
      "date": "2014-06-28",
      "time": "39.07",
      "place": "5",
      "team": "Otters",
      "yards": 0,
      "meet": "098",
      "opponent": "Almaden"
    },
    {
      "name": "LoganM",
      "stroke": "Breast",
      "age": "11-12",
      "gender": "Boys",
      "date": "2014-06-28",
      "time": "39.58",
      "place": "5",
      "team": "Otters",
      "yards": 0,
      "meet": "098",
      "opponent": "Almaden"
    },
    {
      "name": "LoganM",
      "stroke": "Freestyle",
      "age": "11-12",
      "gender": "Boys",
      "date": "2014-06-28",
      "time": "30.29",
      "place": "5",
      "team": "Otters",
      "yards": 0,
      "meet": "098",
      "opponent": "Almaden"
    },
    {
      "name": "LoganM",
      "stroke": "Back",
      "age": "11-12",
      "gender": "Boys",
      "date": "2014-07-12",
      "time": "40.64",
      "place": "16",
      "team": "Otters",
      "yards": 0,
      "meet": "099",
      "opponent": "Champs"
    },
    {
      "name": "LoganM",
      "stroke": "Breast",
      "age": "11-12",
      "gender": "Boys",
      "date": "2014-07-12",
      "time": "40.72",
      "place": "13",
      "team": "Otters",
      "yards": 0,
      "meet": "099",
      "opponent": "Champs"
    },
    {
      "name": "LoganM",
      "stroke": "Freestyle",
      "age": "11-12",
      "gender": "Boys",
      "date": "2014-07-12",
      "time": "30.24",
      "place": "13",
      "team": "Otters",
      "yards": 0,
      "meet": "099",
      "opponent": "Champs"
    },
    {
      "name": "LoganM",
      "stroke": "Butterfly",
      "age": "13-14",
      "gender": "Boys",
      "date": "2015-05-31",
      "time": "35.57",
      "place": "7",
      "team": "Otters",
      "yards": 0,
      "meet": "100",
      "opponent": "Trials"
    },
    {
      "name": "LoganM",
      "stroke": "Back",
      "age": "13-14",
      "gender": "Boys",
      "date": "2015-05-31",
      "time": "37.21",
      "place": "8",
      "team": "Otters",
      "yards": 0,
      "meet": "100",
      "opponent": "Trials"
    },
    {
      "name": "LoganM",
      "stroke": "Breast",
      "age": "13-14",
      "gender": "Boys",
      "date": "2015-05-31",
      "time": "37.67",
      "place": "6",
      "team": "Otters",
      "yards": 0,
      "meet": "100",
      "opponent": "Trials"
    },
    {
      "name": "LoganM",
      "stroke": "Freestyle",
      "age": "13-14",
      "gender": "Boys",
      "date": "2015-05-31",
      "time": "28.50",
      "place": "6",
      "team": "Otters",
      "yards": 0,
      "meet": "100",
      "opponent": "Trials"
    },
    {
      "name": "LoganM",
      "stroke": "Back",
      "age": "13-14",
      "gender": "Boys",
      "date": "2015-05-30",
      "time": "DQ",
      "place": "--",
      "team": "Otters",
      "yards": 0,
      "meet": "101",
      "opponent": "Almaden"
    },
    {
      "name": "LoganM",
      "stroke": "Breast",
      "age": "13-14",
      "gender": "Boys",
      "date": "2015-05-30",
      "time": "36.72",
      "place": "5",
      "team": "Otters",
      "yards": 0,
      "meet": "101",
      "opponent": "Almaden"
    },
    {
      "name": "LoganM",
      "stroke": "Freestyle",
      "age": "13-14",
      "gender": "Boys",
      "date": "2015-05-30",
      "time": "27.61",
      "place": "9",
      "team": "Otters",
      "yards": 0,
      "meet": "101",
      "opponent": "Almaden"
    },
    {
      "name": "LoganM",
      "stroke": "Back",
      "age": "13-14",
      "gender": "Boys",
      "date": "2015-06-006",
      "time": "36.28",
      "place": "7",
      "team": "Otters",
      "yards": 0,
      "meet": "102",
      "opponent": "Creekside"
    },
    {
      "name": "LoganM",
      "stroke": "Breast",
      "age": "13-14",
      "gender": "Boys",
      "date": "2015-06-006",
      "time": "36.53",
      "place": "5",
      "team": "Otters",
      "yards": 0,
      "meet": "102",
      "opponent": "Creekside"
    },
    {
      "name": "LoganM",
      "stroke": "Freestyle",
      "age": "13-14",
      "gender": "Boys",
      "date": "2015-06-006",
      "time": "28.41",
      "place": "7",
      "team": "Otters",
      "yards": 0,
      "meet": "102",
      "opponent": "Creekside"
    },
    {
      "name": "LoganM",
      "stroke": "Back",
      "age": "13-14",
      "gender": "Boys",
      "date": "2015-06-13",
      "time": "36.42",
      "place": "7",
      "team": "Otters",
      "yards": 0,
      "meet": "103",
      "opponent": "Shadowbrook"
    },
    {
      "name": "LoganM",
      "stroke": "Breast",
      "age": "13-14",
      "gender": "Boys",
      "date": "2015-06-13",
      "time": "37.03",
      "place": "5",
      "team": "Otters",
      "yards": 0,
      "meet": "103",
      "opponent": "Shadowbrook"
    },
    {
      "name": "LoganM",
      "stroke": "Freestyle",
      "age": "13-14",
      "gender": "Boys",
      "date": "2015-06-13",
      "time": "28.10",
      "place": "7",
      "team": "Otters",
      "yards": 0,
      "meet": "103",
      "opponent": "Shadowbrook"
    },
    {
      "name": "LoganM",
      "stroke": "Back",
      "age": "13-14",
      "gender": "Boys",
      "date": "2015-06-20",
      "time": "35.57",
      "place": "8",
      "team": "Otters",
      "yards": 0,
      "meet": "104",
      "opponent": "Pinehurst"
    },
    {
      "name": "LoganM",
      "stroke": "Breast",
      "age": "13-14",
      "gender": "Boys",
      "date": "2015-06-20",
      "time": "37.38",
      "place": "7",
      "team": "Otters",
      "yards": 0,
      "meet": "104",
      "opponent": "Pinehurst"
    },
    {
      "name": "LoganM",
      "stroke": "Freestyle",
      "age": "13-14",
      "gender": "Boys",
      "date": "2015-06-20",
      "time": "27.83",
      "place": "11",
      "team": "Otters",
      "yards": 0,
      "meet": "104",
      "opponent": "Pinehurst"
    },
    {
      "name": "LoganM",
      "stroke": "Back",
      "age": "13-14",
      "gender": "Boys",
      "date": "2015-06-27",
      "time": "34.86",
      "place": "5",
      "team": "Otters",
      "yards": 0,
      "meet": "105",
      "opponent": "Crossgates"
    },
    {
      "name": "LoganM",
      "stroke": "Breast",
      "age": "13-14",
      "gender": "Boys",
      "date": "2015-06-27",
      "time": "36.34",
      "place": "6",
      "team": "Otters",
      "yards": 0,
      "meet": "105",
      "opponent": "Crossgates"
    },
    {
      "name": "LoganM",
      "stroke": "Freestyle",
      "age": "13-14",
      "gender": "Boys",
      "date": "2015-06-27",
      "time": "28.08",
      "place": "7",
      "team": "Otters",
      "yards": 0,
      "meet": "105",
      "opponent": "Crossgates"
    },
    {
      "name": "LoganM",
      "stroke": "Back",
      "age": "13-14",
      "gender": "Boys",
      "date": "2015-07-11",
      "time": "35.11",
      "place": "14",
      "team": "Otters",
      "yards": 0,
      "meet": "106",
      "opponent": "Champs"
    },
    {
      "name": "LoganM",
      "stroke": "Breast",
      "age": "13-14",
      "gender": "Boys",
      "date": "2015-07-11",
      "time": "35.71",
      "place": "8",
      "team": "Otters",
      "yards": 0,
      "meet": "106",
      "opponent": "Champs"
    },
    {
      "name": "LoganM",
      "stroke": "Freestyle",
      "age": "13-14",
      "gender": "Boys",
      "date": "2015-07-11",
      "time": "27.32",
      "place": "16",
      "team": "Otters",
      "yards": 0,
      "meet": "106",
      "opponent": "Champs"
    },
    {
      "name": "LoganM",
      "stroke": "Butterfly",
      "age": "13-14",
      "gender": "Boys",
      "date": "2016-05-20",
      "time": "32.70",
      "place": "6",
      "team": "Otters",
      "yards": 0,
      "meet": "107",
      "opponent": "Trials"
    },
    {
      "name": "LoganM",
      "stroke": "Back",
      "age": "13-14",
      "gender": "Boys",
      "date": "2016-05-20",
      "time": "34.29",
      "place": "6",
      "team": "Otters",
      "yards": 0,
      "meet": "107",
      "opponent": "Trials"
    },
    {
      "name": "LoganM",
      "stroke": "Breast",
      "age": "13-14",
      "gender": "Boys",
      "date": "2016-05-20",
      "time": "35.68",
      "place": "3",
      "team": "Otters",
      "yards": 0,
      "meet": "107",
      "opponent": "Trials"
    },
    {
      "name": "LoganM",
      "stroke": "Freestyle",
      "age": "13-14",
      "gender": "Boys",
      "date": "2016-05-20",
      "time": "26.86",
      "place": "2",
      "team": "Otters",
      "yards": 0,
      "meet": "107",
      "opponent": "Trials"
    }
  ]
}