{
  "scores": [
    {
      "name": "LucasC",
      "stroke": "Back",
      "age": "6 & Under",
      "gender": "Boys",
      "date": "2007-06-002",
      "time": "37.29",
      "place": "5",
      "team": "Otters",
      "yards": 0,
      "meet": "044",
      "opponent": "Trials"
    },
    {
      "name": "LucasC",
      "stroke": "Freestyle",
      "age": "6 & Under",
      "gender": "Boys",
      "date": "2007-06-002",
      "time": "33.18",
      "place": "6",
      "team": "Otters",
      "yards": 0,
      "meet": "044",
      "opponent": "Trials"
    },
    {
      "name": "LucasC",
      "stroke": "Back",
      "age": "6 & Under",
      "gender": "Boys",
      "date": "2007-06-009",
      "time": "34.26",
      "place": "4",
      "team": "Otters",
      "yards": 0,
      "meet": "045",
      "opponent": "Pinehurst"
    },
    {
      "name": "LucasC",
      "stroke": "Freestyle",
      "age": "6 & Under",
      "gender": "Boys",
      "date": "2007-06-009",
      "time": "31.46",
      "place": "6",
      "team": "Otters",
      "yards": 0,
      "meet": "045",
      "opponent": "Pinehurst"
    },
    {
      "name": "LucasC",
      "stroke": "Back",
      "age": "6 & Under",
      "gender": "Boys",
      "date": "2007-06-16",
      "time": "37.63",
      "place": "8",
      "team": "Otters",
      "yards": 0,
      "meet": "046",
      "opponent": "Crossgates"
    },
    {
      "name": "LucasC",
      "stroke": "Freestyle",
      "age": "6 & Under",
      "gender": "Boys",
      "date": "2007-06-16",
      "time": "32.25",
      "place": "8",
      "team": "Otters",
      "yards": 0,
      "meet": "046",
      "opponent": "Crossgates"
    },
    {
      "name": "LucasC",
      "stroke": "Back",
      "age": "6 & Under",
      "gender": "Boys",
      "date": "2007-06-23",
      "time": "44.84",
      "place": "10",
      "team": "Otters",
      "yards": 0,
      "meet": "047",
      "opponent": "Almaden"
    },
    {
      "name": "LucasC",
      "stroke": "Freestyle",
      "age": "6 & Under",
      "gender": "Boys",
      "date": "2007-06-23",
      "time": "31.40",
      "place": "6",
      "team": "Otters",
      "yards": 0,
      "meet": "047",
      "opponent": "Almaden"
    },
    {
      "name": "LucasC",
      "stroke": "Back",
      "age": "6 & Under",
      "gender": "Boys",
      "date": "2007-06-30",
      "time": "32.54",
      "place": "5",
      "team": "Otters",
      "yards": 0,
      "meet": "048",
      "opponent": "Creekside"
    },
    {
      "name": "LucasC",
      "stroke": "Breast",
      "age": "8 & Under",
      "gender": "Boys",
      "date": "2007-06-30",
      "time": "DQ",
      "place": "--",
      "team": "Otters",
      "yards": 0,
      "meet": "048",
      "opponent": "Creekside"
    },
    {
      "name": "LucasC",
      "stroke": "Freestyle",
      "age": "6 & Under",
      "gender": "Boys",
      "date": "2007-06-30",
      "time": "31.91",
      "place": "8",
      "team": "Otters",
      "yards": 0,
      "meet": "048",
      "opponent": "Creekside"
    },
    {
      "name": "LucasC",
      "stroke": "Back",
      "age": "6 & Under",
      "gender": "Boys",
      "date": "2007-07-007",
      "time": "34.15",
      "place": "3",
      "team": "Otters",
      "yards": 0,
      "meet": "049",
      "opponent": "Shadowbrook"
    },
    {
      "name": "LucasC",
      "stroke": "Freestyle",
      "age": "6 & Under",
      "gender": "Boys",
      "date": "2007-07-007",
      "time": "31.49",
      "place": "5",
      "team": "Otters",
      "yards": 0,
      "meet": "049",
      "opponent": "Shadowbrook"
    },
    {
      "name": "LucasC",
      "stroke": "Back",
      "age": "6 & Under",
      "gender": "Boys",
      "date": "2007-07-14",
      "time": "31.42",
      "place": "7",
      "team": "Otters",
      "yards": 0,
      "meet": "050",
      "opponent": "Champs"
    },
    {
      "name": "LucasC",
      "stroke": "Freestyle",
      "age": "6 & Under",
      "gender": "Boys",
      "date": "2007-07-14",
      "time": "29.68",
      "place": "12",
      "team": "Otters",
      "yards": 0,
      "meet": "050",
      "opponent": "Champs"
    },
    {
      "name": "LucasC",
      "stroke": "Butterfly",
      "age": "8 & Under",
      "gender": "Boys",
      "date": "2008-05-31",
      "time": "28.82",
      "place": "7",
      "team": "Otters",
      "yards": 0,
      "meet": "051",
      "opponent": "Trials"
    },
    {
      "name": "LucasC",
      "stroke": "Back",
      "age": "6 & Under",
      "gender": "Boys",
      "date": "2008-05-31",
      "time": "34.34",
      "place": "2",
      "team": "Otters",
      "yards": 0,
      "meet": "051",
      "opponent": "Trials"
    },
    {
      "name": "LucasC",
      "stroke": "Breast",
      "age": "8 & Under",
      "gender": "Boys",
      "date": "2008-05-31",
      "time": "42.00",
      "place": "14",
      "team": "Otters",
      "yards": 0,
      "meet": "051",
      "opponent": "Trials"
    },
    {
      "name": "LucasC",
      "stroke": "Freestyle",
      "age": "6 & Under",
      "gender": "Boys",
      "date": "2008-05-31",
      "time": "24.06",
      "place": "1",
      "team": "Otters",
      "yards": 0,
      "meet": "051",
      "opponent": "Trials"
    },
    {
      "name": "LucasC",
      "stroke": "Back",
      "age": "6 & Under",
      "gender": "Boys",
      "date": "2008-06-007",
      "time": "29.71",
      "place": "2",
      "team": "Otters",
      "yards": 0,
      "meet": "052",
      "opponent": "Shadowbrook"
    },
    {
      "name": "LucasC",
      "stroke": "Freestyle",
      "age": "6 & Under",
      "gender": "Boys",
      "date": "2008-06-007",
      "time": "22.42",
      "place": "2",
      "team": "Otters",
      "yards": 0,
      "meet": "052",
      "opponent": "Shadowbrook"
    },
    {
      "name": "LucasC",
      "stroke": "Back",
      "age": "6 & Under",
      "gender": "Boys",
      "date": "2008-06-14",
      "time": "33.41",
      "place": "5",
      "team": "Otters",
      "yards": 0,
      "meet": "053",
      "opponent": "Pinehurst"
    },
    {
      "name": "LucasC",
      "stroke": "Back",
      "age": "6 & Under",
      "gender": "Boys",
      "date": "2008-06-21",
      "time": "26.40",
      "place": "2",
      "team": "Otters",
      "yards": 0,
      "meet": "054",
      "opponent": "Crossgates"
    },
    {
      "name": "LucasC",
      "stroke": "Freestyle",
      "age": "6 & Under",
      "gender": "Boys",
      "date": "2008-06-21",
      "time": "20.97",
      "place": "1",
      "team": "Otters",
      "yards": 0,
      "meet": "054",
      "opponent": "Crossgates"
    },
    {
      "name": "LucasC",
      "stroke": "Back",
      "age": "7-8",
      "gender": "Boys",
      "date": "2008-06-28",
      "time": "27.10",
      "place": "8",
      "team": "Otters",
      "yards": 0,
      "meet": "055",
      "opponent": "Almaden"
    },
    {
      "name": "LucasC",
      "stroke": "Breast",
      "age": "8 & Under",
      "gender": "Boys",
      "date": "2008-06-28",
      "time": "30.50",
      "place": "7",
      "team": "Otters",
      "yards": 0,
      "meet": "055",
      "opponent": "Almaden"
    },
    {
      "name": "LucasC",
      "stroke": "Freestyle",
      "age": "7-8",
      "gender": "Boys",
      "date": "2008-06-28",
      "time": "22.42",
      "place": "11",
      "team": "Otters",
      "yards": 0,
      "meet": "055",
      "opponent": "Almaden"
    },
    {
      "name": "LucasC",
      "stroke": "Back",
      "age": "6 & Under",
      "gender": "Boys",
      "date": "2008-07-12",
      "time": "26.75",
      "place": "2",
      "team": "Otters",
      "yards": 0,
      "meet": "056",
      "opponent": "Creekside"
    },
    {
      "name": "LucasC",
      "stroke": "Breast",
      "age": "8 & Under",
      "gender": "Boys",
      "date": "2008-07-12",
      "time": "29.16",
      "place": "7",
      "team": "Otters",
      "yards": 0,
      "meet": "056",
      "opponent": "Creekside"
    },
    {
      "name": "LucasC",
      "stroke": "Freestyle",
      "age": "6 & Under",
      "gender": "Boys",
      "date": "2008-07-12",
      "time": "21.53",
      "place": "2",
      "team": "Otters",
      "yards": 0,
      "meet": "056",
      "opponent": "Creekside"
    },
    {
      "name": "LucasC",
      "stroke": "Back",
      "age": "6 & Under",
      "gender": "Boys",
      "date": "2008-07-19",
      "time": "27.59",
      "place": "3",
      "team": "Otters",
      "yards": 0,
      "meet": "057",
      "opponent": "Champs"
    },
    {
      "name": "LucasC",
      "stroke": "Freestyle",
      "age": "6 & Under",
      "gender": "Boys",
      "date": "2008-07-19",
      "time": "19.33",
      "place": "2",
      "team": "Otters",
      "yards": 0,
      "meet": "057",
      "opponent": "Champs"
    },
    {
      "name": "LucasC",
      "stroke": "Butterfly",
      "age": "8 & Under",
      "gender": "Boys",
      "date": "2009-05-30",
      "time": "22.13",
      "place": "4",
      "team": "Otters",
      "yards": 0,
      "meet": "058",
      "opponent": "Trials"
    },
    {
      "name": "LucasC",
      "stroke": "Back",
      "age": "7-8",
      "gender": "Boys",
      "date": "2009-05-30",
      "time": "23.55",
      "place": "4",
      "team": "Otters",
      "yards": 0,
      "meet": "058",
      "opponent": "Trials"
    },
    {
      "name": "LucasC",
      "stroke": "Breast",
      "age": "8 & Under",
      "gender": "Boys",
      "date": "2009-05-30",
      "time": "25.95",
      "place": "2",
      "team": "Otters",
      "yards": 0,
      "meet": "058",
      "opponent": "Trials"
    },
    {
      "name": "LucasC",
      "stroke": "Freestyle",
      "age": "7-8",
      "gender": "Boys",
      "date": "2009-05-30",
      "time": "17.91",
      "place": "3",
      "team": "Otters",
      "yards": 0,
      "meet": "058",
      "opponent": "Trials"
    },
    {
      "name": "LucasC",
      "stroke": "Butterfly",
      "age": "8 & Under",
      "gender": "Boys",
      "date": "2009-06-006",
      "time": "23.52",
      "place": "3",
      "team": "Otters",
      "yards": 0,
      "meet": "059",
      "opponent": "Creekside"
    },
    {
      "name": "LucasC",
      "stroke": "Breast",
      "age": "8 & Under",
      "gender": "Boys",
      "date": "2009-06-006",
      "time": "24.31",
      "place": "2",
      "team": "Otters",
      "yards": 0,
      "meet": "059",
      "opponent": "Creekside"
    },
    {
      "name": "LucasC",
      "stroke": "Freestyle",
      "age": "7-8",
      "gender": "Boys",
      "date": "2009-06-006",
      "time": "18.11",
      "place": "6",
      "team": "Otters",
      "yards": 0,
      "meet": "059",
      "opponent": "Creekside"
    },
    {
      "name": "LucasC",
      "stroke": "Back",
      "age": "7-8",
      "gender": "Boys",
      "date": "2009-06-13",
      "time": "23.67",
      "place": "3",
      "team": "Otters",
      "yards": 0,
      "meet": "060",
      "opponent": "Shadowbrook"
    },
    {
      "name": "LucasC",
      "stroke": "Breast",
      "age": "8 & Under",
      "gender": "Boys",
      "date": "2009-06-13",
      "time": "26.23",
      "place": "1",
      "team": "Otters",
      "yards": 0,
      "meet": "060",
      "opponent": "Shadowbrook"
    },
    {
      "name": "LucasC",
      "stroke": "Freestyle",
      "age": "7-8",
      "gender": "Boys",
      "date": "2009-06-13",
      "time": "18.63",
      "place": "4",
      "team": "Otters",
      "yards": 0,
      "meet": "060",
      "opponent": "Shadowbrook"
    },
    {
      "name": "LucasC",
      "stroke": "Back",
      "age": "7-8",
      "gender": "Boys",
      "date": "2009-06-20",
      "time": "23.82",
      "place": "2",
      "team": "Otters",
      "yards": 0,
      "meet": "061",
      "opponent": "Pinehurst"
    },
    {
      "name": "LucasC",
      "stroke": "Breast",
      "age": "8 & Under",
      "gender": "Boys",
      "date": "2009-06-20",
      "time": "23.63",
      "place": "1",
      "team": "Otters",
      "yards": 0,
      "meet": "061",
      "opponent": "Pinehurst"
    },
    {
      "name": "LucasC",
      "stroke": "Freestyle",
      "age": "7-8",
      "gender": "Boys",
      "date": "2009-06-20",
      "time": "18.18",
      "place": "4",
      "team": "Otters",
      "yards": 0,
      "meet": "061",
      "opponent": "Pinehurst"
    },
    {
      "name": "LucasC",
      "stroke": "Back",
      "age": "7-8",
      "gender": "Boys",
      "date": "2009-06-27",
      "time": "22.29",
      "place": "3",
      "team": "Otters",
      "yards": 0,
      "meet": "062",
      "opponent": "Crossgates"
    },
    {
      "name": "LucasC",
      "stroke": "Breast",
      "age": "8 & Under",
      "gender": "Boys",
      "date": "2009-06-27",
      "time": "22.61",
      "place": "2",
      "team": "Otters",
      "yards": 0,
      "meet": "062",
      "opponent": "Crossgates"
    },
    {
      "name": "LucasC",
      "stroke": "Freestyle",
      "age": "7-8",
      "gender": "Boys",
      "date": "2009-06-27",
      "time": "18.25",
      "place": "6",
      "team": "Otters",
      "yards": 0,
      "meet": "062",
      "opponent": "Crossgates"
    },
    {
      "name": "LucasC",
      "stroke": "Back",
      "age": "7-8",
      "gender": "Boys",
      "date": "2009-07-11",
      "time": "23.70",
      "place": "4",
      "team": "Otters",
      "yards": 0,
      "meet": "063",
      "opponent": "Almaden"
    },
    {
      "name": "LucasC",
      "stroke": "Breast",
      "age": "8 & Under",
      "gender": "Boys",
      "date": "2009-07-11",
      "time": "22.27",
      "place": "2",
      "team": "Otters",
      "yards": 0,
      "meet": "063",
      "opponent": "Almaden"
    },
    {
      "name": "LucasC",
      "stroke": "Freestyle",
      "age": "7-8",
      "gender": "Boys",
      "date": "2009-07-11",
      "time": "18.32",
      "place": "7",
      "team": "Otters",
      "yards": 0,
      "meet": "063",
      "opponent": "Almaden"
    },
    {
      "name": "LucasC",
      "stroke": "Back",
      "age": "7-8",
      "gender": "Boys",
      "date": "2009-07-18",
      "time": "22.15",
      "place": "4",
      "team": "Otters",
      "yards": 0,
      "meet": "064",
      "opponent": "Champs"
    },
    {
      "name": "LucasC",
      "stroke": "Breast",
      "age": "8 & Under",
      "gender": "Boys",
      "date": "2009-07-18",
      "time": "22.47",
      "place": "2",
      "team": "Otters",
      "yards": 0,
      "meet": "064",
      "opponent": "Champs"
    },
    {
      "name": "LucasC",
      "stroke": "Freestyle",
      "age": "7-8",
      "gender": "Boys",
      "date": "2009-07-18",
      "time": "17.21",
      "place": "6",
      "team": "Otters",
      "yards": 0,
      "meet": "064",
      "opponent": "Champs"
    },
    {
      "name": "LucasC",
      "stroke": "Butterfly",
      "age": "8 & Under",
      "gender": "Boys",
      "date": "2010-05-22",
      "time": "25.57",
      "place": "2",
      "team": "Otters",
      "yards": 0,
      "meet": "065",
      "opponent": "Trials"
    },
    {
      "name": "LucasC",
      "stroke": "Back",
      "age": "7-8",
      "gender": "Boys",
      "date": "2010-05-22",
      "time": "21.63",
      "place": "1",
      "team": "Otters",
      "yards": 0,
      "meet": "065",
      "opponent": "Trials"
    },
    {
      "name": "LucasC",
      "stroke": "Breast",
      "age": "8 & Under",
      "gender": "Boys",
      "date": "2010-05-22",
      "time": "21.83",
      "place": "1",
      "team": "Otters",
      "yards": 0,
      "meet": "065",
      "opponent": "Trials"
    },
    {
      "name": "LucasC",
      "stroke": "Freestyle",
      "age": "7-8",
      "gender": "Boys",
      "date": "2010-05-22",
      "time": "17.76",
      "place": "1",
      "team": "Otters",
      "yards": 0,
      "meet": "065",
      "opponent": "Trials"
    },
    {
      "name": "LucasC",
      "stroke": "Back",
      "age": "7-8",
      "gender": "Boys",
      "date": "2010-06-005",
      "time": "21.46",
      "place": "1",
      "team": "Otters",
      "yards": 0,
      "meet": "066",
      "opponent": "Almaden"
    },
    {
      "name": "LucasC",
      "stroke": "Breast",
      "age": "8 & Under",
      "gender": "Boys",
      "date": "2010-06-005",
      "time": "21.78",
      "place": "1",
      "team": "Otters",
      "yards": 0,
      "meet": "066",
      "opponent": "Almaden"
    },
    {
      "name": "LucasC",
      "stroke": "Freestyle",
      "age": "7-8",
      "gender": "Boys",
      "date": "2010-06-005",
      "time": "17.53",
      "place": "1",
      "team": "Otters",
      "yards": 0,
      "meet": "066",
      "opponent": "Almaden"
    },
    {
      "name": "LucasC",
      "stroke": "Butterfly",
      "age": "8 & Under",
      "gender": "Boys",
      "date": "2010-06-12",
      "time": "21.40",
      "place": "1",
      "team": "Otters",
      "yards": 0,
      "meet": "067",
      "opponent": "Creekside"
    },
    {
      "name": "LucasC",
      "stroke": "Breast",
      "age": "8 & Under",
      "gender": "Boys",
      "date": "2010-06-12",
      "time": "20.01",
      "place": "1",
      "team": "Otters",
      "yards": 0,
      "meet": "067",
      "opponent": "Creekside"
    },
    {
      "name": "LucasC",
      "stroke": "Freestyle",
      "age": "7-8",
      "gender": "Boys",
      "date": "2010-06-12",
      "time": "17.00",
      "place": "1",
      "team": "Otters",
      "yards": 0,
      "meet": "067",
      "opponent": "Creekside"
    },
    {
      "name": "LucasC",
      "stroke": "Butterfly",
      "age": "8 & Under",
      "gender": "Boys",
      "date": "2010-06-19",
      "time": "22.15",
      "place": "1",
      "team": "Otters",
      "yards": 0,
      "meet": "068",
      "opponent": "Shadowbrook"
    },
    {
      "name": "LucasC",
      "stroke": "Breast",
      "age": "8 & Under",
      "gender": "Boys",
      "date": "2010-06-19",
      "time": "20.71",
      "place": "1",
      "team": "Otters",
      "yards": 0,
      "meet": "068",
      "opponent": "Shadowbrook"
    },
    {
      "name": "LucasC",
      "stroke": "Freestyle",
      "age": "7-8",
      "gender": "Boys",
      "date": "2010-06-19",
      "time": "16.66",
      "place": "1",
      "team": "Otters",
      "yards": 0,
      "meet": "068",
      "opponent": "Shadowbrook"
    },
    {
      "name": "LucasC",
      "stroke": "Butterfly",
      "age": "8 & Under",
      "gender": "Boys",
      "date": "2010-06-26",
      "time": "21.72",
      "place": "2",
      "team": "Otters",
      "yards": 0,
      "meet": "069",
      "opponent": "Pinehurst"
    },
    {
      "name": "LucasC",
      "stroke": "Breast",
      "age": "8 & Under",
      "gender": "Boys",
      "date": "2010-06-26",
      "time": "20.53",
      "place": "1",
      "team": "Otters",
      "yards": 0,
      "meet": "069",
      "opponent": "Pinehurst"
    },
    {
      "name": "LucasC",
      "stroke": "Freestyle",
      "age": "7-8",
      "gender": "Boys",
      "date": "2010-06-26",
      "time": "16.43",
      "place": "2",
      "team": "Otters",
      "yards": 0,
      "meet": "069",
      "opponent": "Pinehurst"
    },
    {
      "name": "LucasC",
      "stroke": "Back",
      "age": "7-8",
      "gender": "Boys",
      "date": "2010-07-10",
      "time": "20.38",
      "place": "1",
      "team": "Otters",
      "yards": 0,
      "meet": "070",
      "opponent": "Crossgates"
    },
    {
      "name": "LucasC",
      "stroke": "Breast",
      "age": "8 & Under",
      "gender": "Boys",
      "date": "2010-07-10",
      "time": "21.63",
      "place": "1",
      "team": "Otters",
      "yards": 0,
      "meet": "070",
      "opponent": "Crossgates"
    },
    {
      "name": "LucasC",
      "stroke": "Freestyle",
      "age": "7-8",
      "gender": "Boys",
      "date": "2010-07-10",
      "time": "16.34",
      "place": "1",
      "team": "Otters",
      "yards": 0,
      "meet": "070",
      "opponent": "Crossgates"
    },
    {
      "name": "LucasC",
      "stroke": "Back",
      "age": "7-8",
      "gender": "Boys",
      "date": "2010-07-17",
      "time": "20.04",
      "place": "1",
      "team": "Otters",
      "yards": 0,
      "meet": "071",
      "opponent": "Champs"
    },
    {
      "name": "LucasC",
      "stroke": "Breast",
      "age": "8 & Under",
      "gender": "Boys",
      "date": "2010-07-17",
      "time": "20.33",
      "place": "1",
      "team": "Otters",
      "yards": 0,
      "meet": "071",
      "opponent": "Champs"
    },
    {
      "name": "LucasC",
      "stroke": "Freestyle",
      "age": "7-8",
      "gender": "Boys",
      "date": "2010-07-17",
      "time": "16.52",
      "place": "1",
      "team": "Otters",
      "yards": 0,
      "meet": "071",
      "opponent": "Champs"
    },
    {
      "name": "LucasC",
      "stroke": "Butterfly",
      "age": "9-10",
      "gender": "Boys",
      "date": "2011-05-21",
      "time": "19.32",
      "place": "5",
      "team": "Otters",
      "yards": 0,
      "meet": "072",
      "opponent": "Trials"
    },
    {
      "name": "LucasC",
      "stroke": "Back",
      "age": "9-10",
      "gender": "Boys",
      "date": "2011-05-21",
      "time": "19.44",
      "place": "3",
      "team": "Otters",
      "yards": 0,
      "meet": "072",
      "opponent": "Trials"
    },
    {
      "name": "LucasC",
      "stroke": "Breast",
      "age": "9-10",
      "gender": "Boys",
      "date": "2011-05-21",
      "time": "19.63",
      "place": "2",
      "team": "Otters",
      "yards": 0,
      "meet": "072",
      "opponent": "Trials"
    },
    {
      "name": "LucasC",
      "stroke": "Freestyle",
      "age": "9-10",
      "gender": "Boys",
      "date": "2011-05-21",
      "time": "16.07",
      "place": "4",
      "team": "Otters",
      "yards": 0,
      "meet": "072",
      "opponent": "Trials"
    },
    {
      "name": "LucasC",
      "stroke": "Back",
      "age": "9-10",
      "gender": "Boys",
      "date": "2011-06-004",
      "time": "19.31",
      "place": "3",
      "team": "Otters",
      "yards": 0,
      "meet": "073",
      "opponent": "Crossgates"
    },
    {
      "name": "LucasC",
      "stroke": "Breast",
      "age": "9-10",
      "gender": "Boys",
      "date": "2011-06-004",
      "time": "DQ",
      "place": "--",
      "team": "Otters",
      "yards": 0,
      "meet": "073",
      "opponent": "Crossgates"
    },
    {
      "name": "LucasC",
      "stroke": "Freestyle",
      "age": "9-10",
      "gender": "Boys",
      "date": "2011-06-004",
      "time": "15.84",
      "place": "4",
      "team": "Otters",
      "yards": 0,
      "meet": "073",
      "opponent": "Crossgates"
    },
    {
      "name": "LucasC",
      "stroke": "Back",
      "age": "9-10",
      "gender": "Boys",
      "date": "2011-06-11",
      "time": "18.59",
      "place": "3",
      "team": "Otters",
      "yards": 0,
      "meet": "074",
      "opponent": "Almaden"
    },
    {
      "name": "LucasC",
      "stroke": "Breast",
      "age": "9-10",
      "gender": "Boys",
      "date": "2011-06-11",
      "time": "20.28",
      "place": "2",
      "team": "Otters",
      "yards": 0,
      "meet": "074",
      "opponent": "Almaden"
    },
    {
      "name": "LucasC",
      "stroke": "Freestyle",
      "age": "9-10",
      "gender": "Boys",
      "date": "2011-06-11",
      "time": "15.59",
      "place": "4",
      "team": "Otters",
      "yards": 0,
      "meet": "074",
      "opponent": "Almaden"
    },
    {
      "name": "LucasC",
      "stroke": "Back",
      "age": "9-10",
      "gender": "Boys",
      "date": "2011-06-18",
      "time": "19.50",
      "place": "4",
      "team": "Otters",
      "yards": 0,
      "meet": "075",
      "opponent": "Creekside"
    },
    {
      "name": "LucasC",
      "stroke": "Breast",
      "age": "9-10",
      "gender": "Boys",
      "date": "2011-06-18",
      "time": "19.63",
      "place": "3",
      "team": "Otters",
      "yards": 0,
      "meet": "075",
      "opponent": "Creekside"
    },
    {
      "name": "LucasC",
      "stroke": "Freestyle",
      "age": "9-10",
      "gender": "Boys",
      "date": "2011-06-18",
      "time": "15.48",
      "place": "4",
      "team": "Otters",
      "yards": 0,
      "meet": "075",
      "opponent": "Creekside"
    },
    {
      "name": "LucasC",
      "stroke": "Back",
      "age": "9-10",
      "gender": "Boys",
      "date": "2011-06-25",
      "time": "19.29",
      "place": "4",
      "team": "Otters",
      "yards": 0,
      "meet": "076",
      "opponent": "Shadowbrook"
    },
    {
      "name": "LucasC",
      "stroke": "Breast",
      "age": "9-10",
      "gender": "Boys",
      "date": "2011-06-25",
      "time": "19.74",
      "place": "1",
      "team": "Otters",
      "yards": 0,
      "meet": "076",
      "opponent": "Shadowbrook"
    },
    {
      "name": "LucasC",
      "stroke": "Freestyle",
      "age": "9-10",
      "gender": "Boys",
      "date": "2011-06-25",
      "time": "15.54",
      "place": "4",
      "team": "Otters",
      "yards": 0,
      "meet": "076",
      "opponent": "Shadowbrook"
    },
    {
      "name": "LucasC",
      "stroke": "Back",
      "age": "9-10",
      "gender": "Boys",
      "date": "2011-07-009",
      "time": "18.52",
      "place": "2",
      "team": "Otters",
      "yards": 0,
      "meet": "077",
      "opponent": "Pinehurst"
    },
    {
      "name": "LucasC",
      "stroke": "Breast",
      "age": "9-10",
      "gender": "Boys",
      "date": "2011-07-009",
      "time": "18.59",
      "place": "1",
      "team": "Otters",
      "yards": 0,
      "meet": "077",
      "opponent": "Pinehurst"
    },
    {
      "name": "LucasC",
      "stroke": "Freestyle",
      "age": "9-10",
      "gender": "Boys",
      "date": "2011-07-009",
      "time": "15.07",
      "place": "5",
      "team": "Otters",
      "yards": 0,
      "meet": "077",
      "opponent": "Pinehurst"
    },
    {
      "name": "LucasC",
      "stroke": "Back",
      "age": "9-10",
      "gender": "Boys",
      "date": "2011-07-16",
      "time": "18.12",
      "place": "4",
      "team": "Otters",
      "yards": 0,
      "meet": "078",
      "opponent": "Champs"
    },
    {
      "name": "LucasC",
      "stroke": "Breast",
      "age": "9-10",
      "gender": "Boys",
      "date": "2011-07-16",
      "time": "18.95",
      "place": "3",
      "team": "Otters",
      "yards": 0,
      "meet": "078",
      "opponent": "Champs"
    },
    {
      "name": "LucasC",
      "stroke": "Freestyle",
      "age": "9-10",
      "gender": "Boys",
      "date": "2011-07-16",
      "time": "15.27",
      "place": "7",
      "team": "Otters",
      "yards": 0,
      "meet": "078",
      "opponent": "Champs"
    },
    {
      "name": "LucasC",
      "stroke": "Butterfly",
      "age": "9-10",
      "gender": "Boys",
      "date": "2012-05-19",
      "time": "16.86",
      "place": "2",
      "team": "Otters",
      "yards": 0,
      "meet": "079",
      "opponent": "Trials"
    },
    {
      "name": "LucasC",
      "stroke": "Back",
      "age": "9-10",
      "gender": "Boys",
      "date": "2012-05-19",
      "time": "18.38",
      "place": "2",
      "team": "Otters",
      "yards": 0,
      "meet": "079",
      "opponent": "Trials"
    },
    {
      "name": "LucasC",
      "stroke": "Breast",
      "age": "9-10",
      "gender": "Boys",
      "date": "2012-05-19",
      "time": "18.43",
      "place": "1",
      "team": "Otters",
      "yards": 0,
      "meet": "079",
      "opponent": "Trials"
    },
    {
      "name": "LucasC",
      "stroke": "Freestyle",
      "age": "9-10",
      "gender": "Boys",
      "date": "2012-05-19",
      "time": "14.56",
      "place": "2",
      "team": "Otters",
      "yards": 0,
      "meet": "079",
      "opponent": "Trials"
    },
    {
      "name": "LucasC",
      "stroke": "Back",
      "age": "9-10",
      "gender": "Boys",
      "date": "2012-06-002",
      "time": "17.28",
      "place": "2",
      "team": "Otters",
      "yards": 0,
      "meet": "080",
      "opponent": "Pinehurst"
    },
    {
      "name": "LucasC",
      "stroke": "Breast",
      "age": "9-10",
      "gender": "Boys",
      "date": "2012-06-002",
      "time": "17.95",
      "place": "1",
      "team": "Otters",
      "yards": 0,
      "meet": "080",
      "opponent": "Pinehurst"
    },
    {
      "name": "LucasC",
      "stroke": "Freestyle",
      "age": "9-10",
      "gender": "Boys",
      "date": "2012-06-002",
      "time": "14.40",
      "place": "2",
      "team": "Otters",
      "yards": 0,
      "meet": "080",
      "opponent": "Pinehurst"
    },
    {
      "name": "LucasC",
      "stroke": "Back",
      "age": "9-10",
      "gender": "Boys",
      "date": "2012-06-009",
      "time": "17.87",
      "place": "2",
      "team": "Otters",
      "yards": 0,
      "meet": "081",
      "opponent": "Crossgates"
    },
    {
      "name": "LucasC",
      "stroke": "Breast",
      "age": "9-10",
      "gender": "Boys",
      "date": "2012-06-009",
      "time": "18.50",
      "place": "1",
      "team": "Otters",
      "yards": 0,
      "meet": "081",
      "opponent": "Crossgates"
    },
    {
      "name": "LucasC",
      "stroke": "Freestyle",
      "age": "9-10",
      "gender": "Boys",
      "date": "2012-06-009",
      "time": "14.97",
      "place": "2",
      "team": "Otters",
      "yards": 0,
      "meet": "081",
      "opponent": "Crossgates"
    },
    {
      "name": "LucasC",
      "stroke": "Butterfly",
      "age": "9-10",
      "gender": "Boys",
      "date": "2012-06-16",
      "time": "17.42",
      "place": "2",
      "team": "Otters",
      "yards": 0,
      "meet": "082",
      "opponent": "Almaden"
    },
    {
      "name": "LucasC",
      "stroke": "Back",
      "age": "9-10",
      "gender": "Boys",
      "date": "2012-06-16",
      "time": "18.09",
      "place": "2",
      "team": "Otters",
      "yards": 0,
      "meet": "082",
      "opponent": "Almaden"
    },
    {
      "name": "LucasC",
      "stroke": "Breast",
      "age": "9-10",
      "gender": "Boys",
      "date": "2012-06-16",
      "time": "18.19",
      "place": "1",
      "team": "Otters",
      "yards": 0,
      "meet": "082",
      "opponent": "Almaden"
    },
    {
      "name": "LucasC",
      "stroke": "Back",
      "age": "9-10",
      "gender": "Boys",
      "date": "2012-06-30",
      "time": "17.33",
      "place": "2",
      "team": "Otters",
      "yards": 0,
      "meet": "084",
      "opponent": "Shadowbrook"
    },
    {
      "name": "LucasC",
      "stroke": "Breast",
      "age": "9-10",
      "gender": "Boys",
      "date": "2012-06-30",
      "time": "18.33",
      "place": "1",
      "team": "Otters",
      "yards": 0,
      "meet": "084",
      "opponent": "Shadowbrook"
    },
    {
      "name": "LucasC",
      "stroke": "Freestyle",
      "age": "9-10",
      "gender": "Boys",
      "date": "2012-06-30",
      "time": "14.59",
      "place": "2",
      "team": "Otters",
      "yards": 0,
      "meet": "084",
      "opponent": "Shadowbrook"
    },
    {
      "name": "LucasC",
      "stroke": "Back",
      "age": "9-10",
      "gender": "Boys",
      "date": "2012-07-14",
      "time": "17.41",
      "place": "1",
      "team": "Otters",
      "yards": 0,
      "meet": "085",
      "opponent": "Champs"
    },
    {
      "name": "LucasC",
      "stroke": "Breast",
      "age": "9-10",
      "gender": "Boys",
      "date": "2012-07-14",
      "time": "18.12",
      "place": "1",
      "team": "Otters",
      "yards": 0,
      "meet": "085",
      "opponent": "Champs"
    },
    {
      "name": "LucasC",
      "stroke": "Freestyle",
      "age": "9-10",
      "gender": "Boys",
      "date": "2012-07-14",
      "time": "14.43",
      "place": "2",
      "team": "Otters",
      "yards": 0,
      "meet": "085",
      "opponent": "Champs"
    },
    {
      "name": "LucasC",
      "stroke": "Butterfly",
      "age": "11-12",
      "gender": "Boys",
      "date": "2013-05-18",
      "time": "35.84",
      "place": "3",
      "team": "Otters",
      "yards": 0,
      "meet": "086",
      "opponent": "Trials"
    },
    {
      "name": "LucasC",
      "stroke": "Back",
      "age": "11-12",
      "gender": "Boys",
      "date": "2013-05-18",
      "time": "36.94",
      "place": "4",
      "team": "Otters",
      "yards": 0,
      "meet": "086",
      "opponent": "Trials"
    },
    {
      "name": "LucasC",
      "stroke": "Breast",
      "age": "11-12",
      "gender": "Boys",
      "date": "2013-05-18",
      "time": "41.09",
      "place": "2",
      "team": "Otters",
      "yards": 0,
      "meet": "086",
      "opponent": "Trials"
    },
    {
      "name": "LucasC",
      "stroke": "Freestyle",
      "age": "11-12",
      "gender": "Boys",
      "date": "2013-05-18",
      "time": "31.49",
      "place": "4",
      "team": "Otters",
      "yards": 0,
      "meet": "086",
      "opponent": "Trials"
    },
    {
      "name": "LucasC",
      "stroke": "Butterfly",
      "age": "11-12",
      "gender": "Boys",
      "date": "2013-06-001",
      "time": "36.98",
      "place": "5",
      "team": "Otters",
      "yards": 0,
      "meet": "087",
      "opponent": "Shadowbrook"
    },
    {
      "name": "LucasC",
      "stroke": "Breast",
      "age": "11-12",
      "gender": "Boys",
      "date": "2013-06-001",
      "time": "41.17",
      "place": "2",
      "team": "Otters",
      "yards": 0,
      "meet": "087",
      "opponent": "Shadowbrook"
    },
    {
      "name": "LucasC",
      "stroke": "Freestyle",
      "age": "11-12",
      "gender": "Boys",
      "date": "2013-06-001",
      "time": "30.74",
      "place": "5",
      "team": "Otters",
      "yards": 0,
      "meet": "087",
      "opponent": "Shadowbrook"
    },
    {
      "name": "LucasC",
      "stroke": "Back",
      "age": "11-12",
      "gender": "Boys",
      "date": "2013-06-008",
      "time": "35.90",
      "place": "3",
      "team": "Otters",
      "yards": 0,
      "meet": "088",
      "opponent": "Pinehurst"
    },
    {
      "name": "LucasC",
      "stroke": "Breast",
      "age": "11-12",
      "gender": "Boys",
      "date": "2013-06-008",
      "time": "41.66",
      "place": "4",
      "team": "Otters",
      "yards": 0,
      "meet": "088",
      "opponent": "Pinehurst"
    },
    {
      "name": "LucasC",
      "stroke": "Freestyle",
      "age": "11-12",
      "gender": "Boys",
      "date": "2013-06-008",
      "time": "38.82",
      "place": "17",
      "team": "Otters",
      "yards": 0,
      "meet": "088",
      "opponent": "Pinehurst"
    },
    {
      "name": "LucasC",
      "stroke": "Back",
      "age": "11-12",
      "gender": "Boys",
      "date": "2013-06-22",
      "time": "35.97",
      "place": "5",
      "team": "Otters",
      "yards": 0,
      "meet": "090",
      "opponent": "Almaden"
    },
    {
      "name": "LucasC",
      "stroke": "Breast",
      "age": "11-12",
      "gender": "Boys",
      "date": "2013-06-22",
      "time": "40.59",
      "place": "5",
      "team": "Otters",
      "yards": 0,
      "meet": "090",
      "opponent": "Almaden"
    },
    {
      "name": "LucasC",
      "stroke": "Freestyle",
      "age": "11-12",
      "gender": "Boys",
      "date": "2013-06-22",
      "time": "30.47",
      "place": "7",
      "team": "Otters",
      "yards": 0,
      "meet": "090",
      "opponent": "Almaden"
    },
    {
      "name": "LucasC",
      "stroke": "Back",
      "age": "11-12",
      "gender": "Boys",
      "date": "2013-06-29",
      "time": "36.77",
      "place": "4",
      "team": "Otters",
      "yards": 0,
      "meet": "091",
      "opponent": "Creekside"
    },
    {
      "name": "LucasC",
      "stroke": "Breast",
      "age": "11-12",
      "gender": "Boys",
      "date": "2013-06-29",
      "time": "41.14",
      "place": "3",
      "team": "Otters",
      "yards": 0,
      "meet": "091",
      "opponent": "Creekside"
    },
    {
      "name": "LucasC",
      "stroke": "Freestyle",
      "age": "11-12",
      "gender": "Boys",
      "date": "2013-06-29",
      "time": "30.65",
      "place": "5",
      "team": "Otters",
      "yards": 0,
      "meet": "091",
      "opponent": "Creekside"
    },
    {
      "name": "LucasC",
      "stroke": "Back",
      "age": "11-12",
      "gender": "Boys",
      "date": "2013-07-13",
      "time": "36.06",
      "place": "8",
      "team": "Otters",
      "yards": 0,
      "meet": "092",
      "opponent": "Almaden"
    },
    {
      "name": "LucasC",
      "stroke": "Breast",
      "age": "11-12",
      "gender": "Boys",
      "date": "2013-07-13",
      "time": "40.27",
      "place": "6",
      "team": "Otters",
      "yards": 0,
      "meet": "092",
      "opponent": "Almaden"
    },
    {
      "name": "LucasC",
      "stroke": "Freestyle",
      "age": "11-12",
      "gender": "Boys",
      "date": "2013-07-13",
      "time": "30.40",
      "place": "12",
      "team": "Otters",
      "yards": 0,
      "meet": "092",
      "opponent": "Almaden"
    },
    {
      "name": "LucasC",
      "stroke": "Butterfly",
      "age": "11-12",
      "gender": "Boys",
      "date": "2014-05-17",
      "time": "33.93",
      "place": "2",
      "team": "Otters",
      "yards": 0,
      "meet": "093",
      "opponent": "Trials"
    },
    {
      "name": "LucasC",
      "stroke": "Back",
      "age": "11-12",
      "gender": "Boys",
      "date": "2014-05-17",
      "time": "34.73",
      "place": "2",
      "team": "Otters",
      "yards": 0,
      "meet": "093",
      "opponent": "Trials"
    },
    {
      "name": "LucasC",
      "stroke": "Breast",
      "age": "11-12",
      "gender": "Boys",
      "date": "2014-05-17",
      "time": "38.33",
      "place": "2",
      "team": "Otters",
      "yards": 0,
      "meet": "093",
      "opponent": "Trials"
    },
    {
      "name": "LucasC",
      "stroke": "Freestyle",
      "age": "11-12",
      "gender": "Boys",
      "date": "2014-05-17",
      "time": "38.88",
      "place": "12",
      "team": "Otters",
      "yards": 0,
      "meet": "093",
      "opponent": "Trials"
    },
    {
      "name": "LucasC",
      "stroke": "Back",
      "age": "11-12",
      "gender": "Boys",
      "date": "2014-06-007",
      "time": "34.89",
      "place": "3",
      "team": "Otters",
      "yards": 0,
      "meet": "095",
      "opponent": "Shadowbrook"
    },
    {
      "name": "LucasC",
      "stroke": "Breast",
      "age": "11-12",
      "gender": "Boys",
      "date": "2014-06-007",
      "time": "38.13",
      "place": "2",
      "team": "Otters",
      "yards": 0,
      "meet": "095",
      "opponent": "Shadowbrook"
    },
    {
      "name": "LucasC",
      "stroke": "Freestyle",
      "age": "11-12",
      "gender": "Boys",
      "date": "2014-06-007",
      "time": "28.85",
      "place": "3",
      "team": "Otters",
      "yards": 0,
      "meet": "095",
      "opponent": "Shadowbrook"
    },
    {
      "name": "LucasC",
      "stroke": "Back",
      "age": "11-12",
      "gender": "Boys",
      "date": "2014-06-14",
      "time": "33.87",
      "place": "1",
      "team": "Otters",
      "yards": 0,
      "meet": "096",
      "opponent": "Pinehurst"
    },
    {
      "name": "LucasC",
      "stroke": "Breast",
      "age": "11-12",
      "gender": "Boys",
      "date": "2014-06-14",
      "time": "37.97",
      "place": "1",
      "team": "Otters",
      "yards": 0,
      "meet": "096",
      "opponent": "Pinehurst"
    },
    {
      "name": "LucasC",
      "stroke": "Freestyle",
      "age": "11-12",
      "gender": "Boys",
      "date": "2014-06-14",
      "time": "28.44",
      "place": "1",
      "team": "Otters",
      "yards": 0,
      "meet": "096",
      "opponent": "Pinehurst"
    },
    {
      "name": "LucasC",
      "stroke": "Back",
      "age": "11-12",
      "gender": "Boys",
      "date": "2014-06-21",
      "time": "34.34",
      "place": "2",
      "team": "Otters",
      "yards": 0,
      "meet": "097",
      "opponent": "Crossgates"
    },
    {
      "name": "LucasC",
      "stroke": "Breast",
      "age": "11-12",
      "gender": "Boys",
      "date": "2014-06-21",
      "time": "38.06",
      "place": "1",
      "team": "Otters",
      "yards": 0,
      "meet": "097",
      "opponent": "Crossgates"
    },
    {
      "name": "LucasC",
      "stroke": "Freestyle",
      "age": "11-12",
      "gender": "Boys",
      "date": "2014-06-21",
      "time": "28.19",
      "place": "2",
      "team": "Otters",
      "yards": 0,
      "meet": "097",
      "opponent": "Crossgates"
    },
    {
      "name": "LucasC",
      "stroke": "Back",
      "age": "11-12",
      "gender": "Boys",
      "date": "2014-06-28",
      "time": "35.33",
      "place": "2",
      "team": "Otters",
      "yards": 0,
      "meet": "098",
      "opponent": "Almaden"
    },
    {
      "name": "LucasC",
      "stroke": "Breast",
      "age": "11-12",
      "gender": "Boys",
      "date": "2014-06-28",
      "time": "38.50",
      "place": "1",
      "team": "Otters",
      "yards": 0,
      "meet": "098",
      "opponent": "Almaden"
    },
    {
      "name": "LucasC",
      "stroke": "Freestyle",
      "age": "11-12",
      "gender": "Boys",
      "date": "2014-06-28",
      "time": "28.92",
      "place": "2",
      "team": "Otters",
      "yards": 0,
      "meet": "098",
      "opponent": "Almaden"
    },
    {
      "name": "LucasC",
      "stroke": "Back",
      "age": "11-12",
      "gender": "Boys",
      "date": "2014-07-12",
      "time": "34.78",
      "place": "3",
      "team": "Otters",
      "yards": 0,
      "meet": "099",
      "opponent": "Champs"
    },
    {
      "name": "LucasC",
      "stroke": "Breast",
      "age": "11-12",
      "gender": "Boys",
      "date": "2014-07-12",
      "time": "37.60",
      "place": "1",
      "team": "Otters",
      "yards": 0,
      "meet": "099",
      "opponent": "Champs"
    },
    {
      "name": "LucasC",
      "stroke": "Freestyle",
      "age": "11-12",
      "gender": "Boys",
      "date": "2014-07-12",
      "time": "28.14",
      "place": "3",
      "team": "Otters",
      "yards": 0,
      "meet": "099",
      "opponent": "Champs"
    },
    {
      "name": "LucasC",
      "stroke": "Butterfly",
      "age": "13-14",
      "gender": "Boys",
      "date": "2015-05-31",
      "time": "31.43",
      "place": "5",
      "team": "Otters",
      "yards": 0,
      "meet": "100",
      "opponent": "Trials"
    },
    {
      "name": "LucasC",
      "stroke": "Back",
      "age": "13-14",
      "gender": "Boys",
      "date": "2015-05-31",
      "time": "33.49",
      "place": "4",
      "team": "Otters",
      "yards": 0,
      "meet": "100",
      "opponent": "Trials"
    },
    {
      "name": "LucasC",
      "stroke": "Breast",
      "age": "13-14",
      "gender": "Boys",
      "date": "2015-05-31",
      "time": "35.49",
      "place": "3",
      "team": "Otters",
      "yards": 0,
      "meet": "100",
      "opponent": "Trials"
    },
    {
      "name": "LucasC",
      "stroke": "Freestyle",
      "age": "13-14",
      "gender": "Boys",
      "date": "2015-05-31",
      "time": "27.66",
      "place": "5",
      "team": "Otters",
      "yards": 0,
      "meet": "100",
      "opponent": "Trials"
    },
    {
      "name": "LucasC",
      "stroke": "Back",
      "age": "13-14",
      "gender": "Boys",
      "date": "2015-05-30",
      "time": "33.19",
      "place": "3",
      "team": "Otters",
      "yards": 0,
      "meet": "101",
      "opponent": "Almaden"
    },
    {
      "name": "LucasC",
      "stroke": "Breast",
      "age": "13-14",
      "gender": "Boys",
      "date": "2015-05-30",
      "time": "34.90",
      "place": "3",
      "team": "Otters",
      "yards": 0,
      "meet": "101",
      "opponent": "Almaden"
    },
    {
      "name": "LucasC",
      "stroke": "Freestyle",
      "age": "13-14",
      "gender": "Boys",
      "date": "2015-05-30",
      "time": "27.25",
      "place": "8",
      "team": "Otters",
      "yards": 0,
      "meet": "101",
      "opponent": "Almaden"
    },
    {
      "name": "LucasC",
      "stroke": "Back",
      "age": "13-14",
      "gender": "Boys",
      "date": "2015-06-006",
      "time": "33.17",
      "place": "4",
      "team": "Otters",
      "yards": 0,
      "meet": "102",
      "opponent": "Creekside"
    },
    {
      "name": "LucasC",
      "stroke": "Breast",
      "age": "13-14",
      "gender": "Boys",
      "date": "2015-06-006",
      "time": "35.07",
      "place": "3",
      "team": "Otters",
      "yards": 0,
      "meet": "102",
      "opponent": "Creekside"
    },
    {
      "name": "LucasC",
      "stroke": "Freestyle",
      "age": "13-14",
      "gender": "Boys",
      "date": "2015-06-006",
      "time": "27.19",
      "place": "6",
      "team": "Otters",
      "yards": 0,
      "meet": "102",
      "opponent": "Creekside"
    },
    {
      "name": "LucasC",
      "stroke": "Butterfly",
      "age": "13-14",
      "gender": "Boys",
      "date": "2015-06-13",
      "time": "31.98",
      "place": "3",
      "team": "Otters",
      "yards": 0,
      "meet": "103",
      "opponent": "Shadowbrook"
    },
    {
      "name": "LucasC",
      "stroke": "Back",
      "age": "13-14",
      "gender": "Boys",
      "date": "2015-06-13",
      "time": "33.07",
      "place": "5",
      "team": "Otters",
      "yards": 0,
      "meet": "103",
      "opponent": "Shadowbrook"
    },
    {
      "name": "LucasC",
      "stroke": "Breast",
      "age": "13-14",
      "gender": "Boys",
      "date": "2015-06-13",
      "time": "34.50",
      "place": "2",
      "team": "Otters",
      "yards": 0,
      "meet": "103",
      "opponent": "Shadowbrook"
    },
    {
      "name": "LucasC",
      "stroke": "Butterfly",
      "age": "13-14",
      "gender": "Boys",
      "date": "2016-05-20",
      "time": "28.87",
      "place": "2",
      "team": "Otters",
      "yards": 0,
      "meet": "107",
      "opponent": "Trials"
    },
    {
      "name": "LucasC",
      "stroke": "Back",
      "age": "13-14",
      "gender": "Boys",
      "date": "2016-05-20",
      "time": "31.49",
      "place": "2",
      "team": "Otters",
      "yards": 0,
      "meet": "107",
      "opponent": "Trials"
    },
    {
      "name": "LucasC",
      "stroke": "Breast",
      "age": "13-14",
      "gender": "Boys",
      "date": "2016-05-20",
      "time": "32.73",
      "place": "1",
      "team": "Otters",
      "yards": 0,
      "meet": "107",
      "opponent": "Trials"
    },
    {
      "name": "LucasC",
      "stroke": "Freestyle",
      "age": "13-14",
      "gender": "Boys",
      "date": "2016-05-20",
      "time": "25.56",
      "place": "1",
      "team": "Otters",
      "yards": 0,
      "meet": "107",
      "opponent": "Trials"
    }
  ]
}