{
  "scores": [
    {
      "name": "LynneaJ",
      "stroke": "Butterfly",
      "age": "11-12",
      "gender": "Girls",
      "date": "2013-05-18",
      "time": "56.38",
      "place": "17",
      "team": "Otters",
      "yards": 0,
      "meet": "086",
      "opponent": "Trials"
    },
    {
      "name": "LynneaJ",
      "stroke": "Back",
      "age": "11-12",
      "gender": "Girls",
      "date": "2013-05-18",
      "time": "54.72",
      "place": "17",
      "team": "Otters",
      "yards": 0,
      "meet": "086",
      "opponent": "Trials"
    },
    {
      "name": "LynneaJ",
      "stroke": "Breast",
      "age": "11-12",
      "gender": "Girls",
      "date": "2013-05-18",
      "time": "52.33",
      "place": "14",
      "team": "Otters",
      "yards": 0,
      "meet": "086",
      "opponent": "Trials"
    },
    {
      "name": "LynneaJ",
      "stroke": "Freestyle",
      "age": "11-12",
      "gender": "Girls",
      "date": "2013-05-18",
      "time": "47.23",
      "place": "21",
      "team": "Otters",
      "yards": 0,
      "meet": "086",
      "opponent": "Trials"
    },
    {
      "name": "LynneaJ",
      "stroke": "Back",
      "age": "11-12",
      "gender": "Girls",
      "date": "2013-06-001",
      "time": "52.16",
      "place": "15",
      "team": "Otters",
      "yards": 0,
      "meet": "087",
      "opponent": "Shadowbrook"
    },
    {
      "name": "LynneaJ",
      "stroke": "Breast",
      "age": "11-12",
      "gender": "Girls",
      "date": "2013-06-001",
      "time": "DQ",
      "place": "--",
      "team": "Otters",
      "yards": 0,
      "meet": "087",
      "opponent": "Shadowbrook"
    },
    {
      "name": "LynneaJ",
      "stroke": "Freestyle",
      "age": "11-12",
      "gender": "Girls",
      "date": "2013-06-001",
      "time": "48.67",
      "place": "25",
      "team": "Otters",
      "yards": 0,
      "meet": "087",
      "opponent": "Shadowbrook"
    },
    {
      "name": "LynneaJ",
      "stroke": "Butterfly",
      "age": "11-12",
      "gender": "Girls",
      "date": "2013-06-008",
      "time": "1:00.31",
      "place": "13",
      "team": "Otters",
      "yards": 0,
      "meet": "088",
      "opponent": "Pinehurst"
    },
    {
      "name": "LynneaJ",
      "stroke": "Breast",
      "age": "11-12",
      "gender": "Girls",
      "date": "2013-06-008",
      "time": "52.19",
      "place": "14",
      "team": "Otters",
      "yards": 0,
      "meet": "088",
      "opponent": "Pinehurst"
    },
    {
      "name": "LynneaJ",
      "stroke": "Freestyle",
      "age": "11-12",
      "gender": "Girls",
      "date": "2013-06-008",
      "time": "47.54",
      "place": "20",
      "team": "Otters",
      "yards": 0,
      "meet": "088",
      "opponent": "Pinehurst"
    },
    {
      "name": "LynneaJ",
      "stroke": "Back",
      "age": "11-12",
      "gender": "Girls",
      "date": "2013-06-15",
      "time": "49.78",
      "place": "18",
      "team": "Otters",
      "yards": 0,
      "meet": "089",
      "opponent": "Crossgates"
    },
    {
      "name": "LynneaJ",
      "stroke": "Breast",
      "age": "11-12",
      "gender": "Girls",
      "date": "2013-06-15",
      "time": "51.17",
      "place": "18",
      "team": "Otters",
      "yards": 0,
      "meet": "089",
      "opponent": "Crossgates"
    },
    {
      "name": "LynneaJ",
      "stroke": "Freestyle",
      "age": "11-12",
      "gender": "Girls",
      "date": "2013-06-15",
      "time": "45.24",
      "place": "28",
      "team": "Otters",
      "yards": 0,
      "meet": "089",
      "opponent": "Crossgates"
    },
    {
      "name": "LynneaJ",
      "stroke": "Back",
      "age": "11-12",
      "gender": "Girls",
      "date": "2013-06-22",
      "time": "51.81",
      "place": "21",
      "team": "Otters",
      "yards": 0,
      "meet": "090",
      "opponent": "Almaden"
    },
    {
      "name": "LynneaJ",
      "stroke": "Breast",
      "age": "11-12",
      "gender": "Girls",
      "date": "2013-06-22",
      "time": "51.97",
      "place": "19",
      "team": "Otters",
      "yards": 0,
      "meet": "090",
      "opponent": "Almaden"
    },
    {
      "name": "LynneaJ",
      "stroke": "Freestyle",
      "age": "11-12",
      "gender": "Girls",
      "date": "2013-06-22",
      "time": "44.28",
      "place": "36",
      "team": "Otters",
      "yards": 0,
      "meet": "090",
      "opponent": "Almaden"
    },
    {
      "name": "LynneaJ",
      "stroke": "Back",
      "age": "11-12",
      "gender": "Girls",
      "date": "2013-06-29",
      "time": "DQ",
      "place": "--",
      "team": "Otters",
      "yards": 0,
      "meet": "091",
      "opponent": "Creekside"
    },
    {
      "name": "LynneaJ",
      "stroke": "Breast",
      "age": "11-12",
      "gender": "Girls",
      "date": "2013-06-29",
      "time": "49.61",
      "place": "18",
      "team": "Otters",
      "yards": 0,
      "meet": "091",
      "opponent": "Creekside"
    },
    {
      "name": "LynneaJ",
      "stroke": "Freestyle",
      "age": "11-12",
      "gender": "Girls",
      "date": "2013-06-29",
      "time": "47.36",
      "place": "39",
      "team": "Otters",
      "yards": 0,
      "meet": "091",
      "opponent": "Creekside"
    },
    {
      "name": "LynneaJ",
      "stroke": "Back",
      "age": "11-12",
      "gender": "Girls",
      "date": "2013-07-13",
      "time": "50.73",
      "place": "65",
      "team": "Otters",
      "yards": 0,
      "meet": "092",
      "opponent": "Almaden"
    },
    {
      "name": "LynneaJ",
      "stroke": "Breast",
      "age": "11-12",
      "gender": "Girls",
      "date": "2013-07-13",
      "time": "49.68",
      "place": "45",
      "team": "Otters",
      "yards": 0,
      "meet": "092",
      "opponent": "Almaden"
    },
    {
      "name": "LynneaJ",
      "stroke": "Freestyle",
      "age": "11-12",
      "gender": "Girls",
      "date": "2013-07-13",
      "time": "42.63",
      "place": "92",
      "team": "Otters",
      "yards": 0,
      "meet": "092",
      "opponent": "Almaden"
    },
    {
      "name": "LynneaJ",
      "stroke": "Butterfly",
      "age": "13-14",
      "gender": "Girls",
      "date": "2014-05-17",
      "time": "48.56",
      "place": "15",
      "team": "Otters",
      "yards": 0,
      "meet": "093",
      "opponent": "Trials"
    },
    {
      "name": "LynneaJ",
      "stroke": "Back",
      "age": "13-14",
      "gender": "Girls",
      "date": "2014-05-17",
      "time": "43.89",
      "place": "14",
      "team": "Otters",
      "yards": 0,
      "meet": "093",
      "opponent": "Trials"
    },
    {
      "name": "LynneaJ",
      "stroke": "Breast",
      "age": "13-14",
      "gender": "Girls",
      "date": "2014-05-17",
      "time": "45.14",
      "place": "10",
      "team": "Otters",
      "yards": 0,
      "meet": "093",
      "opponent": "Trials"
    },
    {
      "name": "LynneaJ",
      "stroke": "Freestyle",
      "age": "13-14",
      "gender": "Girls",
      "date": "2014-05-17",
      "time": "38.76",
      "place": "15",
      "team": "Otters",
      "yards": 0,
      "meet": "093",
      "opponent": "Trials"
    },
    {
      "name": "LynneaJ",
      "stroke": "Back",
      "age": "13-14",
      "gender": "Girls",
      "date": "2014-06-007",
      "time": "44.11",
      "place": "15",
      "team": "Otters",
      "yards": 0,
      "meet": "095",
      "opponent": "Shadowbrook"
    },
    {
      "name": "LynneaJ",
      "stroke": "Breast",
      "age": "13-14",
      "gender": "Girls",
      "date": "2014-06-007",
      "time": "44.49",
      "place": "10",
      "team": "Otters",
      "yards": 0,
      "meet": "095",
      "opponent": "Shadowbrook"
    },
    {
      "name": "LynneaJ",
      "stroke": "Freestyle",
      "age": "13-14",
      "gender": "Girls",
      "date": "2014-06-007",
      "time": "38.31",
      "place": "22",
      "team": "Otters",
      "yards": 0,
      "meet": "095",
      "opponent": "Shadowbrook"
    },
    {
      "name": "LynneaJ",
      "stroke": "Back",
      "age": "13-14",
      "gender": "Girls",
      "date": "2014-06-21",
      "time": "44.78",
      "place": "15",
      "team": "Otters",
      "yards": 0,
      "meet": "097",
      "opponent": "Crossgates"
    },
    {
      "name": "LynneaJ",
      "stroke": "Breast",
      "age": "13-14",
      "gender": "Girls",
      "date": "2014-06-21",
      "time": "43.50",
      "place": "12",
      "team": "Otters",
      "yards": 0,
      "meet": "097",
      "opponent": "Crossgates"
    },
    {
      "name": "LynneaJ",
      "stroke": "Freestyle",
      "age": "13-14",
      "gender": "Girls",
      "date": "2014-06-21",
      "time": "37.84",
      "place": "24",
      "team": "Otters",
      "yards": 0,
      "meet": "097",
      "opponent": "Crossgates"
    },
    {
      "name": "LynneaJ",
      "stroke": "Back",
      "age": "13-14",
      "gender": "Girls",
      "date": "2014-06-28",
      "time": "43.36",
      "place": "22",
      "team": "Otters",
      "yards": 0,
      "meet": "098",
      "opponent": "Almaden"
    },
    {
      "name": "LynneaJ",
      "stroke": "Breast",
      "age": "13-14",
      "gender": "Girls",
      "date": "2014-06-28",
      "time": "43.09",
      "place": "11",
      "team": "Otters",
      "yards": 0,
      "meet": "098",
      "opponent": "Almaden"
    },
    {
      "name": "LynneaJ",
      "stroke": "Freestyle",
      "age": "13-14",
      "gender": "Girls",
      "date": "2014-06-28",
      "time": "38.50",
      "place": "30",
      "team": "Otters",
      "yards": 0,
      "meet": "098",
      "opponent": "Almaden"
    },
    {
      "name": "LynneaJ",
      "stroke": "Back",
      "age": "13-14",
      "gender": "Girls",
      "date": "2014-07-12",
      "time": "43.78",
      "place": "42",
      "team": "Otters",
      "yards": 0,
      "meet": "099",
      "opponent": "Champs"
    },
    {
      "name": "LynneaJ",
      "stroke": "Breast",
      "age": "13-14",
      "gender": "Girls",
      "date": "2014-07-12",
      "time": "43.62",
      "place": "27",
      "team": "Otters",
      "yards": 0,
      "meet": "099",
      "opponent": "Champs"
    },
    {
      "name": "LynneaJ",
      "stroke": "Freestyle",
      "age": "13-14",
      "gender": "Girls",
      "date": "2014-07-12",
      "time": "37.55",
      "place": "68",
      "team": "Otters",
      "yards": 0,
      "meet": "099",
      "opponent": "Champs"
    },
    {
      "name": "LynneaJ",
      "stroke": "Butterfly",
      "age": "13-14",
      "gender": "Girls",
      "date": "2015-05-31",
      "time": "42.28",
      "place": "12",
      "team": "Otters",
      "yards": 0,
      "meet": "100",
      "opponent": "Trials"
    },
    {
      "name": "LynneaJ",
      "stroke": "Back",
      "age": "13-14",
      "gender": "Girls",
      "date": "2015-05-31",
      "time": "41.09",
      "place": "12",
      "team": "Otters",
      "yards": 0,
      "meet": "100",
      "opponent": "Trials"
    },
    {
      "name": "LynneaJ",
      "stroke": "Breast",
      "age": "13-14",
      "gender": "Girls",
      "date": "2015-05-31",
      "time": "40.89",
      "place": "7",
      "team": "Otters",
      "yards": 0,
      "meet": "100",
      "opponent": "Trials"
    },
    {
      "name": "LynneaJ",
      "stroke": "Freestyle",
      "age": "13-14",
      "gender": "Girls",
      "date": "2015-05-31",
      "time": "36.23",
      "place": "14",
      "team": "Otters",
      "yards": 0,
      "meet": "100",
      "opponent": "Trials"
    },
    {
      "name": "LynneaJ",
      "stroke": "Back",
      "age": "13-14",
      "gender": "Girls",
      "date": "2015-05-30",
      "time": "DQ",
      "place": "--",
      "team": "Otters",
      "yards": 0,
      "meet": "101",
      "opponent": "Almaden"
    },
    {
      "name": "LynneaJ",
      "stroke": "Breast",
      "age": "13-14",
      "gender": "Girls",
      "date": "2015-05-30",
      "time": "39.50",
      "place": "7",
      "team": "Otters",
      "yards": 0,
      "meet": "101",
      "opponent": "Almaden"
    },
    {
      "name": "LynneaJ",
      "stroke": "Freestyle",
      "age": "13-14",
      "gender": "Girls",
      "date": "2015-05-30",
      "time": "34.42",
      "place": "22",
      "team": "Otters",
      "yards": 0,
      "meet": "101",
      "opponent": "Almaden"
    },
    {
      "name": "LynneaJ",
      "stroke": "Back",
      "age": "13-14",
      "gender": "Girls",
      "date": "2015-06-006",
      "time": "39.63",
      "place": "13",
      "team": "Otters",
      "yards": 0,
      "meet": "102",
      "opponent": "Creekside"
    },
    {
      "name": "LynneaJ",
      "stroke": "Breast",
      "age": "13-14",
      "gender": "Girls",
      "date": "2015-06-006",
      "time": "39.85",
      "place": "6",
      "team": "Otters",
      "yards": 0,
      "meet": "102",
      "opponent": "Creekside"
    },
    {
      "name": "LynneaJ",
      "stroke": "Back",
      "age": "13-14",
      "gender": "Girls",
      "date": "2015-06-13",
      "time": "39.94",
      "place": "11",
      "team": "Otters",
      "yards": 0,
      "meet": "103",
      "opponent": "Shadowbrook"
    },
    {
      "name": "LynneaJ",
      "stroke": "Breast",
      "age": "13-14",
      "gender": "Girls",
      "date": "2015-06-13",
      "time": "39.76",
      "place": "6",
      "team": "Otters",
      "yards": 0,
      "meet": "103",
      "opponent": "Shadowbrook"
    },
    {
      "name": "LynneaJ",
      "stroke": "Freestyle",
      "age": "13-14",
      "gender": "Girls",
      "date": "2015-06-13",
      "time": "35.99",
      "place": "20",
      "team": "Otters",
      "yards": 0,
      "meet": "103",
      "opponent": "Shadowbrook"
    },
    {
      "name": "LynneaJ",
      "stroke": "Back",
      "age": "13-14",
      "gender": "Girls",
      "date": "2015-06-20",
      "time": "38.78",
      "place": "7",
      "team": "Otters",
      "yards": 0,
      "meet": "104",
      "opponent": "Pinehurst"
    },
    {
      "name": "LynneaJ",
      "stroke": "Breast",
      "age": "13-14",
      "gender": "Girls",
      "date": "2015-06-20",
      "time": "39.40",
      "place": "4",
      "team": "Otters",
      "yards": 0,
      "meet": "104",
      "opponent": "Pinehurst"
    },
    {
      "name": "LynneaJ",
      "stroke": "Freestyle",
      "age": "13-14",
      "gender": "Girls",
      "date": "2015-06-20",
      "time": "34.36",
      "place": "15",
      "team": "Otters",
      "yards": 0,
      "meet": "104",
      "opponent": "Pinehurst"
    },
    {
      "name": "LynneaJ",
      "stroke": "Back",
      "age": "13-14",
      "gender": "Girls",
      "date": "2015-07-11",
      "time": "38.02",
      "place": "21",
      "team": "Otters",
      "yards": 0,
      "meet": "106",
      "opponent": "Champs"
    },
    {
      "name": "LynneaJ",
      "stroke": "Breast",
      "age": "13-14",
      "gender": "Girls",
      "date": "2015-07-11",
      "time": "38.77",
      "place": "15",
      "team": "Otters",
      "yards": 0,
      "meet": "106",
      "opponent": "Champs"
    },
    {
      "name": "LynneaJ",
      "stroke": "Freestyle",
      "age": "13-14",
      "gender": "Girls",
      "date": "2015-07-11",
      "time": "33.38",
      "place": "48",
      "team": "Otters",
      "yards": 0,
      "meet": "106",
      "opponent": "Champs"
    },
    {
      "name": "LynneaJ",
      "stroke": "Butterfly",
      "age": "15-18",
      "gender": "Girls",
      "date": "2016-05-20",
      "time": "38.02",
      "place": "8",
      "team": "Otters",
      "yards": 0,
      "meet": "107",
      "opponent": "Trials"
    },
    {
      "name": "LynneaJ",
      "stroke": "Back",
      "age": "15-18",
      "gender": "Girls",
      "date": "2016-05-20",
      "time": "37.33",
      "place": "6",
      "team": "Otters",
      "yards": 0,
      "meet": "107",
      "opponent": "Trials"
    },
    {
      "name": "LynneaJ",
      "stroke": "Breast",
      "age": "15-18",
      "gender": "Girls",
      "date": "2016-05-20",
      "time": "38.29",
      "place": "5",
      "team": "Otters",
      "yards": 0,
      "meet": "107",
      "opponent": "Trials"
    },
    {
      "name": "LynneaJ",
      "stroke": "Freestyle",
      "age": "15-18",
      "gender": "Girls",
      "date": "2016-05-20",
      "time": "33.97",
      "place": "9",
      "team": "Otters",
      "yards": 0,
      "meet": "107",
      "opponent": "Trials"
    }
  ]
}