{
  "scores": [
    {
      "name": "MaiaR",
      "stroke": "Butterfly",
      "age": "9-10",
      "gender": "Girls",
      "date": "2015-05-31",
      "time": "27.83",
      "place": "22",
      "team": "Otters",
      "yards": 0,
      "meet": "100",
      "opponent": "Trials"
    },
    {
      "name": "MaiaR",
      "stroke": "Back",
      "age": "9-10",
      "gender": "Girls",
      "date": "2015-05-31",
      "time": "24.81",
      "place": "13",
      "team": "Otters",
      "yards": 0,
      "meet": "100",
      "opponent": "Trials"
    },
    {
      "name": "MaiaR",
      "stroke": "Breast",
      "age": "9-10",
      "gender": "Girls",
      "date": "2015-05-31",
      "time": "34.07",
      "place": "22",
      "team": "Otters",
      "yards": 0,
      "meet": "100",
      "opponent": "Trials"
    },
    {
      "name": "MaiaR",
      "stroke": "Freestyle",
      "age": "9-10",
      "gender": "Girls",
      "date": "2015-05-31",
      "time": "27.65",
      "place": "25",
      "team": "Otters",
      "yards": 0,
      "meet": "100",
      "opponent": "Trials"
    },
    {
      "name": "MaiaR",
      "stroke": "Back",
      "age": "9-10",
      "gender": "Girls",
      "date": "2015-05-30",
      "time": "25.32",
      "place": "22",
      "team": "Otters",
      "yards": 0,
      "meet": "101",
      "opponent": "Almaden"
    },
    {
      "name": "MaiaR",
      "stroke": "Breast",
      "age": "9-10",
      "gender": "Girls",
      "date": "2015-05-30",
      "time": "DQ",
      "place": "--",
      "team": "Otters",
      "yards": 0,
      "meet": "101",
      "opponent": "Almaden"
    },
    {
      "name": "MaiaR",
      "stroke": "Freestyle",
      "age": "9-10",
      "gender": "Girls",
      "date": "2015-05-30",
      "time": "24.19",
      "place": "44",
      "team": "Otters",
      "yards": 0,
      "meet": "101",
      "opponent": "Almaden"
    },
    {
      "name": "MaiaR",
      "stroke": "Butterfly",
      "age": "9-10",
      "gender": "Girls",
      "date": "2015-06-006",
      "time": "27.45",
      "place": "13",
      "team": "Otters",
      "yards": 0,
      "meet": "102",
      "opponent": "Creekside"
    },
    {
      "name": "MaiaR",
      "stroke": "Freestyle",
      "age": "9-10",
      "gender": "Girls",
      "date": "2015-06-006",
      "time": "23.63",
      "place": "25",
      "team": "Otters",
      "yards": 0,
      "meet": "102",
      "opponent": "Creekside"
    },
    {
      "name": "MaiaR",
      "stroke": "Butterfly",
      "age": "9-10",
      "gender": "Girls",
      "date": "2015-06-13",
      "time": "28.13",
      "place": "17",
      "team": "Otters",
      "yards": 0,
      "meet": "103",
      "opponent": "Shadowbrook"
    },
    {
      "name": "MaiaR",
      "stroke": "Breast",
      "age": "9-10",
      "gender": "Girls",
      "date": "2015-06-13",
      "time": "31.10",
      "place": "25",
      "team": "Otters",
      "yards": 0,
      "meet": "103",
      "opponent": "Shadowbrook"
    },
    {
      "name": "MaiaR",
      "stroke": "Freestyle",
      "age": "9-10",
      "gender": "Girls",
      "date": "2015-06-13",
      "time": "22.40",
      "place": "35",
      "team": "Otters",
      "yards": 0,
      "meet": "103",
      "opponent": "Shadowbrook"
    },
    {
      "name": "MaiaR",
      "stroke": "Butterfly",
      "age": "9-10",
      "gender": "Girls",
      "date": "2015-06-20",
      "time": "27.13",
      "place": "16",
      "team": "Otters",
      "yards": 0,
      "meet": "104",
      "opponent": "Pinehurst"
    },
    {
      "name": "MaiaR",
      "stroke": "Freestyle",
      "age": "9-10",
      "gender": "Girls",
      "date": "2015-06-20",
      "time": "19.77",
      "place": "22",
      "team": "Otters",
      "yards": 0,
      "meet": "104",
      "opponent": "Pinehurst"
    },
    {
      "name": "MaiaR",
      "stroke": "Back",
      "age": "9-10",
      "gender": "Girls",
      "date": "2015-06-27",
      "time": "23.93",
      "place": "15",
      "team": "Otters",
      "yards": 0,
      "meet": "105",
      "opponent": "Crossgates"
    },
    {
      "name": "MaiaR",
      "stroke": "Breast",
      "age": "9-10",
      "gender": "Girls",
      "date": "2015-06-27",
      "time": "30.84",
      "place": "27",
      "team": "Otters",
      "yards": 0,
      "meet": "105",
      "opponent": "Crossgates"
    },
    {
      "name": "MaiaR",
      "stroke": "Freestyle",
      "age": "9-10",
      "gender": "Girls",
      "date": "2015-06-27",
      "time": "21.09",
      "place": "33",
      "team": "Otters",
      "yards": 0,
      "meet": "105",
      "opponent": "Crossgates"
    },
    {
      "name": "MaiaR",
      "stroke": "Back",
      "age": "9-10",
      "gender": "Girls",
      "date": "2015-07-11",
      "time": "24.71",
      "place": "47",
      "team": "Otters",
      "yards": 0,
      "meet": "106",
      "opponent": "Champs"
    },
    {
      "name": "MaiaR",
      "stroke": "Breast",
      "age": "9-10",
      "gender": "Girls",
      "date": "2015-07-11",
      "time": "28.92",
      "place": "54",
      "team": "Otters",
      "yards": 0,
      "meet": "106",
      "opponent": "Champs"
    },
    {
      "name": "MaiaR",
      "stroke": "Freestyle",
      "age": "9-10",
      "gender": "Girls",
      "date": "2015-07-11",
      "time": "20.52",
      "place": "70",
      "team": "Otters",
      "yards": 0,
      "meet": "106",
      "opponent": "Champs"
    }
  ]
}