{
  "scores": [
    {
      "name": "ManpreetS",
      "stroke": "Back",
      "age": "7-8",
      "gender": "Boys",
      "date": "2013-05-18",
      "time": "1:06.10",
      "place": "26",
      "team": "Otters",
      "yards": 0,
      "meet": "086",
      "opponent": "Trials"
    },
    {
      "name": "ManpreetS",
      "stroke": "Freestyle",
      "age": "7-8",
      "gender": "Boys",
      "date": "2013-05-18",
      "time": "1:03.47",
      "place": "27",
      "team": "Otters",
      "yards": 0,
      "meet": "086",
      "opponent": "Trials"
    },
    {
      "name": "ManpreetS",
      "stroke": "Back",
      "age": "7-8",
      "gender": "Boys",
      "date": "2013-06-001",
      "time": "1:00.54",
      "place": "33",
      "team": "Otters",
      "yards": 0,
      "meet": "087",
      "opponent": "Shadowbrook"
    },
    {
      "name": "ManpreetS",
      "stroke": "Freestyle",
      "age": "7-8",
      "gender": "Boys",
      "date": "2013-06-001",
      "time": "44.38",
      "place": "34",
      "team": "Otters",
      "yards": 0,
      "meet": "087",
      "opponent": "Shadowbrook"
    },
    {
      "name": "ManpreetS",
      "stroke": "Back",
      "age": "7-8",
      "gender": "Boys",
      "date": "2013-06-008",
      "time": "1:00.02",
      "place": "31",
      "team": "Otters",
      "yards": 0,
      "meet": "088",
      "opponent": "Pinehurst"
    },
    {
      "name": "ManpreetS",
      "stroke": "Freestyle",
      "age": "7-8",
      "gender": "Boys",
      "date": "2013-06-008",
      "time": "49.67",
      "place": "32",
      "team": "Otters",
      "yards": 0,
      "meet": "088",
      "opponent": "Pinehurst"
    },
    {
      "name": "ManpreetS",
      "stroke": "Back",
      "age": "7-8",
      "gender": "Boys",
      "date": "2013-06-15",
      "time": "48.95",
      "place": "23",
      "team": "Otters",
      "yards": 0,
      "meet": "089",
      "opponent": "Crossgates"
    },
    {
      "name": "ManpreetS",
      "stroke": "Freestyle",
      "age": "7-8",
      "gender": "Boys",
      "date": "2013-06-15",
      "time": "45.37",
      "place": "28",
      "team": "Otters",
      "yards": 0,
      "meet": "089",
      "opponent": "Crossgates"
    },
    {
      "name": "ManpreetS",
      "stroke": "Back",
      "age": "7-8",
      "gender": "Boys",
      "date": "2013-06-22",
      "time": "1:01.75",
      "place": "26",
      "team": "Otters",
      "yards": 0,
      "meet": "090",
      "opponent": "Almaden"
    },
    {
      "name": "ManpreetS",
      "stroke": "Freestyle",
      "age": "7-8",
      "gender": "Boys",
      "date": "2013-06-22",
      "time": "47.57",
      "place": "30",
      "team": "Otters",
      "yards": 0,
      "meet": "090",
      "opponent": "Almaden"
    },
    {
      "name": "ManpreetS",
      "stroke": "Back",
      "age": "7-8",
      "gender": "Boys",
      "date": "2013-06-29",
      "time": "50.49",
      "place": "19",
      "team": "Otters",
      "yards": 0,
      "meet": "091",
      "opponent": "Creekside"
    },
    {
      "name": "ManpreetS",
      "stroke": "Freestyle",
      "age": "7-8",
      "gender": "Boys",
      "date": "2013-06-29",
      "time": "49.27",
      "place": "22",
      "team": "Otters",
      "yards": 0,
      "meet": "091",
      "opponent": "Creekside"
    },
    {
      "name": "ManpreetS",
      "stroke": "Back",
      "age": "7-8",
      "gender": "Boys",
      "date": "2013-07-13",
      "time": "43.20",
      "place": "84",
      "team": "Otters",
      "yards": 0,
      "meet": "092",
      "opponent": "Almaden"
    },
    {
      "name": "ManpreetS",
      "stroke": "Freestyle",
      "age": "7-8",
      "gender": "Boys",
      "date": "2013-07-13",
      "time": "43.14",
      "place": "90",
      "team": "Otters",
      "yards": 0,
      "meet": "092",
      "opponent": "Almaden"
    },
    {
      "name": "ManpreetS",
      "stroke": "Butterfly",
      "age": "9-10",
      "gender": "Boys",
      "date": "2014-05-17",
      "time": "44.64",
      "place": "18",
      "team": "Otters",
      "yards": 0,
      "meet": "093",
      "opponent": "Trials"
    },
    {
      "name": "ManpreetS",
      "stroke": "Back",
      "age": "9-10",
      "gender": "Boys",
      "date": "2014-05-17",
      "time": "44.11",
      "place": "19",
      "team": "Otters",
      "yards": 0,
      "meet": "093",
      "opponent": "Trials"
    },
    {
      "name": "ManpreetS",
      "stroke": "Breast",
      "age": "9-10",
      "gender": "Boys",
      "date": "2014-05-17",
      "time": "45.71",
      "place": "18",
      "team": "Otters",
      "yards": 0,
      "meet": "093",
      "opponent": "Trials"
    },
    {
      "name": "ManpreetS",
      "stroke": "Freestyle",
      "age": "9-10",
      "gender": "Boys",
      "date": "2014-05-17",
      "time": "39.18",
      "place": "20",
      "team": "Otters",
      "yards": 0,
      "meet": "093",
      "opponent": "Trials"
    },
    {
      "name": "ManpreetS",
      "stroke": "Butterfly",
      "age": "9-10",
      "gender": "Boys",
      "date": "2014-06-007",
      "time": "DQ",
      "place": "--",
      "team": "Otters",
      "yards": 0,
      "meet": "095",
      "opponent": "Shadowbrook"
    },
    {
      "name": "ManpreetS",
      "stroke": "Breast",
      "age": "9-10",
      "gender": "Boys",
      "date": "2014-06-007",
      "time": "DQ",
      "place": "--",
      "team": "Otters",
      "yards": 0,
      "meet": "095",
      "opponent": "Shadowbrook"
    },
    {
      "name": "ManpreetS",
      "stroke": "Freestyle",
      "age": "9-10",
      "gender": "Boys",
      "date": "2014-06-007",
      "time": "31.47",
      "place": "31",
      "team": "Otters",
      "yards": 0,
      "meet": "095",
      "opponent": "Shadowbrook"
    },
    {
      "name": "ManpreetS",
      "stroke": "Butterfly",
      "age": "9-10",
      "gender": "Boys",
      "date": "2014-06-28",
      "time": "DQ",
      "place": "--",
      "team": "Otters",
      "yards": 0,
      "meet": "098",
      "opponent": "Almaden"
    },
    {
      "name": "ManpreetS",
      "stroke": "Butterfly",
      "age": "9-10",
      "gender": "Boys",
      "date": "2014-07-12",
      "time": "DQ",
      "place": "--",
      "team": "Otters",
      "yards": 0,
      "meet": "099",
      "opponent": "Champs"
    },
    {
      "name": "ManpreetS",
      "stroke": "Back",
      "age": "9-10",
      "gender": "Boys",
      "date": "2014-07-12",
      "time": "34.68",
      "place": "60",
      "team": "Otters",
      "yards": 0,
      "meet": "099",
      "opponent": "Champs"
    },
    {
      "name": "ManpreetS",
      "stroke": "Freestyle",
      "age": "9-10",
      "gender": "Boys",
      "date": "2014-07-12",
      "time": "28.20",
      "place": "81",
      "team": "Otters",
      "yards": 0,
      "meet": "099",
      "opponent": "Champs"
    },
    {
      "name": "ManpreetS",
      "stroke": "Butterfly",
      "age": "9-10",
      "gender": "Boys",
      "date": "2015-05-31",
      "time": "43.83",
      "place": "15",
      "team": "Otters",
      "yards": 0,
      "meet": "100",
      "opponent": "Trials"
    },
    {
      "name": "ManpreetS",
      "stroke": "Back",
      "age": "9-10",
      "gender": "Boys",
      "date": "2015-05-31",
      "time": "31.49",
      "place": "14",
      "team": "Otters",
      "yards": 0,
      "meet": "100",
      "opponent": "Trials"
    },
    {
      "name": "ManpreetS",
      "stroke": "Breast",
      "age": "9-10",
      "gender": "Boys",
      "date": "2015-05-31",
      "time": "49.05",
      "place": "16",
      "team": "Otters",
      "yards": 0,
      "meet": "100",
      "opponent": "Trials"
    },
    {
      "name": "ManpreetS",
      "stroke": "Freestyle",
      "age": "9-10",
      "gender": "Boys",
      "date": "2015-05-31",
      "time": "39.08",
      "place": "16",
      "team": "Otters",
      "yards": 0,
      "meet": "100",
      "opponent": "Trials"
    },
    {
      "name": "ManpreetS",
      "stroke": "Back",
      "age": "9-10",
      "gender": "Boys",
      "date": "2015-05-30",
      "time": "30.74",
      "place": "20",
      "team": "Otters",
      "yards": 0,
      "meet": "101",
      "opponent": "Almaden"
    },
    {
      "name": "ManpreetS",
      "stroke": "Breast",
      "age": "9-10",
      "gender": "Boys",
      "date": "2015-05-30",
      "time": "DQ",
      "place": "--",
      "team": "Otters",
      "yards": 0,
      "meet": "101",
      "opponent": "Almaden"
    },
    {
      "name": "ManpreetS",
      "stroke": "Freestyle",
      "age": "9-10",
      "gender": "Boys",
      "date": "2015-05-30",
      "time": "33.78",
      "place": "34",
      "team": "Otters",
      "yards": 0,
      "meet": "101",
      "opponent": "Almaden"
    },
    {
      "name": "ManpreetS",
      "stroke": "Back",
      "age": "9-10",
      "gender": "Boys",
      "date": "2015-06-006",
      "time": "31.09",
      "place": "14",
      "team": "Otters",
      "yards": 0,
      "meet": "102",
      "opponent": "Creekside"
    },
    {
      "name": "ManpreetS",
      "stroke": "Freestyle",
      "age": "9-10",
      "gender": "Boys",
      "date": "2015-06-006",
      "time": "36.30",
      "place": "25",
      "team": "Otters",
      "yards": 0,
      "meet": "102",
      "opponent": "Creekside"
    },
    {
      "name": "ManpreetS",
      "stroke": "Back",
      "age": "9-10",
      "gender": "Boys",
      "date": "2015-06-27",
      "time": "31.49",
      "place": "19",
      "team": "Otters",
      "yards": 0,
      "meet": "105",
      "opponent": "Crossgates"
    },
    {
      "name": "ManpreetS",
      "stroke": "Back",
      "age": "9-10",
      "gender": "Boys",
      "date": "2015-07-11",
      "time": "31.40",
      "place": "64",
      "team": "Otters",
      "yards": 0,
      "meet": "106",
      "opponent": "Champs"
    },
    {
      "name": "ManpreetS",
      "stroke": "Freestyle",
      "age": "9-10",
      "gender": "Boys",
      "date": "2015-07-11",
      "time": "29.78",
      "place": "89",
      "team": "Otters",
      "yards": 0,
      "meet": "106",
      "opponent": "Champs"
    }
  ]
}