{
  "scores": [
    {
      "name": "MarissaC",
      "stroke": "Back",
      "age": "7-8",
      "gender": "Girls",
      "date": "2011-06-18",
      "time": "DQ",
      "place": "--",
      "team": "Otters",
      "yards": 0,
      "meet": "075",
      "opponent": "Creekside"
    },
    {
      "name": "MarissaC",
      "stroke": "Breast",
      "age": "8 & Under",
      "gender": "Girls",
      "date": "2011-06-18",
      "time": "DQ",
      "place": "--",
      "team": "Otters",
      "yards": 0,
      "meet": "075",
      "opponent": "Creekside"
    },
    {
      "name": "MarissaC",
      "stroke": "Freestyle",
      "age": "7-8",
      "gender": "Girls",
      "date": "2011-06-18",
      "time": "26.05",
      "place": "21",
      "team": "Otters",
      "yards": 0,
      "meet": "075",
      "opponent": "Creekside"
    },
    {
      "name": "MarissaC",
      "stroke": "Butterfly",
      "age": "8 & Under",
      "gender": "Girls",
      "date": "2011-06-25",
      "time": "DQ",
      "place": "--",
      "team": "Otters",
      "yards": 0,
      "meet": "076",
      "opponent": "Shadowbrook"
    },
    {
      "name": "MarissaC",
      "stroke": "Freestyle",
      "age": "7-8",
      "gender": "Girls",
      "date": "2011-06-25",
      "time": "26.67",
      "place": "20",
      "team": "Otters",
      "yards": 0,
      "meet": "076",
      "opponent": "Shadowbrook"
    },
    {
      "name": "MarissaC",
      "stroke": "Butterfly",
      "age": "8 & Under",
      "gender": "Girls",
      "date": "2011-07-009",
      "time": "34.27",
      "place": "10",
      "team": "Otters",
      "yards": 0,
      "meet": "077",
      "opponent": "Pinehurst"
    },
    {
      "name": "MarissaC",
      "stroke": "Breast",
      "age": "8 & Under",
      "gender": "Girls",
      "date": "2011-07-009",
      "time": "DQ",
      "place": "--",
      "team": "Otters",
      "yards": 0,
      "meet": "077",
      "opponent": "Pinehurst"
    },
    {
      "name": "MarissaC",
      "stroke": "Freestyle",
      "age": "7-8",
      "gender": "Girls",
      "date": "2011-07-009",
      "time": "24.47",
      "place": "16",
      "team": "Otters",
      "yards": 0,
      "meet": "077",
      "opponent": "Pinehurst"
    },
    {
      "name": "MarissaC",
      "stroke": "Butterfly",
      "age": "8 & Under",
      "gender": "Girls",
      "date": "2012-06-002",
      "time": "DQ",
      "place": "--",
      "team": "Otters",
      "yards": 0,
      "meet": "080",
      "opponent": "Pinehurst"
    },
    {
      "name": "MarissaC",
      "stroke": "Breast",
      "age": "8 & Under",
      "gender": "Girls",
      "date": "2012-06-002",
      "time": "DQ",
      "place": "--",
      "team": "Otters",
      "yards": 0,
      "meet": "080",
      "opponent": "Pinehurst"
    },
    {
      "name": "MarissaC",
      "stroke": "Freestyle",
      "age": "7-8",
      "gender": "Girls",
      "date": "2012-06-002",
      "time": "22.49",
      "place": "7",
      "team": "Otters",
      "yards": 0,
      "meet": "080",
      "opponent": "Pinehurst"
    },
    {
      "name": "MarissaC",
      "stroke": "Butterfly",
      "age": "8 & Under",
      "gender": "Girls",
      "date": "2012-06-009",
      "time": "DQ",
      "place": "--",
      "team": "Otters",
      "yards": 0,
      "meet": "081",
      "opponent": "Crossgates"
    },
    {
      "name": "MarissaC",
      "stroke": "Back",
      "age": "7-8",
      "gender": "Girls",
      "date": "2012-06-009",
      "time": "31.28",
      "place": "6",
      "team": "Otters",
      "yards": 0,
      "meet": "081",
      "opponent": "Crossgates"
    },
    {
      "name": "MarissaC",
      "stroke": "Freestyle",
      "age": "7-8",
      "gender": "Girls",
      "date": "2012-06-009",
      "time": "23.10",
      "place": "6",
      "team": "Otters",
      "yards": 0,
      "meet": "081",
      "opponent": "Crossgates"
    },
    {
      "name": "MarissaC",
      "stroke": "Butterfly",
      "age": "8 & Under",
      "gender": "Girls",
      "date": "2012-06-16",
      "time": "29.59",
      "place": "16",
      "team": "Otters",
      "yards": 0,
      "meet": "082",
      "opponent": "Almaden"
    },
    {
      "name": "MarissaC",
      "stroke": "Breast",
      "age": "8 & Under",
      "gender": "Girls",
      "date": "2012-06-16",
      "time": "DQ",
      "place": "--",
      "team": "Otters",
      "yards": 0,
      "meet": "082",
      "opponent": "Almaden"
    },
    {
      "name": "MarissaC",
      "stroke": "Freestyle",
      "age": "7-8",
      "gender": "Girls",
      "date": "2012-06-16",
      "time": "22.70",
      "place": "20",
      "team": "Otters",
      "yards": 0,
      "meet": "082",
      "opponent": "Almaden"
    },
    {
      "name": "MarissaC",
      "stroke": "Butterfly",
      "age": "8 & Under",
      "gender": "Girls",
      "date": "2012-06-23",
      "time": "30.41",
      "place": "8",
      "team": "Otters",
      "yards": 0,
      "meet": "083",
      "opponent": "Creekside"
    },
    {
      "name": "MarissaC",
      "stroke": "Back",
      "age": "7-8",
      "gender": "Girls",
      "date": "2012-06-23",
      "time": "30.28",
      "place": "10",
      "team": "Otters",
      "yards": 0,
      "meet": "083",
      "opponent": "Creekside"
    },
    {
      "name": "MarissaC",
      "stroke": "Freestyle",
      "age": "7-8",
      "gender": "Girls",
      "date": "2012-06-23",
      "time": "23.93",
      "place": "11",
      "team": "Otters",
      "yards": 0,
      "meet": "083",
      "opponent": "Creekside"
    },
    {
      "name": "MarissaC",
      "stroke": "Butterfly",
      "age": "8 & Under",
      "gender": "Girls",
      "date": "2012-06-30",
      "time": "28.86",
      "place": "6",
      "team": "Otters",
      "yards": 0,
      "meet": "084",
      "opponent": "Shadowbrook"
    },
    {
      "name": "MarissaC",
      "stroke": "Back",
      "age": "7-8",
      "gender": "Girls",
      "date": "2012-06-30",
      "time": "29.02",
      "place": "9",
      "team": "Otters",
      "yards": 0,
      "meet": "084",
      "opponent": "Shadowbrook"
    },
    {
      "name": "MarissaC",
      "stroke": "Freestyle",
      "age": "7-8",
      "gender": "Girls",
      "date": "2012-06-30",
      "time": "23.84",
      "place": "9",
      "team": "Otters",
      "yards": 0,
      "meet": "084",
      "opponent": "Shadowbrook"
    },
    {
      "name": "MarissaC",
      "stroke": "Butterfly",
      "age": "8 & Under",
      "gender": "Girls",
      "date": "2012-07-14",
      "time": "27.19",
      "place": "20",
      "team": "Otters",
      "yards": 0,
      "meet": "085",
      "opponent": "Champs"
    },
    {
      "name": "MarissaC",
      "stroke": "Back",
      "age": "7-8",
      "gender": "Girls",
      "date": "2012-07-14",
      "time": "28.35",
      "place": "34",
      "team": "Otters",
      "yards": 0,
      "meet": "085",
      "opponent": "Champs"
    },
    {
      "name": "MarissaC",
      "stroke": "Freestyle",
      "age": "7-8",
      "gender": "Girls",
      "date": "2012-07-14",
      "time": "20.96",
      "place": "27",
      "team": "Otters",
      "yards": 0,
      "meet": "085",
      "opponent": "Champs"
    },
    {
      "name": "MarissaC",
      "stroke": "Butterfly",
      "age": "9-10",
      "gender": "Girls",
      "date": "2013-05-18",
      "time": "27.88",
      "place": "19",
      "team": "Otters",
      "yards": 0,
      "meet": "086",
      "opponent": "Trials"
    },
    {
      "name": "MarissaC",
      "stroke": "Back",
      "age": "9-10",
      "gender": "Girls",
      "date": "2013-05-18",
      "time": "27.81",
      "place": "23",
      "team": "Otters",
      "yards": 0,
      "meet": "086",
      "opponent": "Trials"
    },
    {
      "name": "MarissaC",
      "stroke": "Breast",
      "age": "9-10",
      "gender": "Girls",
      "date": "2013-05-18",
      "time": "33.07",
      "place": "24",
      "team": "Otters",
      "yards": 0,
      "meet": "086",
      "opponent": "Trials"
    },
    {
      "name": "MarissaC",
      "stroke": "Freestyle",
      "age": "9-10",
      "gender": "Girls",
      "date": "2013-05-18",
      "time": "19.92",
      "place": "16",
      "team": "Otters",
      "yards": 0,
      "meet": "086",
      "opponent": "Trials"
    },
    {
      "name": "MarissaC",
      "stroke": "Back",
      "age": "9-10",
      "gender": "Girls",
      "date": "2013-06-001",
      "time": "28.40",
      "place": "28",
      "team": "Otters",
      "yards": 0,
      "meet": "087",
      "opponent": "Shadowbrook"
    },
    {
      "name": "MarissaC",
      "stroke": "Breast",
      "age": "9-10",
      "gender": "Girls",
      "date": "2013-06-001",
      "time": "32.63",
      "place": "15",
      "team": "Otters",
      "yards": 0,
      "meet": "087",
      "opponent": "Shadowbrook"
    },
    {
      "name": "MarissaC",
      "stroke": "Freestyle",
      "age": "9-10",
      "gender": "Girls",
      "date": "2013-06-001",
      "time": "19.89",
      "place": "25",
      "team": "Otters",
      "yards": 0,
      "meet": "087",
      "opponent": "Shadowbrook"
    },
    {
      "name": "MarissaC",
      "stroke": "Butterfly",
      "age": "9-10",
      "gender": "Girls",
      "date": "2013-06-15",
      "time": "28.93",
      "place": "15",
      "team": "Otters",
      "yards": 0,
      "meet": "089",
      "opponent": "Crossgates"
    },
    {
      "name": "MarissaC",
      "stroke": "Back",
      "age": "9-10",
      "gender": "Girls",
      "date": "2013-06-15",
      "time": "28.73",
      "place": "17",
      "team": "Otters",
      "yards": 0,
      "meet": "089",
      "opponent": "Crossgates"
    },
    {
      "name": "MarissaC",
      "stroke": "Freestyle",
      "age": "9-10",
      "gender": "Girls",
      "date": "2013-06-15",
      "time": "20.34",
      "place": "20",
      "team": "Otters",
      "yards": 0,
      "meet": "089",
      "opponent": "Crossgates"
    },
    {
      "name": "MarissaC",
      "stroke": "Butterfly",
      "age": "9-10",
      "gender": "Girls",
      "date": "2013-06-22",
      "time": "28.81",
      "place": "33",
      "team": "Otters",
      "yards": 0,
      "meet": "090",
      "opponent": "Almaden"
    },
    {
      "name": "MarissaC",
      "stroke": "Breast",
      "age": "9-10",
      "gender": "Girls",
      "date": "2013-06-22",
      "time": "32.66",
      "place": "27",
      "team": "Otters",
      "yards": 0,
      "meet": "090",
      "opponent": "Almaden"
    },
    {
      "name": "MarissaC",
      "stroke": "Freestyle",
      "age": "9-10",
      "gender": "Girls",
      "date": "2013-06-22",
      "time": "19.25",
      "place": "35",
      "team": "Otters",
      "yards": 0,
      "meet": "090",
      "opponent": "Almaden"
    },
    {
      "name": "MarissaC",
      "stroke": "Butterfly",
      "age": "9-10",
      "gender": "Girls",
      "date": "2013-06-29",
      "time": "26.31",
      "place": "21",
      "team": "Otters",
      "yards": 0,
      "meet": "091",
      "opponent": "Creekside"
    },
    {
      "name": "MarissaC",
      "stroke": "Back",
      "age": "9-10",
      "gender": "Girls",
      "date": "2013-06-29",
      "time": "26.47",
      "place": "21",
      "team": "Otters",
      "yards": 0,
      "meet": "091",
      "opponent": "Creekside"
    },
    {
      "name": "MarissaC",
      "stroke": "Freestyle",
      "age": "9-10",
      "gender": "Girls",
      "date": "2013-06-29",
      "time": "19.73",
      "place": "26",
      "team": "Otters",
      "yards": 0,
      "meet": "091",
      "opponent": "Creekside"
    },
    {
      "name": "MarissaC",
      "stroke": "Butterfly",
      "age": "9-10",
      "gender": "Girls",
      "date": "2013-07-13",
      "time": "25.41",
      "place": "60",
      "team": "Otters",
      "yards": 0,
      "meet": "092",
      "opponent": "Almaden"
    },
    {
      "name": "MarissaC",
      "stroke": "Back",
      "age": "9-10",
      "gender": "Girls",
      "date": "2013-07-13",
      "time": "26.29",
      "place": "65",
      "team": "Otters",
      "yards": 0,
      "meet": "092",
      "opponent": "Almaden"
    },
    {
      "name": "MarissaC",
      "stroke": "Freestyle",
      "age": "9-10",
      "gender": "Girls",
      "date": "2013-07-13",
      "time": "19.30",
      "place": "78",
      "team": "Otters",
      "yards": 0,
      "meet": "092",
      "opponent": "Almaden"
    },
    {
      "name": "MarissaC",
      "stroke": "Butterfly",
      "age": "9-10",
      "gender": "Girls",
      "date": "2014-05-17",
      "time": "20.52",
      "place": "6",
      "team": "Otters",
      "yards": 0,
      "meet": "093",
      "opponent": "Trials"
    },
    {
      "name": "MarissaC",
      "stroke": "Back",
      "age": "9-10",
      "gender": "Girls",
      "date": "2014-05-17",
      "time": "23.11",
      "place": "8",
      "team": "Otters",
      "yards": 0,
      "meet": "093",
      "opponent": "Trials"
    },
    {
      "name": "MarissaC",
      "stroke": "Freestyle",
      "age": "9-10",
      "gender": "Girls",
      "date": "2014-05-17",
      "time": "17.10",
      "place": "5",
      "team": "Otters",
      "yards": 0,
      "meet": "093",
      "opponent": "Trials"
    },
    {
      "name": "MarissaC",
      "stroke": "Butterfly",
      "age": "9-10",
      "gender": "Girls",
      "date": "2014-06-21",
      "time": "20.84",
      "place": "7",
      "team": "Otters",
      "yards": 0,
      "meet": "097",
      "opponent": "Crossgates"
    },
    {
      "name": "MarissaC",
      "stroke": "Breast",
      "age": "9-10",
      "gender": "Girls",
      "date": "2014-06-21",
      "time": "DQ",
      "place": "--",
      "team": "Otters",
      "yards": 0,
      "meet": "097",
      "opponent": "Crossgates"
    },
    {
      "name": "MarissaC",
      "stroke": "Freestyle",
      "age": "9-10",
      "gender": "Girls",
      "date": "2014-06-21",
      "time": "17.09",
      "place": "8",
      "team": "Otters",
      "yards": 0,
      "meet": "097",
      "opponent": "Crossgates"
    },
    {
      "name": "MarissaC",
      "stroke": "Butterfly",
      "age": "9-10",
      "gender": "Girls",
      "date": "2014-06-28",
      "time": "20.55",
      "place": "13",
      "team": "Otters",
      "yards": 0,
      "meet": "098",
      "opponent": "Almaden"
    },
    {
      "name": "MarissaC",
      "stroke": "Breast",
      "age": "9-10",
      "gender": "Girls",
      "date": "2014-06-28",
      "time": "25.38",
      "place": "13",
      "team": "Otters",
      "yards": 0,
      "meet": "098",
      "opponent": "Almaden"
    },
    {
      "name": "MarissaC",
      "stroke": "Freestyle",
      "age": "9-10",
      "gender": "Girls",
      "date": "2014-06-28",
      "time": "17.07",
      "place": "16",
      "team": "Otters",
      "yards": 0,
      "meet": "098",
      "opponent": "Almaden"
    },
    {
      "name": "MarissaC",
      "stroke": "Butterfly",
      "age": "9-10",
      "gender": "Girls",
      "date": "2014-07-12",
      "time": "20.03",
      "place": "24",
      "team": "Otters",
      "yards": 0,
      "meet": "099",
      "opponent": "Champs"
    },
    {
      "name": "MarissaC",
      "stroke": "Breast",
      "age": "9-10",
      "gender": "Girls",
      "date": "2014-07-12",
      "time": "24.29",
      "place": "27",
      "team": "Otters",
      "yards": 0,
      "meet": "099",
      "opponent": "Champs"
    },
    {
      "name": "MarissaC",
      "stroke": "Freestyle",
      "age": "9-10",
      "gender": "Girls",
      "date": "2014-07-12",
      "time": "17.06",
      "place": "26",
      "team": "Otters",
      "yards": 0,
      "meet": "099",
      "opponent": "Champs"
    },
    {
      "name": "MarissaC",
      "stroke": "Butterfly",
      "age": "11-12",
      "gender": "Girls",
      "date": "2015-05-31",
      "time": "47.97",
      "place": "17",
      "team": "Otters",
      "yards": 0,
      "meet": "100",
      "opponent": "Trials"
    },
    {
      "name": "MarissaC",
      "stroke": "Back",
      "age": "11-12",
      "gender": "Girls",
      "date": "2015-05-31",
      "time": "51.46",
      "place": "18",
      "team": "Otters",
      "yards": 0,
      "meet": "100",
      "opponent": "Trials"
    },
    {
      "name": "MarissaC",
      "stroke": "Breast",
      "age": "11-12",
      "gender": "Girls",
      "date": "2015-05-31",
      "time": "54.49",
      "place": "20",
      "team": "Otters",
      "yards": 0,
      "meet": "100",
      "opponent": "Trials"
    },
    {
      "name": "MarissaC",
      "stroke": "Freestyle",
      "age": "11-12",
      "gender": "Girls",
      "date": "2015-05-31",
      "time": "38.18",
      "place": "16",
      "team": "Otters",
      "yards": 0,
      "meet": "100",
      "opponent": "Trials"
    },
    {
      "name": "MarissaC",
      "stroke": "Butterfly",
      "age": "11-12",
      "gender": "Girls",
      "date": "2015-05-30",
      "time": "49.50",
      "place": "22",
      "team": "Otters",
      "yards": 0,
      "meet": "101",
      "opponent": "Almaden"
    },
    {
      "name": "MarissaC",
      "stroke": "Breast",
      "age": "11-12",
      "gender": "Girls",
      "date": "2015-05-30",
      "time": "DQ",
      "place": "--",
      "team": "Otters",
      "yards": 0,
      "meet": "101",
      "opponent": "Almaden"
    },
    {
      "name": "MarissaC",
      "stroke": "Freestyle",
      "age": "11-12",
      "gender": "Girls",
      "date": "2015-05-30",
      "time": "38.89",
      "place": "32",
      "team": "Otters",
      "yards": 0,
      "meet": "101",
      "opponent": "Almaden"
    },
    {
      "name": "MarissaC",
      "stroke": "Butterfly",
      "age": "11-12",
      "gender": "Girls",
      "date": "2015-06-006",
      "time": "47.69",
      "place": "21",
      "team": "Otters",
      "yards": 0,
      "meet": "102",
      "opponent": "Creekside"
    },
    {
      "name": "MarissaC",
      "stroke": "Freestyle",
      "age": "11-12",
      "gender": "Girls",
      "date": "2015-06-006",
      "time": "37.91",
      "place": "22",
      "team": "Otters",
      "yards": 0,
      "meet": "102",
      "opponent": "Creekside"
    },
    {
      "name": "MarissaC",
      "stroke": "Butterfly",
      "age": "11-12",
      "gender": "Girls",
      "date": "2015-06-13",
      "time": "48.08",
      "place": "20",
      "team": "Otters",
      "yards": 0,
      "meet": "103",
      "opponent": "Shadowbrook"
    },
    {
      "name": "MarissaC",
      "stroke": "Breast",
      "age": "11-12",
      "gender": "Girls",
      "date": "2015-06-13",
      "time": "58.32",
      "place": "14",
      "team": "Otters",
      "yards": 0,
      "meet": "103",
      "opponent": "Shadowbrook"
    },
    {
      "name": "MarissaC",
      "stroke": "Freestyle",
      "age": "11-12",
      "gender": "Girls",
      "date": "2015-06-13",
      "time": "38.59",
      "place": "24",
      "team": "Otters",
      "yards": 0,
      "meet": "103",
      "opponent": "Shadowbrook"
    },
    {
      "name": "MarissaC",
      "stroke": "Butterfly",
      "age": "11-12",
      "gender": "Girls",
      "date": "2015-06-20",
      "time": "50.13",
      "place": "21",
      "team": "Otters",
      "yards": 0,
      "meet": "104",
      "opponent": "Pinehurst"
    },
    {
      "name": "MarissaC",
      "stroke": "Breast",
      "age": "11-12",
      "gender": "Girls",
      "date": "2015-06-20",
      "time": "57.86",
      "place": "14",
      "team": "Otters",
      "yards": 0,
      "meet": "104",
      "opponent": "Pinehurst"
    },
    {
      "name": "MarissaC",
      "stroke": "Freestyle",
      "age": "11-12",
      "gender": "Girls",
      "date": "2015-06-20",
      "time": "38.36",
      "place": "22",
      "team": "Otters",
      "yards": 0,
      "meet": "104",
      "opponent": "Pinehurst"
    },
    {
      "name": "MarissaC",
      "stroke": "Butterfly",
      "age": "11-12",
      "gender": "Girls",
      "date": "2015-06-27",
      "time": "48.96",
      "place": "17",
      "team": "Otters",
      "yards": 0,
      "meet": "105",
      "opponent": "Crossgates"
    },
    {
      "name": "MarissaC",
      "stroke": "Breast",
      "age": "11-12",
      "gender": "Girls",
      "date": "2015-06-27",
      "time": "54.96",
      "place": "12",
      "team": "Otters",
      "yards": 0,
      "meet": "105",
      "opponent": "Crossgates"
    },
    {
      "name": "MarissaC",
      "stroke": "Butterfly",
      "age": "11-12",
      "gender": "Girls",
      "date": "2015-07-11",
      "time": "43.10",
      "place": "42",
      "team": "Otters",
      "yards": 0,
      "meet": "106",
      "opponent": "Champs"
    },
    {
      "name": "MarissaC",
      "stroke": "Breast",
      "age": "11-12",
      "gender": "Girls",
      "date": "2015-07-11",
      "time": "52.92",
      "place": "45",
      "team": "Otters",
      "yards": 0,
      "meet": "106",
      "opponent": "Champs"
    },
    {
      "name": "MarissaC",
      "stroke": "Freestyle",
      "age": "11-12",
      "gender": "Girls",
      "date": "2015-07-11",
      "time": "37.40",
      "place": "65",
      "team": "Otters",
      "yards": 0,
      "meet": "106",
      "opponent": "Champs"
    },
    {
      "name": "MarissaC",
      "stroke": "Butterfly",
      "age": "11-12",
      "gender": "Girls",
      "date": "2016-05-20",
      "time": "45.13",
      "place": "12",
      "team": "Otters",
      "yards": 0,
      "meet": "107",
      "opponent": "Trials"
    },
    {
      "name": "MarissaC",
      "stroke": "Back",
      "age": "11-12",
      "gender": "Girls",
      "date": "2016-05-20",
      "time": "46.25",
      "place": "11",
      "team": "Otters",
      "yards": 0,
      "meet": "107",
      "opponent": "Trials"
    },
    {
      "name": "MarissaC",
      "stroke": "Breast",
      "age": "11-12",
      "gender": "Girls",
      "date": "2016-05-20",
      "time": "52.30",
      "place": "15",
      "team": "Otters",
      "yards": 0,
      "meet": "107",
      "opponent": "Trials"
    },
    {
      "name": "MarissaC",
      "stroke": "Freestyle",
      "age": "11-12",
      "gender": "Girls",
      "date": "2016-05-20",
      "time": "37.34",
      "place": "11",
      "team": "Otters",
      "yards": 0,
      "meet": "107",
      "opponent": "Trials"
    }
  ]
}