{
  "scores": [
    {
      "name": "MariaH",
      "stroke": "Butterfly",
      "age": "11-12",
      "gender": "Girls",
      "date": "2011-05-21",
      "time": "34.31",
      "place": "3",
      "team": "Otters",
      "yards": 0,
      "meet": "072",
      "opponent": "Trials"
    },
    {
      "name": "MariaH",
      "stroke": "Back",
      "age": "11-12",
      "gender": "Girls",
      "date": "2011-05-21",
      "time": "34.59",
      "place": "3",
      "team": "Otters",
      "yards": 0,
      "meet": "072",
      "opponent": "Trials"
    },
    {
      "name": "MariaH",
      "stroke": "Breast",
      "age": "11-12",
      "gender": "Girls",
      "date": "2011-05-21",
      "time": "39.24",
      "place": "3",
      "team": "Otters",
      "yards": 0,
      "meet": "072",
      "opponent": "Trials"
    },
    {
      "name": "MariaH",
      "stroke": "Freestyle",
      "age": "11-12",
      "gender": "Girls",
      "date": "2011-05-21",
      "time": "29.93",
      "place": "3",
      "team": "Otters",
      "yards": 0,
      "meet": "072",
      "opponent": "Trials"
    },
    {
      "name": "MariaH",
      "stroke": "Butterfly",
      "age": "11-12",
      "gender": "Girls",
      "date": "2011-06-004",
      "time": "46.38",
      "place": "10",
      "team": "Otters",
      "yards": 0,
      "meet": "073",
      "opponent": "Crossgates"
    },
    {
      "name": "MariaH",
      "stroke": "Back",
      "age": "11-12",
      "gender": "Girls",
      "date": "2011-06-004",
      "time": "36.85",
      "place": "5",
      "team": "Otters",
      "yards": 0,
      "meet": "073",
      "opponent": "Crossgates"
    },
    {
      "name": "MariaH",
      "stroke": "Freestyle",
      "age": "11-12",
      "gender": "Girls",
      "date": "2011-06-004",
      "time": "30.20",
      "place": "4",
      "team": "Otters",
      "yards": 0,
      "meet": "073",
      "opponent": "Crossgates"
    },
    {
      "name": "MariaH",
      "stroke": "Butterfly",
      "age": "11-12",
      "gender": "Girls",
      "date": "2011-06-11",
      "time": "35.37",
      "place": "5",
      "team": "Otters",
      "yards": 0,
      "meet": "074",
      "opponent": "Almaden"
    },
    {
      "name": "MariaH",
      "stroke": "Back",
      "age": "11-12",
      "gender": "Girls",
      "date": "2011-06-11",
      "time": "34.64",
      "place": "4",
      "team": "Otters",
      "yards": 0,
      "meet": "074",
      "opponent": "Almaden"
    },
    {
      "name": "MariaH",
      "stroke": "Freestyle",
      "age": "11-12",
      "gender": "Girls",
      "date": "2011-06-11",
      "time": "28.78",
      "place": "3",
      "team": "Otters",
      "yards": 0,
      "meet": "074",
      "opponent": "Almaden"
    },
    {
      "name": "MariaH",
      "stroke": "Back",
      "age": "11-12",
      "gender": "Girls",
      "date": "2011-06-18",
      "time": "35.29",
      "place": "3",
      "team": "Otters",
      "yards": 0,
      "meet": "075",
      "opponent": "Creekside"
    },
    {
      "name": "MariaH",
      "stroke": "Breast",
      "age": "11-12",
      "gender": "Girls",
      "date": "2011-06-18",
      "time": "41.94",
      "place": "3",
      "team": "Otters",
      "yards": 0,
      "meet": "075",
      "opponent": "Creekside"
    },
    {
      "name": "MariaH",
      "stroke": "Freestyle",
      "age": "11-12",
      "gender": "Girls",
      "date": "2011-06-18",
      "time": "28.68",
      "place": "1",
      "team": "Otters",
      "yards": 0,
      "meet": "075",
      "opponent": "Creekside"
    },
    {
      "name": "MariaH",
      "stroke": "Butterfly",
      "age": "11-12",
      "gender": "Girls",
      "date": "2011-06-25",
      "time": "36.18",
      "place": "4",
      "team": "Otters",
      "yards": 0,
      "meet": "076",
      "opponent": "Shadowbrook"
    },
    {
      "name": "MariaH",
      "stroke": "Back",
      "age": "11-12",
      "gender": "Girls",
      "date": "2011-06-25",
      "time": "36.12",
      "place": "3",
      "team": "Otters",
      "yards": 0,
      "meet": "076",
      "opponent": "Shadowbrook"
    },
    {
      "name": "MariaH",
      "stroke": "Freestyle",
      "age": "11-12",
      "gender": "Girls",
      "date": "2011-06-25",
      "time": "29.37",
      "place": "2",
      "team": "Otters",
      "yards": 0,
      "meet": "076",
      "opponent": "Shadowbrook"
    },
    {
      "name": "MariaH",
      "stroke": "Butterfly",
      "age": "11-12",
      "gender": "Girls",
      "date": "2011-07-009",
      "time": "33.69",
      "place": "3",
      "team": "Otters",
      "yards": 0,
      "meet": "077",
      "opponent": "Pinehurst"
    },
    {
      "name": "MariaH",
      "stroke": "Back",
      "age": "11-12",
      "gender": "Girls",
      "date": "2011-07-009",
      "time": "34.62",
      "place": "3",
      "team": "Otters",
      "yards": 0,
      "meet": "077",
      "opponent": "Pinehurst"
    },
    {
      "name": "MariaH",
      "stroke": "Freestyle",
      "age": "11-12",
      "gender": "Girls",
      "date": "2011-07-009",
      "time": "28.53",
      "place": "2",
      "team": "Otters",
      "yards": 0,
      "meet": "077",
      "opponent": "Pinehurst"
    },
    {
      "name": "MariaH",
      "stroke": "Butterfly",
      "age": "11-12",
      "gender": "Girls",
      "date": "2011-07-16",
      "time": "34.28",
      "place": "8",
      "team": "Otters",
      "yards": 0,
      "meet": "078",
      "opponent": "Champs"
    },
    {
      "name": "MariaH",
      "stroke": "Back",
      "age": "11-12",
      "gender": "Girls",
      "date": "2011-07-16",
      "time": "35.41",
      "place": "5",
      "team": "Otters",
      "yards": 0,
      "meet": "078",
      "opponent": "Champs"
    },
    {
      "name": "MariaH",
      "stroke": "Freestyle",
      "age": "11-12",
      "gender": "Girls",
      "date": "2011-07-16",
      "time": "29.28",
      "place": "5",
      "team": "Otters",
      "yards": 0,
      "meet": "078",
      "opponent": "Champs"
    },
    {
      "name": "MariaH",
      "stroke": "Butterfly",
      "age": "11-12",
      "gender": "Girls",
      "date": "2012-06-002",
      "time": "33.05",
      "place": "5",
      "team": "Otters",
      "yards": 0,
      "meet": "080",
      "opponent": "Pinehurst"
    },
    {
      "name": "MariaH",
      "stroke": "Back",
      "age": "11-12",
      "gender": "Girls",
      "date": "2012-06-002",
      "time": "33.57",
      "place": "1",
      "team": "Otters",
      "yards": 0,
      "meet": "080",
      "opponent": "Pinehurst"
    },
    {
      "name": "MariaH",
      "stroke": "Freestyle",
      "age": "11-12",
      "gender": "Girls",
      "date": "2012-06-002",
      "time": "28.14",
      "place": "2",
      "team": "Otters",
      "yards": 0,
      "meet": "080",
      "opponent": "Pinehurst"
    },
    {
      "name": "MariaH",
      "stroke": "Butterfly",
      "age": "11-12",
      "gender": "Girls",
      "date": "2012-06-009",
      "time": "33.90",
      "place": "2",
      "team": "Otters",
      "yards": 0,
      "meet": "081",
      "opponent": "Crossgates"
    },
    {
      "name": "MariaH",
      "stroke": "Breast",
      "age": "11-12",
      "gender": "Girls",
      "date": "2012-06-009",
      "time": "39.41",
      "place": "3",
      "team": "Otters",
      "yards": 0,
      "meet": "081",
      "opponent": "Crossgates"
    },
    {
      "name": "MariaH",
      "stroke": "Freestyle",
      "age": "11-12",
      "gender": "Girls",
      "date": "2012-06-009",
      "time": "28.50",
      "place": "2",
      "team": "Otters",
      "yards": 0,
      "meet": "081",
      "opponent": "Crossgates"
    },
    {
      "name": "MariaH",
      "stroke": "Butterfly",
      "age": "11-12",
      "gender": "Girls",
      "date": "2012-06-16",
      "time": "32.02",
      "place": "2",
      "team": "Otters",
      "yards": 0,
      "meet": "082",
      "opponent": "Almaden"
    },
    {
      "name": "MariaH",
      "stroke": "Back",
      "age": "11-12",
      "gender": "Girls",
      "date": "2012-06-16",
      "time": "32.12",
      "place": "1",
      "team": "Otters",
      "yards": 0,
      "meet": "082",
      "opponent": "Almaden"
    },
    {
      "name": "MariaH",
      "stroke": "Freestyle",
      "age": "11-12",
      "gender": "Girls",
      "date": "2012-06-16",
      "time": "27.67",
      "place": "1",
      "team": "Otters",
      "yards": 0,
      "meet": "082",
      "opponent": "Almaden"
    },
    {
      "name": "MariaH",
      "stroke": "Butterfly",
      "age": "11-12",
      "gender": "Girls",
      "date": "2012-06-23",
      "time": "34.01",
      "place": "1",
      "team": "Otters",
      "yards": 0,
      "meet": "083",
      "opponent": "Creekside"
    },
    {
      "name": "MariaH",
      "stroke": "Breast",
      "age": "11-12",
      "gender": "Girls",
      "date": "2012-06-23",
      "time": "38.83",
      "place": "1",
      "team": "Otters",
      "yards": 0,
      "meet": "083",
      "opponent": "Creekside"
    },
    {
      "name": "MariaH",
      "stroke": "Freestyle",
      "age": "11-12",
      "gender": "Girls",
      "date": "2012-06-23",
      "time": "28.11",
      "place": "1",
      "team": "Otters",
      "yards": 0,
      "meet": "083",
      "opponent": "Creekside"
    },
    {
      "name": "MariaH",
      "stroke": "Butterfly",
      "age": "11-12",
      "gender": "Girls",
      "date": "2012-06-30",
      "time": "32.67",
      "place": "2",
      "team": "Otters",
      "yards": 0,
      "meet": "084",
      "opponent": "Shadowbrook"
    },
    {
      "name": "MariaH",
      "stroke": "Back",
      "age": "11-12",
      "gender": "Girls",
      "date": "2012-06-30",
      "time": "32.06",
      "place": "1",
      "team": "Otters",
      "yards": 0,
      "meet": "084",
      "opponent": "Shadowbrook"
    },
    {
      "name": "MariaH",
      "stroke": "Freestyle",
      "age": "11-12",
      "gender": "Girls",
      "date": "2012-06-30",
      "time": "27.46",
      "place": "2",
      "team": "Otters",
      "yards": 0,
      "meet": "084",
      "opponent": "Shadowbrook"
    },
    {
      "name": "MariaH",
      "stroke": "Butterfly",
      "age": "11-12",
      "gender": "Girls",
      "date": "2012-07-14",
      "time": "32.91",
      "place": "8",
      "team": "Otters",
      "yards": 0,
      "meet": "085",
      "opponent": "Champs"
    },
    {
      "name": "MariaH",
      "stroke": "Back",
      "age": "11-12",
      "gender": "Girls",
      "date": "2012-07-14",
      "time": "32.62",
      "place": "2",
      "team": "Otters",
      "yards": 0,
      "meet": "085",
      "opponent": "Champs"
    },
    {
      "name": "MariaH",
      "stroke": "Freestyle",
      "age": "11-12",
      "gender": "Girls",
      "date": "2012-07-14",
      "time": "27.72",
      "place": "3",
      "team": "Otters",
      "yards": 0,
      "meet": "085",
      "opponent": "Champs"
    },
    {
      "name": "MariaH",
      "stroke": "Butterfly",
      "age": "13-14",
      "gender": "Girls",
      "date": "2014-06-007",
      "time": "30.72",
      "place": "2",
      "team": "Otters",
      "yards": 0,
      "meet": "095",
      "opponent": "Shadowbrook"
    },
    {
      "name": "MariaH",
      "stroke": "Back",
      "age": "13-14",
      "gender": "Girls",
      "date": "2014-06-007",
      "time": "31.28",
      "place": "1",
      "team": "Otters",
      "yards": 0,
      "meet": "095",
      "opponent": "Shadowbrook"
    },
    {
      "name": "MariaH",
      "stroke": "Freestyle",
      "age": "13-14",
      "gender": "Girls",
      "date": "2014-06-007",
      "time": "26.27",
      "place": "1",
      "team": "Otters",
      "yards": 0,
      "meet": "095",
      "opponent": "Shadowbrook"
    },
    {
      "name": "MariaH",
      "stroke": "Butterfly",
      "age": "13-14",
      "gender": "Girls",
      "date": "2014-06-14",
      "time": "30.44",
      "place": "3",
      "team": "Otters",
      "yards": 0,
      "meet": "096",
      "opponent": "Pinehurst"
    },
    {
      "name": "MariaH",
      "stroke": "Back",
      "age": "13-14",
      "gender": "Girls",
      "date": "2014-06-14",
      "time": "31.32",
      "place": "1",
      "team": "Otters",
      "yards": 0,
      "meet": "096",
      "opponent": "Pinehurst"
    },
    {
      "name": "MariaH",
      "stroke": "Freestyle",
      "age": "13-14",
      "gender": "Girls",
      "date": "2014-06-14",
      "time": "26.06",
      "place": "2",
      "team": "Otters",
      "yards": 0,
      "meet": "096",
      "opponent": "Pinehurst"
    },
    {
      "name": "MariaH",
      "stroke": "Back",
      "age": "13-14",
      "gender": "Girls",
      "date": "2014-07-12",
      "time": "29.61",
      "place": "1",
      "team": "Otters",
      "yards": 0,
      "meet": "099",
      "opponent": "Champs"
    },
    {
      "name": "MariaH",
      "stroke": "Freestyle",
      "age": "13-14",
      "gender": "Girls",
      "date": "2014-07-12",
      "time": "25.75",
      "place": "2",
      "team": "Otters",
      "yards": 0,
      "meet": "099",
      "opponent": "Champs"
    },
    {
      "name": "MariaH",
      "stroke": "Butterfly",
      "age": "15-18",
      "gender": "Girls",
      "date": "2015-05-30",
      "time": "28.93",
      "place": "2",
      "team": "Otters",
      "yards": 0,
      "meet": "101",
      "opponent": "Almaden"
    },
    {
      "name": "MariaH",
      "stroke": "Back",
      "age": "15-18",
      "gender": "Girls",
      "date": "2015-05-30",
      "time": "30.31",
      "place": "3",
      "team": "Otters",
      "yards": 0,
      "meet": "101",
      "opponent": "Almaden"
    },
    {
      "name": "MariaH",
      "stroke": "Freestyle",
      "age": "15-18",
      "gender": "Girls",
      "date": "2015-05-30",
      "time": "26.22",
      "place": "2",
      "team": "Otters",
      "yards": 0,
      "meet": "101",
      "opponent": "Almaden"
    },
    {
      "name": "MariaH",
      "stroke": "Butterfly",
      "age": "15-18",
      "gender": "Girls",
      "date": "2015-06-006",
      "time": "28.78",
      "place": "2",
      "team": "Otters",
      "yards": 0,
      "meet": "102",
      "opponent": "Creekside"
    },
    {
      "name": "MariaH",
      "stroke": "Back",
      "age": "15-18",
      "gender": "Girls",
      "date": "2015-06-006",
      "time": "30.50",
      "place": "2",
      "team": "Otters",
      "yards": 0,
      "meet": "102",
      "opponent": "Creekside"
    },
    {
      "name": "MariaH",
      "stroke": "Freestyle",
      "age": "15-18",
      "gender": "Girls",
      "date": "2015-06-006",
      "time": "26.13",
      "place": "2",
      "team": "Otters",
      "yards": 0,
      "meet": "102",
      "opponent": "Creekside"
    },
    {
      "name": "MariaH",
      "stroke": "Butterfly",
      "age": "15-18",
      "gender": "Girls",
      "date": "2015-06-13",
      "time": "29.03",
      "place": "1",
      "team": "Otters",
      "yards": 0,
      "meet": "103",
      "opponent": "Shadowbrook"
    },
    {
      "name": "MariaH",
      "stroke": "Back",
      "age": "15-18",
      "gender": "Girls",
      "date": "2015-06-13",
      "time": "30.37",
      "place": "1",
      "team": "Otters",
      "yards": 0,
      "meet": "103",
      "opponent": "Shadowbrook"
    },
    {
      "name": "MariaH",
      "stroke": "Freestyle",
      "age": "15-18",
      "gender": "Girls",
      "date": "2015-06-13",
      "time": "26.34",
      "place": "2",
      "team": "Otters",
      "yards": 0,
      "meet": "103",
      "opponent": "Shadowbrook"
    },
    {
      "name": "MariaH",
      "stroke": "Butterfly",
      "age": "15-18",
      "gender": "Girls",
      "date": "2015-06-20",
      "time": "28.56",
      "place": "2",
      "team": "Otters",
      "yards": 0,
      "meet": "104",
      "opponent": "Pinehurst"
    },
    {
      "name": "MariaH",
      "stroke": "Back",
      "age": "15-18",
      "gender": "Girls",
      "date": "2015-06-20",
      "time": "30.45",
      "place": "1",
      "team": "Otters",
      "yards": 0,
      "meet": "104",
      "opponent": "Pinehurst"
    },
    {
      "name": "MariaH",
      "stroke": "Freestyle",
      "age": "15-18",
      "gender": "Girls",
      "date": "2015-06-20",
      "time": "25.99",
      "place": "1",
      "team": "Otters",
      "yards": 0,
      "meet": "104",
      "opponent": "Pinehurst"
    },
    {
      "name": "MariaH",
      "stroke": "Butterfly",
      "age": "15-18",
      "gender": "Girls",
      "date": "2015-06-27",
      "time": "29.21",
      "place": "3",
      "team": "Otters",
      "yards": 0,
      "meet": "105",
      "opponent": "Crossgates"
    },
    {
      "name": "MariaH",
      "stroke": "Back",
      "age": "15-18",
      "gender": "Girls",
      "date": "2015-06-27",
      "time": "30.45",
      "place": "4",
      "team": "Otters",
      "yards": 0,
      "meet": "105",
      "opponent": "Crossgates"
    },
    {
      "name": "MariaH",
      "stroke": "Freestyle",
      "age": "15-18",
      "gender": "Girls",
      "date": "2015-06-27",
      "time": "26.03",
      "place": "2",
      "team": "Otters",
      "yards": 0,
      "meet": "105",
      "opponent": "Crossgates"
    },
    {
      "name": "MariaH",
      "stroke": "Butterfly",
      "age": "15-18",
      "gender": "Girls",
      "date": "2015-07-11",
      "time": "27.94",
      "place": "6",
      "team": "Otters",
      "yards": 0,
      "meet": "106",
      "opponent": "Champs"
    },
    {
      "name": "MariaH",
      "stroke": "Back",
      "age": "15-18",
      "gender": "Girls",
      "date": "2015-07-11",
      "time": "30.85",
      "place": "7",
      "team": "Otters",
      "yards": 0,
      "meet": "106",
      "opponent": "Champs"
    },
    {
      "name": "MariaH",
      "stroke": "Freestyle",
      "age": "15-18",
      "gender": "Girls",
      "date": "2015-07-11",
      "time": "25.59",
      "place": "8",
      "team": "Otters",
      "yards": 0,
      "meet": "106",
      "opponent": "Champs"
    },
    {
      "name": "MariaH",
      "stroke": "Butterfly",
      "age": "15-18",
      "gender": "Girls",
      "date": "2016-05-20",
      "time": "29.07",
      "place": "2",
      "team": "Otters",
      "yards": 0,
      "meet": "107",
      "opponent": "Trials"
    },
    {
      "name": "MariaH",
      "stroke": "Back",
      "age": "15-18",
      "gender": "Girls",
      "date": "2016-05-20",
      "time": "30.53",
      "place": "1",
      "team": "Otters",
      "yards": 0,
      "meet": "107",
      "opponent": "Trials"
    },
    {
      "name": "MariaH",
      "stroke": "Breast",
      "age": "15-18",
      "gender": "Girls",
      "date": "2016-05-20",
      "time": "35.78",
      "place": "3",
      "team": "Otters",
      "yards": 0,
      "meet": "107",
      "opponent": "Trials"
    },
    {
      "name": "MariaH",
      "stroke": "Freestyle",
      "age": "15-18",
      "gender": "Girls",
      "date": "2016-05-20",
      "time": "26.00",
      "place": "1",
      "team": "Otters",
      "yards": 0,
      "meet": "107",
      "opponent": "Trials"
    }
  ]
}