{
  "scores": [
    {
      "name": "MathewJ",
      "stroke": "Back",
      "age": "7-8",
      "gender": "Boys",
      "date": "2007-06-002",
      "time": "52.63",
      "place": "18",
      "team": "Otters",
      "yards": 0,
      "meet": "044",
      "opponent": "Trials"
    },
    {
      "name": "MathewJ",
      "stroke": "Butterfly",
      "age": "8 & Under",
      "gender": "Boys",
      "date": "2007-06-009",
      "time": "DQ",
      "place": "--",
      "team": "Otters",
      "yards": 0,
      "meet": "045",
      "opponent": "Pinehurst"
    },
    {
      "name": "MathewJ",
      "stroke": "Back",
      "age": "7-8",
      "gender": "Boys",
      "date": "2007-06-009",
      "time": "55.61",
      "place": "18",
      "team": "Otters",
      "yards": 0,
      "meet": "045",
      "opponent": "Pinehurst"
    },
    {
      "name": "MathewJ",
      "stroke": "Freestyle",
      "age": "7-8",
      "gender": "Boys",
      "date": "2007-06-009",
      "time": "42.58",
      "place": "19",
      "team": "Otters",
      "yards": 0,
      "meet": "045",
      "opponent": "Pinehurst"
    },
    {
      "name": "MathewJ",
      "stroke": "Butterfly",
      "age": "8 & Under",
      "gender": "Boys",
      "date": "2007-06-16",
      "time": "DQ",
      "place": "--",
      "team": "Otters",
      "yards": 0,
      "meet": "046",
      "opponent": "Crossgates"
    },
    {
      "name": "MathewJ",
      "stroke": "Back",
      "age": "7-8",
      "gender": "Boys",
      "date": "2007-06-16",
      "time": "40.25",
      "place": "19",
      "team": "Otters",
      "yards": 0,
      "meet": "046",
      "opponent": "Crossgates"
    },
    {
      "name": "MathewJ",
      "stroke": "Freestyle",
      "age": "7-8",
      "gender": "Boys",
      "date": "2007-06-16",
      "time": "43.25",
      "place": "27",
      "team": "Otters",
      "yards": 0,
      "meet": "046",
      "opponent": "Crossgates"
    },
    {
      "name": "MathewJ",
      "stroke": "Back",
      "age": "7-8",
      "gender": "Boys",
      "date": "2007-06-23",
      "time": "43.56",
      "place": "12",
      "team": "Otters",
      "yards": 0,
      "meet": "047",
      "opponent": "Almaden"
    },
    {
      "name": "MathewJ",
      "stroke": "Breast",
      "age": "8 & Under",
      "gender": "Boys",
      "date": "2007-06-23",
      "time": "DQ",
      "place": "--",
      "team": "Otters",
      "yards": 0,
      "meet": "047",
      "opponent": "Almaden"
    },
    {
      "name": "MathewJ",
      "stroke": "Freestyle",
      "age": "7-8",
      "gender": "Boys",
      "date": "2007-06-23",
      "time": "46.34",
      "place": "12",
      "team": "Otters",
      "yards": 0,
      "meet": "047",
      "opponent": "Almaden"
    },
    {
      "name": "MathewJ",
      "stroke": "Back",
      "age": "7-8",
      "gender": "Boys",
      "date": "2007-06-30",
      "time": "DQ",
      "place": "--",
      "team": "Otters",
      "yards": 0,
      "meet": "048",
      "opponent": "Creekside"
    },
    {
      "name": "MathewJ",
      "stroke": "Freestyle",
      "age": "7-8",
      "gender": "Boys",
      "date": "2007-06-30",
      "time": "36.21",
      "place": "16",
      "team": "Otters",
      "yards": 0,
      "meet": "048",
      "opponent": "Creekside"
    },
    {
      "name": "MathewJ",
      "stroke": "Butterfly",
      "age": "8 & Under",
      "gender": "Boys",
      "date": "2007-07-007",
      "time": "DQ",
      "place": "--",
      "team": "Otters",
      "yards": 0,
      "meet": "049",
      "opponent": "Shadowbrook"
    },
    {
      "name": "MathewJ",
      "stroke": "Back",
      "age": "7-8",
      "gender": "Boys",
      "date": "2007-07-007",
      "time": "DQ",
      "place": "--",
      "team": "Otters",
      "yards": 0,
      "meet": "049",
      "opponent": "Shadowbrook"
    },
    {
      "name": "MathewJ",
      "stroke": "Freestyle",
      "age": "7-8",
      "gender": "Boys",
      "date": "2007-07-007",
      "time": "42.73",
      "place": "21",
      "team": "Otters",
      "yards": 0,
      "meet": "049",
      "opponent": "Shadowbrook"
    },
    {
      "name": "MathewJ",
      "stroke": "Back",
      "age": "7-8",
      "gender": "Boys",
      "date": "2007-07-14",
      "time": "40.95",
      "place": "65",
      "team": "Otters",
      "yards": 0,
      "meet": "050",
      "opponent": "Champs"
    },
    {
      "name": "MathewJ",
      "stroke": "Freestyle",
      "age": "7-8",
      "gender": "Boys",
      "date": "2007-07-14",
      "time": "34.72",
      "place": "79",
      "team": "Otters",
      "yards": 0,
      "meet": "050",
      "opponent": "Champs"
    },
    {
      "name": "MathewJ",
      "stroke": "Butterfly",
      "age": "8 & Under",
      "gender": "Boys",
      "date": "2008-05-31",
      "time": "36.13",
      "place": "9",
      "team": "Otters",
      "yards": 0,
      "meet": "051",
      "opponent": "Trials"
    },
    {
      "name": "MathewJ",
      "stroke": "Back",
      "age": "7-8",
      "gender": "Boys",
      "date": "2008-05-31",
      "time": "51.27",
      "place": "12",
      "team": "Otters",
      "yards": 0,
      "meet": "051",
      "opponent": "Trials"
    },
    {
      "name": "MathewJ",
      "stroke": "Breast",
      "age": "8 & Under",
      "gender": "Boys",
      "date": "2008-05-31",
      "time": "38.59",
      "place": "10",
      "team": "Otters",
      "yards": 0,
      "meet": "051",
      "opponent": "Trials"
    },
    {
      "name": "MathewJ",
      "stroke": "Freestyle",
      "age": "7-8",
      "gender": "Boys",
      "date": "2008-05-31",
      "time": "33.32",
      "place": "9",
      "team": "Otters",
      "yards": 0,
      "meet": "051",
      "opponent": "Trials"
    },
    {
      "name": "MathewJ",
      "stroke": "Back",
      "age": "7-8",
      "gender": "Boys",
      "date": "2008-06-007",
      "time": "38.47",
      "place": "15",
      "team": "Otters",
      "yards": 0,
      "meet": "052",
      "opponent": "Shadowbrook"
    },
    {
      "name": "MathewJ",
      "stroke": "Breast",
      "age": "8 & Under",
      "gender": "Boys",
      "date": "2008-06-007",
      "time": "44.94",
      "place": "7",
      "team": "Otters",
      "yards": 0,
      "meet": "052",
      "opponent": "Shadowbrook"
    },
    {
      "name": "MathewJ",
      "stroke": "Freestyle",
      "age": "7-8",
      "gender": "Boys",
      "date": "2008-06-007",
      "time": "31.52",
      "place": "15",
      "team": "Otters",
      "yards": 0,
      "meet": "052",
      "opponent": "Shadowbrook"
    },
    {
      "name": "MathewJ",
      "stroke": "Back",
      "age": "7-8",
      "gender": "Boys",
      "date": "2008-06-21",
      "time": "34.51",
      "place": "13",
      "team": "Otters",
      "yards": 0,
      "meet": "054",
      "opponent": "Crossgates"
    },
    {
      "name": "MathewJ",
      "stroke": "Breast",
      "age": "8 & Under",
      "gender": "Boys",
      "date": "2008-06-21",
      "time": "33.52",
      "place": "8",
      "team": "Otters",
      "yards": 0,
      "meet": "054",
      "opponent": "Crossgates"
    },
    {
      "name": "MathewJ",
      "stroke": "Freestyle",
      "age": "7-8",
      "gender": "Boys",
      "date": "2008-06-21",
      "time": "32.28",
      "place": "20",
      "team": "Otters",
      "yards": 0,
      "meet": "054",
      "opponent": "Crossgates"
    },
    {
      "name": "MathewJ",
      "stroke": "Back",
      "age": "7-8",
      "gender": "Boys",
      "date": "2008-07-12",
      "time": "DQ",
      "place": "--",
      "team": "Otters",
      "yards": 0,
      "meet": "056",
      "opponent": "Creekside"
    },
    {
      "name": "MathewJ",
      "stroke": "Freestyle",
      "age": "7-8",
      "gender": "Boys",
      "date": "2008-07-12",
      "time": "36.28",
      "place": "25",
      "team": "Otters",
      "yards": 0,
      "meet": "056",
      "opponent": "Creekside"
    },
    {
      "name": "MathewJ",
      "stroke": "Back",
      "age": "7-8",
      "gender": "Boys",
      "date": "2008-07-19",
      "time": "39.47",
      "place": "48",
      "team": "Otters",
      "yards": 0,
      "meet": "057",
      "opponent": "Champs"
    },
    {
      "name": "MathewJ",
      "stroke": "Breast",
      "age": "8 & Under",
      "gender": "Boys",
      "date": "2008-07-19",
      "time": "36.01",
      "place": "26",
      "team": "Otters",
      "yards": 0,
      "meet": "057",
      "opponent": "Champs"
    },
    {
      "name": "MathewJ",
      "stroke": "Freestyle",
      "age": "7-8",
      "gender": "Boys",
      "date": "2008-07-19",
      "time": "33.15",
      "place": "63",
      "team": "Otters",
      "yards": 0,
      "meet": "057",
      "opponent": "Champs"
    }
  ]
}