{
  "scores": [
    {
      "name": "MathewP",
      "stroke": "Back",
      "age": "6 & Under",
      "gender": "Boys",
      "date": "2004-05-20",
      "time": "40.04",
      "place": "5",
      "team": "Otters",
      "yards": 0,
      "meet": "023",
      "opponent": "Trials"
    },
    {
      "name": "MathewP",
      "stroke": "Freestyle",
      "age": "6 & Under",
      "gender": "Boys",
      "date": "2004-05-20",
      "time": "32.31",
      "place": "4",
      "team": "Otters",
      "yards": 0,
      "meet": "023",
      "opponent": "Trials"
    },
    {
      "name": "MathewP",
      "stroke": "Butterfly",
      "age": "8 & Under",
      "gender": "Boys",
      "date": "2004-06-12",
      "time": "DQ",
      "place": "--",
      "team": "Otters",
      "yards": 0,
      "meet": "025",
      "opponent": "Shadowbrook"
    },
    {
      "name": "MathewP",
      "stroke": "Back",
      "age": "7-8",
      "gender": "Boys",
      "date": "2004-06-12",
      "time": "56.53",
      "place": "10",
      "team": "Otters",
      "yards": 0,
      "meet": "025",
      "opponent": "Shadowbrook"
    },
    {
      "name": "MathewP",
      "stroke": "Freestyle",
      "age": "7-8",
      "gender": "Boys",
      "date": "2004-06-12",
      "time": "36.03",
      "place": "10",
      "team": "Otters",
      "yards": 0,
      "meet": "025",
      "opponent": "Shadowbrook"
    },
    {
      "name": "MathewP",
      "stroke": "Back",
      "age": "6 & Under",
      "gender": "Boys",
      "date": "2004-06-19",
      "time": "43.87",
      "place": "6",
      "team": "Otters",
      "yards": 0,
      "meet": "026",
      "opponent": "Pinehurst"
    },
    {
      "name": "MathewP",
      "stroke": "Freestyle",
      "age": "6 & Under",
      "gender": "Boys",
      "date": "2004-06-19",
      "time": "34.40",
      "place": "5",
      "team": "Otters",
      "yards": 0,
      "meet": "026",
      "opponent": "Pinehurst"
    },
    {
      "name": "MathewP",
      "stroke": "Back",
      "age": "6 & Under",
      "gender": "Boys",
      "date": "2004-06-26",
      "time": "41.49",
      "place": "7",
      "team": "Otters",
      "yards": 0,
      "meet": "027",
      "opponent": "Crossgates"
    },
    {
      "name": "MathewP",
      "stroke": "Freestyle",
      "age": "6 & Under",
      "gender": "Boys",
      "date": "2004-06-26",
      "time": "30.34",
      "place": "4",
      "team": "Otters",
      "yards": 0,
      "meet": "027",
      "opponent": "Crossgates"
    },
    {
      "name": "MathewP",
      "stroke": "Back",
      "age": "6 & Under",
      "gender": "Boys",
      "date": "2004-07-10",
      "time": "34.87",
      "place": "4",
      "team": "Otters",
      "yards": 0,
      "meet": "028",
      "opponent": "Almaden"
    },
    {
      "name": "MathewP",
      "stroke": "Freestyle",
      "age": "6 & Under",
      "gender": "Boys",
      "date": "2004-07-10",
      "time": "29.00",
      "place": "3",
      "team": "Otters",
      "yards": 0,
      "meet": "028",
      "opponent": "Almaden"
    },
    {
      "name": "MathewP",
      "stroke": "Back",
      "age": "6 & Under",
      "gender": "Boys",
      "date": "2004-07-17",
      "time": "36.60",
      "place": "15",
      "team": "Otters",
      "yards": 0,
      "meet": "029",
      "opponent": "Champs"
    },
    {
      "name": "MathewP",
      "stroke": "Freestyle",
      "age": "6 & Under",
      "gender": "Boys",
      "date": "2004-07-17",
      "time": "29.99",
      "place": "15",
      "team": "Otters",
      "yards": 0,
      "meet": "029",
      "opponent": "Champs"
    }
  ]
}