{
  "scores": [
    {
      "name": "MathiasV",
      "stroke": "Back",
      "age": "6 & Under",
      "gender": "Boys",
      "date": "2013-05-18",
      "time": "1:03.66",
      "place": "8",
      "team": "Otters",
      "yards": 0,
      "meet": "086",
      "opponent": "Trials"
    },
    {
      "name": "MathiasV",
      "stroke": "Freestyle",
      "age": "6 & Under",
      "gender": "Boys",
      "date": "2013-05-18",
      "time": "50.78",
      "place": "11",
      "team": "Otters",
      "yards": 0,
      "meet": "086",
      "opponent": "Trials"
    },
    {
      "name": "MathiasV",
      "stroke": "Back",
      "age": "6 & Under",
      "gender": "Boys",
      "date": "2013-06-001",
      "time": "DQ",
      "place": "--",
      "team": "Otters",
      "yards": 0,
      "meet": "087",
      "opponent": "Shadowbrook"
    },
    {
      "name": "MathiasV",
      "stroke": "Back",
      "age": "6 & Under",
      "gender": "Boys",
      "date": "2013-06-008",
      "time": "1:00.57",
      "place": "16",
      "team": "Otters",
      "yards": 0,
      "meet": "088",
      "opponent": "Pinehurst"
    },
    {
      "name": "MathiasV",
      "stroke": "Back",
      "age": "6 & Under",
      "gender": "Boys",
      "date": "2013-06-15",
      "time": "1:02.21",
      "place": "13",
      "team": "Otters",
      "yards": 0,
      "meet": "089",
      "opponent": "Crossgates"
    },
    {
      "name": "MathiasV",
      "stroke": "Freestyle",
      "age": "6 & Under",
      "gender": "Boys",
      "date": "2013-06-15",
      "time": "40.67",
      "place": "13",
      "team": "Otters",
      "yards": 0,
      "meet": "089",
      "opponent": "Crossgates"
    },
    {
      "name": "MathiasV",
      "stroke": "Back",
      "age": "6 & Under",
      "gender": "Boys",
      "date": "2013-06-22",
      "time": "1:07.37",
      "place": "18",
      "team": "Otters",
      "yards": 0,
      "meet": "090",
      "opponent": "Almaden"
    },
    {
      "name": "MathiasV",
      "stroke": "Freestyle",
      "age": "6 & Under",
      "gender": "Boys",
      "date": "2013-06-22",
      "time": "38.34",
      "place": "14",
      "team": "Otters",
      "yards": 0,
      "meet": "090",
      "opponent": "Almaden"
    },
    {
      "name": "MathiasV",
      "stroke": "Back",
      "age": "6 & Under",
      "gender": "Boys",
      "date": "2013-06-29",
      "time": "1:01.79",
      "place": "9",
      "team": "Otters",
      "yards": 0,
      "meet": "091",
      "opponent": "Creekside"
    },
    {
      "name": "MathiasV",
      "stroke": "Freestyle",
      "age": "6 & Under",
      "gender": "Boys",
      "date": "2013-06-29",
      "time": "37.45",
      "place": "7",
      "team": "Otters",
      "yards": 0,
      "meet": "091",
      "opponent": "Creekside"
    },
    {
      "name": "MathiasV",
      "stroke": "Back",
      "age": "6 & Under",
      "gender": "Boys",
      "date": "2013-07-13",
      "time": "56.90",
      "place": "32",
      "team": "Otters",
      "yards": 0,
      "meet": "092",
      "opponent": "Almaden"
    },
    {
      "name": "MathiasV",
      "stroke": "Freestyle",
      "age": "6 & Under",
      "gender": "Boys",
      "date": "2013-07-13",
      "time": "41.45",
      "place": "34",
      "team": "Otters",
      "yards": 0,
      "meet": "092",
      "opponent": "Almaden"
    },
    {
      "name": "MathiasV",
      "stroke": "Butterfly",
      "age": "8 & Under",
      "gender": "Boys",
      "date": "2014-05-17",
      "time": "37.68",
      "place": "6",
      "team": "Otters",
      "yards": 0,
      "meet": "093",
      "opponent": "Trials"
    },
    {
      "name": "MathiasV",
      "stroke": "Back",
      "age": "7-8",
      "gender": "Boys",
      "date": "2014-05-17",
      "time": "33.41",
      "place": "6",
      "team": "Otters",
      "yards": 0,
      "meet": "093",
      "opponent": "Trials"
    },
    {
      "name": "MathiasV",
      "stroke": "Breast",
      "age": "8 & Under",
      "gender": "Boys",
      "date": "2014-05-17",
      "time": "50.07",
      "place": "9",
      "team": "Otters",
      "yards": 0,
      "meet": "093",
      "opponent": "Trials"
    },
    {
      "name": "MathiasV",
      "stroke": "Back",
      "age": "7-8",
      "gender": "Boys",
      "date": "2014-06-007",
      "time": "32.54",
      "place": "12",
      "team": "Otters",
      "yards": 0,
      "meet": "095",
      "opponent": "Shadowbrook"
    },
    {
      "name": "MathiasV",
      "stroke": "Breast",
      "age": "8 & Under",
      "gender": "Boys",
      "date": "2014-06-007",
      "time": "DQ",
      "place": "--",
      "team": "Otters",
      "yards": 0,
      "meet": "095",
      "opponent": "Shadowbrook"
    },
    {
      "name": "MathiasV",
      "stroke": "Freestyle",
      "age": "7-8",
      "gender": "Boys",
      "date": "2014-06-007",
      "time": "27.57",
      "place": "19",
      "team": "Otters",
      "yards": 0,
      "meet": "095",
      "opponent": "Shadowbrook"
    },
    {
      "name": "MathiasV",
      "stroke": "Back",
      "age": "7-8",
      "gender": "Boys",
      "date": "2014-06-14",
      "time": "31.78",
      "place": "11",
      "team": "Otters",
      "yards": 0,
      "meet": "096",
      "opponent": "Pinehurst"
    },
    {
      "name": "MathiasV",
      "stroke": "Breast",
      "age": "8 & Under",
      "gender": "Boys",
      "date": "2014-06-14",
      "time": "47.22",
      "place": "9",
      "team": "Otters",
      "yards": 0,
      "meet": "096",
      "opponent": "Pinehurst"
    },
    {
      "name": "MathiasV",
      "stroke": "Freestyle",
      "age": "7-8",
      "gender": "Boys",
      "date": "2014-06-14",
      "time": "29.50",
      "place": "23",
      "team": "Otters",
      "yards": 0,
      "meet": "096",
      "opponent": "Pinehurst"
    },
    {
      "name": "MathiasV",
      "stroke": "Butterfly",
      "age": "8 & Under",
      "gender": "Boys",
      "date": "2014-06-21",
      "time": "34.90",
      "place": "4",
      "team": "Otters",
      "yards": 0,
      "meet": "097",
      "opponent": "Crossgates"
    },
    {
      "name": "MathiasV",
      "stroke": "Breast",
      "age": "8 & Under",
      "gender": "Boys",
      "date": "2014-06-21",
      "time": "DQ",
      "place": "--",
      "team": "Otters",
      "yards": 0,
      "meet": "097",
      "opponent": "Crossgates"
    },
    {
      "name": "MathiasV",
      "stroke": "Freestyle",
      "age": "7-8",
      "gender": "Boys",
      "date": "2014-06-21",
      "time": "27.28",
      "place": "18",
      "team": "Otters",
      "yards": 0,
      "meet": "097",
      "opponent": "Crossgates"
    },
    {
      "name": "MathiasV",
      "stroke": "Butterfly",
      "age": "8 & Under",
      "gender": "Boys",
      "date": "2014-06-28",
      "time": "37.13",
      "place": "9",
      "team": "Otters",
      "yards": 0,
      "meet": "098",
      "opponent": "Almaden"
    },
    {
      "name": "MathiasV",
      "stroke": "Breast",
      "age": "8 & Under",
      "gender": "Boys",
      "date": "2014-06-28",
      "time": "44.92",
      "place": "14",
      "team": "Otters",
      "yards": 0,
      "meet": "098",
      "opponent": "Almaden"
    },
    {
      "name": "MathiasV",
      "stroke": "Freestyle",
      "age": "7-8",
      "gender": "Boys",
      "date": "2014-06-28",
      "time": "28.04",
      "place": "24",
      "team": "Otters",
      "yards": 0,
      "meet": "098",
      "opponent": "Almaden"
    },
    {
      "name": "MathiasV",
      "stroke": "Butterfly",
      "age": "8 & Under",
      "gender": "Boys",
      "date": "2014-07-12",
      "time": "33.75",
      "place": "25",
      "team": "Otters",
      "yards": 0,
      "meet": "099",
      "opponent": "Champs"
    },
    {
      "name": "MathiasV",
      "stroke": "Breast",
      "age": "8 & Under",
      "gender": "Boys",
      "date": "2014-07-12",
      "time": "40.40",
      "place": "32",
      "team": "Otters",
      "yards": 0,
      "meet": "099",
      "opponent": "Champs"
    },
    {
      "name": "MathiasV",
      "stroke": "Freestyle",
      "age": "7-8",
      "gender": "Boys",
      "date": "2014-07-12",
      "time": "23.77",
      "place": "45",
      "team": "Otters",
      "yards": 0,
      "meet": "099",
      "opponent": "Champs"
    },
    {
      "name": "MathiasV",
      "stroke": "Breast",
      "age": "7-8",
      "gender": "Boys",
      "date": "2015-05-31",
      "time": "35.22",
      "place": "5",
      "team": "Otters",
      "yards": 0,
      "meet": "100",
      "opponent": "Trials"
    },
    {
      "name": "MathiasV",
      "stroke": "Back",
      "age": "7-8",
      "gender": "Boys",
      "date": "2015-05-30",
      "time": "23.43",
      "place": "2",
      "team": "Otters",
      "yards": 0,
      "meet": "101",
      "opponent": "Almaden"
    },
    {
      "name": "MathiasV",
      "stroke": "Breast",
      "age": "8 & Under",
      "gender": "Boys",
      "date": "2015-05-30",
      "time": "28.72",
      "place": "3",
      "team": "Otters",
      "yards": 0,
      "meet": "101",
      "opponent": "Almaden"
    },
    {
      "name": "MathiasV",
      "stroke": "Freestyle",
      "age": "7-8",
      "gender": "Boys",
      "date": "2015-05-30",
      "time": "19.78",
      "place": "7",
      "team": "Otters",
      "yards": 0,
      "meet": "101",
      "opponent": "Almaden"
    },
    {
      "name": "MathiasV",
      "stroke": "Back",
      "age": "7-8",
      "gender": "Boys",
      "date": "2015-06-006",
      "time": "26.41",
      "place": "2",
      "team": "Otters",
      "yards": 0,
      "meet": "102",
      "opponent": "Creekside"
    },
    {
      "name": "MathiasV",
      "stroke": "Breast",
      "age": "8 & Under",
      "gender": "Boys",
      "date": "2015-06-006",
      "time": "32.23",
      "place": "2",
      "team": "Otters",
      "yards": 0,
      "meet": "102",
      "opponent": "Creekside"
    },
    {
      "name": "MathiasV",
      "stroke": "Freestyle",
      "age": "7-8",
      "gender": "Boys",
      "date": "2015-06-006",
      "time": "19.98",
      "place": "1",
      "team": "Otters",
      "yards": 0,
      "meet": "102",
      "opponent": "Creekside"
    },
    {
      "name": "MathiasV",
      "stroke": "Butterfly",
      "age": "8 & Under",
      "gender": "Boys",
      "date": "2015-06-13",
      "time": "DQ",
      "place": "--",
      "team": "Otters",
      "yards": 0,
      "meet": "103",
      "opponent": "Shadowbrook"
    },
    {
      "name": "MathiasV",
      "stroke": "Breast",
      "age": "8 & Under",
      "gender": "Boys",
      "date": "2015-06-13",
      "time": "29.67",
      "place": "2",
      "team": "Otters",
      "yards": 0,
      "meet": "103",
      "opponent": "Shadowbrook"
    },
    {
      "name": "MathiasV",
      "stroke": "Freestyle",
      "age": "7-8",
      "gender": "Boys",
      "date": "2015-06-13",
      "time": "20.61",
      "place": "4",
      "team": "Otters",
      "yards": 0,
      "meet": "103",
      "opponent": "Shadowbrook"
    },
    {
      "name": "MathiasV",
      "stroke": "Butterfly",
      "age": "8 & Under",
      "gender": "Boys",
      "date": "2015-06-20",
      "time": "21.40",
      "place": "1",
      "team": "Otters",
      "yards": 0,
      "meet": "104",
      "opponent": "Pinehurst"
    },
    {
      "name": "MathiasV",
      "stroke": "Breast",
      "age": "8 & Under",
      "gender": "Boys",
      "date": "2015-06-20",
      "time": "30.59",
      "place": "2",
      "team": "Otters",
      "yards": 0,
      "meet": "104",
      "opponent": "Pinehurst"
    },
    {
      "name": "MathiasV",
      "stroke": "Freestyle",
      "age": "7-8",
      "gender": "Boys",
      "date": "2015-06-20",
      "time": "19.63",
      "place": "3",
      "team": "Otters",
      "yards": 0,
      "meet": "104",
      "opponent": "Pinehurst"
    },
    {
      "name": "MathiasV",
      "stroke": "Butterfly",
      "age": "8 & Under",
      "gender": "Boys",
      "date": "2015-06-27",
      "time": "20.87",
      "place": "1",
      "team": "Otters",
      "yards": 0,
      "meet": "105",
      "opponent": "Crossgates"
    },
    {
      "name": "MathiasV",
      "stroke": "Breast",
      "age": "8 & Under",
      "gender": "Boys",
      "date": "2015-06-27",
      "time": "29.48",
      "place": "4",
      "team": "Otters",
      "yards": 0,
      "meet": "105",
      "opponent": "Crossgates"
    },
    {
      "name": "MathiasV",
      "stroke": "Freestyle",
      "age": "7-8",
      "gender": "Boys",
      "date": "2015-06-27",
      "time": "19.61",
      "place": "2",
      "team": "Otters",
      "yards": 0,
      "meet": "105",
      "opponent": "Crossgates"
    },
    {
      "name": "MathiasV",
      "stroke": "Butterfly",
      "age": "8 & Under",
      "gender": "Boys",
      "date": "2015-07-11",
      "time": "21.55",
      "place": "2",
      "team": "Otters",
      "yards": 0,
      "meet": "106",
      "opponent": "Champs"
    },
    {
      "name": "MathiasV",
      "stroke": "Breast",
      "age": "8 & Under",
      "gender": "Boys",
      "date": "2015-07-11",
      "time": "28.93",
      "place": "13",
      "team": "Otters",
      "yards": 0,
      "meet": "106",
      "opponent": "Champs"
    },
    {
      "name": "MathiasV",
      "stroke": "Freestyle",
      "age": "7-8",
      "gender": "Boys",
      "date": "2015-07-11",
      "time": "20.77",
      "place": "16",
      "team": "Otters",
      "yards": 0,
      "meet": "106",
      "opponent": "Champs"
    },
    {
      "name": "MathiasV",
      "stroke": "Butterfly",
      "age": "9-10",
      "gender": "Boys",
      "date": "2016-05-20",
      "time": "18.35",
      "place": "1",
      "team": "Otters",
      "yards": 0,
      "meet": "107",
      "opponent": "Trials"
    },
    {
      "name": "MathiasV",
      "stroke": "Back",
      "age": "9-10",
      "gender": "Boys",
      "date": "2016-05-20",
      "time": "21.79",
      "place": "1",
      "team": "Otters",
      "yards": 0,
      "meet": "107",
      "opponent": "Trials"
    },
    {
      "name": "MathiasV",
      "stroke": "Breast",
      "age": "9-10",
      "gender": "Boys",
      "date": "2016-05-20",
      "time": "22.97",
      "place": "2",
      "team": "Otters",
      "yards": 0,
      "meet": "107",
      "opponent": "Trials"
    },
    {
      "name": "MathiasV",
      "stroke": "Freestyle",
      "age": "9-10",
      "gender": "Boys",
      "date": "2016-05-20",
      "time": "17.09",
      "place": "2",
      "team": "Otters",
      "yards": 0,
      "meet": "107",
      "opponent": "Trials"
    }
  ]
}