{
  "scores": [
    {
      "name": "MatiasE",
      "stroke": "Butterfly",
      "age": "8 & Under",
      "gender": "Boys",
      "date": "2011-05-21",
      "time": "45.30",
      "place": "13",
      "team": "Otters",
      "yards": 0,
      "meet": "072",
      "opponent": "Trials"
    },
    {
      "name": "MatiasE",
      "stroke": "Back",
      "age": "7-8",
      "gender": "Boys",
      "date": "2011-05-21",
      "time": "48.51",
      "place": "9",
      "team": "Otters",
      "yards": 0,
      "meet": "072",
      "opponent": "Trials"
    },
    {
      "name": "MatiasE",
      "stroke": "Breast",
      "age": "8 & Under",
      "gender": "Boys",
      "date": "2011-05-21",
      "time": "39.53",
      "place": "9",
      "team": "Otters",
      "yards": 0,
      "meet": "072",
      "opponent": "Trials"
    },
    {
      "name": "MatiasE",
      "stroke": "Freestyle",
      "age": "7-8",
      "gender": "Boys",
      "date": "2011-05-21",
      "time": "40.45",
      "place": "11",
      "team": "Otters",
      "yards": 0,
      "meet": "072",
      "opponent": "Trials"
    },
    {
      "name": "MatiasE",
      "stroke": "Back",
      "age": "7-8",
      "gender": "Boys",
      "date": "2011-06-004",
      "time": "45.12",
      "place": "14",
      "team": "Otters",
      "yards": 0,
      "meet": "073",
      "opponent": "Crossgates"
    },
    {
      "name": "MatiasE",
      "stroke": "Breast",
      "age": "8 & Under",
      "gender": "Boys",
      "date": "2011-06-004",
      "time": "DQ",
      "place": "--",
      "team": "Otters",
      "yards": 0,
      "meet": "073",
      "opponent": "Crossgates"
    },
    {
      "name": "MatiasE",
      "stroke": "Freestyle",
      "age": "7-8",
      "gender": "Boys",
      "date": "2011-06-004",
      "time": "31.77",
      "place": "17",
      "team": "Otters",
      "yards": 0,
      "meet": "073",
      "opponent": "Crossgates"
    },
    {
      "name": "MatiasE",
      "stroke": "Back",
      "age": "7-8",
      "gender": "Boys",
      "date": "2011-06-11",
      "time": "35.63",
      "place": "9",
      "team": "Otters",
      "yards": 0,
      "meet": "074",
      "opponent": "Almaden"
    },
    {
      "name": "MatiasE",
      "stroke": "Breast",
      "age": "8 & Under",
      "gender": "Boys",
      "date": "2011-06-11",
      "time": "DQ",
      "place": "--",
      "team": "Otters",
      "yards": 0,
      "meet": "074",
      "opponent": "Almaden"
    },
    {
      "name": "MatiasE",
      "stroke": "Freestyle",
      "age": "7-8",
      "gender": "Boys",
      "date": "2011-06-11",
      "time": "33.22",
      "place": "15",
      "team": "Otters",
      "yards": 0,
      "meet": "074",
      "opponent": "Almaden"
    },
    {
      "name": "MatiasE",
      "stroke": "Butterfly",
      "age": "8 & Under",
      "gender": "Boys",
      "date": "2011-06-18",
      "time": "DQ",
      "place": "--",
      "team": "Otters",
      "yards": 0,
      "meet": "075",
      "opponent": "Creekside"
    },
    {
      "name": "MatiasE",
      "stroke": "Breast",
      "age": "8 & Under",
      "gender": "Boys",
      "date": "2011-06-18",
      "time": "DQ",
      "place": "--",
      "team": "Otters",
      "yards": 0,
      "meet": "075",
      "opponent": "Creekside"
    },
    {
      "name": "MatiasE",
      "stroke": "Freestyle",
      "age": "7-8",
      "gender": "Boys",
      "date": "2011-06-18",
      "time": "30.73",
      "place": "13",
      "team": "Otters",
      "yards": 0,
      "meet": "075",
      "opponent": "Creekside"
    },
    {
      "name": "MatiasE",
      "stroke": "Breast",
      "age": "8 & Under",
      "gender": "Boys",
      "date": "2011-06-25",
      "time": "DQ",
      "place": "--",
      "team": "Otters",
      "yards": 0,
      "meet": "076",
      "opponent": "Shadowbrook"
    },
    {
      "name": "MatiasE",
      "stroke": "Freestyle",
      "age": "7-8",
      "gender": "Boys",
      "date": "2011-06-25",
      "time": "32.22",
      "place": "20",
      "team": "Otters",
      "yards": 0,
      "meet": "076",
      "opponent": "Shadowbrook"
    },
    {
      "name": "MatiasE",
      "stroke": "Butterfly",
      "age": "9-10",
      "gender": "Boys",
      "date": "2012-05-19",
      "time": "30.38",
      "place": "12",
      "team": "Otters",
      "yards": 0,
      "meet": "079",
      "opponent": "Trials"
    },
    {
      "name": "MatiasE",
      "stroke": "Back",
      "age": "9-10",
      "gender": "Boys",
      "date": "2012-05-19",
      "time": "29.03",
      "place": "11",
      "team": "Otters",
      "yards": 0,
      "meet": "079",
      "opponent": "Trials"
    },
    {
      "name": "MatiasE",
      "stroke": "Breast",
      "age": "9-10",
      "gender": "Boys",
      "date": "2012-05-19",
      "time": "40.22",
      "place": "17",
      "team": "Otters",
      "yards": 0,
      "meet": "079",
      "opponent": "Trials"
    },
    {
      "name": "MatiasE",
      "stroke": "Freestyle",
      "age": "9-10",
      "gender": "Boys",
      "date": "2012-05-19",
      "time": "25.50",
      "place": "15",
      "team": "Otters",
      "yards": 0,
      "meet": "079",
      "opponent": "Trials"
    },
    {
      "name": "MatiasE",
      "stroke": "Back",
      "age": "9-10",
      "gender": "Boys",
      "date": "2012-06-002",
      "time": "28.57",
      "place": "18",
      "team": "Otters",
      "yards": 0,
      "meet": "080",
      "opponent": "Pinehurst"
    },
    {
      "name": "MatiasE",
      "stroke": "Breast",
      "age": "9-10",
      "gender": "Boys",
      "date": "2012-06-002",
      "time": "DQ",
      "place": "--",
      "team": "Otters",
      "yards": 0,
      "meet": "080",
      "opponent": "Pinehurst"
    },
    {
      "name": "MatiasE",
      "stroke": "Back",
      "age": "9-10",
      "gender": "Boys",
      "date": "2012-06-009",
      "time": "28.09",
      "place": "12",
      "team": "Otters",
      "yards": 0,
      "meet": "081",
      "opponent": "Crossgates"
    },
    {
      "name": "MatiasE",
      "stroke": "Breast",
      "age": "9-10",
      "gender": "Boys",
      "date": "2012-06-009",
      "time": "35.66",
      "place": "17",
      "team": "Otters",
      "yards": 0,
      "meet": "081",
      "opponent": "Crossgates"
    },
    {
      "name": "MatiasE",
      "stroke": "Freestyle",
      "age": "9-10",
      "gender": "Boys",
      "date": "2012-06-009",
      "time": "23.60",
      "place": "24",
      "team": "Otters",
      "yards": 0,
      "meet": "081",
      "opponent": "Crossgates"
    },
    {
      "name": "MatiasE",
      "stroke": "Butterfly",
      "age": "9-10",
      "gender": "Boys",
      "date": "2012-06-16",
      "time": "26.55",
      "place": "17",
      "team": "Otters",
      "yards": 0,
      "meet": "082",
      "opponent": "Almaden"
    },
    {
      "name": "MatiasE",
      "stroke": "Back",
      "age": "9-10",
      "gender": "Boys",
      "date": "2012-06-16",
      "time": "25.15",
      "place": "12",
      "team": "Otters",
      "yards": 0,
      "meet": "082",
      "opponent": "Almaden"
    },
    {
      "name": "MatiasE",
      "stroke": "Freestyle",
      "age": "9-10",
      "gender": "Boys",
      "date": "2012-06-16",
      "time": "22.54",
      "place": "23",
      "team": "Otters",
      "yards": 0,
      "meet": "082",
      "opponent": "Almaden"
    },
    {
      "name": "MatiasE",
      "stroke": "Butterfly",
      "age": "9-10",
      "gender": "Boys",
      "date": "2012-06-23",
      "time": "DQ",
      "place": "--",
      "team": "Otters",
      "yards": 0,
      "meet": "083",
      "opponent": "Creekside"
    },
    {
      "name": "MatiasE",
      "stroke": "Back",
      "age": "9-10",
      "gender": "Boys",
      "date": "2012-06-23",
      "time": "26.94",
      "place": "9",
      "team": "Otters",
      "yards": 0,
      "meet": "083",
      "opponent": "Creekside"
    },
    {
      "name": "MatiasE",
      "stroke": "Freestyle",
      "age": "9-10",
      "gender": "Boys",
      "date": "2012-06-23",
      "time": "23.59",
      "place": "14",
      "team": "Otters",
      "yards": 0,
      "meet": "083",
      "opponent": "Creekside"
    },
    {
      "name": "MatiasE",
      "stroke": "Butterfly",
      "age": "9-10",
      "gender": "Boys",
      "date": "2012-06-30",
      "time": "28.47",
      "place": "16",
      "team": "Otters",
      "yards": 0,
      "meet": "084",
      "opponent": "Shadowbrook"
    },
    {
      "name": "MatiasE",
      "stroke": "Back",
      "age": "9-10",
      "gender": "Boys",
      "date": "2012-06-30",
      "time": "29.07",
      "place": "18",
      "team": "Otters",
      "yards": 0,
      "meet": "084",
      "opponent": "Shadowbrook"
    },
    {
      "name": "MatiasE",
      "stroke": "Freestyle",
      "age": "9-10",
      "gender": "Boys",
      "date": "2012-06-30",
      "time": "24.50",
      "place": "24",
      "team": "Otters",
      "yards": 0,
      "meet": "084",
      "opponent": "Shadowbrook"
    },
    {
      "name": "MatiasE",
      "stroke": "Back",
      "age": "9-10",
      "gender": "Boys",
      "date": "2012-07-14",
      "time": "28.23",
      "place": "44",
      "team": "Otters",
      "yards": 0,
      "meet": "085",
      "opponent": "Champs"
    },
    {
      "name": "MatiasE",
      "stroke": "Freestyle",
      "age": "9-10",
      "gender": "Boys",
      "date": "2012-07-14",
      "time": "24.69",
      "place": "77",
      "team": "Otters",
      "yards": 0,
      "meet": "085",
      "opponent": "Champs"
    },
    {
      "name": "MatiasE",
      "stroke": "Butterfly",
      "age": "9-10",
      "gender": "Boys",
      "date": "2013-05-18",
      "time": "30.61",
      "place": "9",
      "team": "Otters",
      "yards": 0,
      "meet": "086",
      "opponent": "Trials"
    },
    {
      "name": "MatiasE",
      "stroke": "Back",
      "age": "9-10",
      "gender": "Boys",
      "date": "2013-05-18",
      "time": "32.33",
      "place": "16",
      "team": "Otters",
      "yards": 0,
      "meet": "086",
      "opponent": "Trials"
    },
    {
      "name": "MatiasE",
      "stroke": "Breast",
      "age": "9-10",
      "gender": "Boys",
      "date": "2013-05-18",
      "time": "31.94",
      "place": "12",
      "team": "Otters",
      "yards": 0,
      "meet": "086",
      "opponent": "Trials"
    },
    {
      "name": "MatiasE",
      "stroke": "Freestyle",
      "age": "9-10",
      "gender": "Boys",
      "date": "2013-05-18",
      "time": "24.59",
      "place": "14",
      "team": "Otters",
      "yards": 0,
      "meet": "086",
      "opponent": "Trials"
    },
    {
      "name": "MatiasE",
      "stroke": "Back",
      "age": "9-10",
      "gender": "Boys",
      "date": "2013-06-008",
      "time": "25.29",
      "place": "9",
      "team": "Otters",
      "yards": 0,
      "meet": "088",
      "opponent": "Pinehurst"
    },
    {
      "name": "MatiasE",
      "stroke": "Breast",
      "age": "9-10",
      "gender": "Boys",
      "date": "2013-06-008",
      "time": "33.49",
      "place": "11",
      "team": "Otters",
      "yards": 0,
      "meet": "088",
      "opponent": "Pinehurst"
    },
    {
      "name": "MatiasE",
      "stroke": "Freestyle",
      "age": "9-10",
      "gender": "Boys",
      "date": "2013-06-008",
      "time": "22.61",
      "place": "21",
      "team": "Otters",
      "yards": 0,
      "meet": "088",
      "opponent": "Pinehurst"
    },
    {
      "name": "MatiasE",
      "stroke": "Butterfly",
      "age": "9-10",
      "gender": "Boys",
      "date": "2013-06-15",
      "time": "30.59",
      "place": "10",
      "team": "Otters",
      "yards": 0,
      "meet": "089",
      "opponent": "Crossgates"
    },
    {
      "name": "MatiasE",
      "stroke": "Back",
      "age": "9-10",
      "gender": "Boys",
      "date": "2013-06-15",
      "time": "25.19",
      "place": "11",
      "team": "Otters",
      "yards": 0,
      "meet": "089",
      "opponent": "Crossgates"
    },
    {
      "name": "MatiasE",
      "stroke": "Freestyle",
      "age": "9-10",
      "gender": "Boys",
      "date": "2013-06-15",
      "time": "24.01",
      "place": "27",
      "team": "Otters",
      "yards": 0,
      "meet": "089",
      "opponent": "Crossgates"
    },
    {
      "name": "MatiasE",
      "stroke": "Butterfly",
      "age": "9-10",
      "gender": "Boys",
      "date": "2013-06-22",
      "time": "DQ",
      "place": "--",
      "team": "Otters",
      "yards": 0,
      "meet": "090",
      "opponent": "Almaden"
    },
    {
      "name": "MatiasE",
      "stroke": "Back",
      "age": "9-10",
      "gender": "Boys",
      "date": "2013-06-22",
      "time": "32.62",
      "place": "24",
      "team": "Otters",
      "yards": 0,
      "meet": "090",
      "opponent": "Almaden"
    },
    {
      "name": "MatiasE",
      "stroke": "Freestyle",
      "age": "9-10",
      "gender": "Boys",
      "date": "2013-06-22",
      "time": "20.59",
      "place": "19",
      "team": "Otters",
      "yards": 0,
      "meet": "090",
      "opponent": "Almaden"
    },
    {
      "name": "MatiasE",
      "stroke": "Back",
      "age": "9-10",
      "gender": "Boys",
      "date": "2013-06-29",
      "time": "28.51",
      "place": "13",
      "team": "Otters",
      "yards": 0,
      "meet": "091",
      "opponent": "Creekside"
    },
    {
      "name": "MatiasE",
      "stroke": "Breast",
      "age": "9-10",
      "gender": "Boys",
      "date": "2013-06-29",
      "time": "DQ",
      "place": "--",
      "team": "Otters",
      "yards": 0,
      "meet": "091",
      "opponent": "Creekside"
    },
    {
      "name": "MatiasE",
      "stroke": "Freestyle",
      "age": "9-10",
      "gender": "Boys",
      "date": "2013-06-29",
      "time": "20.02",
      "place": "14",
      "team": "Otters",
      "yards": 0,
      "meet": "091",
      "opponent": "Creekside"
    },
    {
      "name": "MatiasE",
      "stroke": "Butterfly",
      "age": "9-10",
      "gender": "Boys",
      "date": "2013-07-13",
      "time": "24.77",
      "place": "25",
      "team": "Otters",
      "yards": 0,
      "meet": "092",
      "opponent": "Almaden"
    },
    {
      "name": "MatiasE",
      "stroke": "Back",
      "age": "9-10",
      "gender": "Boys",
      "date": "2013-07-13",
      "time": "27.94",
      "place": "41",
      "team": "Otters",
      "yards": 0,
      "meet": "092",
      "opponent": "Almaden"
    },
    {
      "name": "MatiasE",
      "stroke": "Freestyle",
      "age": "9-10",
      "gender": "Boys",
      "date": "2013-07-13",
      "time": "20.69",
      "place": "53",
      "team": "Otters",
      "yards": 0,
      "meet": "092",
      "opponent": "Almaden"
    }
  ]
}