{
  "scores": [
    {
      "name": "MatthewH",
      "stroke": "Butterfly",
      "age": "15-18",
      "gender": "Boys",
      "date": "2012-06-16",
      "time": "27.93",
      "place": "4",
      "team": "Otters",
      "yards": 0,
      "meet": "082",
      "opponent": "Almaden"
    },
    {
      "name": "MatthewH",
      "stroke": "Back",
      "age": "15-18",
      "gender": "Boys",
      "date": "2012-06-16",
      "time": "33.29",
      "place": "7",
      "team": "Otters",
      "yards": 0,
      "meet": "082",
      "opponent": "Almaden"
    },
    {
      "name": "MatthewH",
      "stroke": "Freestyle",
      "age": "15-18",
      "gender": "Boys",
      "date": "2012-06-16",
      "time": "25.61",
      "place": "8",
      "team": "Otters",
      "yards": 0,
      "meet": "082",
      "opponent": "Almaden"
    },
    {
      "name": "MatthewH",
      "stroke": "Butterfly",
      "age": "15-18",
      "gender": "Boys",
      "date": "2012-06-23",
      "time": "29.27",
      "place": "6",
      "team": "Otters",
      "yards": 0,
      "meet": "083",
      "opponent": "Creekside"
    },
    {
      "name": "MatthewH",
      "stroke": "Back",
      "age": "15-18",
      "gender": "Boys",
      "date": "2012-06-23",
      "time": "34.63",
      "place": "9",
      "team": "Otters",
      "yards": 0,
      "meet": "083",
      "opponent": "Creekside"
    },
    {
      "name": "MatthewH",
      "stroke": "Freestyle",
      "age": "15-18",
      "gender": "Boys",
      "date": "2012-06-23",
      "time": "25.18",
      "place": "3",
      "team": "Otters",
      "yards": 0,
      "meet": "083",
      "opponent": "Creekside"
    },
    {
      "name": "MatthewH",
      "stroke": "Butterfly",
      "age": "15-18",
      "gender": "Boys",
      "date": "2012-06-30",
      "time": "28.29",
      "place": "4",
      "team": "Otters",
      "yards": 0,
      "meet": "084",
      "opponent": "Shadowbrook"
    },
    {
      "name": "MatthewH",
      "stroke": "Back",
      "age": "15-18",
      "gender": "Boys",
      "date": "2012-06-30",
      "time": "33.01",
      "place": "9",
      "team": "Otters",
      "yards": 0,
      "meet": "084",
      "opponent": "Shadowbrook"
    },
    {
      "name": "MatthewH",
      "stroke": "Freestyle",
      "age": "15-18",
      "gender": "Boys",
      "date": "2012-06-30",
      "time": "25.88",
      "place": "8",
      "team": "Otters",
      "yards": 0,
      "meet": "084",
      "opponent": "Shadowbrook"
    },
    {
      "name": "MatthewH",
      "stroke": "Butterfly",
      "age": "15-18",
      "gender": "Boys",
      "date": "2012-07-14",
      "time": "26.61",
      "place": "9",
      "team": "Otters",
      "yards": 0,
      "meet": "085",
      "opponent": "Champs"
    },
    {
      "name": "MatthewH",
      "stroke": "Back",
      "age": "15-18",
      "gender": "Boys",
      "date": "2012-07-14",
      "time": "31.44",
      "place": "16",
      "team": "Otters",
      "yards": 0,
      "meet": "085",
      "opponent": "Champs"
    },
    {
      "name": "MatthewH",
      "stroke": "Freestyle",
      "age": "15-18",
      "gender": "Boys",
      "date": "2012-07-14",
      "time": "24.10",
      "place": "11",
      "team": "Otters",
      "yards": 0,
      "meet": "085",
      "opponent": "Champs"
    },
    {
      "name": "MatthewH",
      "stroke": "Butterfly",
      "age": "15-18",
      "gender": "Boys",
      "date": "2015-06-006",
      "time": "28.18",
      "place": "4",
      "team": "Otters",
      "yards": 0,
      "meet": "102",
      "opponent": "Creekside"
    },
    {
      "name": "MatthewH",
      "stroke": "Breast",
      "age": "15-18",
      "gender": "Boys",
      "date": "2015-06-006",
      "time": "35.46",
      "place": "5",
      "team": "Otters",
      "yards": 0,
      "meet": "102",
      "opponent": "Creekside"
    },
    {
      "name": "MatthewH",
      "stroke": "Freestyle",
      "age": "15-18",
      "gender": "Boys",
      "date": "2015-06-006",
      "time": "25.29",
      "place": "5",
      "team": "Otters",
      "yards": 0,
      "meet": "102",
      "opponent": "Creekside"
    },
    {
      "name": "MatthewH",
      "stroke": "Butterfly",
      "age": "15-18",
      "gender": "Boys",
      "date": "2015-06-13",
      "time": "27.72",
      "place": "3",
      "team": "Otters",
      "yards": 0,
      "meet": "103",
      "opponent": "Shadowbrook"
    },
    {
      "name": "MatthewH",
      "stroke": "Back",
      "age": "15-18",
      "gender": "Boys",
      "date": "2015-06-13",
      "time": "32.74",
      "place": "4",
      "team": "Otters",
      "yards": 0,
      "meet": "103",
      "opponent": "Shadowbrook"
    },
    {
      "name": "MatthewH",
      "stroke": "Freestyle",
      "age": "15-18",
      "gender": "Boys",
      "date": "2015-06-13",
      "time": "25.24",
      "place": "5",
      "team": "Otters",
      "yards": 0,
      "meet": "103",
      "opponent": "Shadowbrook"
    },
    {
      "name": "MatthewH",
      "stroke": "Butterfly",
      "age": "15-18",
      "gender": "Boys",
      "date": "2015-06-20",
      "time": "26.53",
      "place": "5",
      "team": "Otters",
      "yards": 0,
      "meet": "104",
      "opponent": "Pinehurst"
    },
    {
      "name": "MatthewH",
      "stroke": "Freestyle",
      "age": "15-18",
      "gender": "Boys",
      "date": "2015-06-20",
      "time": "24.63",
      "place": "5",
      "team": "Otters",
      "yards": 0,
      "meet": "104",
      "opponent": "Pinehurst"
    },
    {
      "name": "MatthewH",
      "stroke": "Butterfly",
      "age": "15-18",
      "gender": "Boys",
      "date": "2015-06-27",
      "time": "26.83",
      "place": "3",
      "team": "Otters",
      "yards": 0,
      "meet": "105",
      "opponent": "Crossgates"
    },
    {
      "name": "MatthewH",
      "stroke": "Back",
      "age": "15-18",
      "gender": "Boys",
      "date": "2015-06-27",
      "time": "32.09",
      "place": "3",
      "team": "Otters",
      "yards": 0,
      "meet": "105",
      "opponent": "Crossgates"
    },
    {
      "name": "MatthewH",
      "stroke": "Freestyle",
      "age": "15-18",
      "gender": "Boys",
      "date": "2015-06-27",
      "time": "25.08",
      "place": "4",
      "team": "Otters",
      "yards": 0,
      "meet": "105",
      "opponent": "Crossgates"
    },
    {
      "name": "MatthewH",
      "stroke": "Butterfly",
      "age": "15-18",
      "gender": "Boys",
      "date": "2015-07-11",
      "time": "25.76",
      "place": "13",
      "team": "Otters",
      "yards": 0,
      "meet": "106",
      "opponent": "Champs"
    },
    {
      "name": "MatthewH",
      "stroke": "Back",
      "age": "15-18",
      "gender": "Boys",
      "date": "2015-07-11",
      "time": "30.04",
      "place": "11",
      "team": "Otters",
      "yards": 0,
      "meet": "106",
      "opponent": "Champs"
    },
    {
      "name": "MatthewH",
      "stroke": "Freestyle",
      "age": "15-18",
      "gender": "Boys",
      "date": "2015-07-11",
      "time": "23.83",
      "place": "17",
      "team": "Otters",
      "yards": 0,
      "meet": "106",
      "opponent": "Champs"
    }
  ]
}