{
  "scores": [
    {
      "name": "NicoleL",
      "stroke": "Butterfly",
      "age": "8 & Under",
      "gender": "Girls",
      "date": "2004-06-005",
      "time": "25.18",
      "place": "2",
      "team": "Otters",
      "yards": 0,
      "meet": "024",
      "opponent": "Creekside"
    },
    {
      "name": "SereanaR",
      "stroke": "Butterfly",
      "age": "8 & Under",
      "gender": "Girls",
      "date": "2004-06-005",
      "time": "26.03",
      "place": "3",
      "team": "Otters",
      "yards": 0,
      "meet": "024",
      "opponent": "Creekside"
    },
    {
      "name": "MiaB",
      "stroke": "Butterfly",
      "age": "8 & Under",
      "gender": "Girls",
      "date": "2004-06-005",
      "time": "29.55",
      "place": "5",
      "team": "Otters",
      "yards": 0,
      "meet": "024",
      "opponent": "Creekside"
    },
    {
      "name": "MarcellaK",
      "stroke": "Butterfly",
      "age": "8 & Under",
      "gender": "Girls",
      "date": "2004-06-005",
      "time": "31.20",
      "place": "6",
      "team": "Otters",
      "yards": 0,
      "meet": "024",
      "opponent": "Creekside"
    },
    {
      "name": "ValerieP",
      "stroke": "Butterfly",
      "age": "8 & Under",
      "gender": "Girls",
      "date": "2004-06-005",
      "time": "31.20",
      "place": "6",
      "team": "Otters",
      "yards": 0,
      "meet": "024",
      "opponent": "Creekside"
    },
    {
      "name": "EmmaD",
      "stroke": "Butterfly",
      "age": "8 & Under",
      "gender": "Girls",
      "date": "2004-06-005",
      "time": "DQ",
      "place": "--",
      "team": "Otters",
      "yards": 0,
      "meet": "024",
      "opponent": "Creekside"
    },
    {
      "name": "TheronK",
      "stroke": "Butterfly",
      "age": "8 & Under",
      "gender": "Boys",
      "date": "2004-06-005",
      "time": "17.60",
      "place": "1",
      "team": "Otters",
      "yards": 0,
      "meet": "024",
      "opponent": "Creekside"
    },
    {
      "name": "JordanB",
      "stroke": "Butterfly",
      "age": "8 & Under",
      "gender": "Boys",
      "date": "2004-06-005",
      "time": "28.91",
      "place": "4",
      "team": "Otters",
      "yards": 0,
      "meet": "024",
      "opponent": "Creekside"
    },
    {
      "name": "GabrielleC",
      "stroke": "Butterfly",
      "age": "9-10",
      "gender": "Girls",
      "date": "2004-06-005",
      "time": "19.53",
      "place": "4",
      "team": "Otters",
      "yards": 0,
      "meet": "024",
      "opponent": "Creekside"
    },
    {
      "name": "EmilyD",
      "stroke": "Butterfly",
      "age": "9-10",
      "gender": "Girls",
      "date": "2004-06-005",
      "time": "22.80",
      "place": "7",
      "team": "Otters",
      "yards": 0,
      "meet": "024",
      "opponent": "Creekside"
    },
    {
      "name": "JenniferR",
      "stroke": "Butterfly",
      "age": "9-10",
      "gender": "Girls",
      "date": "2004-06-005",
      "time": "23.14",
      "place": "8",
      "team": "Otters",
      "yards": 0,
      "meet": "024",
      "opponent": "Creekside"
    },
    {
      "name": "TimotheeC",
      "stroke": "Butterfly",
      "age": "9-10",
      "gender": "Boys",
      "date": "2004-06-005",
      "time": "22.24",
      "place": "3",
      "team": "Otters",
      "yards": 0,
      "meet": "024",
      "opponent": "Creekside"
    },
    {
      "name": "JamesR",
      "stroke": "Butterfly",
      "age": "9-10",
      "gender": "Boys",
      "date": "2004-06-005",
      "time": "23.41",
      "place": "5",
      "team": "Otters",
      "yards": 0,
      "meet": "024",
      "opponent": "Creekside"
    },
    {
      "name": "AlexE",
      "stroke": "Butterfly",
      "age": "9-10",
      "gender": "Boys",
      "date": "2004-06-005",
      "time": "24.13",
      "place": "6",
      "team": "Otters",
      "yards": 0,
      "meet": "024",
      "opponent": "Creekside"
    },
    {
      "name": "ChristianH",
      "stroke": "Butterfly",
      "age": "9-10",
      "gender": "Boys",
      "date": "2004-06-005",
      "time": "DQ",
      "place": "--",
      "team": "Otters",
      "yards": 0,
      "meet": "024",
      "opponent": "Creekside"
    },
    {
      "name": "BenS",
      "stroke": "Butterfly",
      "age": "9-10",
      "gender": "Boys",
      "date": "2004-06-005",
      "time": "DQ",
      "place": "--",
      "team": "Otters",
      "yards": 0,
      "meet": "024",
      "opponent": "Creekside"
    },
    {
      "name": "SamS",
      "stroke": "Butterfly",
      "age": "9-10",
      "gender": "Boys",
      "date": "2004-06-005",
      "time": "DQ",
      "place": "--",
      "team": "Otters",
      "yards": 0,
      "meet": "024",
      "opponent": "Creekside"
    },
    {
      "name": "ArlaT",
      "stroke": "Butterfly",
      "age": "11-12",
      "gender": "Girls",
      "date": "2004-06-005",
      "time": "32.16",
      "place": "1",
      "team": "Otters",
      "yards": 0,
      "meet": "024",
      "opponent": "Creekside"
    },
    {
      "name": "JessicaS",
      "stroke": "Butterfly",
      "age": "11-12",
      "gender": "Girls",
      "date": "2004-06-005",
      "time": "37.73",
      "place": "4",
      "team": "Otters",
      "yards": 0,
      "meet": "024",
      "opponent": "Creekside"
    },
    {
      "name": "NicoleT",
      "stroke": "Butterfly",
      "age": "11-12",
      "gender": "Girls",
      "date": "2004-06-005",
      "time": "41.68",
      "place": "6",
      "team": "Otters",
      "yards": 0,
      "meet": "024",
      "opponent": "Creekside"
    },
    {
      "name": "JamieG",
      "stroke": "Butterfly",
      "age": "11-12",
      "gender": "Girls",
      "date": "2004-06-005",
      "time": "47.30",
      "place": "8",
      "team": "Otters",
      "yards": 0,
      "meet": "024",
      "opponent": "Creekside"
    },
    {
      "name": "DeniseD",
      "stroke": "Butterfly",
      "age": "11-12",
      "gender": "Girls",
      "date": "2004-06-005",
      "time": "DQ",
      "place": "--",
      "team": "Otters",
      "yards": 0,
      "meet": "024",
      "opponent": "Creekside"
    },
    {
      "name": "BillP",
      "stroke": "Butterfly",
      "age": "11-12",
      "gender": "Boys",
      "date": "2004-06-005",
      "time": "32.78",
      "place": "1",
      "team": "Otters",
      "yards": 0,
      "meet": "024",
      "opponent": "Creekside"
    },
    {
      "name": "BramD",
      "stroke": "Butterfly",
      "age": "11-12",
      "gender": "Boys",
      "date": "2004-06-005",
      "time": "34.09",
      "place": "2",
      "team": "Otters",
      "yards": 0,
      "meet": "024",
      "opponent": "Creekside"
    },
    {
      "name": "CharlesC",
      "stroke": "Butterfly",
      "age": "11-12",
      "gender": "Boys",
      "date": "2004-06-005",
      "time": "41.39",
      "place": "3",
      "team": "Otters",
      "yards": 0,
      "meet": "024",
      "opponent": "Creekside"
    },
    {
      "name": "FranciscoG",
      "stroke": "Butterfly",
      "age": "11-12",
      "gender": "Boys",
      "date": "2004-06-005",
      "time": "43.22",
      "place": "4",
      "team": "Otters",
      "yards": 0,
      "meet": "024",
      "opponent": "Creekside"
    },
    {
      "name": "MelkiasG",
      "stroke": "Butterfly",
      "age": "11-12",
      "gender": "Boys",
      "date": "2004-06-005",
      "time": "44.40",
      "place": "5",
      "team": "Otters",
      "yards": 0,
      "meet": "024",
      "opponent": "Creekside"
    },
    {
      "name": "DanteM",
      "stroke": "Butterfly",
      "age": "11-12",
      "gender": "Boys",
      "date": "2004-06-005",
      "time": "47.42",
      "place": "7",
      "team": "Otters",
      "yards": 0,
      "meet": "024",
      "opponent": "Creekside"
    },
    {
      "name": "RobertC",
      "stroke": "Butterfly",
      "age": "11-12",
      "gender": "Boys",
      "date": "2004-06-005",
      "time": "49.62",
      "place": "10",
      "team": "Otters",
      "yards": 0,
      "meet": "024",
      "opponent": "Creekside"
    },
    {
      "name": "ErikV",
      "stroke": "Butterfly",
      "age": "11-12",
      "gender": "Boys",
      "date": "2004-06-005",
      "time": "50.07",
      "place": "11",
      "team": "Otters",
      "yards": 0,
      "meet": "024",
      "opponent": "Creekside"
    },
    {
      "name": "RobertJ",
      "stroke": "Butterfly",
      "age": "11-12",
      "gender": "Boys",
      "date": "2004-06-005",
      "time": "1:05.77",
      "place": "13",
      "team": "Otters",
      "yards": 0,
      "meet": "024",
      "opponent": "Creekside"
    },
    {
      "name": "JustinS",
      "stroke": "Butterfly",
      "age": "11-12",
      "gender": "Boys",
      "date": "2004-06-005",
      "time": "DQ",
      "place": "--",
      "team": "Otters",
      "yards": 0,
      "meet": "024",
      "opponent": "Creekside"
    },
    {
      "name": "AndrewM",
      "stroke": "Butterfly",
      "age": "11-12",
      "gender": "Boys",
      "date": "2004-06-005",
      "time": "DQ",
      "place": "--",
      "team": "Otters",
      "yards": 0,
      "meet": "024",
      "opponent": "Creekside"
    },
    {
      "name": "ScottD",
      "stroke": "Butterfly",
      "age": "11-12",
      "gender": "Boys",
      "date": "2004-06-005",
      "time": "DQ",
      "place": "--",
      "team": "Otters",
      "yards": 0,
      "meet": "024",
      "opponent": "Creekside"
    },
    {
      "name": "BreannaS",
      "stroke": "Butterfly",
      "age": "13-14",
      "gender": "Girls",
      "date": "2004-06-005",
      "time": "35.37",
      "place": "1",
      "team": "Otters",
      "yards": 0,
      "meet": "024",
      "opponent": "Creekside"
    },
    {
      "name": "ChelseaK",
      "stroke": "Butterfly",
      "age": "13-14",
      "gender": "Girls",
      "date": "2004-06-005",
      "time": "35.93",
      "place": "2",
      "team": "Otters",
      "yards": 0,
      "meet": "024",
      "opponent": "Creekside"
    },
    {
      "name": "JamesSi",
      "stroke": "Butterfly",
      "age": "13-14",
      "gender": "Boys",
      "date": "2004-06-005",
      "time": "32.16",
      "place": "3",
      "team": "Otters",
      "yards": 0,
      "meet": "024",
      "opponent": "Creekside"
    },
    {
      "name": "RidgeG",
      "stroke": "Butterfly",
      "age": "13-14",
      "gender": "Boys",
      "date": "2004-06-005",
      "time": "33.89",
      "place": "5",
      "team": "Otters",
      "yards": 0,
      "meet": "024",
      "opponent": "Creekside"
    },
    {
      "name": "SamN",
      "stroke": "Butterfly",
      "age": "13-14",
      "gender": "Boys",
      "date": "2004-06-005",
      "time": "59.92",
      "place": "10",
      "team": "Otters",
      "yards": 0,
      "meet": "024",
      "opponent": "Creekside"
    },
    {
      "name": "JoshB",
      "stroke": "Butterfly",
      "age": "13-14",
      "gender": "Boys",
      "date": "2004-06-005",
      "time": "DQ",
      "place": "--",
      "team": "Otters",
      "yards": 0,
      "meet": "024",
      "opponent": "Creekside"
    },
    {
      "name": "DanielleS",
      "stroke": "Butterfly",
      "age": "15-18",
      "gender": "Girls",
      "date": "2004-06-005",
      "time": "29.75",
      "place": "1",
      "team": "Otters",
      "yards": 0,
      "meet": "024",
      "opponent": "Creekside"
    },
    {
      "name": "ShainaP",
      "stroke": "Butterfly",
      "age": "15-18",
      "gender": "Girls",
      "date": "2004-06-005",
      "time": "34.14",
      "place": "6",
      "team": "Otters",
      "yards": 0,
      "meet": "024",
      "opponent": "Creekside"
    },
    {
      "name": "JadeG",
      "stroke": "Butterfly",
      "age": "15-18",
      "gender": "Girls",
      "date": "2004-06-005",
      "time": "35.81",
      "place": "7",
      "team": "Otters",
      "yards": 0,
      "meet": "024",
      "opponent": "Creekside"
    },
    {
      "name": "ShannonO",
      "stroke": "Butterfly",
      "age": "15-18",
      "gender": "Girls",
      "date": "2004-06-005",
      "time": "36.83",
      "place": "8",
      "team": "Otters",
      "yards": 0,
      "meet": "024",
      "opponent": "Creekside"
    },
    {
      "name": "DominicM",
      "stroke": "Butterfly",
      "age": "15-18",
      "gender": "Boys",
      "date": "2004-06-005",
      "time": "25.25",
      "place": "1",
      "team": "Otters",
      "yards": 0,
      "meet": "024",
      "opponent": "Creekside"
    },
    {
      "name": "TylerT",
      "stroke": "Butterfly",
      "age": "15-18",
      "gender": "Boys",
      "date": "2004-06-005",
      "time": "27.39",
      "place": "2",
      "team": "Otters",
      "yards": 0,
      "meet": "024",
      "opponent": "Creekside"
    },
    {
      "name": "ChadK",
      "stroke": "Butterfly",
      "age": "15-18",
      "gender": "Boys",
      "date": "2004-06-005",
      "time": "28.52",
      "place": "3",
      "team": "Otters",
      "yards": 0,
      "meet": "024",
      "opponent": "Creekside"
    },
    {
      "name": "AxiV",
      "stroke": "Butterfly",
      "age": "15-18",
      "gender": "Boys",
      "date": "2004-06-005",
      "time": "28.86",
      "place": "4",
      "team": "Otters",
      "yards": 0,
      "meet": "024",
      "opponent": "Creekside"
    },
    {
      "name": "RandyG",
      "stroke": "Butterfly",
      "age": "15-18",
      "gender": "Boys",
      "date": "2004-06-005",
      "time": "30.15",
      "place": "5",
      "team": "Otters",
      "yards": 0,
      "meet": "024",
      "opponent": "Creekside"
    },
    {
      "name": "JoshuaP",
      "stroke": "Butterfly",
      "age": "15-18",
      "gender": "Boys",
      "date": "2004-06-005",
      "time": "DQ",
      "place": "--",
      "team": "Otters",
      "yards": 0,
      "meet": "024",
      "opponent": "Creekside"
    },
    {
      "name": "AlexB",
      "stroke": "Butterfly",
      "age": "15-18",
      "gender": "Boys",
      "date": "2004-06-005",
      "time": "DQ",
      "place": "--",
      "team": "Otters",
      "yards": 0,
      "meet": "024",
      "opponent": "Creekside"
    },
    {
      "name": "MiaB",
      "stroke": "Back",
      "age": "6 & Under",
      "gender": "Girls",
      "date": "2004-06-005",
      "time": "30.45",
      "place": "1",
      "team": "Otters",
      "yards": 0,
      "meet": "024",
      "opponent": "Creekside"
    },
    {
      "name": "RebeccaM",
      "stroke": "Back",
      "age": "6 & Under",
      "gender": "Girls",
      "date": "2004-06-005",
      "time": "36.25",
      "place": "3",
      "team": "Otters",
      "yards": 0,
      "meet": "024",
      "opponent": "Creekside"
    },
    {
      "name": "SamanthaC",
      "stroke": "Back",
      "age": "6 & Under",
      "gender": "Girls",
      "date": "2004-06-005",
      "time": "38.98",
      "place": "5",
      "team": "Otters",
      "yards": 0,
      "meet": "024",
      "opponent": "Creekside"
    },
    {
      "name": "MelyssaV",
      "stroke": "Back",
      "age": "6 & Under",
      "gender": "Girls",
      "date": "2004-06-005",
      "time": "42.12",
      "place": "6",
      "team": "Otters",
      "yards": 0,
      "meet": "024",
      "opponent": "Creekside"
    },
    {
      "name": "JalenB",
      "stroke": "Back",
      "age": "6 & Under",
      "gender": "Girls",
      "date": "2004-06-005",
      "time": "1:05.43",
      "place": "7",
      "team": "Otters",
      "yards": 0,
      "meet": "024",
      "opponent": "Creekside"
    },
    {
      "name": "AllieR",
      "stroke": "Back",
      "age": "6 & Under",
      "gender": "Girls",
      "date": "2004-06-005",
      "time": "DQ",
      "place": "--",
      "team": "Otters",
      "yards": 0,
      "meet": "024",
      "opponent": "Creekside"
    },
    {
      "name": "ChelseaH",
      "stroke": "Back",
      "age": "6 & Under",
      "gender": "Girls",
      "date": "2004-06-005",
      "time": "DQ",
      "place": "--",
      "team": "Otters",
      "yards": 0,
      "meet": "024",
      "opponent": "Creekside"
    },
    {
      "name": "CoreyG",
      "stroke": "Back",
      "age": "6 & Under",
      "gender": "Boys",
      "date": "2004-06-005",
      "time": "26.44",
      "place": "1",
      "team": "Otters",
      "yards": 0,
      "meet": "024",
      "opponent": "Creekside"
    },
    {
      "name": "JordanB",
      "stroke": "Back",
      "age": "6 & Under",
      "gender": "Boys",
      "date": "2004-06-005",
      "time": "28.39",
      "place": "2",
      "team": "Otters",
      "yards": 0,
      "meet": "024",
      "opponent": "Creekside"
    },
    {
      "name": "EthanE",
      "stroke": "Back",
      "age": "6 & Under",
      "gender": "Boys",
      "date": "2004-06-005",
      "time": "50.78",
      "place": "5",
      "team": "Otters",
      "yards": 0,
      "meet": "024",
      "opponent": "Creekside"
    },
    {
      "name": "SereanaR",
      "stroke": "Back",
      "age": "7-8",
      "gender": "Girls",
      "date": "2004-06-005",
      "time": "24.44",
      "place": "4",
      "team": "Otters",
      "yards": 0,
      "meet": "024",
      "opponent": "Creekside"
    },
    {
      "name": "HayleyR",
      "stroke": "Back",
      "age": "7-8",
      "gender": "Girls",
      "date": "2004-06-005",
      "time": "24.76",
      "place": "5",
      "team": "Otters",
      "yards": 0,
      "meet": "024",
      "opponent": "Creekside"
    },
    {
      "name": "GianaK",
      "stroke": "Back",
      "age": "7-8",
      "gender": "Girls",
      "date": "2004-06-005",
      "time": "24.93",
      "place": "6",
      "team": "Otters",
      "yards": 0,
      "meet": "024",
      "opponent": "Creekside"
    },
    {
      "name": "JamieM",
      "stroke": "Back",
      "age": "7-8",
      "gender": "Girls",
      "date": "2004-06-005",
      "time": "30.62",
      "place": "14",
      "team": "Otters",
      "yards": 0,
      "meet": "024",
      "opponent": "Creekside"
    },
    {
      "name": "MichelleL",
      "stroke": "Back",
      "age": "7-8",
      "gender": "Girls",
      "date": "2004-06-005",
      "time": "47.62",
      "place": "21",
      "team": "Otters",
      "yards": 0,
      "meet": "024",
      "opponent": "Creekside"
    },
    {
      "name": "TheronK",
      "stroke": "Back",
      "age": "7-8",
      "gender": "Boys",
      "date": "2004-06-005",
      "time": "18.84",
      "place": "1",
      "team": "Otters",
      "yards": 0,
      "meet": "024",
      "opponent": "Creekside"
    },
    {
      "name": "TylerH",
      "stroke": "Back",
      "age": "7-8",
      "gender": "Boys",
      "date": "2004-06-005",
      "time": "25.78",
      "place": "3",
      "team": "Otters",
      "yards": 0,
      "meet": "024",
      "opponent": "Creekside"
    },
    {
      "name": "GabrielleC",
      "stroke": "Back",
      "age": "9-10",
      "gender": "Girls",
      "date": "2004-06-005",
      "time": "22.61",
      "place": "5",
      "team": "Otters",
      "yards": 0,
      "meet": "024",
      "opponent": "Creekside"
    },
    {
      "name": "DeannaK",
      "stroke": "Back",
      "age": "9-10",
      "gender": "Girls",
      "date": "2004-06-005",
      "time": "23.46",
      "place": "8",
      "team": "Otters",
      "yards": 0,
      "meet": "024",
      "opponent": "Creekside"
    },
    {
      "name": "EmilyD",
      "stroke": "Back",
      "age": "9-10",
      "gender": "Girls",
      "date": "2004-06-005",
      "time": "24.09",
      "place": "9",
      "team": "Otters",
      "yards": 0,
      "meet": "024",
      "opponent": "Creekside"
    },
    {
      "name": "TaylorR",
      "stroke": "Back",
      "age": "9-10",
      "gender": "Girls",
      "date": "2004-06-005",
      "time": "25.28",
      "place": "13",
      "team": "Otters",
      "yards": 0,
      "meet": "024",
      "opponent": "Creekside"
    },
    {
      "name": "GiselleH",
      "stroke": "Back",
      "age": "9-10",
      "gender": "Girls",
      "date": "2004-06-005",
      "time": "26.92",
      "place": "15",
      "team": "Otters",
      "yards": 0,
      "meet": "024",
      "opponent": "Creekside"
    },
    {
      "name": "AlexandraL",
      "stroke": "Back",
      "age": "9-10",
      "gender": "Girls",
      "date": "2004-06-005",
      "time": "27.83",
      "place": "17",
      "team": "Otters",
      "yards": 0,
      "meet": "024",
      "opponent": "Creekside"
    },
    {
      "name": "VictoriaS",
      "stroke": "Back",
      "age": "9-10",
      "gender": "Girls",
      "date": "2004-06-005",
      "time": "29.87",
      "place": "18",
      "team": "Otters",
      "yards": 0,
      "meet": "024",
      "opponent": "Creekside"
    },
    {
      "name": "SonyaS",
      "stroke": "Back",
      "age": "9-10",
      "gender": "Girls",
      "date": "2004-06-005",
      "time": "31.59",
      "place": "20",
      "team": "Otters",
      "yards": 0,
      "meet": "024",
      "opponent": "Creekside"
    },
    {
      "name": "SarahH",
      "stroke": "Back",
      "age": "9-10",
      "gender": "Girls",
      "date": "2004-06-005",
      "time": "38.84",
      "place": "22",
      "team": "Otters",
      "yards": 0,
      "meet": "024",
      "opponent": "Creekside"
    },
    {
      "name": "AlexE",
      "stroke": "Back",
      "age": "9-10",
      "gender": "Boys",
      "date": "2004-06-005",
      "time": "20.37",
      "place": "2",
      "team": "Otters",
      "yards": 0,
      "meet": "024",
      "opponent": "Creekside"
    },
    {
      "name": "TimotheeC",
      "stroke": "Back",
      "age": "9-10",
      "gender": "Boys",
      "date": "2004-06-005",
      "time": "20.90",
      "place": "3",
      "team": "Otters",
      "yards": 0,
      "meet": "024",
      "opponent": "Creekside"
    },
    {
      "name": "DanielM",
      "stroke": "Back",
      "age": "9-10",
      "gender": "Boys",
      "date": "2004-06-005",
      "time": "22.86",
      "place": "5",
      "team": "Otters",
      "yards": 0,
      "meet": "024",
      "opponent": "Creekside"
    },
    {
      "name": "GavinT",
      "stroke": "Back",
      "age": "9-10",
      "gender": "Boys",
      "date": "2004-06-005",
      "time": "23.26",
      "place": "9",
      "team": "Otters",
      "yards": 0,
      "meet": "024",
      "opponent": "Creekside"
    },
    {
      "name": "SamS",
      "stroke": "Back",
      "age": "9-10",
      "gender": "Boys",
      "date": "2004-06-005",
      "time": "26.06",
      "place": "13",
      "team": "Otters",
      "yards": 0,
      "meet": "024",
      "opponent": "Creekside"
    },
    {
      "name": "KyleM",
      "stroke": "Back",
      "age": "9-10",
      "gender": "Boys",
      "date": "2004-06-005",
      "time": "27.46",
      "place": "15",
      "team": "Otters",
      "yards": 0,
      "meet": "024",
      "opponent": "Creekside"
    },
    {
      "name": "JamesJ",
      "stroke": "Back",
      "age": "9-10",
      "gender": "Boys",
      "date": "2004-06-005",
      "time": "35.50",
      "place": "17",
      "team": "Otters",
      "yards": 0,
      "meet": "024",
      "opponent": "Creekside"
    },
    {
      "name": "ArlaT",
      "stroke": "Back",
      "age": "11-12",
      "gender": "Girls",
      "date": "2004-06-005",
      "time": "35.40",
      "place": "1",
      "team": "Otters",
      "yards": 0,
      "meet": "024",
      "opponent": "Creekside"
    },
    {
      "name": "JessicaS",
      "stroke": "Back",
      "age": "11-12",
      "gender": "Girls",
      "date": "2004-06-005",
      "time": "37.04",
      "place": "2",
      "team": "Otters",
      "yards": 0,
      "meet": "024",
      "opponent": "Creekside"
    },
    {
      "name": "AishaN",
      "stroke": "Back",
      "age": "11-12",
      "gender": "Girls",
      "date": "2004-06-005",
      "time": "37.84",
      "place": "3",
      "team": "Otters",
      "yards": 0,
      "meet": "024",
      "opponent": "Creekside"
    },
    {
      "name": "NatashaL",
      "stroke": "Back",
      "age": "11-12",
      "gender": "Girls",
      "date": "2004-06-005",
      "time": "41.05",
      "place": "6",
      "team": "Otters",
      "yards": 0,
      "meet": "024",
      "opponent": "Creekside"
    },
    {
      "name": "CourtneyK",
      "stroke": "Back",
      "age": "11-12",
      "gender": "Girls",
      "date": "2004-06-005",
      "time": "41.47",
      "place": "7",
      "team": "Otters",
      "yards": 0,
      "meet": "024",
      "opponent": "Creekside"
    },
    {
      "name": "CharlotteS",
      "stroke": "Back",
      "age": "11-12",
      "gender": "Girls",
      "date": "2004-06-005",
      "time": "43.13",
      "place": "9",
      "team": "Otters",
      "yards": 0,
      "meet": "024",
      "opponent": "Creekside"
    },
    {
      "name": "ClaraL",
      "stroke": "Back",
      "age": "11-12",
      "gender": "Girls",
      "date": "2004-06-005",
      "time": "1:04.48",
      "place": "15",
      "team": "Otters",
      "yards": 0,
      "meet": "024",
      "opponent": "Creekside"
    },
    {
      "name": "KristieB",
      "stroke": "Back",
      "age": "11-12",
      "gender": "Girls",
      "date": "2004-06-005",
      "time": "1:05.09",
      "place": "16",
      "team": "Otters",
      "yards": 0,
      "meet": "024",
      "opponent": "Creekside"
    },
    {
      "name": "BramD",
      "stroke": "Back",
      "age": "11-12",
      "gender": "Boys",
      "date": "2004-06-005",
      "time": "35.93",
      "place": "2",
      "team": "Otters",
      "yards": 0,
      "meet": "024",
      "opponent": "Creekside"
    },
    {
      "name": "FranciscoG",
      "stroke": "Back",
      "age": "11-12",
      "gender": "Boys",
      "date": "2004-06-005",
      "time": "42.84",
      "place": "5",
      "team": "Otters",
      "yards": 0,
      "meet": "024",
      "opponent": "Creekside"
    },
    {
      "name": "ScottD",
      "stroke": "Back",
      "age": "11-12",
      "gender": "Boys",
      "date": "2004-06-005",
      "time": "45.16",
      "place": "7",
      "team": "Otters",
      "yards": 0,
      "meet": "024",
      "opponent": "Creekside"
    },
    {
      "name": "RobertC",
      "stroke": "Back",
      "age": "11-12",
      "gender": "Boys",
      "date": "2004-06-005",
      "time": "50.40",
      "place": "10",
      "team": "Otters",
      "yards": 0,
      "meet": "024",
      "opponent": "Creekside"
    },
    {
      "name": "RobertJ",
      "stroke": "Back",
      "age": "11-12",
      "gender": "Boys",
      "date": "2004-06-005",
      "time": "1:05.90",
      "place": "15",
      "team": "Otters",
      "yards": 0,
      "meet": "024",
      "opponent": "Creekside"
    },
    {
      "name": "AndrewM",
      "stroke": "Back",
      "age": "11-12",
      "gender": "Boys",
      "date": "2004-06-005",
      "time": "1:16.83",
      "place": "16",
      "team": "Otters",
      "yards": 0,
      "meet": "024",
      "opponent": "Creekside"
    },
    {
      "name": "MichaelK",
      "stroke": "Back",
      "age": "11-12",
      "gender": "Boys",
      "date": "2004-06-005",
      "time": "DQ",
      "place": "--",
      "team": "Otters",
      "yards": 0,
      "meet": "024",
      "opponent": "Creekside"
    },
    {
      "name": "JustinS",
      "stroke": "Back",
      "age": "11-12",
      "gender": "Boys",
      "date": "2004-06-005",
      "time": "DQ",
      "place": "--",
      "team": "Otters",
      "yards": 0,
      "meet": "024",
      "opponent": "Creekside"
    },
    {
      "name": "BreannaS",
      "stroke": "Back",
      "age": "13-14",
      "gender": "Girls",
      "date": "2004-06-005",
      "time": "36.07",
      "place": "1",
      "team": "Otters",
      "yards": 0,
      "meet": "024",
      "opponent": "Creekside"
    },
    {
      "name": "AgathaS",
      "stroke": "Back",
      "age": "13-14",
      "gender": "Girls",
      "date": "2004-06-005",
      "time": "36.23",
      "place": "2",
      "team": "Otters",
      "yards": 0,
      "meet": "024",
      "opponent": "Creekside"
    },
    {
      "name": "AndreaH",
      "stroke": "Back",
      "age": "13-14",
      "gender": "Girls",
      "date": "2004-06-005",
      "time": "1:04.21",
      "place": "11",
      "team": "Otters",
      "yards": 0,
      "meet": "024",
      "opponent": "Creekside"
    },
    {
      "name": "MarcusC",
      "stroke": "Back",
      "age": "13-14",
      "gender": "Boys",
      "date": "2004-06-005",
      "time": "32.37",
      "place": "3",
      "team": "Otters",
      "yards": 0,
      "meet": "024",
      "opponent": "Creekside"
    },
    {
      "name": "JamesSi",
      "stroke": "Back",
      "age": "13-14",
      "gender": "Boys",
      "date": "2004-06-005",
      "time": "34.45",
      "place": "4",
      "team": "Otters",
      "yards": 0,
      "meet": "024",
      "opponent": "Creekside"
    },
    {
      "name": "DustinD",
      "stroke": "Back",
      "age": "13-14",
      "gender": "Boys",
      "date": "2004-06-005",
      "time": "36.07",
      "place": "6",
      "team": "Otters",
      "yards": 0,
      "meet": "024",
      "opponent": "Creekside"
    },
    {
      "name": "RidgeG",
      "stroke": "Back",
      "age": "13-14",
      "gender": "Boys",
      "date": "2004-06-005",
      "time": "36.07",
      "place": "6",
      "team": "Otters",
      "yards": 0,
      "meet": "024",
      "opponent": "Creekside"
    },
    {
      "name": "NicholasS1",
      "stroke": "Back",
      "age": "13-14",
      "gender": "Boys",
      "date": "2004-06-005",
      "time": "38.75",
      "place": "10",
      "team": "Otters",
      "yards": 0,
      "meet": "024",
      "opponent": "Creekside"
    },
    {
      "name": "ThomasJ",
      "stroke": "Back",
      "age": "13-14",
      "gender": "Boys",
      "date": "2004-06-005",
      "time": "42.29",
      "place": "13",
      "team": "Otters",
      "yards": 0,
      "meet": "024",
      "opponent": "Creekside"
    },
    {
      "name": "JoshB",
      "stroke": "Back",
      "age": "13-14",
      "gender": "Boys",
      "date": "2004-06-005",
      "time": "59.07",
      "place": "17",
      "team": "Otters",
      "yards": 0,
      "meet": "024",
      "opponent": "Creekside"
    },
    {
      "name": "MaxM",
      "stroke": "Back",
      "age": "13-14",
      "gender": "Boys",
      "date": "2004-06-005",
      "time": "1:01.42",
      "place": "18",
      "team": "Otters",
      "yards": 0,
      "meet": "024",
      "opponent": "Creekside"
    },
    {
      "name": "ShannonO",
      "stroke": "Back",
      "age": "15-18",
      "gender": "Girls",
      "date": "2004-06-005",
      "time": "35.07",
      "place": "3",
      "team": "Otters",
      "yards": 0,
      "meet": "024",
      "opponent": "Creekside"
    },
    {
      "name": "AnnamariaS",
      "stroke": "Back",
      "age": "15-18",
      "gender": "Girls",
      "date": "2004-06-005",
      "time": "35.46",
      "place": "4",
      "team": "Otters",
      "yards": 0,
      "meet": "024",
      "opponent": "Creekside"
    },
    {
      "name": "ChadK",
      "stroke": "Back",
      "age": "15-18",
      "gender": "Boys",
      "date": "2004-06-005",
      "time": "29.09",
      "place": "1",
      "team": "Otters",
      "yards": 0,
      "meet": "024",
      "opponent": "Creekside"
    },
    {
      "name": "JoshuaP",
      "stroke": "Back",
      "age": "15-18",
      "gender": "Boys",
      "date": "2004-06-005",
      "time": "30.69",
      "place": "2",
      "team": "Otters",
      "yards": 0,
      "meet": "024",
      "opponent": "Creekside"
    },
    {
      "name": "RandyG",
      "stroke": "Back",
      "age": "15-18",
      "gender": "Boys",
      "date": "2004-06-005",
      "time": "33.33",
      "place": "3",
      "team": "Otters",
      "yards": 0,
      "meet": "024",
      "opponent": "Creekside"
    },
    {
      "name": "ValerieP",
      "stroke": "Breast",
      "age": "8 & Under",
      "gender": "Girls",
      "date": "2004-06-005",
      "time": "27.07",
      "place": "3",
      "team": "Otters",
      "yards": 0,
      "meet": "024",
      "opponent": "Creekside"
    },
    {
      "name": "MarcellaK",
      "stroke": "Breast",
      "age": "8 & Under",
      "gender": "Girls",
      "date": "2004-06-005",
      "time": "27.39",
      "place": "4",
      "team": "Otters",
      "yards": 0,
      "meet": "024",
      "opponent": "Creekside"
    },
    {
      "name": "HayleyR",
      "stroke": "Breast",
      "age": "8 & Under",
      "gender": "Girls",
      "date": "2004-06-005",
      "time": "30.40",
      "place": "7",
      "team": "Otters",
      "yards": 0,
      "meet": "024",
      "opponent": "Creekside"
    },
    {
      "name": "GianaK",
      "stroke": "Breast",
      "age": "8 & Under",
      "gender": "Girls",
      "date": "2004-06-005",
      "time": "32.17",
      "place": "8",
      "team": "Otters",
      "yards": 0,
      "meet": "024",
      "opponent": "Creekside"
    },
    {
      "name": "SereanaR",
      "stroke": "Breast",
      "age": "8 & Under",
      "gender": "Girls",
      "date": "2004-06-005",
      "time": "34.43",
      "place": "10",
      "team": "Otters",
      "yards": 0,
      "meet": "024",
      "opponent": "Creekside"
    },
    {
      "name": "EmmaD",
      "stroke": "Breast",
      "age": "8 & Under",
      "gender": "Girls",
      "date": "2004-06-005",
      "time": "38.08",
      "place": "13",
      "team": "Otters",
      "yards": 0,
      "meet": "024",
      "opponent": "Creekside"
    },
    {
      "name": "MichelleL",
      "stroke": "Breast",
      "age": "8 & Under",
      "gender": "Girls",
      "date": "2004-06-005",
      "time": "DQ",
      "place": "--",
      "team": "Otters",
      "yards": 0,
      "meet": "024",
      "opponent": "Creekside"
    },
    {
      "name": "NicoleL",
      "stroke": "Breast",
      "age": "8 & Under",
      "gender": "Girls",
      "date": "2004-06-005",
      "time": "DQ",
      "place": "--",
      "team": "Otters",
      "yards": 0,
      "meet": "024",
      "opponent": "Creekside"
    },
    {
      "name": "JamieM",
      "stroke": "Breast",
      "age": "8 & Under",
      "gender": "Girls",
      "date": "2004-06-005",
      "time": "DQ",
      "place": "--",
      "team": "Otters",
      "yards": 0,
      "meet": "024",
      "opponent": "Creekside"
    },
    {
      "name": "TylerH",
      "stroke": "Breast",
      "age": "8 & Under",
      "gender": "Boys",
      "date": "2004-06-005",
      "time": "38.13",
      "place": "2",
      "team": "Otters",
      "yards": 0,
      "meet": "024",
      "opponent": "Creekside"
    },
    {
      "name": "TaylorR",
      "stroke": "Breast",
      "age": "9-10",
      "gender": "Girls",
      "date": "2004-06-005",
      "time": "24.55",
      "place": "3",
      "team": "Otters",
      "yards": 0,
      "meet": "024",
      "opponent": "Creekside"
    },
    {
      "name": "JenniferR",
      "stroke": "Breast",
      "age": "9-10",
      "gender": "Girls",
      "date": "2004-06-005",
      "time": "24.69",
      "place": "4",
      "team": "Otters",
      "yards": 0,
      "meet": "024",
      "opponent": "Creekside"
    },
    {
      "name": "AlexandraL",
      "stroke": "Breast",
      "age": "9-10",
      "gender": "Girls",
      "date": "2004-06-005",
      "time": "26.17",
      "place": "7",
      "team": "Otters",
      "yards": 0,
      "meet": "024",
      "opponent": "Creekside"
    },
    {
      "name": "SonyaS",
      "stroke": "Breast",
      "age": "9-10",
      "gender": "Girls",
      "date": "2004-06-005",
      "time": "27.59",
      "place": "9",
      "team": "Otters",
      "yards": 0,
      "meet": "024",
      "opponent": "Creekside"
    },
    {
      "name": "DeannaK",
      "stroke": "Breast",
      "age": "9-10",
      "gender": "Girls",
      "date": "2004-06-005",
      "time": "27.83",
      "place": "10",
      "team": "Otters",
      "yards": 0,
      "meet": "024",
      "opponent": "Creekside"
    },
    {
      "name": "GiselleH",
      "stroke": "Breast",
      "age": "9-10",
      "gender": "Girls",
      "date": "2004-06-005",
      "time": "31.06",
      "place": "12",
      "team": "Otters",
      "yards": 0,
      "meet": "024",
      "opponent": "Creekside"
    },
    {
      "name": "VictoriaS",
      "stroke": "Breast",
      "age": "9-10",
      "gender": "Girls",
      "date": "2004-06-005",
      "time": "39.50",
      "place": "13",
      "team": "Otters",
      "yards": 0,
      "meet": "024",
      "opponent": "Creekside"
    },
    {
      "name": "SarahH",
      "stroke": "Breast",
      "age": "9-10",
      "gender": "Girls",
      "date": "2004-06-005",
      "time": "45.38",
      "place": "14",
      "team": "Otters",
      "yards": 0,
      "meet": "024",
      "opponent": "Creekside"
    },
    {
      "name": "BenS",
      "stroke": "Breast",
      "age": "9-10",
      "gender": "Boys",
      "date": "2004-06-005",
      "time": "25.21",
      "place": "1",
      "team": "Otters",
      "yards": 0,
      "meet": "024",
      "opponent": "Creekside"
    },
    {
      "name": "DanielM",
      "stroke": "Breast",
      "age": "9-10",
      "gender": "Boys",
      "date": "2004-06-005",
      "time": "25.84",
      "place": "2",
      "team": "Otters",
      "yards": 0,
      "meet": "024",
      "opponent": "Creekside"
    },
    {
      "name": "KyleM",
      "stroke": "Breast",
      "age": "9-10",
      "gender": "Boys",
      "date": "2004-06-005",
      "time": "31.78",
      "place": "8",
      "team": "Otters",
      "yards": 0,
      "meet": "024",
      "opponent": "Creekside"
    },
    {
      "name": "ChristianH",
      "stroke": "Breast",
      "age": "9-10",
      "gender": "Boys",
      "date": "2004-06-005",
      "time": "DQ",
      "place": "--",
      "team": "Otters",
      "yards": 0,
      "meet": "024",
      "opponent": "Creekside"
    },
    {
      "name": "JamesJ",
      "stroke": "Breast",
      "age": "9-10",
      "gender": "Boys",
      "date": "2004-06-005",
      "time": "DQ",
      "place": "--",
      "team": "Otters",
      "yards": 0,
      "meet": "024",
      "opponent": "Creekside"
    },
    {
      "name": "NatashaL",
      "stroke": "Breast",
      "age": "11-12",
      "gender": "Girls",
      "date": "2004-06-005",
      "time": "41.05",
      "place": "2",
      "team": "Otters",
      "yards": 0,
      "meet": "024",
      "opponent": "Creekside"
    },
    {
      "name": "AishaN",
      "stroke": "Breast",
      "age": "11-12",
      "gender": "Girls",
      "date": "2004-06-005",
      "time": "42.56",
      "place": "4",
      "team": "Otters",
      "yards": 0,
      "meet": "024",
      "opponent": "Creekside"
    },
    {
      "name": "StefaniS",
      "stroke": "Breast",
      "age": "11-12",
      "gender": "Girls",
      "date": "2004-06-005",
      "time": "42.67",
      "place": "5",
      "team": "Otters",
      "yards": 0,
      "meet": "024",
      "opponent": "Creekside"
    },
    {
      "name": "JamieG",
      "stroke": "Breast",
      "age": "11-12",
      "gender": "Girls",
      "date": "2004-06-005",
      "time": "46.43",
      "place": "7",
      "team": "Otters",
      "yards": 0,
      "meet": "024",
      "opponent": "Creekside"
    },
    {
      "name": "CharlotteS",
      "stroke": "Breast",
      "age": "11-12",
      "gender": "Girls",
      "date": "2004-06-005",
      "time": "52.48",
      "place": "9",
      "team": "Otters",
      "yards": 0,
      "meet": "024",
      "opponent": "Creekside"
    },
    {
      "name": "ClaraL",
      "stroke": "Breast",
      "age": "11-12",
      "gender": "Girls",
      "date": "2004-06-005",
      "time": "53.00",
      "place": "11",
      "team": "Otters",
      "yards": 0,
      "meet": "024",
      "opponent": "Creekside"
    },
    {
      "name": "NicoleT",
      "stroke": "Breast",
      "age": "11-12",
      "gender": "Girls",
      "date": "2004-06-005",
      "time": "DQ",
      "place": "--",
      "team": "Otters",
      "yards": 0,
      "meet": "024",
      "opponent": "Creekside"
    },
    {
      "name": "CourtneyK",
      "stroke": "Breast",
      "age": "11-12",
      "gender": "Girls",
      "date": "2004-06-005",
      "time": "DQ",
      "place": "--",
      "team": "Otters",
      "yards": 0,
      "meet": "024",
      "opponent": "Creekside"
    },
    {
      "name": "KristieB",
      "stroke": "Breast",
      "age": "11-12",
      "gender": "Girls",
      "date": "2004-06-005",
      "time": "DQ",
      "place": "--",
      "team": "Otters",
      "yards": 0,
      "meet": "024",
      "opponent": "Creekside"
    },
    {
      "name": "BillP",
      "stroke": "Breast",
      "age": "11-12",
      "gender": "Boys",
      "date": "2004-06-005",
      "time": "31.30",
      "place": "1",
      "team": "Otters",
      "yards": 0,
      "meet": "024",
      "opponent": "Creekside"
    },
    {
      "name": "CharlesC",
      "stroke": "Breast",
      "age": "11-12",
      "gender": "Boys",
      "date": "2004-06-005",
      "time": "46.04",
      "place": "3",
      "team": "Otters",
      "yards": 0,
      "meet": "024",
      "opponent": "Creekside"
    },
    {
      "name": "ErikV",
      "stroke": "Breast",
      "age": "11-12",
      "gender": "Boys",
      "date": "2004-06-005",
      "time": "46.47",
      "place": "4",
      "team": "Otters",
      "yards": 0,
      "meet": "024",
      "opponent": "Creekside"
    },
    {
      "name": "DanteM",
      "stroke": "Breast",
      "age": "11-12",
      "gender": "Boys",
      "date": "2004-06-005",
      "time": "58.09",
      "place": "11",
      "team": "Otters",
      "yards": 0,
      "meet": "024",
      "opponent": "Creekside"
    },
    {
      "name": "MichaelK",
      "stroke": "Breast",
      "age": "11-12",
      "gender": "Boys",
      "date": "2004-06-005",
      "time": "DQ",
      "place": "--",
      "team": "Otters",
      "yards": 0,
      "meet": "024",
      "opponent": "Creekside"
    },
    {
      "name": "AndrewM",
      "stroke": "Breast",
      "age": "11-12",
      "gender": "Boys",
      "date": "2004-06-005",
      "time": "DQ",
      "place": "--",
      "team": "Otters",
      "yards": 0,
      "meet": "024",
      "opponent": "Creekside"
    },
    {
      "name": "AgathaS",
      "stroke": "Breast",
      "age": "13-14",
      "gender": "Girls",
      "date": "2004-06-005",
      "time": "39.43",
      "place": "2",
      "team": "Otters",
      "yards": 0,
      "meet": "024",
      "opponent": "Creekside"
    },
    {
      "name": "ChelseaK",
      "stroke": "Breast",
      "age": "13-14",
      "gender": "Girls",
      "date": "2004-06-005",
      "time": "40.19",
      "place": "4",
      "team": "Otters",
      "yards": 0,
      "meet": "024",
      "opponent": "Creekside"
    },
    {
      "name": "AndreaH",
      "stroke": "Breast",
      "age": "13-14",
      "gender": "Girls",
      "date": "2004-06-005",
      "time": "57.89",
      "place": "8",
      "team": "Otters",
      "yards": 0,
      "meet": "024",
      "opponent": "Creekside"
    },
    {
      "name": "MarcusC",
      "stroke": "Breast",
      "age": "13-14",
      "gender": "Boys",
      "date": "2004-06-005",
      "time": "35.78",
      "place": "2",
      "team": "Otters",
      "yards": 0,
      "meet": "024",
      "opponent": "Creekside"
    },
    {
      "name": "ThomasJ",
      "stroke": "Breast",
      "age": "13-14",
      "gender": "Boys",
      "date": "2004-06-005",
      "time": "38.91",
      "place": "5",
      "team": "Otters",
      "yards": 0,
      "meet": "024",
      "opponent": "Creekside"
    },
    {
      "name": "DustinD",
      "stroke": "Breast",
      "age": "13-14",
      "gender": "Boys",
      "date": "2004-06-005",
      "time": "39.43",
      "place": "6",
      "team": "Otters",
      "yards": 0,
      "meet": "024",
      "opponent": "Creekside"
    },
    {
      "name": "NicholasS1",
      "stroke": "Breast",
      "age": "13-14",
      "gender": "Boys",
      "date": "2004-06-005",
      "time": "40.39",
      "place": "7",
      "team": "Otters",
      "yards": 0,
      "meet": "024",
      "opponent": "Creekside"
    },
    {
      "name": "SamN",
      "stroke": "Breast",
      "age": "13-14",
      "gender": "Boys",
      "date": "2004-06-005",
      "time": "45.96",
      "place": "9",
      "team": "Otters",
      "yards": 0,
      "meet": "024",
      "opponent": "Creekside"
    },
    {
      "name": "MaxM",
      "stroke": "Breast",
      "age": "13-14",
      "gender": "Boys",
      "date": "2004-06-005",
      "time": "1:16.41",
      "place": "13",
      "team": "Otters",
      "yards": 0,
      "meet": "024",
      "opponent": "Creekside"
    },
    {
      "name": "AnnamariaS",
      "stroke": "Breast",
      "age": "15-18",
      "gender": "Girls",
      "date": "2004-06-005",
      "time": "43.67",
      "place": "5",
      "team": "Otters",
      "yards": 0,
      "meet": "024",
      "opponent": "Creekside"
    },
    {
      "name": "JadeG",
      "stroke": "Breast",
      "age": "15-18",
      "gender": "Girls",
      "date": "2004-06-005",
      "time": "45.21",
      "place": "6",
      "team": "Otters",
      "yards": 0,
      "meet": "024",
      "opponent": "Creekside"
    },
    {
      "name": "DominicM",
      "stroke": "Breast",
      "age": "15-18",
      "gender": "Boys",
      "date": "2004-06-005",
      "time": "31.34",
      "place": "1",
      "team": "Otters",
      "yards": 0,
      "meet": "024",
      "opponent": "Creekside"
    },
    {
      "name": "TylerT",
      "stroke": "Breast",
      "age": "15-18",
      "gender": "Boys",
      "date": "2004-06-005",
      "time": "31.55",
      "place": "2",
      "team": "Otters",
      "yards": 0,
      "meet": "024",
      "opponent": "Creekside"
    },
    {
      "name": "AlexB",
      "stroke": "Breast",
      "age": "15-18",
      "gender": "Boys",
      "date": "2004-06-005",
      "time": "DQ",
      "place": "--",
      "team": "Otters",
      "yards": 0,
      "meet": "024",
      "opponent": "Creekside"
    },
    {
      "name": "MiaB",
      "stroke": "Freestyle",
      "age": "6 & Under",
      "gender": "Girls",
      "date": "2004-06-005",
      "time": "27.18",
      "place": "1",
      "team": "Otters",
      "yards": 0,
      "meet": "024",
      "opponent": "Creekside"
    },
    {
      "name": "AllieR",
      "stroke": "Freestyle",
      "age": "6 & Under",
      "gender": "Girls",
      "date": "2004-06-005",
      "time": "30.62",
      "place": "3",
      "team": "Otters",
      "yards": 0,
      "meet": "024",
      "opponent": "Creekside"
    },
    {
      "name": "JalenB",
      "stroke": "Freestyle",
      "age": "6 & Under",
      "gender": "Girls",
      "date": "2004-06-005",
      "time": "32.56",
      "place": "5",
      "team": "Otters",
      "yards": 0,
      "meet": "024",
      "opponent": "Creekside"
    },
    {
      "name": "RebeccaM",
      "stroke": "Freestyle",
      "age": "6 & Under",
      "gender": "Girls",
      "date": "2004-06-005",
      "time": "32.64",
      "place": "6",
      "team": "Otters",
      "yards": 0,
      "meet": "024",
      "opponent": "Creekside"
    },
    {
      "name": "SamanthaC",
      "stroke": "Freestyle",
      "age": "6 & Under",
      "gender": "Girls",
      "date": "2004-06-005",
      "time": "34.03",
      "place": "7",
      "team": "Otters",
      "yards": 0,
      "meet": "024",
      "opponent": "Creekside"
    },
    {
      "name": "MelyssaV",
      "stroke": "Freestyle",
      "age": "6 & Under",
      "gender": "Girls",
      "date": "2004-06-005",
      "time": "35.65",
      "place": "8",
      "team": "Otters",
      "yards": 0,
      "meet": "024",
      "opponent": "Creekside"
    },
    {
      "name": "ChelseaH",
      "stroke": "Freestyle",
      "age": "6 & Under",
      "gender": "Girls",
      "date": "2004-06-005",
      "time": "47.68",
      "place": "9",
      "team": "Otters",
      "yards": 0,
      "meet": "024",
      "opponent": "Creekside"
    },
    {
      "name": "CoreyG",
      "stroke": "Freestyle",
      "age": "6 & Under",
      "gender": "Boys",
      "date": "2004-06-005",
      "time": "21.87",
      "place": "1",
      "team": "Otters",
      "yards": 0,
      "meet": "024",
      "opponent": "Creekside"
    },
    {
      "name": "JordanB",
      "stroke": "Freestyle",
      "age": "6 & Under",
      "gender": "Boys",
      "date": "2004-06-005",
      "time": "24.29",
      "place": "2",
      "team": "Otters",
      "yards": 0,
      "meet": "024",
      "opponent": "Creekside"
    },
    {
      "name": "EthanE",
      "stroke": "Freestyle",
      "age": "6 & Under",
      "gender": "Boys",
      "date": "2004-06-005",
      "time": "41.09",
      "place": "6",
      "team": "Otters",
      "yards": 0,
      "meet": "024",
      "opponent": "Creekside"
    },
    {
      "name": "MarcellaK",
      "stroke": "Freestyle",
      "age": "7-8",
      "gender": "Girls",
      "date": "2004-06-005",
      "time": "19.42",
      "place": "2",
      "team": "Otters",
      "yards": 0,
      "meet": "024",
      "opponent": "Creekside"
    },
    {
      "name": "GianaK",
      "stroke": "Freestyle",
      "age": "7-8",
      "gender": "Girls",
      "date": "2004-06-005",
      "time": "20.69",
      "place": "3",
      "team": "Otters",
      "yards": 0,
      "meet": "024",
      "opponent": "Creekside"
    },
    {
      "name": "NicoleL",
      "stroke": "Freestyle",
      "age": "7-8",
      "gender": "Girls",
      "date": "2004-06-005",
      "time": "21.75",
      "place": "7",
      "team": "Otters",
      "yards": 0,
      "meet": "024",
      "opponent": "Creekside"
    },
    {
      "name": "ValerieP",
      "stroke": "Freestyle",
      "age": "7-8",
      "gender": "Girls",
      "date": "2004-06-005",
      "time": "22.83",
      "place": "10",
      "team": "Otters",
      "yards": 0,
      "meet": "024",
      "opponent": "Creekside"
    },
    {
      "name": "HayleyR",
      "stroke": "Freestyle",
      "age": "7-8",
      "gender": "Girls",
      "date": "2004-06-005",
      "time": "24.55",
      "place": "13",
      "team": "Otters",
      "yards": 0,
      "meet": "024",
      "opponent": "Creekside"
    },
    {
      "name": "MichelleL",
      "stroke": "Freestyle",
      "age": "7-8",
      "gender": "Girls",
      "date": "2004-06-005",
      "time": "26.43",
      "place": "14",
      "team": "Otters",
      "yards": 0,
      "meet": "024",
      "opponent": "Creekside"
    },
    {
      "name": "SierrahH",
      "stroke": "Freestyle",
      "age": "7-8",
      "gender": "Girls",
      "date": "2004-06-005",
      "time": "27.62",
      "place": "16",
      "team": "Otters",
      "yards": 0,
      "meet": "024",
      "opponent": "Creekside"
    },
    {
      "name": "JamieM",
      "stroke": "Freestyle",
      "age": "7-8",
      "gender": "Girls",
      "date": "2004-06-005",
      "time": "28.38",
      "place": "18",
      "team": "Otters",
      "yards": 0,
      "meet": "024",
      "opponent": "Creekside"
    },
    {
      "name": "TylerH",
      "stroke": "Freestyle",
      "age": "7-8",
      "gender": "Boys",
      "date": "2004-06-005",
      "time": "18.68",
      "place": "1",
      "team": "Otters",
      "yards": 0,
      "meet": "024",
      "opponent": "Creekside"
    },
    {
      "name": "JenniferR",
      "stroke": "Freestyle",
      "age": "9-10",
      "gender": "Girls",
      "date": "2004-06-005",
      "time": "17.65",
      "place": "3",
      "team": "Otters",
      "yards": 0,
      "meet": "024",
      "opponent": "Creekside"
    },
    {
      "name": "EmilyD",
      "stroke": "Freestyle",
      "age": "9-10",
      "gender": "Girls",
      "date": "2004-06-005",
      "time": "17.83",
      "place": "6",
      "team": "Otters",
      "yards": 0,
      "meet": "024",
      "opponent": "Creekside"
    },
    {
      "name": "DeannaK",
      "stroke": "Freestyle",
      "age": "9-10",
      "gender": "Girls",
      "date": "2004-06-005",
      "time": "18.05",
      "place": "8",
      "team": "Otters",
      "yards": 0,
      "meet": "024",
      "opponent": "Creekside"
    },
    {
      "name": "GabrielleC",
      "stroke": "Freestyle",
      "age": "9-10",
      "gender": "Girls",
      "date": "2004-06-005",
      "time": "18.11",
      "place": "10",
      "team": "Otters",
      "yards": 0,
      "meet": "024",
      "opponent": "Creekside"
    },
    {
      "name": "GiselleH",
      "stroke": "Freestyle",
      "age": "9-10",
      "gender": "Girls",
      "date": "2004-06-005",
      "time": "18.37",
      "place": "12",
      "team": "Otters",
      "yards": 0,
      "meet": "024",
      "opponent": "Creekside"
    },
    {
      "name": "TaylorR",
      "stroke": "Freestyle",
      "age": "9-10",
      "gender": "Girls",
      "date": "2004-06-005",
      "time": "19.71",
      "place": "13",
      "team": "Otters",
      "yards": 0,
      "meet": "024",
      "opponent": "Creekside"
    },
    {
      "name": "AlexandraL",
      "stroke": "Freestyle",
      "age": "9-10",
      "gender": "Girls",
      "date": "2004-06-005",
      "time": "20.46",
      "place": "17",
      "team": "Otters",
      "yards": 0,
      "meet": "024",
      "opponent": "Creekside"
    },
    {
      "name": "SarahH",
      "stroke": "Freestyle",
      "age": "9-10",
      "gender": "Girls",
      "date": "2004-06-005",
      "time": "28.07",
      "place": "24",
      "team": "Otters",
      "yards": 0,
      "meet": "024",
      "opponent": "Creekside"
    },
    {
      "name": "VictoriaS",
      "stroke": "Freestyle",
      "age": "9-10",
      "gender": "Girls",
      "date": "2004-06-005",
      "time": "28.47",
      "place": "25",
      "team": "Otters",
      "yards": 0,
      "meet": "024",
      "opponent": "Creekside"
    },
    {
      "name": "SonyaS",
      "stroke": "Freestyle",
      "age": "9-10",
      "gender": "Girls",
      "date": "2004-06-005",
      "time": "28.67",
      "place": "26",
      "team": "Otters",
      "yards": 0,
      "meet": "024",
      "opponent": "Creekside"
    },
    {
      "name": "TimotheeC",
      "stroke": "Freestyle",
      "age": "9-10",
      "gender": "Boys",
      "date": "2004-06-005",
      "time": "17.93",
      "place": "4",
      "team": "Otters",
      "yards": 0,
      "meet": "024",
      "opponent": "Creekside"
    },
    {
      "name": "AlexE",
      "stroke": "Freestyle",
      "age": "9-10",
      "gender": "Boys",
      "date": "2004-06-005",
      "time": "19.15",
      "place": "6",
      "team": "Otters",
      "yards": 0,
      "meet": "024",
      "opponent": "Creekside"
    },
    {
      "name": "JamesR",
      "stroke": "Freestyle",
      "age": "9-10",
      "gender": "Boys",
      "date": "2004-06-005",
      "time": "19.75",
      "place": "7",
      "team": "Otters",
      "yards": 0,
      "meet": "024",
      "opponent": "Creekside"
    },
    {
      "name": "KyleM",
      "stroke": "Freestyle",
      "age": "9-10",
      "gender": "Boys",
      "date": "2004-06-005",
      "time": "20.34",
      "place": "9",
      "team": "Otters",
      "yards": 0,
      "meet": "024",
      "opponent": "Creekside"
    },
    {
      "name": "SamS",
      "stroke": "Freestyle",
      "age": "9-10",
      "gender": "Boys",
      "date": "2004-06-005",
      "time": "20.65",
      "place": "11",
      "team": "Otters",
      "yards": 0,
      "meet": "024",
      "opponent": "Creekside"
    },
    {
      "name": "BenS",
      "stroke": "Freestyle",
      "age": "9-10",
      "gender": "Boys",
      "date": "2004-06-005",
      "time": "20.87",
      "place": "14",
      "team": "Otters",
      "yards": 0,
      "meet": "024",
      "opponent": "Creekside"
    },
    {
      "name": "ChristianH",
      "stroke": "Freestyle",
      "age": "9-10",
      "gender": "Boys",
      "date": "2004-06-005",
      "time": "21.79",
      "place": "17",
      "team": "Otters",
      "yards": 0,
      "meet": "024",
      "opponent": "Creekside"
    },
    {
      "name": "JamesJ",
      "stroke": "Freestyle",
      "age": "9-10",
      "gender": "Boys",
      "date": "2004-06-005",
      "time": "28.54",
      "place": "19",
      "team": "Otters",
      "yards": 0,
      "meet": "024",
      "opponent": "Creekside"
    },
    {
      "name": "ArlaT",
      "stroke": "Freestyle",
      "age": "11-12",
      "gender": "Girls",
      "date": "2004-06-005",
      "time": "27.81",
      "place": "1",
      "team": "Otters",
      "yards": 0,
      "meet": "024",
      "opponent": "Creekside"
    },
    {
      "name": "AishaN",
      "stroke": "Freestyle",
      "age": "11-12",
      "gender": "Girls",
      "date": "2004-06-005",
      "time": "32.53",
      "place": "5",
      "team": "Otters",
      "yards": 0,
      "meet": "024",
      "opponent": "Creekside"
    },
    {
      "name": "JessicaS",
      "stroke": "Freestyle",
      "age": "11-12",
      "gender": "Girls",
      "date": "2004-06-005",
      "time": "33.33",
      "place": "6",
      "team": "Otters",
      "yards": 0,
      "meet": "024",
      "opponent": "Creekside"
    },
    {
      "name": "DeniseD",
      "stroke": "Freestyle",
      "age": "11-12",
      "gender": "Girls",
      "date": "2004-06-005",
      "time": "34.17",
      "place": "8",
      "team": "Otters",
      "yards": 0,
      "meet": "024",
      "opponent": "Creekside"
    },
    {
      "name": "NicoleT",
      "stroke": "Freestyle",
      "age": "11-12",
      "gender": "Girls",
      "date": "2004-06-005",
      "time": "34.48",
      "place": "10",
      "team": "Otters",
      "yards": 0,
      "meet": "024",
      "opponent": "Creekside"
    },
    {
      "name": "NatashaL",
      "stroke": "Freestyle",
      "age": "11-12",
      "gender": "Girls",
      "date": "2004-06-005",
      "time": "34.57",
      "place": "11",
      "team": "Otters",
      "yards": 0,
      "meet": "024",
      "opponent": "Creekside"
    },
    {
      "name": "StefaniS",
      "stroke": "Freestyle",
      "age": "11-12",
      "gender": "Girls",
      "date": "2004-06-005",
      "time": "34.62",
      "place": "12",
      "team": "Otters",
      "yards": 0,
      "meet": "024",
      "opponent": "Creekside"
    },
    {
      "name": "CharlotteS",
      "stroke": "Freestyle",
      "age": "11-12",
      "gender": "Girls",
      "date": "2004-06-005",
      "time": "35.88",
      "place": "15",
      "team": "Otters",
      "yards": 0,
      "meet": "024",
      "opponent": "Creekside"
    },
    {
      "name": "JamieG",
      "stroke": "Freestyle",
      "age": "11-12",
      "gender": "Girls",
      "date": "2004-06-005",
      "time": "36.18",
      "place": "16",
      "team": "Otters",
      "yards": 0,
      "meet": "024",
      "opponent": "Creekside"
    },
    {
      "name": "ClaraL",
      "stroke": "Freestyle",
      "age": "11-12",
      "gender": "Girls",
      "date": "2004-06-005",
      "time": "37.67",
      "place": "18",
      "team": "Otters",
      "yards": 0,
      "meet": "024",
      "opponent": "Creekside"
    },
    {
      "name": "CourtneyK",
      "stroke": "Freestyle",
      "age": "11-12",
      "gender": "Girls",
      "date": "2004-06-005",
      "time": "38.97",
      "place": "19",
      "team": "Otters",
      "yards": 0,
      "meet": "024",
      "opponent": "Creekside"
    },
    {
      "name": "KristieB",
      "stroke": "Freestyle",
      "age": "11-12",
      "gender": "Girls",
      "date": "2004-06-005",
      "time": "49.21",
      "place": "23",
      "team": "Otters",
      "yards": 0,
      "meet": "024",
      "opponent": "Creekside"
    },
    {
      "name": "BramD",
      "stroke": "Freestyle",
      "age": "11-12",
      "gender": "Boys",
      "date": "2004-06-005",
      "time": "29.59",
      "place": "1",
      "team": "Otters",
      "yards": 0,
      "meet": "024",
      "opponent": "Creekside"
    },
    {
      "name": "BillP",
      "stroke": "Freestyle",
      "age": "11-12",
      "gender": "Boys",
      "date": "2004-06-005",
      "time": "29.59",
      "place": "1",
      "team": "Otters",
      "yards": 0,
      "meet": "024",
      "opponent": "Creekside"
    },
    {
      "name": "CharlesC",
      "stroke": "Freestyle",
      "age": "11-12",
      "gender": "Boys",
      "date": "2004-06-005",
      "time": "32.25",
      "place": "3",
      "team": "Otters",
      "yards": 0,
      "meet": "024",
      "opponent": "Creekside"
    },
    {
      "name": "FranciscoG",
      "stroke": "Freestyle",
      "age": "11-12",
      "gender": "Boys",
      "date": "2004-06-005",
      "time": "33.83",
      "place": "4",
      "team": "Otters",
      "yards": 0,
      "meet": "024",
      "opponent": "Creekside"
    },
    {
      "name": "MelkiasG",
      "stroke": "Freestyle",
      "age": "11-12",
      "gender": "Boys",
      "date": "2004-06-005",
      "time": "34.60",
      "place": "7",
      "team": "Otters",
      "yards": 0,
      "meet": "024",
      "opponent": "Creekside"
    },
    {
      "name": "ScottD",
      "stroke": "Freestyle",
      "age": "11-12",
      "gender": "Boys",
      "date": "2004-06-005",
      "time": "35.99",
      "place": "9",
      "team": "Otters",
      "yards": 0,
      "meet": "024",
      "opponent": "Creekside"
    },
    {
      "name": "DanteM",
      "stroke": "Freestyle",
      "age": "11-12",
      "gender": "Boys",
      "date": "2004-06-005",
      "time": "36.68",
      "place": "10",
      "team": "Otters",
      "yards": 0,
      "meet": "024",
      "opponent": "Creekside"
    },
    {
      "name": "RobertC",
      "stroke": "Freestyle",
      "age": "11-12",
      "gender": "Boys",
      "date": "2004-06-005",
      "time": "39.09",
      "place": "12",
      "team": "Otters",
      "yards": 0,
      "meet": "024",
      "opponent": "Creekside"
    },
    {
      "name": "ErikV",
      "stroke": "Freestyle",
      "age": "11-12",
      "gender": "Boys",
      "date": "2004-06-005",
      "time": "39.22",
      "place": "13",
      "team": "Otters",
      "yards": 0,
      "meet": "024",
      "opponent": "Creekside"
    },
    {
      "name": "MichaelK",
      "stroke": "Freestyle",
      "age": "11-12",
      "gender": "Boys",
      "date": "2004-06-005",
      "time": "41.56",
      "place": "18",
      "team": "Otters",
      "yards": 0,
      "meet": "024",
      "opponent": "Creekside"
    },
    {
      "name": "RobertJ",
      "stroke": "Freestyle",
      "age": "11-12",
      "gender": "Boys",
      "date": "2004-06-005",
      "time": "50.78",
      "place": "22",
      "team": "Otters",
      "yards": 0,
      "meet": "024",
      "opponent": "Creekside"
    },
    {
      "name": "JustinS",
      "stroke": "Freestyle",
      "age": "11-12",
      "gender": "Boys",
      "date": "2004-06-005",
      "time": "54.59",
      "place": "23",
      "team": "Otters",
      "yards": 0,
      "meet": "024",
      "opponent": "Creekside"
    },
    {
      "name": "BreannaS",
      "stroke": "Freestyle",
      "age": "13-14",
      "gender": "Girls",
      "date": "2004-06-005",
      "time": "29.79",
      "place": "2",
      "team": "Otters",
      "yards": 0,
      "meet": "024",
      "opponent": "Creekside"
    },
    {
      "name": "ChelseaK",
      "stroke": "Freestyle",
      "age": "13-14",
      "gender": "Girls",
      "date": "2004-06-005",
      "time": "30.49",
      "place": "4",
      "team": "Otters",
      "yards": 0,
      "meet": "024",
      "opponent": "Creekside"
    },
    {
      "name": "AgathaS",
      "stroke": "Freestyle",
      "age": "13-14",
      "gender": "Girls",
      "date": "2004-06-005",
      "time": "31.04",
      "place": "5",
      "team": "Otters",
      "yards": 0,
      "meet": "024",
      "opponent": "Creekside"
    },
    {
      "name": "AndreaH",
      "stroke": "Freestyle",
      "age": "13-14",
      "gender": "Girls",
      "date": "2004-06-005",
      "time": "43.95",
      "place": "13",
      "team": "Otters",
      "yards": 0,
      "meet": "024",
      "opponent": "Creekside"
    },
    {
      "name": "JamesSi",
      "stroke": "Freestyle",
      "age": "13-14",
      "gender": "Boys",
      "date": "2004-06-005",
      "time": "27.47",
      "place": "3",
      "team": "Otters",
      "yards": 0,
      "meet": "024",
      "opponent": "Creekside"
    },
    {
      "name": "MarcusC",
      "stroke": "Freestyle",
      "age": "13-14",
      "gender": "Boys",
      "date": "2004-06-005",
      "time": "27.71",
      "place": "4",
      "team": "Otters",
      "yards": 0,
      "meet": "024",
      "opponent": "Creekside"
    },
    {
      "name": "RidgeG",
      "stroke": "Freestyle",
      "age": "13-14",
      "gender": "Boys",
      "date": "2004-06-005",
      "time": "29.29",
      "place": "8",
      "team": "Otters",
      "yards": 0,
      "meet": "024",
      "opponent": "Creekside"
    },
    {
      "name": "NicholasS1",
      "stroke": "Freestyle",
      "age": "13-14",
      "gender": "Boys",
      "date": "2004-06-005",
      "time": "29.37",
      "place": "9",
      "team": "Otters",
      "yards": 0,
      "meet": "024",
      "opponent": "Creekside"
    },
    {
      "name": "DustinD",
      "stroke": "Freestyle",
      "age": "13-14",
      "gender": "Boys",
      "date": "2004-06-005",
      "time": "30.64",
      "place": "10",
      "team": "Otters",
      "yards": 0,
      "meet": "024",
      "opponent": "Creekside"
    },
    {
      "name": "ThomasJ",
      "stroke": "Freestyle",
      "age": "13-14",
      "gender": "Boys",
      "date": "2004-06-005",
      "time": "30.93",
      "place": "12",
      "team": "Otters",
      "yards": 0,
      "meet": "024",
      "opponent": "Creekside"
    },
    {
      "name": "SamN",
      "stroke": "Freestyle",
      "age": "13-14",
      "gender": "Boys",
      "date": "2004-06-005",
      "time": "35.36",
      "place": "17",
      "team": "Otters",
      "yards": 0,
      "meet": "024",
      "opponent": "Creekside"
    },
    {
      "name": "JoshB",
      "stroke": "Freestyle",
      "age": "13-14",
      "gender": "Boys",
      "date": "2004-06-005",
      "time": "45.77",
      "place": "20",
      "team": "Otters",
      "yards": 0,
      "meet": "024",
      "opponent": "Creekside"
    },
    {
      "name": "MaxM",
      "stroke": "Freestyle",
      "age": "13-14",
      "gender": "Boys",
      "date": "2004-06-005",
      "time": "54.77",
      "place": "21",
      "team": "Otters",
      "yards": 0,
      "meet": "024",
      "opponent": "Creekside"
    },
    {
      "name": "ShainaP",
      "stroke": "Freestyle",
      "age": "15-18",
      "gender": "Girls",
      "date": "2004-06-005",
      "time": "29.00",
      "place": "5",
      "team": "Otters",
      "yards": 0,
      "meet": "024",
      "opponent": "Creekside"
    },
    {
      "name": "JadeG",
      "stroke": "Freestyle",
      "age": "15-18",
      "gender": "Girls",
      "date": "2004-06-005",
      "time": "29.52",
      "place": "6",
      "team": "Otters",
      "yards": 0,
      "meet": "024",
      "opponent": "Creekside"
    },
    {
      "name": "DominicM",
      "stroke": "Freestyle",
      "age": "15-18",
      "gender": "Boys",
      "date": "2004-06-005",
      "time": "23.31",
      "place": "1",
      "team": "Otters",
      "yards": 0,
      "meet": "024",
      "opponent": "Creekside"
    },
    {
      "name": "TylerT",
      "stroke": "Freestyle",
      "age": "15-18",
      "gender": "Boys",
      "date": "2004-06-005",
      "time": "24.28",
      "place": "2",
      "team": "Otters",
      "yards": 0,
      "meet": "024",
      "opponent": "Creekside"
    },
    {
      "name": "ChadK",
      "stroke": "Freestyle",
      "age": "15-18",
      "gender": "Boys",
      "date": "2004-06-005",
      "time": "25.34",
      "place": "3",
      "team": "Otters",
      "yards": 0,
      "meet": "024",
      "opponent": "Creekside"
    },
    {
      "name": "JoshuaP",
      "stroke": "Freestyle",
      "age": "15-18",
      "gender": "Boys",
      "date": "2004-06-005",
      "time": "26.06",
      "place": "5",
      "team": "Otters",
      "yards": 0,
      "meet": "024",
      "opponent": "Creekside"
    },
    {
      "name": "RandyG",
      "stroke": "Freestyle",
      "age": "15-18",
      "gender": "Boys",
      "date": "2004-06-005",
      "time": "26.26",
      "place": "6",
      "team": "Otters",
      "yards": 0,
      "meet": "024",
      "opponent": "Creekside"
    },
    {
      "name": "AlexB",
      "stroke": "Freestyle",
      "age": "15-18",
      "gender": "Boys",
      "date": "2004-06-005",
      "time": "32.74",
      "place": "8",
      "team": "Otters",
      "yards": 0,
      "meet": "024",
      "opponent": "Creekside"
    }
  ]
}